
> @ package:candidate:build /workspace/FsusUI-public-declaration-integration
> node ./scripts/with-node-heap.mjs node ./scripts/package-candidate.mjs build


> @ build:npm-package /workspace/FsusUI-public-declaration-integration
> node ./scripts/with-node-heap.mjs pnpm run build && node ./scripts/with-node-heap.mjs node ./scripts/prepare-npm-package.mjs --strict


> @ build /workspace/FsusUI-public-declaration-integration
> node ./scripts/with-node-heap.mjs pnpm run -C vue/internal/build start


> @element-plus/build@0.0.1 start /workspace/FsusUI-public-declaration-integration/vue/internal/build
> node ../../../scripts/with-node-heap.mjs node --require tsx/cjs ../../../node_modules/gulp/bin/gulp.js -f gulpfile.ts

[10:01:51] Using gulpfile /workspace/FsusUI-public-declaration-integration/vue/internal/build/gulpfile.ts
[10:01:51] Starting 'default'...
[10:01:51] Starting 'cleanPackageBuild'...
ℹ run: pnpm run clean:package-build

> @ clean:package-build /workspace/FsusUI-public-declaration-integration
> rimraf dist/element-plus dist/types vue/packages/theme-chalk/dist

[10:01:51] Finished 'cleanPackageBuild' after 450 ms
[10:01:51] Starting 'createOutput'...
[10:01:51] Finished 'createOutput' after 572 μs
[10:01:51] Starting 'ensureWasmArtifacts'...
[10:01:51] Starting 'ensureIconsVueArtifacts'...
ℹ run: pnpm run ensure:wasm
ℹ run: pnpm run ensure:icons

> @ ensure:icons /workspace/FsusUI-public-declaration-integration
> node ./scripts/with-node-heap.mjs node ./scripts/ensure-icons-artifacts.mjs


> @ ensure:wasm /workspace/FsusUI-public-declaration-integration
> node ./scripts/with-node-heap.mjs node ./scripts/ensure-wasm-artifacts.mjs

[ensure-wasm] cache-hit source-hash=743a7500a128f6e6; reusing vue/packages/wasm/dist artifacts.
[10:01:51] Finished 'ensureWasmArtifacts' after 454 ms
[ensure-icons] cache-hit source-hash=caccef4c5cbb0cdc; reusing vue/packages/icons-vue/dist artifacts.
[10:01:51] Finished 'ensureIconsVueArtifacts' after 483 ms
[10:01:51] Starting 'buildHelper'...
[10:01:51] Finished 'buildHelper' after 318 μs
[10:01:51] Starting 'buildModules'...
[10:02:19] Finished 'buildModules' after 28 s
[10:02:19] Starting 'generateTypesDefinitions'...
✔ Added source files
✔ Type check passed!
✔ Definition for file: packages/component.d.ts generated
✔ Definition for file: packages/utils/vue/props/util.d.ts generated
✔ Definition for file: packages/components/config-provider/src/hooks/use-global-config.d.ts generated
✔ Definition for file: packages/components/form/src/hooks/use-form-common-props.d.ts generated
✔ Definition for file: packages/components/checkbox/src/composables/use-checkbox-event.d.ts generated
✔ Definition for file: packages/components/time-picker/src/props/shared.d.ts generated
✔ Definition for file: packages/components/date-picker/src/props/date-picker.d.ts generated
✔ Definition for file: packages/components/popper/src/composables/use-content.d.ts generated
✔ Definition for file: packages/components/menu/src/utils/submenu.d.ts generated
✔ Definition for file: packages/components/pagination/src/components/prev.d.ts generated
✔ Definition for file: packages/components/color-picker/src/utils/color.d.ts generated
✔ Definition for file: packages/components/virtual-list/src/hooks/use-cache.d.ts generated
✔ Definition for file: packages/components/slider/src/composables/use-lifecycle.d.ts generated
✔ Definition for file: packages/components/transfer/src/composables/use-props-alias.d.ts generated
✔ Definition for file: packages/components/table-v2/src/composables/utils.d.ts generated
✔ Definition for file: packages/components/tree-v2/src/composables/useCheck.d.ts generated
✔ Definition for file: packages/components/tree/src/model/util.d.ts generated
✔ Definition for file: packages/components/table/src/table-header/event-helper.d.ts generated
✔ Definition for file: packages/make-installer.d.ts generated
✔ Definition for file: packages/render-pipeline-policies.d.ts generated
✔ Definition for file: packages/version.d.ts generated
✔ Definition for file: packages/defaults.d.ts generated
✔ Definition for file: packages/plugin.d.ts generated
✔ Definition for file: packages/icons-vue.d.ts generated
✔ Definition for file: packages/result.d.ts generated
✔ Definition for file: packages/markdown-runtime.d.ts generated
✔ Definition for file: packages/index.d.ts generated
✔ Definition for file: packages/locales.d.ts generated
✔ Definition for file: packages/motion.d.ts generated
✔ Definition for file: packages/render-pipeline.d.ts generated
✔ Definition for file: packages/perception-challenge.d.ts generated
✔ Definition for file: packages/wasm.d.ts generated
✔ Definition for file: packages/theme.d.ts generated
✔ Definition for file: packages/utils/dom/aria.d.ts generated
✔ Definition for file: packages/hooks/use-attrs/index.d.ts generated
✔ Definition for file: packages/locale/lang/en.d.ts generated
✔ Definition for file: packages/components/loading/src/types.d.ts generated
✔ Definition for file: packages/components/infinite-scroll/src/index.d.ts generated
✔ Definition for file: packages/components/icon/src/icon.d.ts generated
✔ Definition for file: packages/components/affix/src/affix.d.ts generated
✔ Definition for file: packages/components/input/src/utils.d.ts generated
✔ Definition for file: packages/components/scrollbar/src/constants.d.ts generated
✔ Definition for file: packages/components/alert/src/alert.d.ts generated
✔ Definition for file: packages/components/slot/src/only-child.d.ts generated
✔ Definition for file: packages/components/focus-trap/src/restore-target.d.ts generated
✔ Definition for file: packages/motion/tokens/index.d.ts generated
✔ Definition for file: packages/components/autocomplete/src/autocomplete.d.ts generated
✔ Definition for file: packages/components/tooltip/src/trigger.d.ts generated
✔ Definition for file: packages/components/backtop/src/backtop.d.ts generated
✔ Definition for file: packages/components/badge/src/badge.vue.d.ts generated
✔ Definition for file: packages/components/avatar/src/avatar.d.ts generated
✔ Definition for file: packages/components/breadcrumb/src/breadcrumb.d.ts generated
✔ Definition for file: packages/components/button/src/button.d.ts generated
✔ Definition for file: packages/components/calendar/src/date-table.d.ts generated
✔ Definition for file: packages/components/card/src/card.d.ts generated
✔ Definition for file: packages/components/carousel/src/carousel.d.ts generated
✔ Definition for file: packages/components/radio/src/radio.d.ts generated
✔ Definition for file: packages/components/tag/src/tag.d.ts generated
✔ Definition for file: packages/components/cascader-panel/src/node-content.d.ts generated
✔ Definition for file: packages/components/cascader/src/cascader.d.ts generated
✔ Definition for file: packages/components/check-tag/src/check-tag.d.ts generated
✔ Definition for file: packages/components/row/src/row.d.ts generated
✔ Definition for file: packages/components/collapse/src/collapse.d.ts generated
✔ Definition for file: packages/components/col/src/col.d.ts generated
✔ Definition for file: packages/components/collapse-transition/src/collapse-transition.vue.d.ts generated
✔ Definition for file: packages/components/collection-primitives/src/collection-toolbar.vue.d.ts generated
✔ Definition for file: packages/components/container/src/container.vue.d.ts generated
✔ Definition for file: packages/directives/click-outside/index.d.ts generated
✔ Definition for file: packages/components/statistic/src/statistic.d.ts generated
✔ Definition for file: packages/components/countdown/src/countdown.d.ts generated
✔ Definition for file: packages/components/overlay/src/overlay.d.ts generated
✔ Definition for file: packages/components/dialog/src/constants.d.ts generated
✔ Definition for file: packages/components/descriptions/src/descriptions.type.d.ts generated
✔ Definition for file: packages/components/divider/src/divider.d.ts generated
✔ Definition for file: packages/components/drawer/src/drawer.d.ts generated
✔ Definition for file: packages/components/collection/src/tokens.d.ts generated
✔ Definition for file: packages/components/roving-focus-group/src/roving-focus-group.d.ts generated
✔ Definition for file: packages/components/dropdown/src/dropdown.d.ts generated
✔ Definition for file: packages/components/empty/src/img-empty.vue.d.ts generated
✔ Definition for file: packages/components/empty-state/src/empty-state.vue.d.ts generated
✔ Definition for file: packages/components/image-viewer/src/image-viewer.d.ts generated
✔ Definition for file: packages/components/inbox-primitives/src/shared.d.ts generated
✔ Definition for file: packages/components/image/src/image.d.ts generated
✔ Definition for file: packages/components/input-number/src/input-number.vue.d.ts generated
✔ Definition for file: packages/components/link/src/link.d.ts generated
✔ Definition for file: packages/components/metric-primitives/src/shared.d.ts generated
✔ Definition for file: packages/components/page-header/src/page-header.d.ts generated
✔ Definition for file: packages/components/select/src/token.d.ts generated
✔ Definition for file: packages/components/perception-challenge/src/shared.d.ts generated
✔ Definition for file: packages/components/popconfirm/src/popconfirm.d.ts generated
✔ Definition for file: packages/components/progress/src/progress.d.ts generated
✔ Definition for file: packages/components/site-header/src/site-header.d.ts generated
✔ Definition for file: packages/components/responsive-collection/src/responsive-collection.d.ts generated
✔ Definition for file: packages/components/public-shell/src/public-shell.d.ts generated
✔ Definition for file: packages/components/result/src/result.d.ts generated
✔ Definition for file: packages/components/select-v2/src/group-item.vue.d.ts generated
✔ Definition for file: packages/components/settings-primitives/src/shared.d.ts generated
✔ Definition for file: packages/components/skeleton/src/skeleton-item.d.ts generated
✔ Definition for file: packages/components/space/src/item.d.ts generated
✔ Definition for file: packages/components/steps/src/steps.d.ts generated
✔ Definition for file: packages/components/switch/src/switch.d.ts generated
✔ Definition for file: packages/components/tabs/src/tab-pane.vue.d.ts generated
✔ Definition for file: packages/components/rate/src/rate.d.ts generated
✔ Definition for file: packages/components/task-page-header/src/task-page-header.d.ts generated
✔ Definition for file: packages/components/time-select/src/time-select.d.ts generated
✔ Definition for file: packages/components/theme-mode-toggle/src/theme-mode-toggle.vue.d.ts generated
✔ Definition for file: packages/components/text/src/text.vue.d.ts generated
✔ Definition for file: packages/components/timeline/src/timeline-item.d.ts generated
✔ Definition for file: packages/components/tooltip-v2/src/common.d.ts generated
✔ Definition for file: packages/components/visual-hidden/src/visual-hidden.d.ts generated
✔ Definition for file: packages/components/tree-select/src/select.d.ts generated
✔ Definition for file: packages/components/upload/src/constants.d.ts generated
✔ Definition for file: packages/components/watermark/src/watermark.d.ts generated
✔ Definition for file: packages/wasm/runtime/emscripten.d.ts generated
✔ Definition for file: packages/components/message-box/src/message-box.type.d.ts generated
✔ Definition for file: packages/components/message/src/message.d.ts generated
✔ Definition for file: packages/components/markdown-editor/src/markdown-editor-transaction.d.ts generated
✔ Definition for file: packages/components/notification/src/notification.d.ts generated
✔ Definition for file: packages/components/popover/src/popover.d.ts generated
✔ Definition for file: packages/components/markdown-renderer/src/markdown-renderer.d.ts generated
✔ Definition for file: packages/components/base/style/css.d.ts generated
✔ Definition for file: packages/components/aside/style/css.d.ts generated
✔ Definition for file: packages/components/button-group/style/css.d.ts generated
✔ Definition for file: packages/components/carousel-item/style/css.d.ts generated
✔ Definition for file: packages/components/teleport/src/teleport.d.ts generated
✔ Definition for file: packages/components/checkbox-button/style/css.d.ts generated
✔ Definition for file: packages/components/breadcrumb-item/style/css.d.ts generated
✔ Definition for file: packages/components/collapse-item/style/css.d.ts generated
✔ Definition for file: packages/components/dropdown-menu/style/css.d.ts generated
✔ Definition for file: packages/components/descriptions-item/style/css.d.ts generated
✔ Definition for file: packages/components/checkbox-group/style/css.d.ts generated
✔ Definition for file: packages/components/form-item/style/css.d.ts generated
✔ Definition for file: packages/components/dropdown-item/style/css.d.ts generated
✔ Definition for file: packages/components/main/style/css.d.ts generated
✔ Definition for file: packages/components/footer/style/css.d.ts generated
✔ Definition for file: packages/components/menu-item/style/css.d.ts generated
✔ Definition for file: packages/components/header/style/css.d.ts generated
✔ Definition for file: packages/components/menu-item-group/style/css.d.ts generated
✔ Definition for file: packages/components/option/style/css.d.ts generated
✔ Definition for file: packages/components/option-group/style/css.d.ts generated
✔ Definition for file: packages/components/radio-button/style/css.d.ts generated
✔ Definition for file: packages/components/radio-group/style/css.d.ts generated
✔ Definition for file: packages/components/skeleton-item/style/css.d.ts generated
✔ Definition for file: packages/components/step/style/css.d.ts generated
✔ Definition for file: packages/components/sub-menu/style/css.d.ts generated
✔ Definition for file: packages/components/tab-pane/style/css.d.ts generated
✔ Definition for file: packages/components/watermark/style/css.d.ts generated
✔ Definition for file: packages/constants/event.d.ts generated
✔ Definition for file: packages/hooks/use-deprecated/index.d.ts generated
✔ Definition for file: packages/hooks/use-locale/index.d.ts generated
✔ Definition for file: packages/hooks/use-draggable/index.d.ts generated
✔ Definition for file: packages/hooks/use-lockscreen/index.d.ts generated
✔ Definition for file: packages/hooks/use-namespace/index.d.ts generated
✔ Definition for file: packages/hooks/use-runtime/index.d.ts generated
✔ Definition for file: packages/hooks/use-motion/index.d.ts generated
✔ Definition for file: packages/hooks/use-modal/index.d.ts generated
✔ Definition for file: packages/hooks/use-model-toggle/index.d.ts generated
✔ Definition for file: packages/hooks/use-prevent-global/index.d.ts generated
✔ Definition for file: packages/hooks/use-teleport/index.d.ts generated
✔ Definition for file: packages/hooks/use-popper/index.d.ts generated
✔ Definition for file: packages/hooks/use-prop/index.d.ts generated
✔ Definition for file: packages/hooks/use-same-target/index.d.ts generated
✔ Definition for file: packages/hooks/use-throttle-render/index.d.ts generated
✔ Definition for file: packages/hooks/use-id/index.d.ts generated
✔ Definition for file: packages/hooks/use-transition-fallthrough/index.d.ts generated
✔ Definition for file: packages/hooks/use-timeout/index.d.ts generated
✔ Definition for file: packages/hooks/use-popper-container/index.d.ts generated
✔ Definition for file: packages/hooks/use-intermediate-render/index.d.ts generated
✔ Definition for file: packages/hooks/use-escape-keydown/index.d.ts generated
✔ Definition for file: packages/hooks/use-delayed-toggle/index.d.ts generated
✔ Definition for file: packages/hooks/use-forward-ref/index.d.ts generated
✔ Definition for file: packages/hooks/use-z-index/index.d.ts generated
✔ Definition for file: packages/hooks/use-floating/index.d.ts generated
✔ Definition for file: packages/hooks/use-cursor/index.d.ts generated
✔ Definition for file: packages/hooks/use-size/index.d.ts generated
✔ Definition for file: packages/hooks/use-focus-controller/index.d.ts generated
✔ Definition for file: packages/hooks/use-ordered-children/index.d.ts generated
✔ Definition for file: packages/hooks/use-render-pipeline/virtual-window-index.d.ts generated
✔ Definition for file: packages/hooks/use-markdown-editor-frame-scheduler/index.d.ts generated
✔ Definition for file: packages/components/config-provider/src/motion.d.ts generated
✔ Definition for file: packages/directives/repeat-click/index.d.ts generated
✔ Definition for file: packages/directives/trap-focus/index.d.ts generated
✔ Definition for file: packages/directives/mousewheel/index.d.ts generated
✔ Definition for file: packages/motion/types/index.d.ts generated
✔ Definition for file: packages/motion/presets/index.d.ts generated
✔ Definition for file: packages/hooks/use-focus/index.d.ts generated
✔ Definition for file: packages/components/time-picker/src/common/props.d.ts generated
✔ Definition for file: packages/components/time-picker/src/composables/use-time-panel.d.ts generated
✔ Definition for file: packages/components/color-picker/src/props/alpha-slider.d.ts generated
✔ Definition for file: packages/components/color-picker/src/composables/use-alpha-slider.d.ts generated
✔ Definition for file: packages/components/color-picker/src/components/alpha-slider.vue.d.ts generated
✔ Definition for file: packages/components/date-picker/src/composables/use-basic-date-table.d.ts generated
✔ Definition for file: packages/components/date-picker/src/date-picker-com/basic-cell-render.d.ts generated
✔ Definition for file: packages/motion/components/FsuMobileDock.vue.d.ts generated
✔ Definition for file: packages/components/virtual-list/src/components/scrollbar.d.ts generated
✔ Definition for file: packages/components/virtual-list/src/builders/build-list.d.ts generated
✔ Definition for file: packages/components/_internal/data-pipeline-strategy.d.ts generated
✔ Definition for file: packages/components/table/src/table/defaults.d.ts generated
✔ Definition for file: packages/components/table/src/table-column/defaults.d.ts generated
✔ Definition for file: packages/components/table/src/composables/use-wasm-sort.d.ts generated
✔ Definition for file: packages/components/table/src/store/expand.d.ts generated
✔ Definition for file: packages/components/table/src/table-body/styles-helper.d.ts generated
✔ Definition for file: packages/components/table/src/table-footer/mapState-helper.d.ts generated
✔ Definition for file: packages/components/table-v2/src/components/cell.d.ts generated
✔ Definition for file: packages/components/table-v2/src/renderers/main-table.d.ts generated
✔ Definition for file: packages/hooks/use-markdown-heavy-feature-lifecycle/index.d.ts generated
✔ Definition for file: packages/wasm/markdown/syntax-collect.generated.d.ts generated
✔ Definition for file: packages/motion/recipes/index.d.ts generated
✔ Definition for file: packages/motion/gsap/register.d.ts generated
✔ Definition for file: packages/motion/composables/use-scroll-timeline.d.ts generated
✔ Definition for file: packages/motion/directives/scroll-reveal.d.ts generated
✔ Definition for file: packages/components/scrollbar/style/css.d.ts generated
✔ Definition for file: packages/components/alert/style/index.d.ts generated
✔ Definition for file: packages/components/autocomplete/style/css.d.ts generated
✔ Definition for file: packages/components/input/style/index.d.ts generated
✔ Definition for file: packages/components/popper/style/index.d.ts generated
✔ Definition for file: packages/components/backtop/style/css.d.ts generated
✔ Definition for file: packages/components/avatar/style/css.d.ts generated
✔ Definition for file: packages/components/affix/style/css.d.ts generated
✔ Definition for file: packages/components/badge/style/css.d.ts generated
✔ Definition for file: packages/components/breadcrumb/style/css.d.ts generated
✔ Definition for file: packages/components/button/style/index.d.ts generated
✔ Definition for file: packages/components/calendar/style/css.d.ts generated
✔ Definition for file: packages/components/carousel/style/css.d.ts generated
✔ Definition for file: packages/components/card/style/css.d.ts generated
✔ Definition for file: packages/components/checkbox/style/css.d.ts generated
✔ Definition for file: packages/components/tag/style/css.d.ts generated
✔ Definition for file: packages/components/radio/style/css.d.ts generated
✔ Definition for file: packages/components/cascader-panel/style/css.d.ts generated
✔ Definition for file: packages/components/cascader/style/css.d.ts generated
✔ Definition for file: packages/components/check-tag/style/css.d.ts generated
✔ Definition for file: packages/components/col/style/css.d.ts generated
✔ Definition for file: packages/components/collapse/style/css.d.ts generated
✔ Definition for file: packages/components/collection-primitives/style/css.d.ts generated
✔ Definition for file: packages/components/container/style/css.d.ts generated
✔ Definition for file: packages/components/collapse-transition/style/css.d.ts generated
✔ Definition for file: packages/components/color-picker/style/css.d.ts generated
✔ Definition for file: packages/components/config-provider/style/css.d.ts generated
✔ Definition for file: packages/components/descriptions/style/css.d.ts generated
✔ Definition for file: packages/components/countdown/style/css.d.ts generated
✔ Definition for file: packages/components/date-picker/style/css.d.ts generated
✔ Definition for file: packages/components/overlay/style/css.d.ts generated
✔ Definition for file: packages/components/dialog/style/index.d.ts generated
✔ Definition for file: packages/components/divider/style/css.d.ts generated
✔ Definition for file: packages/components/drawer/style/css.d.ts generated
✔ Definition for file: packages/components/dropdown/style/css.d.ts generated
✔ Definition for file: packages/components/empty/style/css.d.ts generated
✔ Definition for file: packages/components/empty-state/style/css.d.ts generated
✔ Definition for file: packages/components/image-viewer/style/css.d.ts generated
✔ Definition for file: packages/components/form/style/index.d.ts generated
✔ Definition for file: packages/components/icon/style/css.d.ts generated
✔ Definition for file: packages/components/image/style/css.d.ts generated
✔ Definition for file: packages/components/inbox-primitives/style/css.d.ts generated
✔ Definition for file: packages/components/link/style/css.d.ts generated
✔ Definition for file: packages/components/infinite-scroll/style/css.d.ts generated
✔ Definition for file: packages/components/input-number/style/index.d.ts generated
✔ Definition for file: packages/components/loading/style/index.d.ts generated
✔ Definition for file: packages/components/markdown-renderer/style/css.d.ts generated
✔ Definition for file: packages/components/tooltip/style/css.d.ts generated
✔ Definition for file: packages/components/menu/style/css.d.ts generated
✔ Definition for file: packages/components/markdown-editor/style/index.d.ts generated
✔ Definition for file: packages/components/message/style/css.d.ts generated
✔ Definition for file: packages/components/message-box/style/css.d.ts generated
✔ Definition for file: packages/components/metric-primitives/style/css.d.ts generated
✔ Definition for file: packages/components/notification/style/index.d.ts generated
✔ Definition for file: packages/components/timeline-item/style/css.d.ts generated
✔ Definition for file: packages/components/page-header/style/index.d.ts generated
✔ Definition for file: packages/components/select/style/css.d.ts generated
✔ Definition for file: packages/components/pagination/style/index.d.ts generated
✔ Definition for file: packages/components/popover/style/css.d.ts generated
✔ Definition for file: packages/components/perception-challenge/style/index.d.ts generated
✔ Definition for file: packages/components/popconfirm/style/css.d.ts generated
✔ Definition for file: packages/components/site-header/style/css.d.ts generated
✔ Definition for file: packages/components/progress/style/css.d.ts generated
✔ Definition for file: packages/components/public-shell/style/css.d.ts generated
✔ Definition for file: packages/components/responsive-collection/style/css.d.ts generated
✔ Definition for file: packages/components/rate/style/css.d.ts generated
✔ Definition for file: packages/components/row/style/css.d.ts generated
✔ Definition for file: packages/components/result/style/css.d.ts generated
✔ Definition for file: packages/components/select-v2/style/css.d.ts generated
✔ Definition for file: packages/components/virtual-list/style/css.d.ts generated
✔ Definition for file: packages/components/skeleton/style/css.d.ts generated
✔ Definition for file: packages/components/slider/style/css.d.ts generated
✔ Definition for file: packages/components/space/style/css.d.ts generated
✔ Definition for file: packages/components/statistic/style/css.d.ts generated
✔ Definition for file: packages/components/switch/style/css.d.ts generated
✔ Definition for file: packages/components/settings-primitives/style/css.d.ts generated
✔ Definition for file: packages/components/steps/style/css.d.ts generated
✔ Definition for file: packages/components/table/style/css.d.ts generated
✔ Definition for file: packages/components/table-v2/style/index.d.ts generated
✔ Definition for file: packages/components/tabs/style/css.d.ts generated
✔ Definition for file: packages/components/task-page-header/style/css.d.ts generated
✔ Definition for file: packages/components/theme-mode-toggle/style/css.d.ts generated
✔ Definition for file: packages/components/text/style/css.d.ts generated
✔ Definition for file: packages/components/time-select/style/css.d.ts generated
✔ Definition for file: packages/components/time-picker/style/css.d.ts generated
✔ Definition for file: packages/components/timeline/style/css.d.ts generated
✔ Definition for file: packages/components/transfer/style/css.d.ts generated
✔ Definition for file: packages/components/tree/style/index.d.ts generated
✔ Definition for file: packages/components/tree-select/style/css.d.ts generated
✔ Definition for file: packages/components/tree-v2/style/css.d.ts generated
✔ Definition for file: packages/components/upload/style/css.d.ts generated
✔ Definition for file: packages/components/teleport/style/css.d.ts generated
✔ Definition for file: packages/constants/key.d.ts generated
✔ Definition for file: packages/constants/size.d.ts generated
✔ Definition for file: packages/utils/dom/event.d.ts generated
✔ Definition for file: packages/constants/aria.d.ts generated
✔ Definition for file: packages/utils/dom/position.d.ts generated
✔ Definition for file: packages/components/watermark/style/index.d.ts generated
✔ Definition for file: packages/utils/browser.d.ts generated
✔ Definition for file: packages/utils/types.d.ts generated
✔ Definition for file: packages/utils/dom/style.d.ts generated
✔ Definition for file: packages/utils/objects.d.ts generated
✔ Definition for file: packages/utils/error.d.ts generated
✔ Definition for file: packages/utils/dom/scroll.d.ts generated
✔ Definition for file: packages/utils/strings.d.ts generated
✔ Definition for file: packages/utils/dom/index.d.ts generated
✔ Definition for file: packages/utils/vue/props/runtime.d.ts generated
✔ Definition for file: packages/utils/vue/props/types.d.ts generated
✔ Definition for file: packages/utils/vue/render-pipeline-policy.d.ts generated
✔ Definition for file: packages/utils/vue/props/index.d.ts generated
✔ Definition for file: packages/utils/vue/icon.d.ts generated
✔ Definition for file: packages/utils/vue/typescript.d.ts generated
✔ Definition for file: packages/utils/vue/install.d.ts generated
✔ Definition for file: packages/utils/vue/validator.d.ts generated
✔ Definition for file: packages/utils/vue/refs.d.ts generated
✔ Definition for file: packages/utils/arrays.d.ts generated
✔ Definition for file: packages/utils/vue/size.d.ts generated
✔ Definition for file: packages/utils/functions.d.ts generated
✔ Definition for file: packages/utils/vue/vnode.d.ts generated
✔ Definition for file: packages/utils/vue/index.d.ts generated
✔ Definition for file: packages/utils/i18n.d.ts generated
✔ Definition for file: packages/utils/raf.d.ts generated
✔ Definition for file: packages/utils/rand.d.ts generated
✔ Definition for file: packages/utils/result.d.ts generated
✔ Definition for file: packages/utils/typescript.d.ts generated
✔ Definition for file: packages/components/table-column/style/css.d.ts generated
✔ Definition for file: packages/utils/index.d.ts generated
✔ Definition for file: packages/locale/lang/af.d.ts generated
✔ Definition for file: packages/locale/lang/ar.d.ts generated
✔ Definition for file: packages/locale/lang/az.d.ts generated
✔ Definition for file: packages/locale/lang/bg.d.ts generated
✔ Definition for file: packages/locale/lang/ca.d.ts generated
✔ Definition for file: packages/locale/lang/de.d.ts generated
✔ Definition for file: packages/locale/lang/cs.d.ts generated
✔ Definition for file: packages/locale/lang/da.d.ts generated
✔ Definition for file: packages/locale/lang/el.d.ts generated
✔ Definition for file: packages/locale/lang/es.d.ts generated
✔ Definition for file: packages/locale/lang/et.d.ts generated
✔ Definition for file: packages/locale/lang/fa.d.ts generated
✔ Definition for file: packages/locale/lang/eu.d.ts generated
✔ Definition for file: packages/locale/lang/fi.d.ts generated
✔ Definition for file: packages/locale/lang/fr.d.ts generated
✔ Definition for file: packages/locale/lang/hu.d.ts generated
✔ Definition for file: packages/locale/lang/he.d.ts generated
✔ Definition for file: packages/locale/lang/hr.d.ts generated
✔ Definition for file: packages/locale/lang/hy-am.d.ts generated
✔ Definition for file: packages/locale/lang/it.d.ts generated
✔ Definition for file: packages/locale/lang/id.d.ts generated
✔ Definition for file: packages/locale/lang/ja.d.ts generated
✔ Definition for file: packages/locale/lang/eo.d.ts generated
✔ Definition for file: packages/locale/lang/km.d.ts generated
✔ Definition for file: packages/locale/lang/ko.d.ts generated
✔ Definition for file: packages/locale/lang/ku.d.ts generated
✔ Definition for file: packages/locale/lang/ky.d.ts generated
✔ Definition for file: packages/locale/lang/lt.d.ts generated
✔ Definition for file: packages/locale/lang/lv.d.ts generated
✔ Definition for file: packages/locale/lang/mn.d.ts generated
✔ Definition for file: packages/locale/lang/nb-no.d.ts generated
✔ Definition for file: packages/locale/lang/nl.d.ts generated
✔ Definition for file: packages/locale/lang/pa.d.ts generated
✔ Definition for file: packages/locale/lang/pl.d.ts generated
✔ Definition for file: packages/locale/lang/pt-br.d.ts generated
✔ Definition for file: packages/locale/lang/pt.d.ts generated
✔ Definition for file: packages/locale/lang/ro.d.ts generated
✔ Definition for file: packages/locale/lang/ru.d.ts generated
✔ Definition for file: packages/locale/lang/sk.d.ts generated
✔ Definition for file: packages/locale/lang/sl.d.ts generated
✔ Definition for file: packages/locale/lang/sr.d.ts generated
✔ Definition for file: packages/locale/lang/sv.d.ts generated
✔ Definition for file: packages/locale/lang/ta.d.ts generated
✔ Definition for file: packages/locale/lang/th.d.ts generated
✔ Definition for file: packages/locale/lang/tk.d.ts generated
✔ Definition for file: packages/locale/lang/tr.d.ts generated
✔ Definition for file: packages/locale/lang/ug-cn.d.ts generated
✔ Definition for file: packages/locale/lang/kk.d.ts generated
✔ Definition for file: packages/locale/lang/uz-uz.d.ts generated
✔ Definition for file: packages/locale/lang/zh-cn.d.ts generated
✔ Definition for file: packages/locale/lang/vi.d.ts generated
✔ Definition for file: packages/locale/lang/zh-tw.d.ts generated
✔ Definition for file: packages/locale/index.d.ts generated
✔ Definition for file: packages/locale/lang/uk.d.ts generated
✔ Definition for file: packages/hooks/use-render-pipeline/worker-pool.d.ts generated
✔ Definition for file: packages/hooks/index.d.ts generated
✔ Definition for file: packages/components/config-provider/src/config-provider-props.d.ts generated
✔ Definition for file: packages/components/config-provider/src/config-contract.d.ts generated
✔ Definition for file: packages/components/config-provider/src/constants.d.ts generated
✔ Definition for file: packages/hooks/use-render-pipeline/index.d.ts generated
✔ Definition for file: packages/components/config-provider/src/config-provider.d.ts generated
✔ Definition for file: packages/components/config-provider/index.d.ts generated
✔ Definition for file: packages/components/config-provider/src/theme-mode.d.ts generated
✔ Definition for file: packages/components/loading/src/loading.d.ts generated
✔ Definition for file: packages/components/infinite-scroll/index.d.ts generated
✔ Definition for file: packages/components/loading/src/directive.d.ts generated
✔ Definition for file: packages/components/config-provider/src/render-pipeline.d.ts generated
✔ Definition for file: packages/directives/index.d.ts generated
✔ Definition for file: packages/locale/lang/bn.d.ts generated
✔ Definition for file: packages/components/affix/index.d.ts generated
✔ Definition for file: packages/components/icon/index.d.ts generated
✔ Definition for file: packages/components/icon/src/icon.vue.d.ts generated
✔ Definition for file: packages/components/affix/src/affix.vue.d.ts generated
✔ Definition for file: packages/components/alert/src/instance.d.ts generated
✔ Definition for file: packages/components/alert/src/alert.vue.d.ts generated
✔ Definition for file: packages/components/alert/index.d.ts generated
✔ Definition for file: packages/components/form/src/form-item.d.ts generated
✔ Definition for file: packages/components/form/src/form.d.ts generated
✔ Definition for file: packages/components/form/src/utils.d.ts generated
✔ Definition for file: packages/components/form/src/constants.d.ts generated
✔ Definition for file: packages/components/form/src/types.d.ts generated
✔ Definition for file: packages/components/form/src/hooks/use-form-item.d.ts generated
✔ Definition for file: packages/components/form/src/hooks/index.d.ts generated
✔ Definition for file: packages/components/form/src/form-label-wrap.d.ts generated
✔ Definition for file: packages/components/form/src/form-item.vue.d.ts generated
✔ Definition for file: packages/components/form/src/form.vue.d.ts generated
✔ Definition for file: packages/components/form/index.d.ts generated
✔ Definition for file: packages/components/input/src/input.vue.d.ts generated
✔ Definition for file: packages/components/input/src/input.d.ts generated
✔ Definition for file: packages/components/input/src/instance.d.ts generated
✔ Definition for file: packages/components/scrollbar/src/util.d.ts generated
✔ Definition for file: packages/components/scrollbar/src/thumb.d.ts generated
✔ Definition for file: packages/components/scrollbar/src/thumb.vue.d.ts generated
✔ Definition for file: packages/components/input/index.d.ts generated
✔ Definition for file: packages/components/scrollbar/src/bar.d.ts generated
✔ Definition for file: packages/components/scrollbar/src/scrollbar.d.ts generated
✔ Definition for file: packages/components/scrollbar/src/bar.vue.d.ts generated
✔ Definition for file: packages/components/loading/index.d.ts generated
✔ Definition for file: packages/components/popper/src/popper.d.ts generated
✔ Definition for file: packages/components/popper/src/arrow.d.ts generated
✔ Definition for file: packages/components/scrollbar/src/scrollbar.vue.d.ts generated
✔ Definition for file: packages/components/popper/src/arrow.vue.d.ts generated
✔ Definition for file: packages/components/popper/src/popper.vue.d.ts generated
✔ Definition for file: packages/components/slot/index.d.ts generated
✔ Definition for file: packages/components/popper/src/trigger.vue.d.ts generated
✔ Definition for file: packages/components/popper/src/trigger.d.ts generated
✔ Definition for file: packages/components/focus-trap/src/utils.d.ts generated
✔ Definition for file: packages/components/focus-trap/src/tokens.d.ts generated
✔ Definition for file: packages/components/focus-trap/src/focus-trap.vue.d.ts generated
✔ Definition for file: packages/components/popper/src/utils.d.ts generated
✔ Definition for file: packages/components/focus-trap/index.d.ts generated
✔ Definition for file: packages/components/popper/src/content.d.ts generated
✔ Definition for file: packages/components/popper/src/composables/use-focus-trap.d.ts generated
✔ Definition for file: packages/components/popper/src/composables/index.d.ts generated
✔ Definition for file: packages/components/popper/src/composables/use-content-dom.d.ts generated
✔ Definition for file: packages/components/popper/index.d.ts generated
✔ Definition for file: packages/components/popper/src/content.vue.d.ts generated
✔ Definition for file: packages/components/motion.d.ts generated
✔ Definition for file: packages/components/tooltip/src/constants.d.ts generated
✔ Definition for file: packages/components/tooltip/src/utils.d.ts generated
✔ Definition for file: packages/components/tooltip/src/content.vue.d.ts generated
✔ Definition for file: packages/components/tooltip/src/content.d.ts generated
✔ Definition for file: packages/components/tooltip/src/tooltip.d.ts generated
✔ Definition for file: packages/components/tooltip/src/trigger.vue.d.ts generated
✔ Definition for file: packages/components/tooltip/src/tooltip.vue.d.ts generated
✔ Definition for file: packages/components/tooltip/index.d.ts generated
✔ Definition for file: packages/components/avatar/src/avatar.vue.d.ts generated
✔ Definition for file: packages/components/avatar/src/instance.d.ts generated
✔ Definition for file: packages/components/avatar/index.d.ts generated
✔ Definition for file: packages/components/loading/src/service.d.ts generated
✔ Definition for file: packages/components/backtop/src/backtop.vue.d.ts generated
✔ Definition for file: packages/components/backtop/src/use-backtop.d.ts generated
✔ Definition for file: packages/components/backtop/src/instance.d.ts generated
✔ Definition for file: packages/components/backtop/index.d.ts generated
✔ Definition for file: packages/components/badge/index.d.ts generated
✔ Definition for file: packages/components/breadcrumb/src/constants.d.ts generated
✔ Definition for file: packages/components/breadcrumb/src/breadcrumb.vue.d.ts generated
✔ Definition for file: packages/components/breadcrumb/src/breadcrumb-item.d.ts generated
✔ Definition for file: packages/components/breadcrumb/src/breadcrumb-item.vue.d.ts generated
✔ Definition for file: packages/components/breadcrumb/src/instances.d.ts generated
✔ Definition for file: packages/components/badge/src/instance.d.ts generated
✔ Definition for file: packages/components/breadcrumb/index.d.ts generated
✔ Definition for file: packages/components/badge/src/badge.d.ts generated
✔ Definition for file: packages/components/scrollbar/index.d.ts generated
✔ Definition for file: packages/components/button/src/use-button.d.ts generated
✔ Definition for file: packages/components/button/src/constants.d.ts generated
✔ Definition for file: packages/components/button/src/button.vue.d.ts generated
✔ Definition for file: packages/components/button/src/button-custom.d.ts generated
✔ Definition for file: packages/components/button/src/button-group.d.ts generated
✔ Definition for file: packages/components/button/src/button-group.vue.d.ts generated
✔ Definition for file: packages/components/button/index.d.ts generated
✔ Definition for file: packages/components/time-picker/src/constants.d.ts generated
✔ Definition for file: packages/components/time-picker/src/utils.d.ts generated
✔ Definition for file: packages/components/time-picker/src/props/panel-time-picker.d.ts generated
✔ Definition for file: packages/components/time-picker/src/types.d.ts generated
✔ Definition for file: packages/components/time-picker/src/composables/use-time-picker.d.ts generated
✔ Definition for file: packages/components/time-picker/src/props/basic-time-spinner.d.ts generated
✔ Definition for file: packages/components/time-picker/src/props/panel-time-range.d.ts generated
✔ Definition for file: packages/components/time-picker/index.d.ts generated
✔ Definition for file: packages/components/time-picker/src/time-picker.d.ts generated
✔ Definition for file: packages/components/calendar/src/use-date-table.d.ts generated
✔ Definition for file: packages/components/calendar/src/calendar.d.ts generated
✔ Definition for file: packages/components/calendar/src/use-calendar.d.ts generated
✔ Definition for file: packages/components/calendar/src/calendar.vue.d.ts generated
✔ Definition for file: packages/components/calendar/src/instance.d.ts generated
✔ Definition for file: packages/components/calendar/index.d.ts generated
✔ Definition for file: packages/components/calendar/src/date-table.vue.d.ts generated
✔ Definition for file: packages/components/card/src/card.vue.d.ts generated
✔ Definition for file: packages/components/card/index.d.ts generated
✔ Definition for file: packages/components/carousel/src/carousel-item.d.ts generated
✔ Definition for file: packages/components/carousel/src/constants.d.ts generated
✔ Definition for file: packages/components/carousel/src/use-carousel.d.ts generated
✔ Definition for file: packages/components/carousel/src/carousel.vue.d.ts generated
✔ Definition for file: packages/components/carousel/src/use-carousel-item.d.ts generated
✔ Definition for file: packages/components/button/src/instance.d.ts generated
✔ Definition for file: packages/components/card/src/instance.d.ts generated
✔ Definition for file: packages/components/carousel/src/instance.d.ts generated
✔ Definition for file: packages/components/carousel/src/carousel-item.vue.d.ts generated
✔ Definition for file: packages/components/checkbox/src/checkbox.d.ts generated
✔ Definition for file: packages/components/checkbox/src/checkbox-group.d.ts generated
✔ Definition for file: packages/components/checkbox/src/constants.d.ts generated
✔ Definition for file: packages/components/carousel/index.d.ts generated
✔ Definition for file: packages/components/checkbox/src/composables/use-checkbox-model.d.ts generated
✔ Definition for file: packages/components/checkbox/src/composables/use-checkbox-disabled.d.ts generated
✔ Definition for file: packages/components/checkbox/src/composables/use-checkbox-status.d.ts generated
✔ Definition for file: packages/components/checkbox/src/composables/use-checkbox.d.ts generated
✔ Definition for file: packages/components/checkbox/src/checkbox-group.vue.d.ts generated
✔ Definition for file: packages/components/checkbox/src/composables/index.d.ts generated
✔ Definition for file: packages/components/checkbox/src/checkbox-button.vue.d.ts generated
✔ Definition for file: packages/components/checkbox/index.d.ts generated
✔ Definition for file: packages/components/radio/src/radio-group.vue.d.ts generated
✔ Definition for file: packages/components/radio/src/constants.d.ts generated
✔ Definition for file: packages/components/radio/src/use-radio.d.ts generated
✔ Definition for file: packages/components/checkbox/src/checkbox.vue.d.ts generated
✔ Definition for file: packages/components/radio/src/radio.vue.d.ts generated
✔ Definition for file: packages/components/radio/src/radio-button.d.ts generated
✔ Definition for file: packages/components/radio/index.d.ts generated
✔ Definition for file: packages/components/radio/src/radio-button.vue.d.ts generated
✔ Definition for file: packages/components/cascader-panel/src/types.d.ts generated
✔ Definition for file: packages/components/cascader-panel/src/node.d.ts generated
✔ Definition for file: packages/components/cascader-panel/src/node.vue.d.ts generated
✔ Definition for file: packages/components/cascader-panel/src/menu.vue.d.ts generated
✔ Definition for file: packages/components/cascader-panel/src/config.d.ts generated
✔ Definition for file: packages/components/cascader-panel/src/store.d.ts generated
✔ Definition for file: packages/components/cascader-panel/src/utils.d.ts generated
✔ Definition for file: packages/components/cascader-panel/src/index.vue.d.ts generated
✔ Definition for file: packages/components/cascader-panel/src/instance.d.ts generated
✔ Definition for file: packages/components/cascader-panel/index.d.ts generated
✔ Definition for file: packages/components/tag/src/tag.vue.d.ts generated
✔ Definition for file: packages/components/tag/index.d.ts generated
✔ Definition for file: packages/components/cascader/src/instances.d.ts generated
✔ Definition for file: packages/components/check-tag/src/check-tag.vue.d.ts generated
✔ Definition for file: packages/components/check-tag/index.d.ts generated
✔ Definition for file: packages/components/row/src/row.vue.d.ts generated
✔ Definition for file: packages/components/row/index.d.ts generated
✔ Definition for file: packages/components/radio/src/radio-group.d.ts generated
✔ Definition for file: packages/components/col/src/col.vue.d.ts generated
✔ Definition for file: packages/components/col/index.d.ts generated
✔ Definition for file: packages/components/collapse/src/use-collapse.d.ts generated
✔ Definition for file: packages/components/collapse/src/constants.d.ts generated
✔ Definition for file: packages/components/collapse/src/collapse.vue.d.ts generated
✔ Definition for file: packages/components/row/src/constants.d.ts generated
✔ Definition for file: packages/components/collapse-transition/index.d.ts generated
✔ Definition for file: packages/components/collapse/src/use-collapse-item.d.ts generated
✔ Definition for file: packages/components/collapse/src/collapse-item.vue.d.ts generated
✔ Definition for file: packages/components/collapse/src/instance.d.ts generated
✔ Definition for file: packages/components/collapse/index.d.ts generated
✔ Definition for file: packages/components/collapse/src/collapse-item.d.ts generated
✔ Definition for file: packages/components/color-picker/src/utils/draggable.d.ts generated
✔ Definition for file: packages/components/color-picker/src/components/sv-panel.vue.d.ts generated
✔ Definition for file: packages/components/color-picker/src/color-picker.d.ts generated
✔ Definition for file: packages/components/color-picker/src/components/predefine.vue.d.ts generated
✔ Definition for file: packages/components/collection-primitives/src/collection-toolbar.d.ts generated
✔ Definition for file: packages/components/color-picker/src/components/hue-slider.vue.d.ts generated
✔ Definition for file: packages/components/collection-primitives/src/collection-summary.d.ts generated
✔ Definition for file: packages/components/collection-primitives/src/collection-summary.vue.d.ts generated
✔ Definition for file: packages/components/collection-primitives/src/data-list.d.ts generated
✔ Definition for file: packages/components/collection-primitives/src/data-list.vue.d.ts generated
✔ Definition for file: packages/components/collection-primitives/src/filter-group.d.ts generated
✔ Definition for file: packages/components/collection-primitives/src/filter-group.vue.d.ts generated
✔ Definition for file: packages/components/collection-primitives/src/pagination-bar.d.ts generated
✔ Definition for file: packages/components/collection-primitives/src/segmented-control.d.ts generated
✔ Definition for file: packages/components/collection-primitives/src/pagination-bar.vue.d.ts generated
✔ Definition for file: packages/components/collection-primitives/src/segmented-control.vue.d.ts generated
✔ Definition for file: packages/components/collection-primitives/index.d.ts generated
✔ Definition for file: packages/components/container/src/aside.vue.d.ts generated
✔ Definition for file: packages/components/container/src/header.vue.d.ts generated
✔ Definition for file: packages/components/container/src/main.vue.d.ts generated
✔ Definition for file: packages/components/container/index.d.ts generated
✔ Definition for file: packages/components/statistic/src/statistic.vue.d.ts generated
✔ Definition for file: packages/components/statistic/index.d.ts generated
✔ Definition for file: packages/constants/index.d.ts generated
✔ Definition for file: packages/components/countdown/src/utils.d.ts generated
✔ Definition for file: packages/components/date-picker/src/constants.d.ts generated
✔ Definition for file: packages/components/container/src/footer.vue.d.ts generated
✔ Definition for file: packages/components/date-picker/src/date-picker.type.d.ts generated
✔ Definition for file: packages/components/countdown/index.d.ts generated
✔ Definition for file: packages/components/date-picker/src/props/panel-date-pick.d.ts generated
✔ Definition for file: packages/components/date-picker/src/props/basic-date-table.d.ts generated
✔ Definition for file: packages/components/date-picker/src/utils.d.ts generated
✔ Definition for file: packages/components/date-picker/src/props/basic-cell.d.ts generated
✔ Definition for file: packages/components/date-picker/src/date-picker-com/basic-date-table.vue.d.ts generated
✔ Definition for file: packages/components/date-picker/src/props/basic-month-table.d.ts generated
✔ Definition for file: packages/components/date-picker/src/date-picker-com/basic-month-table.vue.d.ts generated
✔ Definition for file: packages/components/date-picker/src/composables/use-shortcut.d.ts generated
✔ Definition for file: packages/components/date-picker/src/props/basic-year-table.d.ts generated
✔ Definition for file: packages/components/date-picker/src/props/panel-date-range.d.ts generated
✔ Definition for file: packages/components/date-picker/src/composables/use-range-picker.d.ts generated
✔ Definition for file: packages/components/date-picker/src/props/panel-month-range.d.ts generated
✔ Definition for file: packages/components/date-picker/src/composables/use-month-range-header.d.ts generated
✔ Definition for file: packages/components/date-picker/src/date-picker-com/panel-month-range.vue.d.ts generated
✔ Definition for file: packages/components/date-picker/src/instance.d.ts generated
✔ Definition for file: packages/components/date-picker/src/props/shared.d.ts generated
✔ Definition for file: packages/components/date-picker/src/date-picker.d.ts generated
✔ Definition for file: packages/components/date-picker/index.d.ts generated
✔ Definition for file: packages/components/descriptions/src/token.d.ts generated
✔ Definition for file: packages/components/descriptions/src/description-item.d.ts generated
✔ Definition for file: packages/components/descriptions/src/descriptions-cell.d.ts generated
✔ Definition for file: packages/components/date-picker/src/date-picker-com/basic-year-table.vue.d.ts generated
✔ Definition for file: packages/components/descriptions/src/descriptions-row.vue.d.ts generated
✔ Definition for file: packages/components/descriptions/src/descriptions-row.d.ts generated
✔ Definition for file: packages/components/descriptions/src/descriptions-stack-cell.d.ts generated
✔ Definition for file: packages/components/descriptions/src/description.d.ts generated
✔ Definition for file: packages/components/descriptions/src/description.vue.d.ts generated
✔ Definition for file: packages/components/descriptions/index.d.ts generated
✔ Definition for file: packages/components/overlay/index.d.ts generated
✔ Definition for file: packages/components/dialog/src/dialog-content.d.ts generated
✔ Definition for file: packages/components/dialog/src/use-dialog.d.ts generated
✔ Definition for file: packages/components/dialog/src/dialog.vue.d.ts generated
✔ Definition for file: packages/components/dialog/src/dialog-content.vue.d.ts generated
✔ Definition for file: packages/components/dialog/index.d.ts generated
✔ Definition for file: packages/components/divider/index.d.ts generated
✔ Definition for file: packages/components/drawer/index.d.ts generated
✔ Definition for file: packages/components/drawer/src/drawer.vue.d.ts generated
✔ Definition for file: packages/components/dialog/src/dialog.d.ts generated
✔ Definition for file: packages/components/collection/src/collection.d.ts generated
✔ Definition for file: packages/components/countdown/src/countdown.vue.d.ts generated
✔ Definition for file: packages/components/collection/index.d.ts generated
✔ Definition for file: packages/components/roving-focus-group/src/utils.d.ts generated
✔ Definition for file: packages/components/roving-focus-group/src/roving-focus-group-impl.vue.d.ts generated
✔ Definition for file: packages/components/roving-focus-group/index.d.ts generated
✔ Definition for file: packages/components/roving-focus-group/src/roving-focus-item.vue.d.ts generated
✔ Definition for file: packages/components/roving-focus-group/src/roving-focus-group.vue.d.ts generated
✔ Definition for file: packages/components/dropdown/src/tokens.d.ts generated
✔ Definition for file: packages/components/dropdown/src/useDropdown.d.ts generated
✔ Definition for file: packages/components/dropdown/src/dropdown-item-impl.vue.d.ts generated
✔ Definition for file: packages/components/dropdown/src/dropdown-item.vue.d.ts generated
✔ Definition for file: packages/components/dropdown/src/dropdown-menu.vue.d.ts generated
✔ Definition for file: packages/components/dropdown/src/instance.d.ts generated
✔ Definition for file: packages/components/empty/src/empty.d.ts generated
✔ Definition for file: packages/components/empty/src/empty.vue.d.ts generated
✔ Definition for file: packages/components/empty/src/instance.d.ts generated
✔ Definition for file: packages/components/empty/index.d.ts generated
✔ Definition for file: packages/components/roving-focus-group/src/tokens.d.ts generated
✔ Definition for file: packages/components/empty-state/index.d.ts generated
✔ Definition for file: packages/components/divider/src/divider.vue.d.ts generated
✔ Definition for file: packages/components/image-viewer/index.d.ts generated
✔ Definition for file: packages/components/image-viewer/src/image-viewer.vue.d.ts generated
✔ Definition for file: packages/components/image/src/image.vue.d.ts generated
✔ Definition for file: packages/components/image/index.d.ts generated
✔ Definition for file: packages/components/inbox-primitives/src/conversation-context-bar.vue.d.ts generated
✔ Definition for file: packages/components/empty-state/src/empty-state.d.ts generated
✔ Definition for file: packages/components/inbox-primitives/src/empty-selection-state.vue.d.ts generated
✔ Definition for file: packages/components/inbox-primitives/src/conversation-list-item.vue.d.ts generated
✔ Definition for file: packages/components/inbox-primitives/src/inbox-empty-state.vue.d.ts generated
✔ Definition for file: packages/components/inbox-primitives/src/conversation-list.vue.d.ts generated
✔ Definition for file: packages/components/inbox-primitives/src/inbox-layout.vue.d.ts generated
✔ Definition for file: packages/components/inbox-primitives/src/message-timeline.vue.d.ts generated
✔ Definition for file: packages/components/inbox-primitives/src/message-bubble.vue.d.ts generated
✔ Definition for file: packages/components/inbox-primitives/src/split-pane.vue.d.ts generated
✔ Definition for file: packages/components/inbox-primitives/src/reply-composer-shell.vue.d.ts generated
✔ Definition for file: packages/components/inbox-primitives/src/instance.d.ts generated
✔ Definition for file: packages/components/inbox-primitives/src/thread-panel.vue.d.ts generated
✔ Definition for file: packages/components/inbox-primitives/index.d.ts generated
✔ Definition for file: packages/components/input-number/index.d.ts generated
✔ Definition for file: packages/components/input-number/src/input-number.d.ts generated
✔ Definition for file: packages/components/link/src/link.vue.d.ts generated
✔ Definition for file: packages/components/metric-primitives/src/copyable-detail.vue.d.ts generated
✔ Definition for file: packages/components/metric-primitives/src/diagnostics-item.vue.d.ts generated
✔ Definition for file: packages/components/metric-primitives/src/diagnostics-list.vue.d.ts generated
✔ Definition for file: packages/components/metric-primitives/src/distribution-bar-row.vue.d.ts generated
✔ Definition for file: packages/components/link/index.d.ts generated
✔ Definition for file: packages/components/metric-primitives/src/distribution-list.vue.d.ts generated
✔ Definition for file: packages/components/metric-primitives/src/key-value-grid.vue.d.ts generated
✔ Definition for file: packages/components/metric-primitives/src/key-value-item.vue.d.ts generated
✔ Definition for file: packages/components/metric-primitives/src/kpi-group.vue.d.ts generated
✔ Definition for file: packages/components/metric-primitives/src/metric-item.vue.d.ts generated
✔ Definition for file: packages/components/metric-primitives/src/status-summary.vue.d.ts generated
✔ Definition for file: packages/components/metric-primitives/src/metric-list.vue.d.ts generated
✔ Definition for file: packages/components/metric-primitives/src/instance.d.ts generated
✔ Definition for file: packages/components/metric-primitives/index.d.ts generated
✔ Definition for file: packages/components/menu/src/menu-collapse-transition.vue.d.ts generated
✔ Definition for file: packages/components/menu/src/utils/menu-bar.d.ts generated
✔ Definition for file: packages/components/menu/src/utils/menu-item.d.ts generated
✔ Definition for file: packages/components/menu/src/use-menu.d.ts generated
✔ Definition for file: packages/components/menu/src/use-menu-css-var.d.ts generated
✔ Definition for file: packages/components/menu/src/types.d.ts generated
✔ Definition for file: packages/components/menu/src/sub-menu.d.ts generated
✔ Definition for file: packages/components/menu/src/menu.d.ts generated
✔ Definition for file: packages/components/menu/src/menu-item-group.d.ts generated
✔ Definition for file: packages/components/menu/src/menu-item-group.vue.d.ts generated
✔ Definition for file: packages/components/menu/src/menu-item.vue.d.ts generated
✔ Definition for file: packages/components/menu/src/instance.d.ts generated
✔ Definition for file: packages/components/menu/index.d.ts generated
✔ Definition for file: packages/components/page-header/index.d.ts generated
✔ Definition for file: packages/components/pagination/src/constants.d.ts generated
✔ Definition for file: packages/components/menu/src/menu-item.d.ts generated
✔ Definition for file: packages/components/page-header/src/page-header.vue.d.ts generated
✔ Definition for file: packages/components/menu/src/use-menu-color.d.ts generated
✔ Definition for file: packages/components/pagination/src/components/next.d.ts generated
✔ Definition for file: packages/components/pagination/src/components/prev.vue.d.ts generated
✔ Definition for file: packages/components/pagination/src/components/next.vue.d.ts generated
✔ Definition for file: packages/components/select/src/option.vue.d.ts generated
✔ Definition for file: packages/components/select/src/select-dropdown.vue.d.ts generated
✔ Definition for file: packages/components/select/src/option-group.vue.d.ts generated
✔ Definition for file: packages/components/select/src/options.d.ts generated
✔ Definition for file: packages/components/pagination/src/usePagination.d.ts generated
✔ Definition for file: packages/components/pagination/src/components/sizes.d.ts generated
✔ Definition for file: packages/components/pagination/src/components/jumper.d.ts generated
✔ Definition for file: packages/components/pagination/src/components/total.vue.d.ts generated
✔ Definition for file: packages/components/pagination/src/components/total.d.ts generated
✔ Definition for file: packages/components/pagination/src/components/jumper.vue.d.ts generated
✔ Definition for file: packages/components/pagination/src/components/pager.d.ts generated
✔ Definition for file: packages/components/pagination/src/components/pager.vue.d.ts generated
✔ Definition for file: packages/components/pagination/src/pagination.d.ts generated
✔ Definition for file: packages/components/pagination/index.d.ts generated
✔ Definition for file: packages/components/select/src/useOption.d.ts generated
✔ Definition for file: packages/components/perception-challenge/src/localization-challenge.vue.d.ts generated
✔ Definition for file: packages/components/perception-challenge/src/micro-interaction-challenge.vue.d.ts generated
✔ Definition for file: packages/components/perception-challenge/src/character-challenge.vue.d.ts generated
✔ Definition for file: packages/components/perception-challenge/src/text-task-challenge.vue.d.ts generated
✔ Definition for file: packages/components/perception-challenge/src/perception-challenge.vue.d.ts generated
✔ Definition for file: packages/components/perception-challenge/src/instance.d.ts generated
✔ Definition for file: packages/components/progress/src/progress.vue.d.ts generated
✔ Definition for file: packages/components/progress/index.d.ts generated
✔ Definition for file: packages/components/site-header/index.d.ts generated
✔ Definition for file: packages/motion/budget.d.ts generated
✔ Definition for file: packages/motion/runtime.d.ts generated
✔ Definition for file: packages/motion/preference.d.ts generated
✔ Definition for file: packages/motion/components/bottom-tab-bar.d.ts generated
✔ Definition for file: packages/motion/components/FsuBottomTabBar.vue.d.ts generated
✔ Definition for file: packages/components/public-shell/src/public-shell.vue.d.ts generated
✔ Definition for file: packages/components/public-shell/index.d.ts generated
✔ Definition for file: packages/components/rate/src/rate.vue.d.ts generated
✔ Definition for file: packages/components/rate/index.d.ts generated
✔ Definition for file: packages/components/site-header/src/site-header.vue.d.ts generated
✔ Definition for file: packages/components/responsive-collection/index.d.ts generated
✔ Definition for file: packages/components/responsive-collection/src/responsive-collection.vue.d.ts generated
✔ Definition for file: packages/components/result/src/result.vue.d.ts generated
✔ Definition for file: packages/components/result/index.d.ts generated
✔ Definition for file: packages/components/virtual-list/src/types.d.ts generated
✔ Definition for file: packages/components/virtual-list/src/hooks/use-wheel.d.ts generated
✔ Definition for file: packages/components/virtual-list/src/utils.d.ts generated
✔ Definition for file: packages/components/virtual-list/src/props.d.ts generated
✔ Definition for file: packages/components/virtual-list/src/components/fixed-size-list.d.ts generated
✔ Definition for file: packages/components/virtual-list/src/hooks/use-wasm-row-height.d.ts generated
✔ Definition for file: packages/components/virtual-list/src/hooks/use-grid-wheel.d.ts generated
✔ Definition for file: packages/components/virtual-list/src/components/dynamic-size-list.d.ts generated
✔ Definition for file: packages/components/virtual-list/src/builders/build-grid.d.ts generated
✔ Definition for file: packages/components/virtual-list/src/components/dynamic-size-grid.d.ts generated
✔ Definition for file: packages/components/virtual-list/index.d.ts generated
✔ Definition for file: packages/components/virtual-list/src/components/fixed-size-grid.d.ts generated
✔ Definition for file: packages/components/select-v2/src/select.types.d.ts generated
✔ Definition for file: packages/components/select-v2/src/useProps.d.ts generated
✔ Definition for file: packages/components/select-v2/src/defaults.d.ts generated
✔ Definition for file: packages/components/select-v2/src/token.d.ts generated
✔ Definition for file: packages/components/select-v2/src/useOption.d.ts generated
✔ Definition for file: packages/components/select-v2/src/option-item.vue.d.ts generated
✔ Definition for file: packages/components/empty-state/src/instance.d.ts generated
✔ Definition for file: packages/components/select-v2/src/useAllowCreate.d.ts generated
✔ Definition for file: packages/components/select-v2/src/useInput.d.ts generated
✔ Definition for file: packages/components/_internal/data-pipeline-client.d.ts generated
✔ Definition for file: packages/components/settings-primitives/src/danger-zone.vue.d.ts generated
✔ Definition for file: packages/components/settings-primitives/src/form-section.vue.d.ts generated
✔ Definition for file: packages/components/settings-primitives/src/destructive-action-panel.vue.d.ts generated
✔ Definition for file: packages/components/settings-primitives/src/inline-actions.vue.d.ts generated
✔ Definition for file: packages/components/settings-primitives/src/metadata-item.vue.d.ts generated
✔ Definition for file: packages/components/settings-primitives/src/metadata-row.vue.d.ts generated
✔ Definition for file: packages/components/settings-primitives/src/resource-list.vue.d.ts generated
✔ Definition for file: packages/components/settings-primitives/src/resource-list-item.vue.d.ts generated
✔ Definition for file: packages/components/settings-primitives/src/risk-notice.vue.d.ts generated
✔ Definition for file: packages/components/settings-primitives/src/section-header.vue.d.ts generated
✔ Definition for file: packages/components/settings-primitives/src/section-nav.vue.d.ts generated
✔ Definition for file: packages/components/settings-primitives/src/section-nav-link.vue.d.ts generated
✔ Definition for file: packages/components/settings-primitives/src/settings-section.vue.d.ts generated
✔ Definition for file: packages/components/settings-primitives/src/typed-confirm-field.vue.d.ts generated
✔ Definition for file: packages/components/select-v2/src/select-dropdown.d.ts generated
✔ Definition for file: packages/components/settings-primitives/src/instance.d.ts generated
✔ Definition for file: packages/components/settings-primitives/index.d.ts generated
✔ Definition for file: packages/components/skeleton/src/skeleton-item.vue.d.ts generated
✔ Definition for file: packages/components/skeleton/index.d.ts generated
✔ Definition for file: packages/components/slider/src/marker.d.ts generated
✔ Definition for file: packages/components/slider/src/slider.d.ts generated
✔ Definition for file: packages/components/skeleton/src/skeleton.vue.d.ts generated
✔ Definition for file: packages/components/slider/src/constants.d.ts generated
✔ Definition for file: packages/components/skeleton/src/skeleton.d.ts generated
✔ Definition for file: packages/components/slider/src/button.d.ts generated
✔ Definition for file: packages/components/slider/src/composables/use-slider-button.d.ts generated
✔ Definition for file: packages/components/slider/src/composables/use-watch.d.ts generated
✔ Definition for file: packages/components/slider/src/composables/use-marks.d.ts generated
✔ Definition for file: packages/components/slider/src/composables/use-stops.d.ts generated
✔ Definition for file: packages/components/slider/src/button.vue.d.ts generated
✔ Definition for file: packages/components/space/src/use-space.d.ts generated
✔ Definition for file: packages/components/space/src/space.d.ts generated
✔ Definition for file: packages/components/space/index.d.ts generated
✔ Definition for file: packages/components/steps/src/item.d.ts generated
✔ Definition for file: packages/components/steps/src/steps.vue.d.ts generated
✔ Definition for file: packages/components/steps/src/item.vue.d.ts generated
✔ Definition for file: packages/components/steps/index.d.ts generated
✔ Definition for file: packages/components/switch/src/switch.vue.d.ts generated
✔ Definition for file: packages/components/slider/src/composables/index.d.ts generated
✔ Definition for file: packages/components/switch/index.d.ts generated
✔ Definition for file: packages/components/table/src/tokens.d.ts generated
✔ Definition for file: packages/components/table/src/layout-observer.d.ts generated
✔ Definition for file: packages/components/table/src/table-header/style.helper.d.ts generated
✔ Definition for file: packages/components/table/src/responsive.d.ts generated
✔ Definition for file: packages/components/table/src/table-header/utils-helper.d.ts generated
✔ Definition for file: packages/components/table/src/table-header/index.d.ts generated
✔ Definition for file: packages/components/table/src/table-layout.d.ts generated
✔ Definition for file: packages/components/popper/src/constants.d.ts generated
✔ Definition for file: packages/components/table/src/store/tree.d.ts generated
✔ Definition for file: packages/components/table/src/store/watcher.d.ts generated
✔ Definition for file: packages/components/table/src/store/index.d.ts generated
✔ Definition for file: packages/components/table/src/store/helper.d.ts generated
✔ Definition for file: packages/components/table/src/table-body/events-helper.d.ts generated
✔ Definition for file: packages/components/table/src/table-body/render-helper.d.ts generated
✔ Definition for file: packages/components/table/src/table-body/index.d.ts generated
✔ Definition for file: packages/components/table/src/table-footer/index.d.ts generated
✔ Definition for file: packages/components/table/src/table/utils-helper.d.ts generated
✔ Definition for file: packages/components/table/src/table-footer/style-helper.d.ts generated
✔ Definition for file: packages/components/table/src/table/style-helper.d.ts generated
✔ Definition for file: packages/components/table/src/h-helper.d.ts generated
✔ Definition for file: packages/components/table/src/table/key-render-helper.d.ts generated
✔ Definition for file: packages/components/table/src/composables/use-scrollbar.d.ts generated
✔ Definition for file: packages/components/table/src/table.vue.d.ts generated
✔ Definition for file: packages/components/table/src/config.d.ts generated
✔ Definition for file: packages/components/virtual-list/src/defaults.d.ts generated
✔ Definition for file: packages/components/table/src/table-column/watcher-helper.d.ts generated
✔ Definition for file: packages/components/table/src/table-column/render-helper.d.ts generated
✔ Definition for file: packages/components/table/src/table-body/defaults.d.ts generated
✔ Definition for file: packages/components/table/index.d.ts generated
✔ Definition for file: packages/components/table-v2/src/constants.d.ts generated
✔ Definition for file: packages/components/table-v2/src/private.d.ts generated
✔ Definition for file: packages/components/table-v2/src/types.d.ts generated
✔ Definition for file: packages/components/table-v2/src/row.d.ts generated
✔ Definition for file: packages/components/table/src/tableColumn.d.ts generated
✔ Definition for file: packages/components/table-v2/src/header.d.ts generated
✔ Definition for file: packages/components/table-v2/src/grid.d.ts generated
✔ Definition for file: packages/components/table-v2/src/cell.d.ts generated
✔ Definition for file: packages/components/table-v2/src/table.d.ts generated
✔ Definition for file: packages/components/table/src/store/current.d.ts generated
✔ Definition for file: packages/components/table-v2/src/common.d.ts generated
✔ Definition for file: packages/components/table-v2/src/header-row.d.ts generated
✔ Definition for file: packages/components/table-v2/src/header-cell.d.ts generated
✔ Definition for file: packages/components/table-v2/src/components/header-row.d.ts generated
✔ Definition for file: packages/components/table-v2/src/components/header-cell.d.ts generated
✔ Definition for file: packages/components/table-v2/src/utils.d.ts generated
✔ Definition for file: packages/components/table-v2/src/composables/use-columns.d.ts generated
✔ Definition for file: packages/components/table-v2/src/components/header.d.ts generated
✔ Definition for file: packages/components/table-v2/src/tokens.d.ts generated
✔ Definition for file: packages/components/table-v2/src/components/row.d.ts generated
✔ Definition for file: packages/components/table-v2/src/components/sort-icon.d.ts generated
✔ Definition for file: packages/components/table-v2/src/components/expand-icon.d.ts generated
✔ Definition for file: packages/components/table-v2/src/table-grid.d.ts generated
✔ Definition for file: packages/components/table-v2/src/components/index.d.ts generated
✔ Definition for file: packages/components/table-v2/src/composables/use-row.d.ts generated
✔ Definition for file: packages/components/table-v2/src/composables/use-scrollbar.d.ts generated
✔ Definition for file: packages/components/table-v2/src/auto-resizer.d.ts generated
✔ Definition for file: packages/components/table-v2/src/composables/use-styles.d.ts generated
✔ Definition for file: packages/components/table-v2/src/use-table.d.ts generated
✔ Definition for file: packages/components/table-v2/src/composables/use-data.d.ts generated
✔ Definition for file: packages/components/table-v2/src/renderers/right-table.d.ts generated
✔ Definition for file: packages/components/table-v2/src/composables/use-auto-resize.d.ts generated
✔ Definition for file: packages/components/table-v2/src/renderers/left-table.d.ts generated
✔ Definition for file: packages/components/table-v2/src/composables/index.d.ts generated
✔ Definition for file: packages/components/table-v2/src/renderers/row.d.ts generated
✔ Definition for file: packages/components/table-v2/src/renderers/cell.d.ts generated
✔ Definition for file: packages/components/table/src/table-column/index.d.ts generated
✔ Definition for file: packages/components/table-v2/src/renderers/header-cell.d.ts generated
✔ Definition for file: packages/components/table-v2/src/renderers/header.d.ts generated
✔ Definition for file: packages/components/table-v2/src/renderers/empty.d.ts generated
✔ Definition for file: packages/components/table-v2/src/renderers/overlay.d.ts generated
✔ Definition for file: packages/components/table-v2/src/table-v2.d.ts generated
✔ Definition for file: packages/components/table-v2/src/components/auto-resizer.d.ts generated
✔ Definition for file: packages/components/table-v2/src/renderers/footer.d.ts generated
✔ Definition for file: packages/components/table-v2/index.d.ts generated
✔ Definition for file: packages/components/tabs/src/tab-bar.vue.d.ts generated
✔ Definition for file: packages/components/tabs/src/tab-nav.d.ts generated
✔ Definition for file: packages/components/tabs/src/tabs.d.ts generated
✔ Definition for file: packages/components/tabs/index.d.ts generated
✔ Definition for file: packages/components/tabs/src/tab-pane.d.ts generated
✔ Definition for file: packages/components/tabs/src/tab-bar.d.ts generated
✔ Definition for file: packages/components/task-page-header/index.d.ts generated
✔ Definition for file: packages/components/text/index.d.ts generated
✔ Definition for file: packages/components/tabs/src/constants.d.ts generated
✔ Definition for file: packages/components/table/src/util.d.ts generated
✔ Definition for file: packages/components/task-page-header/src/task-page-header.vue.d.ts generated
✔ Definition for file: packages/components/text/src/text.d.ts generated
✔ Definition for file: packages/components/theme-mode-toggle/index.d.ts generated
✔ Definition for file: packages/components/theme-mode-toggle/src/theme-mode-toggle.d.ts generated
✔ Definition for file: packages/components/timeline/index.d.ts generated
✔ Definition for file: packages/components/tooltip-v2/src/content.d.ts generated
✔ Definition for file: packages/components/tooltip-v2/src/root.d.ts generated
✔ Definition for file: packages/components/tooltip-v2/src/trigger.d.ts generated
✔ Definition for file: packages/components/timeline/src/timeline.d.ts generated
✔ Definition for file: packages/components/tooltip-v2/src/tooltip.d.ts generated
✔ Definition for file: packages/components/tooltip-v2/src/arrow.vue.d.ts generated
✔ Definition for file: packages/components/timeline/src/timeline-item.vue.d.ts generated
✔ Definition for file: packages/components/tooltip-v2/src/root.vue.d.ts generated
✔ Definition for file: packages/components/tooltip-v2/src/constants.d.ts generated
✔ Definition for file: packages/components/visual-hidden/index.d.ts generated
✔ Definition for file: packages/components/tooltip-v2/src/content.vue.d.ts generated
✔ Definition for file: packages/components/tooltip-v2/src/forward-ref.d.ts generated
✔ Definition for file: packages/components/tooltip-v2/src/tooltip.vue.d.ts generated
✔ Definition for file: packages/components/tooltip-v2/index.d.ts generated
✔ Definition for file: packages/components/transfer/src/transfer.d.ts generated
✔ Definition for file: packages/components/transfer/src/transfer-panel.d.ts generated
✔ Definition for file: packages/components/tooltip-v2/src/trigger.vue.d.ts generated
✔ Definition for file: packages/components/transfer/src/transfer-panel.vue.d.ts generated
✔ Definition for file: packages/components/transfer/src/composables/use-checked-change.d.ts generated
✔ Definition for file: packages/components/transfer/src/composables/use-move.d.ts generated
✔ Definition for file: packages/components/transfer/src/composables/use-computed-data.d.ts generated
✔ Definition for file: packages/components/transfer/src/composables/index.d.ts generated
✔ Definition for file: packages/components/transfer/src/composables/use-check.d.ts generated
✔ Definition for file: packages/components/tree/src/tree.type.d.ts generated
✔ Definition for file: packages/components/visual-hidden/src/visual-hidden.vue.d.ts generated
✔ Definition for file: packages/components/tree/src/model/node.d.ts generated
✔ Definition for file: packages/components/tree/src/model/tree-store.d.ts generated
✔ Definition for file: packages/components/tree/src/tree-node-content.vue.d.ts generated
✔ Definition for file: packages/components/tree/src/model/useNodeExpandEventBroadcast.d.ts generated
✔ Definition for file: packages/components/tree/src/tree-node.vue.d.ts generated
✔ Definition for file: packages/components/tree/src/model/useKeydown.d.ts generated
✔ Definition for file: packages/components/tree/index.d.ts generated
✔ Definition for file: packages/components/tree-select/src/tree-select-option.d.ts generated
✔ Definition for file: packages/components/tree/src/tree.vue.d.ts generated
✔ Definition for file: packages/components/tree-select/src/cache-options.d.ts generated
✔ Definition for file: packages/components/tree-select/src/utils.d.ts generated
✔ Definition for file: packages/components/tree-select/src/tree-select.vue.d.ts generated
✔ Definition for file: packages/components/tree-select/src/tree.d.ts generated
✔ Definition for file: packages/components/tree-select/index.d.ts generated
✔ Definition for file: packages/components/tree-v2/src/types.d.ts generated
✔ Definition for file: packages/components/tree-v2/src/composables/useTree.d.ts generated
✔ Definition for file: packages/components/tree-v2/src/virtual-tree.d.ts generated
✔ Definition for file: packages/components/tree-v2/src/composables/useFilter.d.ts generated
✔ Definition for file: packages/components/tree-v2/src/tree-node-content.d.ts generated
✔ Definition for file: packages/components/tree-v2/src/tree-node.vue.d.ts generated
✔ Definition for file: packages/components/tree-v2/src/tree.vue.d.ts generated
✔ Definition for file: packages/components/tooltip-v2/src/arrow.d.ts generated
✔ Definition for file: packages/components/upload/src/ajax.d.ts generated
✔ Definition for file: packages/components/upload/src/upload-list.d.ts generated
✔ Definition for file: packages/components/upload/src/upload.d.ts generated
✔ Definition for file: packages/components/tree/src/model/useDragNode.d.ts generated
✔ Definition for file: packages/components/upload/src/upload-dragger.d.ts generated
✔ Definition for file: packages/components/upload/src/upload-dragger.vue.d.ts generated
✔ Definition for file: packages/components/upload/src/upload-list.vue.d.ts generated
✔ Definition for file: packages/components/upload/src/upload-content.vue.d.ts generated
✔ Definition for file: packages/components/upload/src/use-handlers.d.ts generated
✔ Definition for file: packages/components/upload/index.d.ts generated
✔ Definition for file: packages/components/tree-v2/index.d.ts generated
✔ Definition for file: packages/components/watermark/src/watermark.vue.d.ts generated
✔ Definition for file: packages/components/watermark/index.d.ts generated
✔ Definition for file: packages/components/time-select/src/utils.d.ts generated
✔ Definition for file: packages/wasm/markdown-runtime-error.d.ts generated
✔ Definition for file: packages/wasm/runtime/utf8.d.ts generated
✔ Definition for file: packages/wasm/markdown.d.ts generated
✔ Definition for file: packages/wasm/markdown-feature-output-gateway-version.d.ts generated
✔ Definition for file: packages/wasm/markdown-feature-output-gateway.d.ts generated
✔ Definition for file: packages/wasm/markdown-embed-directive.d.ts generated
✔ Definition for file: packages/wasm/markdown-caption-directive.d.ts generated
✔ Definition for file: packages/wasm/markdown-caption-renderer.d.ts generated
✔ Definition for file: packages/components/upload/src/upload-content.d.ts generated
✔ Definition for file: packages/wasm/markdown-url.d.ts generated
✔ Definition for file: packages/wasm/markdown-anchor-grammar.d.ts generated
✔ Definition for file: packages/constants/date.d.ts generated
✔ Definition for file: packages/wasm/markdown-syntax-identity.d.ts generated
✔ Definition for file: packages/wasm/markdown-source-coordinate-map.d.ts generated
✔ Definition for file: packages/wasm/markdown-directive-syntax.d.ts generated
✔ Definition for file: packages/wasm/markdown-embed-provider.d.ts generated
✔ Definition for file: packages/wasm/markdown-html-import.d.ts generated
✔ Definition for file: packages/wasm/markdown-html-convert.d.ts generated
✔ Definition for file: packages/wasm/markdown-embed-budget.d.ts generated
✔ Definition for file: packages/wasm/markdown-editor-projection.d.ts generated
✔ Definition for file: packages/wasm/markdown-embed-presentation.d.ts generated
✔ Definition for file: packages/wasm/markdown-embed-acceptance.d.ts generated
✔ Definition for file: packages/wasm/markdown-interaction-trace.d.ts generated
✔ Definition for file: packages/wasm/markdown-anchor-map.d.ts generated
✔ Definition for file: packages/wasm/markdown-projection-invalidation.d.ts generated
✔ Definition for file: packages/wasm/markdown-source-coordinate-threads.d.ts generated
✔ Definition for file: packages/wasm/markdown-anchor-mutations.d.ts generated
✔ Definition for file: packages/wasm/markdown-projection-keystroke-mutations.d.ts generated
✔ Definition for file: packages/wasm/markdown-syntax-identity-mutations.d.ts generated
✔ Definition for file: packages/wasm/markdown-search-worker.d.ts generated
✔ Definition for file: packages/wasm/markdown-replace.d.ts generated
✔ Definition for file: packages/wasm/markdown-search-model.d.ts generated
✔ Definition for file: packages/wasm/markdown-syntax-consumers.d.ts generated
✔ Definition for file: packages/wasm/markdown-projection-mutations.d.ts generated
✔ Definition for file: packages/wasm/markdown-projection-worker.d.ts generated
✔ Definition for file: packages/wasm/markdown-projection-acceptance.d.ts generated
✔ Definition for file: packages/wasm/markdown-runtime.d.ts generated
✔ Definition for file: packages/wasm/markdown-heavy-feature-activation.d.ts generated
✔ Definition for file: packages/wasm/markdown-heavy-feature-identity.d.ts generated
✔ Definition for file: packages/wasm/markdown-syntax-collect.d.ts generated
✔ Definition for file: packages/wasm/markdown-heavy-feature-frame-scheduler.d.ts generated
✔ Definition for file: packages/wasm/markdown-heavy-feature-isolated-client.d.ts generated
✔ Definition for file: packages/wasm/markdown-heavy-feature-isolated-lazy.d.ts generated
✔ Definition for file: packages/components/markdown-renderer/index.d.ts generated
✔ Definition for file: packages/components/markdown-renderer/src/markdown-renderer.vue.d.ts generated
✔ Definition for file: packages/components/watermark/src/utils.d.ts generated
✔ Definition for file: packages/components/markdown-editor/src/markdown-editor-table.d.ts generated
✔ Definition for file: packages/components/markdown-editor/src/markdown-editor-language-tools.d.ts generated
✔ Definition for file: packages/components/markdown-editor/src/markdown-editor-live-contract.d.ts generated
✔ Definition for file: packages/components/markdown-editor/src/markdown-editor-table-input.d.ts generated
✔ Definition for file: packages/components/markdown-editor/src/markdown-editor-table-structure.d.ts generated
✔ Definition for file: packages/components/markdown-editor/src/markdown-editor-table-acceptance.d.ts generated
✔ Definition for file: packages/components/markdown-editor/src/markdown-editor-attachment.d.ts generated
✔ Definition for file: packages/components/markdown-editor/src/markdown-editor-metrics.d.ts generated
✔ Definition for file: packages/components/markdown-editor/src/markdown-editor-attachment-lifecycle.d.ts generated
✔ Definition for file: packages/components/markdown-editor/src/markdown-editor-link-image.d.ts generated
✔ Definition for file: packages/components/markdown-editor/src/markdown-editor-caption.d.ts generated
✔ Definition for file: packages/wasm/runtime/assets.d.ts generated
✔ Definition for file: packages/components/markdown-editor/src/markdown-editor-writing-aids.d.ts generated
✔ Definition for file: packages/components/markdown-editor/src/markdown-editor-live-surface.d.ts generated
✔ Definition for file: packages/components/markdown-editor/src/markdown-editor-live-reveal.d.ts generated
✔ Definition for file: packages/components/markdown-editor/src/markdown-editor-anchor-map.d.ts generated
✔ Definition for file: packages/components/markdown-editor/src/markdown-editor-clipboard.d.ts generated
✔ Definition for file: packages/components/markdown-editor/src/markdown-editor-live-selection.d.ts generated
✔ Definition for file: packages/components/markdown-editor/src/markdown-editor-live-layout.d.ts generated
✔ Definition for file: packages/components/markdown-editor/src/markdown-editor-technical.d.ts generated
✔ Definition for file: packages/components/markdown-editor/src/markdown-editor-latex.d.ts generated
✔ Definition for file: packages/components/markdown-editor/src/markdown-editor-mermaid.d.ts generated
✔ Definition for file: packages/components/markdown-editor/src/markdown-editor-input-intent.d.ts generated
✔ Definition for file: packages/components/markdown-editor/src/markdown-editor-pair-input.d.ts generated
✔ Definition for file: packages/components/markdown-editor/src/markdown-editor-code.d.ts generated
✔ Definition for file: packages/components/markdown-editor/src/markdown-editor-language-web.d.ts generated
✔ Definition for file: packages/components/markdown-editor/src/markdown-editor-native-event.d.ts generated
✔ Definition for file: packages/components/markdown-editor/src/markdown-editor-chrome.d.ts generated
✔ Definition for file: packages/components/markdown-editor/src/markdown-editor-outline-active.d.ts generated
✔ Definition for file: packages/components/markdown-editor/src/markdown-editor-outline.d.ts generated
✔ Definition for file: packages/components/markdown-editor/src/markdown-editor-embed.d.ts generated
✔ Definition for file: packages/components/markdown-editor/src/markdown-editor-technical-acceptance.d.ts generated
✔ Definition for file: packages/components/markdown-editor/src/markdown-editor-search-ui.d.ts generated
✔ Definition for file: packages/components/markdown-editor/src/markdown-editor-input-acceptance.d.ts generated
✔ Definition for file: packages/components/markdown-editor/src/markdown-editor-command-snapshot.d.ts generated
✔ Definition for file: packages/components/markdown-editor/src/markdown-editor-command-async.d.ts generated
✔ Definition for file: packages/components/markdown-editor/src/markdown-editor.d.ts generated
✔ Definition for file: packages/components/markdown-editor/src/markdown-editor-selection-toolbar.d.ts generated
✔ Definition for file: packages/components/markdown-editor/src/markdown-editor-anchor-commands.d.ts generated
✔ Definition for file: packages/components/markdown-editor/src/markdown-editor-status.d.ts generated
✔ Definition for file: packages/components/markdown-editor/src/markdown-editor-paste-markdown.d.ts generated
✔ Definition for file: packages/components/markdown-editor/src/markdown-editor.vue.d.ts generated
✔ Definition for file: packages/components/markdown-editor/src/markdown-editor-surfaces.d.ts generated
✔ Definition for file: packages/components/markdown-editor/index.d.ts generated
✔ Definition for file: packages/wasm/markdown-heavy-feature-resource.d.ts generated
✔ Definition for file: packages/components/message/src/message.vue.d.ts generated
✔ Definition for file: packages/components/message/index.d.ts generated
✔ Definition for file: packages/components/message-box/src/index.vue.d.ts generated
✔ Definition for file: packages/components/message/src/method.d.ts generated
✔ Definition for file: packages/components/message-box/index.d.ts generated
✔ Definition for file: packages/components/notification/src/instance.d.ts generated
✔ Definition for file: packages/components/notification/src/notification.vue.d.ts generated
✔ Definition for file: packages/components/notification/index.d.ts generated
✔ Definition for file: packages/components/notification/src/notify.d.ts generated
✔ Definition for file: packages/components/popover/src/directive.d.ts generated
✔ Definition for file: packages/components/index.d.ts generated
✔ Definition for file: packages/motion/governance.d.ts generated
✔ Definition for file: packages/motion/components/FsuTransition.vue.d.ts generated
✔ Definition for file: packages/motion/view-transition.d.ts generated
✔ Definition for file: packages/motion/components/FsuMotionRecipe.vue.d.ts generated
✔ Definition for file: packages/motion/components/FsuBottomActionBar.vue.d.ts generated
✔ Definition for file: packages/motion/components/FsuOverlayTransition.vue.d.ts generated
✔ Definition for file: packages/motion/gsap/resolve.d.ts generated
✔ Definition for file: packages/motion/components/FsuScrollTimeline.vue.d.ts generated
✔ Definition for file: packages/motion/components/FsuSheetTransition.vue.d.ts generated
✔ Definition for file: packages/motion/composables/use-flip-motion.d.ts generated
✔ Definition for file: packages/motion/composables/use-shared-element-motion.d.ts generated
✔ Definition for file: packages/motion/composables/use-task-feedback.d.ts generated
✔ Definition for file: packages/motion/components/FsuTaskReceipt.vue.d.ts generated
✔ Definition for file: packages/motion/components/FsuToastReceipt.vue.d.ts generated
✔ Definition for file: packages/motion/components/FsuSharedElement.vue.d.ts generated
✔ Definition for file: packages/motion/components/FsuRowStateMotion.vue.d.ts generated
✔ Definition for file: packages/components/message-box/src/messageBox.d.ts generated
✔ Definition for file: packages/components/upload/src/upload.vue.d.ts generated
✔ Definition for file: packages/motion/composables/use-gsap-context.d.ts generated
✔ Definition for file: packages/motion/composables/use-row-state-motion.d.ts generated
✔ Definition for file: packages/motion/composables/use-motion-route-cleanup.d.ts generated
✔ Definition for file: packages/motion/composables/use-timeline.d.ts generated
✔ Definition for file: packages/motion/composables/use-motion-preference.d.ts generated
✔ Definition for file: packages/motion/composables/use-view-transition.d.ts generated
✔ Definition for file: packages/components/_internal/data-pipeline.worker.d.ts generated
✔ Definition for file: packages/motion/index.d.ts generated
✔ Definition for file: packages/components/message/src/instance.d.ts generated
✔ Definition for file: packages/components/teleport/index.d.ts generated
✔ Definition for file: packages/hooks/use-markdown-heavy-feature-lifecycle/mutations.d.ts generated
✔ Definition for file: packages/locale/lang/ckb.d.ts generated
✔ Definition for file: packages/locale/lang/mg.d.ts generated
✔ Definition for file: packages/locale/lang/sw.d.ts generated
✔ Definition for file: packages/motion/composables/use-scroll-reveal.d.ts generated
✔ Definition for file: packages/components/aside/style/index.d.ts generated
✔ Definition for file: packages/components/base/style/index.d.ts generated
✔ Definition for file: packages/components/scrollbar/style/index.d.ts generated
✔ Definition for file: packages/components/alert/style/css.d.ts generated
✔ Definition for file: packages/components/watermark/src/useClips.d.ts generated
✔ Definition for file: packages/components/popper/style/css.d.ts generated
✔ Definition for file: packages/components/affix/style/index.d.ts generated
✔ Definition for file: packages/components/backtop/style/index.d.ts generated
✔ Definition for file: packages/components/badge/style/index.d.ts generated
✔ Definition for file: packages/components/input/style/css.d.ts generated
✔ Definition for file: packages/components/button-group/style/index.d.ts generated
✔ Definition for file: packages/components/carousel/style/index.d.ts generated
✔ Definition for file: packages/components/calendar/style/index.d.ts generated
✔ Definition for file: packages/components/card/style/index.d.ts generated
✔ Definition for file: packages/components/breadcrumb-item/style/index.d.ts generated
✔ Definition for file: packages/components/carousel-item/style/index.d.ts generated
✔ Definition for file: packages/components/checkbox/style/index.d.ts generated
✔ Definition for file: packages/components/tag/style/index.d.ts generated
✔ Definition for file: packages/components/radio/style/index.d.ts generated
✔ Definition for file: packages/components/button/style/css.d.ts generated
✔ Definition for file: packages/components/teleport/src/teleport.vue.d.ts generated
✔ Definition for file: packages/components/check-tag/style/index.d.ts generated
✔ Definition for file: packages/components/cascader-panel/style/index.d.ts generated
✔ Definition for file: packages/components/checkbox-group/style/index.d.ts generated
✔ Definition for file: packages/components/cascader/style/index.d.ts generated
✔ Definition for file: packages/components/collapse/style/index.d.ts generated
✔ Definition for file: packages/components/collapse-item/style/index.d.ts generated
✔ Definition for file: packages/components/collapse-transition/style/index.d.ts generated
✔ Definition for file: packages/components/color-picker/style/index.d.ts generated
✔ Definition for file: packages/components/collection-primitives/style/index.d.ts generated
✔ Definition for file: packages/components/container/style/index.d.ts generated
✔ Definition for file: packages/components/countdown/style/index.d.ts generated
✔ Definition for file: packages/components/config-provider/style/index.d.ts generated
✔ Definition for file: packages/components/col/style/index.d.ts generated
✔ Definition for file: packages/components/date-picker/style/index.d.ts generated
✔ Definition for file: packages/components/descriptions/style/index.d.ts generated
✔ Definition for file: packages/components/autocomplete/style/index.d.ts generated
✔ Definition for file: packages/components/descriptions-item/style/index.d.ts generated
✔ Definition for file: packages/components/divider/style/index.d.ts generated
✔ Definition for file: packages/components/drawer/style/index.d.ts generated
✔ Definition for file: packages/components/checkbox-button/style/index.d.ts generated
✔ Definition for file: packages/components/dropdown-item/style/index.d.ts generated
✔ Definition for file: packages/components/dropdown/style/index.d.ts generated
✔ Definition for file: packages/components/overlay/style/index.d.ts generated
✔ Definition for file: packages/components/empty/style/index.d.ts generated
✔ Definition for file: packages/components/empty-state/style/index.d.ts generated
✔ Definition for file: packages/components/dropdown-menu/style/index.d.ts generated
✔ Definition for file: packages/components/footer/style/index.d.ts generated
✔ Definition for file: packages/components/form-item/style/index.d.ts generated
✔ Definition for file: packages/components/header/style/index.d.ts generated
✔ Definition for file: packages/components/form/style/css.d.ts generated
✔ Definition for file: packages/components/icon/style/index.d.ts generated
✔ Definition for file: packages/components/image-viewer/style/index.d.ts generated
✔ Definition for file: packages/components/image/style/index.d.ts generated
✔ Definition for file: packages/components/inbox-primitives/style/index.d.ts generated
✔ Definition for file: packages/components/infinite-scroll/style/index.d.ts generated
✔ Definition for file: packages/components/input-number/style/css.d.ts generated
✔ Definition for file: packages/components/main/style/index.d.ts generated
✔ Definition for file: packages/components/link/style/index.d.ts generated
✔ Definition for file: packages/components/markdown-editor/src/markdown-editor-embed-surface.d.ts generated
✔ Definition for file: packages/components/markdown-editor/src/markdown-editor-chrome-stability.d.ts generated
✔ Definition for file: packages/components/loading/style/css.d.ts generated
✔ Definition for file: packages/components/markdown-editor/src/markdown-editor-embed-acceptance.d.ts generated
✔ Definition for file: packages/components/markdown-renderer/src/markdown-parser.worker.d.ts generated
✔ Definition for file: packages/components/markdown-editor/src/markdown-editor-html-to-markdown.d.ts generated
✔ Definition for file: packages/components/markdown-renderer/src/markdown-renderer.worker.d.ts generated
✔ Definition for file: packages/components/tooltip/style/index.d.ts generated
✔ Definition for file: packages/components/menu/style/index.d.ts generated
✔ Definition for file: packages/components/markdown-editor/style/css.d.ts generated
✔ Definition for file: packages/components/menu-item/style/index.d.ts generated
✔ Definition for file: packages/components/markdown-renderer/style/index.d.ts generated
✔ Definition for file: packages/components/message/style/index.d.ts generated
✔ Definition for file: packages/components/message-box/style/index.d.ts generated
✔ Definition for file: packages/components/option/style/index.d.ts generated
✔ Definition for file: packages/components/notification/style/css.d.ts generated
✔ Definition for file: packages/components/metric-primitives/style/index.d.ts generated
✔ Definition for file: packages/motion/directives/motion.d.ts generated
✔ Definition for file: packages/components/pagination/style/css.d.ts generated
✔ Definition for file: packages/components/popover/style/index.d.ts generated
✔ Definition for file: packages/components/popconfirm/style/index.d.ts generated
✔ Definition for file: packages/components/site-header/style/index.d.ts generated
✔ Definition for file: packages/components/progress/style/index.d.ts generated
✔ Definition for file: packages/components/menu-item-group/style/index.d.ts generated
✔ Definition for file: packages/components/perception-challenge/style/css.d.ts generated
✔ Definition for file: packages/components/public-shell/style/index.d.ts generated
✔ Definition for file: packages/components/rate/style/index.d.ts generated
✔ Definition for file: packages/components/option-group/style/index.d.ts generated
✔ Definition for file: packages/components/result/style/index.d.ts generated
✔ Definition for file: packages/components/row/style/index.d.ts generated
✔ Definition for file: packages/components/radio-group/style/index.d.ts generated
✔ Definition for file: packages/components/virtual-list/style/index.d.ts generated
✔ Definition for file: packages/components/responsive-collection/style/index.d.ts generated
✔ Definition for file: packages/components/select-v2/style/index.d.ts generated
✔ Definition for file: packages/components/skeleton/style/index.d.ts generated
✔ Definition for file: packages/components/slider/style/index.d.ts generated
✔ Definition for file: packages/components/settings-primitives/style/index.d.ts generated
✔ Definition for file: packages/components/space/style/index.d.ts generated
✔ Definition for file: packages/components/skeleton-item/style/index.d.ts generated
✔ Definition for file: packages/components/statistic/style/index.d.ts generated
✔ Definition for file: packages/components/sub-menu/style/index.d.ts generated
✔ Definition for file: packages/components/step/style/index.d.ts generated
✔ Definition for file: packages/components/switch/style/index.d.ts generated
✔ Definition for file: packages/components/radio-button/style/index.d.ts generated
✔ Definition for file: packages/components/table-v2/style/css.d.ts generated
✔ Definition for file: packages/components/tab-pane/style/index.d.ts generated
✔ Definition for file: packages/components/tabs/style/index.d.ts generated
✔ Definition for file: packages/components/steps/style/index.d.ts generated
✔ Definition for file: packages/components/task-page-header/style/index.d.ts generated
✔ Definition for file: packages/components/dialog/style/css.d.ts generated
✔ Definition for file: packages/components/teleport/style/index.d.ts generated
✔ Definition for file: packages/components/text/style/index.d.ts generated
✔ Definition for file: packages/components/time-picker/style/index.d.ts generated
✔ Definition for file: packages/components/theme-mode-toggle/style/index.d.ts generated
✔ Definition for file: packages/components/timeline/style/index.d.ts generated
✔ Definition for file: packages/components/timeline-item/style/index.d.ts generated
✔ Definition for file: packages/components/time-select/style/index.d.ts generated
✔ Definition for file: packages/components/transfer/style/index.d.ts generated
✔ Definition for file: packages/components/tree/style/css.d.ts generated
✔ Definition for file: packages/components/tree-select/style/index.d.ts generated
✔ Definition for file: packages/components/tree-v2/style/index.d.ts generated
✔ Definition for file: packages/components/upload/style/index.d.ts generated
✔ Definition for file: packages/components/collection/src/collection.vue.d.ts generated
✔ Definition for file: packages/components/collection/src/collection-item.vue.d.ts generated
✔ Definition for file: packages/components/table/style/index.d.ts generated
✔ Definition for file: packages/components/select/style/index.d.ts generated
✔ Definition for file: packages/components/table-column/style/index.d.ts generated
✔ Definition for file: packages/components/avatar/style/index.d.ts generated
✔ Definition for file: packages/components/breadcrumb/style/index.d.ts generated
✔ Definition for file: packages/utils/vue/global-node.d.ts generated
✔ Definition for file: packages/components/page-header/style/css.d.ts generated
✔ Definition for file: packages/components/time-picker/src/time-picker-com/basic-time-spinner.vue.d.ts generated
✔ Definition for file: packages/components/select-v2/src/useSelect.d.ts generated
✔ Definition for file: packages/components/transfer/src/transfer.vue.d.ts generated
✔ Definition for file: packages/components/transfer/index.d.ts generated
✔ Definition for file: packages/components/autocomplete/src/autocomplete.vue.d.ts generated
✔ Definition for file: packages/components/autocomplete/index.d.ts generated
✔ Definition for file: packages/components/time-picker/src/common/picker.vue.d.ts generated
✔ Definition for file: packages/components/time-picker/src/time-picker-com/panel-time-pick.vue.d.ts generated
✔ Definition for file: packages/components/time-picker/src/time-picker-com/panel-time-range.vue.d.ts generated
✔ Definition for file: packages/components/color-picker/index.d.ts generated
✔ Definition for file: packages/components/color-picker/src/color-picker.vue.d.ts generated
✔ Definition for file: packages/components/date-picker/src/date-picker-com/panel-date-pick.vue.d.ts generated
✔ Definition for file: packages/components/date-picker/src/date-picker-com/panel-date-range.vue.d.ts generated
✔ Definition for file: packages/components/dropdown/src/dropdown.vue.d.ts generated
✔ Definition for file: packages/components/dropdown/index.d.ts generated
✔ Definition for file: packages/components/perception-challenge/index.d.ts generated
✔ Definition for file: packages/components/popconfirm/src/popconfirm.vue.d.ts generated
✔ Definition for file: packages/components/popconfirm/index.d.ts generated
✔ Definition for file: packages/components/select-v2/index.d.ts generated
✔ Definition for file: packages/components/select-v2/src/select.vue.d.ts generated
✔ Definition for file: packages/components/table/src/filter-panel.vue.d.ts generated
✔ Definition for file: packages/components/popover/src/popover.vue.d.ts generated
✔ Definition for file: packages/components/popover/index.d.ts generated
✔ Definition owner for file: packages/wasm/index.d.ts generated
[10:03:50] Finished 'generateTypesDefinitions' after 1.52 min
[10:03:50] Starting 'buildThemeChalk'...
ℹ run: pnpm run -C vue/packages/theme-chalk build

> @element-plus/theme-chalk@0.1.0 build /workspace/FsusUI-public-declaration-integration/vue/packages/theme-chalk
> node ../../../scripts/with-node-heap.mjs node --require @esbuild-kit/cjs-loader ../../../node_modules/gulp/bin/gulp.js

[10:03:51] Using gulpfile /workspace/FsusUI-public-declaration-integration/vue/packages/theme-chalk/gulpfile.ts
[10:03:51] Starting 'default'...
[10:03:51] Starting 'copyThemeChalkSource'...
[10:03:51] Starting 'buildThemeChalk'...
Browserslist: browsers data (caniuse-lite) is 7 months old. Please run:
  npx update-browserslist-db@latest
  Why you should do it regularly: https://github.com/browserslist/update-db#readme
✔ affix.css: 0.07 KB -> 0.03 KB
✔ alert.css: 3.94 KB -> 3.38 KB
✔ aside.css: 0.14 KB -> 0.10 KB
✔ autocomplete.css: 4.69 KB -> 4.09 KB
✔ avatar.css: 1.06 KB -> 0.88 KB
✔ backtop.css: 1.21 KB -> 1.06 KB
✔ badge.css: 1.47 KB -> 1.25 KB
✔ base.css: 22.86 KB -> 21.10 KB
✔ breadcrumb-item.css: 0.00 KB -> 0.00 KB
✔ breadcrumb.css: 4.02 KB -> 3.40 KB
✔ button-group.css: 3.68 KB -> 3.31 KB
✔ button.css: 19.84 KB -> 18.20 KB
✔ calendar.css: 7.80 KB -> 6.75 KB
✔ card.css: 1.58 KB -> 1.41 KB
✔ carousel-item.css: 1.69 KB -> 1.47 KB
✔ carousel.css: 5.76 KB -> 5.12 KB
✔ cascader-panel.css: 5.44 KB -> 4.80 KB
✔ cascader.css: 7.26 KB -> 6.49 KB
✔ check-tag.css: 1.05 KB -> 0.90 KB
✔ checkbox-button.css: 3.72 KB -> 3.33 KB
✔ checkbox-group.css: 0.09 KB -> 0.05 KB
✔ checkbox.css: 7.52 KB -> 6.75 KB
✔ col.css: 44.33 KB -> 32.86 KB
✔ collapse-item.css: 0.00 KB -> 0.00 KB
✔ collapse-transition.css: 0.00 KB -> 0.00 KB
✔ collapse.css: 12.94 KB -> 11.94 KB
✔ collection-primitives.css: 9.04 KB -> 7.79 KB
✔ color-picker.css: 10.50 KB -> 9.23 KB
✔ config-provider.css: 0.00 KB -> 0.00 KB
✔ container.css: 0.22 KB -> 0.15 KB
✔ date-picker.css: 37.69 KB -> 33.63 KB
✔ descriptions-item.css: 1.14 KB -> 1.02 KB
✔ descriptions.css: 5.58 KB -> 4.96 KB
✔ dialog.css: 8.56 KB -> 7.45 KB
✔ display.css: 1.22 KB -> 0.98 KB
✔ divider.css: 0.89 KB -> 0.73 KB
✔ drawer.css: 8.56 KB -> 7.12 KB
✔ dropdown-item.css: 0.00 KB -> 0.00 KB
✔ dropdown-menu.css: 0.13 KB -> 0.09 KB
✔ dropdown.css: 6.28 KB -> 5.56 KB
✔ empty-state.css: 4.18 KB -> 3.69 KB
✔ empty.css: 2.05 KB -> 1.79 KB
✔ footer.css: 0.22 KB -> 0.17 KB
✔ form-item.css: 0.00 KB -> 0.00 KB
✔ form.css: 5.55 KB -> 4.85 KB
✔ fsus-theme.css: 110.12 KB -> 98.15 KB
✔ fsus.css: 751.53 KB -> 654.83 KB
✔ header.css: 0.22 KB -> 0.17 KB
✔ icon.css: 0.78 KB -> 0.60 KB
✔ image-viewer.css: 4.64 KB -> 4.02 KB
✔ image.css: 0.75 KB -> 0.60 KB
✔ inbox-primitives.css: 11.56 KB -> 9.73 KB
✔ index.css: 641.44 KB -> 558.07 KB
✔ infinite-scroll.css: 0.00 KB -> 0.00 KB
✔ input-number.css: 4.65 KB -> 4.13 KB
✔ input.css: 17.33 KB -> 15.68 KB
✔ link.css: 3.90 KB -> 3.50 KB
✔ loading.css: 3.22 KB -> 2.73 KB
✔ main.css: 0.20 KB -> 0.14 KB
✔ markdown-editor.css: 43.27 KB -> 37.75 KB
✔ markdown-renderer.css: 6.58 KB -> 5.84 KB
✔ menu-item-group.css: 0.00 KB -> 0.00 KB
✔ menu-item.css: 0.00 KB -> 0.00 KB
✔ menu.css: 20.36 KB -> 18.41 KB
✔ message-box.css: 6.81 KB -> 5.89 KB
✔ message.css: 4.55 KB -> 4.02 KB
✔ metric-primitives.css: 14.26 KB -> 12.38 KB
✔ motion.css: 5.36 KB -> 4.67 KB
✔ notification.css: 4.81 KB -> 4.34 KB
✔ option-group.css: 0.79 KB -> 0.63 KB
✔ option-item.css: 3.83 KB -> 3.44 KB
✔ option.css: 1.96 KB -> 1.76 KB
✔ overlay.css: 0.34 KB -> 0.27 KB
✔ page-header.css: 0.94 KB -> 0.77 KB
✔ pagination.css: 10.85 KB -> 9.54 KB
✔ perception-challenge.css: 10.58 KB -> 9.01 KB
✔ popconfirm.css: 0.28 KB -> 0.20 KB
✔ popover.css: 2.13 KB -> 1.92 KB
✔ popper.css: 2.26 KB -> 1.95 KB
✔ progress.css: 3.90 KB -> 3.34 KB
✔ prose.css: 2.52 KB -> 2.17 KB
✔ public-shell-critical.css: 19.13 KB -> 16.75 KB
✔ public-shell.css: 20.86 KB -> 18.27 KB
✔ radio-button.css: 3.86 KB -> 3.44 KB
✔ radio-group.css: 0.13 KB -> 0.08 KB
✔ radio.css: 5.01 KB -> 4.37 KB
✔ rate.css: 2.08 KB -> 1.79 KB
✔ reset.css: 0.24 KB -> 0.18 KB
✔ responsive-collection.css: 0.60 KB -> 0.49 KB
✔ result.css: 1.68 KB -> 1.45 KB
✔ row.css: 0.61 KB -> 0.49 KB
✔ scrollbar.css: 7.09 KB -> 6.36 KB
✔ select-dropdown-v2.css: 1.95 KB -> 1.69 KB
✔ select-dropdown.css: 5.21 KB -> 4.83 KB
✔ select-v2.css: 15.58 KB -> 13.74 KB
✔ select.css: 11.56 KB -> 10.40 KB
✔ settings-primitives.css: 10.80 KB -> 9.18 KB
✔ site-header.css: 2.97 KB -> 2.46 KB
✔ skeleton-item.css: 1.25 KB -> 1.03 KB
✔ skeleton.css: 0.85 KB -> 0.62 KB
✔ slider.css: 5.52 KB -> 4.85 KB
✔ space.css: 0.23 KB -> 0.16 KB
✔ spinner.css: 0.41 KB -> 0.33 KB
✔ statistic.css: 0.98 KB -> 0.85 KB
✔ step.css: 7.20 KB -> 6.13 KB
✔ steps.css: 0.39 KB -> 0.30 KB
✔ sub-menu.css: 0.00 KB -> 0.00 KB
✔ switch.css: 6.04 KB -> 5.29 KB
✔ tab-pane.css: 0.46 KB -> 0.36 KB
✔ table-column.css: 1.80 KB -> 1.51 KB
✔ table-v2.css: 5.07 KB -> 4.23 KB
✔ table.css: 23.73 KB -> 21.43 KB
✔ tabs.css: 18.28 KB -> 16.34 KB
✔ tag.css: 7.93 KB -> 6.39 KB
✔ task-page-header.css: 1.47 KB -> 1.20 KB
✔ text.css: 1.25 KB -> 1.07 KB
✔ theme-mode-toggle.css: 8.31 KB -> 7.13 KB
✔ time-picker.css: 24.72 KB -> 22.19 KB
✔ time-select.css: 23.86 KB -> 21.54 KB
✔ timeline-item.css: 2.18 KB -> 1.87 KB
✔ timeline.css: 0.86 KB -> 0.74 KB
✔ tooltip-v2.css: 4.11 KB -> 3.71 KB
✔ tooltip.css: 0.00 KB -> 0.00 KB
✔ transfer.css: 6.63 KB -> 5.71 KB
✔ tree-select.css: 4.74 KB -> 4.26 KB
✔ tree.css: 14.14 KB -> 12.96 KB
✔ upload.css: 24.92 KB -> 21.86 KB
✔ var.css: 10.19 KB -> 9.52 KB
✔ virtual-list.css: 3.56 KB -> 3.14 KB
[10:03:59] Finished 'buildThemeChalk' after 7.66 s
[10:03:59] Starting 'copyThemeChalkBundle'...
[10:03:59] Finished 'copyThemeChalkSource' after 7.7 s
[10:03:59] Finished 'copyThemeChalkBundle' after 59 ms
[10:03:59] Finished 'default' after 7.73 s
[10:03:59] Finished 'buildThemeChalk' after 8.81 s
[10:03:59] Starting 'copyFullStyle'...
[10:03:59] Finished 'copyFullStyle' after 3.16 ms
[10:03:59] Starting 'buildFull'...
[10:04:23] Finished 'buildFull' after 24 s
[10:04:23] Starting 'buildFullMinified'...
[10:04:56] Finished 'buildFullMinified' after 32 s
[10:04:56] Starting 'rewriteBuiltBundledWorkspaceDependencyReferences'...
[10:04:58] Finished 'rewriteBuiltBundledWorkspaceDependencyReferences' after 1.76 s
[10:04:58] Starting 'copyTypesDefinitions'...
[10:04:58] Starting 'copyFiles'...
[10:04:58] Starting 'copyWasmRuntimeAssets'...
[10:04:58] Starting 'copyTypes:esm'...
[10:04:58] Starting 'copyTypes:cjs'...
[10:04:58] Finished 'copyWasmRuntimeAssets' after 4.54 ms
[10:04:58] Finished 'copyFiles' after 5.9 ms
[10:04:58] Finished 'copyTypes:esm' after 851 ms
[10:04:58] Finished 'copyTypes:cjs' after 851 ms
[10:04:58] Finished 'copyTypesDefinitions' after 853 ms
[10:04:58] Finished 'default' after 3.13 min
Prepared @ozwasyd/element-plus@1.5.1 for npm public registry from Ozwasyd/FsusUI with 100625 self-reference rewrites across 1935 files, 102 bundled workspace rewrites across 102 files, 0 bundled workspace dependencies removed, 15 worker references rewritten, 9 WASM fallback references rewritten, and 4300 source maps pruned.
Built /workspace/FsusUI-public-declaration-integration/dist/npm-candidate/fsusui-npm-candidate.tgz (6da2fe1a5573a04768a4f8280899b45dabaa4f93ca72a278d48c50faca17649a) for @ozwasyd/element-plus@1.5.1.
