2032 libs found in cache `/etc/ld.so.cache'
	lib3MF.so.1 (libc6,x86-64) => /lib/x86_64-linux-gnu/lib3MF.so.1
	lib2geom.so.1.4.0 (libc6,x86-64) => /lib/x86_64-linux-gnu/lib2geom.so.1.4.0
	libz3.so.4 (libc6,x86-64) => /lib/x86_64-linux-gnu/libz3.so.4
	libzzipwrap-0.so.13 (libc6,x86-64) => /lib/x86_64-linux-gnu/libzzipwrap-0.so.13
	libzzipmmapped-0.so.13 (libc6,x86-64) => /lib/x86_64-linux-gnu/libzzipmmapped-0.so.13
	libzzipfseeko-0.so.13 (libc6,x86-64) => /lib/x86_64-linux-gnu/libzzipfseeko-0.so.13
	libzzip-0.so.13 (libc6,x86-64) => /lib/x86_64-linux-gnu/libzzip-0.so.13
	libzvbi.so.0 (libc6,x86-64) => /lib/x86_64-linux-gnu/libzvbi.so.0
	libzvbi-chains.so.0 (libc6,x86-64) => /lib/x86_64-linux-gnu/libzvbi-chains.so.0
	libzstd.so.1 (libc6,x86-64) => /lib/x86_64-linux-gnu/libzstd.so.1
	libzstd.so (libc6,x86-64) => /lib/x86_64-linux-gnu/libzstd.so
	libzopflipng.so.1 (libc6,x86-64) => /lib/libzopflipng.so.1
	libzopfli.so.1 (libc6,x86-64) => /lib/libzopfli.so.1
	libzmq.so.5 (libc6,x86-64) => /lib/x86_64-linux-gnu/libzmq.so.5
	libzix-0.so.0 (libc6,x86-64) => /lib/x86_64-linux-gnu/libzix-0.so.0
	libzipios.so.0 (libc6,x86-64) => /lib/x86_64-linux-gnu/libzipios.so.0
	libzip.so.5 (libc6,x86-64) => /lib/x86_64-linux-gnu/libzip.so.5
	libzimg.so.2 (libc6,x86-64) => /lib/x86_64-linux-gnu/libzimg.so.2
	libzen.so.0 (libc6,x86-64) => /lib/x86_64-linux-gnu/libzen.so.0
	libze_validation_layer.so.1 (libc6,x86-64) => /lib/x86_64-linux-gnu/libze_validation_layer.so.1
	libze_tracing_layer.so.1 (libc6,x86-64) => /lib/x86_64-linux-gnu/libze_tracing_layer.so.1
	libze_loader.so.1 (libc6,x86-64) => /lib/x86_64-linux-gnu/libze_loader.so.1
	libzbar.so.0 (libc6,x86-64) => /lib/x86_64-linux-gnu/libzbar.so.0
	libz.so.1 (libc6,x86-64) => /lib/x86_64-linux-gnu/libz.so.1
	libz.so (libc6,x86-64) => /lib/x86_64-linux-gnu/libz.so
	libyuv.so.0 (libc6,x86-64) => /lib/x86_64-linux-gnu/libyuv.so.0
	libyaml-0.so.2 (libc6,x86-64) => /lib/x86_64-linux-gnu/libyaml-0.so.2
	libyaml-cpp.so.0.8 (libc6,x86-64) => /lib/x86_64-linux-gnu/libyaml-cpp.so.0.8
	libyajl.so.2 (libc6,x86-64) => /lib/x86_64-linux-gnu/libyajl.so.2
	libx265.so.215 (libc6,x86-64) => /lib/x86_64-linux-gnu/libx265.so.215
	libx264.so.164 (libc6,x86-64) => /lib/x86_64-linux-gnu/libx264.so.164
	libxxhash.so.0 (libc6,x86-64) => /lib/x86_64-linux-gnu/libxxhash.so.0
	libxvidcore.so.4 (libc6,x86-64) => /lib/x86_64-linux-gnu/libxvidcore.so.4
	libxtables.so.12 (libc6,x86-64) => /lib/x86_64-linux-gnu/libxtables.so.12
	libxslt.so.1 (libc6,x86-64) => /lib/x86_64-linux-gnu/libxslt.so.1
	libxshmfence.so.1 (libc6,x86-64) => /lib/x86_64-linux-gnu/libxshmfence.so.1
	libxml2.so.2 (libc6,x86-64) => /lib/x86_64-linux-gnu/libxml2.so.2
	libxklavier.so.16 (libc6,x86-64) => /lib/x86_64-linux-gnu/libxklavier.so.16
	libxkbfile.so.1 (libc6,x86-64) => /lib/x86_64-linux-gnu/libxkbfile.so.1
	libxkbcommon.so.0 (libc6,x86-64) => /lib/x86_64-linux-gnu/libxkbcommon.so.0
	libxkbcommon-x11.so.0 (libc6,x86-64) => /lib/x86_64-linux-gnu/libxkbcommon-x11.so.0
	libxfconf-0.so.3 (libc6,x86-64) => /lib/x86_64-linux-gnu/libxfconf-0.so.3
	libxfce4windowingui-0.so.0 (libc6,x86-64) => /lib/x86_64-linux-gnu/libxfce4windowingui-0.so.0
	libxfce4windowing-0.so.0 (libc6,x86-64) => /lib/x86_64-linux-gnu/libxfce4windowing-0.so.0
	libxfce4util.so.7 (libc6,x86-64) => /lib/x86_64-linux-gnu/libxfce4util.so.7
	libxfce4ui-2.so.0 (libc6,x86-64) => /lib/x86_64-linux-gnu/libxfce4ui-2.so.0
	libxfce4panel-2.0.so.4 (libc6,x86-64) => /lib/x86_64-linux-gnu/libxfce4panel-2.0.so.4
	libxfce4kbd-private-3.so.0 (libc6,x86-64) => /lib/x86_64-linux-gnu/libxfce4kbd-private-3.so.0
	libxerces-c-3.2.so (libc6,x86-64) => /lib/x86_64-linux-gnu/libxerces-c-3.2.so
	libxcvt.so.0 (libc6,x86-64) => /lib/x86_64-linux-gnu/libxcvt.so.0
	libxcb.so.1 (libc6,x86-64) => /lib/x86_64-linux-gnu/libxcb.so.1
	libxcb-xkb.so.1 (libc6,x86-64) => /lib/x86_64-linux-gnu/libxcb-xkb.so.1
	libxcb-xinput.so.0 (libc6,x86-64) => /lib/x86_64-linux-gnu/libxcb-xinput.so.0
	libxcb-xinerama.so.0 (libc6,x86-64) => /lib/x86_64-linux-gnu/libxcb-xinerama.so.0
	libxcb-xfixes.so.0 (libc6,x86-64) => /lib/x86_64-linux-gnu/libxcb-xfixes.so.0
	libxcb-util.so.1 (libc6,x86-64) => /lib/x86_64-linux-gnu/libxcb-util.so.1
	libxcb-sync.so.1 (libc6,x86-64) => /lib/x86_64-linux-gnu/libxcb-sync.so.1
	libxcb-shm.so.0 (libc6,x86-64) => /lib/x86_64-linux-gnu/libxcb-shm.so.0
	libxcb-shape.so.0 (libc6,x86-64) => /lib/x86_64-linux-gnu/libxcb-shape.so.0
	libxcb-res.so.0 (libc6,x86-64) => /lib/x86_64-linux-gnu/libxcb-res.so.0
	libxcb-render.so.0 (libc6,x86-64) => /lib/x86_64-linux-gnu/libxcb-render.so.0
	libxcb-render-util.so.0 (libc6,x86-64) => /lib/x86_64-linux-gnu/libxcb-render-util.so.0
	libxcb-randr.so.0 (libc6,x86-64) => /lib/x86_64-linux-gnu/libxcb-randr.so.0
	libxcb-present.so.0 (libc6,x86-64) => /lib/x86_64-linux-gnu/libxcb-present.so.0
	libxcb-keysyms.so.1 (libc6,x86-64) => /lib/x86_64-linux-gnu/libxcb-keysyms.so.1
	libxcb-image.so.0 (libc6,x86-64) => /lib/x86_64-linux-gnu/libxcb-image.so.0
	libxcb-icccm.so.4 (libc6,x86-64) => /lib/x86_64-linux-gnu/libxcb-icccm.so.4
	libxcb-glx.so.0 (libc6,x86-64) => /lib/x86_64-linux-gnu/libxcb-glx.so.0
	libxcb-dri3.so.0 (libc6,x86-64) => /lib/x86_64-linux-gnu/libxcb-dri3.so.0
	libxcb-cursor.so.0 (libc6,x86-64) => /lib/x86_64-linux-gnu/libxcb-cursor.so.0
	libwx_gtk3u_xrc-3.2.so.0 (libc6,x86-64) => /lib/x86_64-linux-gnu/libwx_gtk3u_xrc-3.2.so.0
	libwx_gtk3u_stc-3.2.so.0 (libc6,x86-64) => /lib/x86_64-linux-gnu/libwx_gtk3u_stc-3.2.so.0
	libwx_gtk3u_richtext-3.2.so.0 (libc6,x86-64) => /lib/x86_64-linux-gnu/libwx_gtk3u_richtext-3.2.so.0
	libwx_gtk3u_ribbon-3.2.so.0 (libc6,x86-64) => /lib/x86_64-linux-gnu/libwx_gtk3u_ribbon-3.2.so.0
	libwx_gtk3u_qa-3.2.so.0 (libc6,x86-64) => /lib/x86_64-linux-gnu/libwx_gtk3u_qa-3.2.so.0
	libwx_gtk3u_propgrid-3.2.so.0 (libc6,x86-64) => /lib/x86_64-linux-gnu/libwx_gtk3u_propgrid-3.2.so.0
	libwx_gtk3u_html-3.2.so.0 (libc6,x86-64) => /lib/x86_64-linux-gnu/libwx_gtk3u_html-3.2.so.0
	libwx_gtk3u_gl-3.2.so.0 (libc6,x86-64) => /lib/x86_64-linux-gnu/libwx_gtk3u_gl-3.2.so.0
	libwx_gtk3u_core-3.2.so.0 (libc6,x86-64) => /lib/x86_64-linux-gnu/libwx_gtk3u_core-3.2.so.0
	libwx_gtk3u_aui-3.2.so.0 (libc6,x86-64) => /lib/x86_64-linux-gnu/libwx_gtk3u_aui-3.2.so.0
	libwx_gtk3u_adv-3.2.so.0 (libc6,x86-64) => /lib/x86_64-linux-gnu/libwx_gtk3u_adv-3.2.so.0
	libwx_baseu_xml-3.2.so.0 (libc6,x86-64) => /lib/x86_64-linux-gnu/libwx_baseu_xml-3.2.so.0
	libwx_baseu_net-3.2.so.0 (libc6,x86-64) => /lib/x86_64-linux-gnu/libwx_baseu_net-3.2.so.0
	libwx_baseu-3.2.so.0 (libc6,x86-64) => /lib/x86_64-linux-gnu/libwx_baseu-3.2.so.0
	libwtmpdb.so.0 (libc6,x86-64) => /lib/x86_64-linux-gnu/libwtmpdb.so.0
	libwrap.so.0 (libc6,x86-64) => /lib/x86_64-linux-gnu/libwrap.so.0
	libwpg-0.3.so.3 (libc6,x86-64) => /lib/x86_64-linux-gnu/libwpg-0.3.so.3
	libwpd-0.10.so.10 (libc6,x86-64) => /lib/x86_64-linux-gnu/libwpd-0.10.so.10
	libwnck-3.so.0 (libc6,x86-64) => /lib/x86_64-linux-gnu/libwnck-3.so.0
	libwmflite-0.2.so.7 (libc6,x86-64) => /lib/x86_64-linux-gnu/libwmflite-0.2.so.7
	libwmf-0.2.so.7 (libc6,x86-64) => /lib/x86_64-linux-gnu/libwmf-0.2.so.7
	libwebrtc-audio-processing-1.so.3 (libc6,x86-64) => /lib/x86_64-linux-gnu/libwebrtc-audio-processing-1.so.3
	libwebpmux.so.3 (libc6,x86-64) => /lib/x86_64-linux-gnu/libwebpmux.so.3
	libwebpdemux.so.2 (libc6,x86-64) => /lib/x86_64-linux-gnu/libwebpdemux.so.2
	libwebp.so.7 (libc6,x86-64) => /lib/x86_64-linux-gnu/libwebp.so.7
	libwayland-server.so.0 (libc6,x86-64) => /lib/x86_64-linux-gnu/libwayland-server.so.0
	libwayland-egl.so.1 (libc6,x86-64) => /lib/x86_64-linux-gnu/libwayland-egl.so.1
	libwayland-cursor.so.0 (libc6,x86-64) => /lib/x86_64-linux-gnu/libwayland-cursor.so.0
	libwayland-client.so.0 (libc6,x86-64) => /lib/x86_64-linux-gnu/libwayland-client.so.0
	libwavpack.so.1 (libc6,x86-64) => /lib/x86_64-linux-gnu/libwavpack.so.1
	libwacom.so.9 (libc6,x86-64) => /lib/x86_64-linux-gnu/libwacom.so.9
	libv4l2.so.0 (libc6,x86-64) => /lib/x86_64-linux-gnu/libv4l2.so.0
	libv4l1.so.0 (libc6,x86-64) => /lib/x86_64-linux-gnu/libv4l1.so.0
	libv4lconvert.so.0 (libc6,x86-64) => /lib/x86_64-linux-gnu/libv4lconvert.so.0
	libvulkan.so.1 (libc6,x86-64) => /lib/x86_64-linux-gnu/libvulkan.so.1
	libvtkxdmf3-pv5.13.so.1 (libc6,x86-64) => /lib/x86_64-linux-gnu/libvtkxdmf3-pv5.13.so.1
	libvtkxdmf3-pv5.13.so (libc6,x86-64) => /lib/x86_64-linux-gnu/libvtkxdmf3-pv5.13.so
	libvtkxdmf2-pv5.13.so.1 (libc6,x86-64) => /lib/x86_64-linux-gnu/libvtkxdmf2-pv5.13.so.1
	libvtkxdmf2-pv5.13.so (libc6,x86-64) => /lib/x86_64-linux-gnu/libvtkxdmf2-pv5.13.so
	libvtkxdmfcore-pv5.13.so.1 (libc6,x86-64) => /lib/x86_64-linux-gnu/libvtkxdmfcore-pv5.13.so.1
	libvtkxdmfcore-pv5.13.so (libc6,x86-64) => /lib/x86_64-linux-gnu/libvtkxdmfcore-pv5.13.so
	libvtkvpic-pv5.13.so.1 (libc6,x86-64) => /lib/x86_64-linux-gnu/libvtkvpic-pv5.13.so.1
	libvtkvpic-pv5.13.so (libc6,x86-64) => /lib/x86_64-linux-gnu/libvtkvpic-pv5.13.so
	libvtkverdict-9.3.so.1 (libc6,x86-64) => /lib/x86_64-linux-gnu/libvtkverdict-9.3.so.1
	libvtkverdict-pv5.13.so.1 (libc6,x86-64) => /lib/x86_64-linux-gnu/libvtkverdict-pv5.13.so.1
	libvtkverdict-pv5.13.so (libc6,x86-64) => /lib/x86_64-linux-gnu/libvtkverdict-pv5.13.so
	libvtktoken-pv5.13.so.1 (libc6,x86-64) => /lib/x86_64-linux-gnu/libvtktoken-pv5.13.so.1
	libvtktoken-pv5.13.so (libc6,x86-64) => /lib/x86_64-linux-gnu/libvtktoken-pv5.13.so
	libvtksys-9.3.so.1 (libc6,x86-64) => /lib/x86_64-linux-gnu/libvtksys-9.3.so.1
	libvtksys-pv5.13.so.1 (libc6,x86-64) => /lib/x86_64-linux-gnu/libvtksys-pv5.13.so.1
	libvtksys-pv5.13.so (libc6,x86-64) => /lib/x86_64-linux-gnu/libvtksys-pv5.13.so
	libvtksqlite-pv5.13.so.1 (libc6,x86-64) => /lib/x86_64-linux-gnu/libvtksqlite-pv5.13.so.1
	libvtksqlite-pv5.13.so (libc6,x86-64) => /lib/x86_64-linux-gnu/libvtksqlite-pv5.13.so
	libvtkqttesting-pv5.13.so.1 (libc6,x86-64) => /lib/x86_64-linux-gnu/libvtkqttesting-pv5.13.so.1
	libvtkqttesting-pv5.13.so (libc6,x86-64) => /lib/x86_64-linux-gnu/libvtkqttesting-pv5.13.so
	libvtkpugixml-9.3.so.1 (libc6,x86-64) => /lib/x86_64-linux-gnu/libvtkpugixml-9.3.so.1
	libvtkpugixml-pv5.13.so.1 (libc6,x86-64) => /lib/x86_64-linux-gnu/libvtkpugixml-pv5.13.so.1
	libvtkpugixml-pv5.13.so (libc6,x86-64) => /lib/x86_64-linux-gnu/libvtkpugixml-pv5.13.so
	libvtkprotobuf-pv5.13.so.1 (libc6,x86-64) => /lib/x86_64-linux-gnu/libvtkprotobuf-pv5.13.so.1
	libvtkprotobuf-pv5.13.so (libc6,x86-64) => /lib/x86_64-linux-gnu/libvtkprotobuf-pv5.13.so
	libvtkogg-pv5.13.so.1 (libc6,x86-64) => /lib/x86_64-linux-gnu/libvtkogg-pv5.13.so.1
	libvtkogg-pv5.13.so (libc6,x86-64) => /lib/x86_64-linux-gnu/libvtkogg-pv5.13.so
	libvtkmetaio-9.3.so.1 (libc6,x86-64) => /lib/x86_64-linux-gnu/libvtkmetaio-9.3.so.1
	libvtkmetaio-pv5.13.so.1 (libc6,x86-64) => /lib/x86_64-linux-gnu/libvtkmetaio-pv5.13.so.1
	libvtkmetaio-pv5.13.so (libc6,x86-64) => /lib/x86_64-linux-gnu/libvtkmetaio-pv5.13.so
	libvtkmdiympi_nompi.so.2.2 (libc6,x86-64) => /lib/x86_64-linux-gnu/libvtkmdiympi_nompi.so.2.2
	libvtkmdiympi_nompi.so (libc6,x86-64) => /lib/x86_64-linux-gnu/libvtkmdiympi_nompi.so
	libvtkm_worklet-pv5.13.so.2.2 (libc6,x86-64) => /lib/x86_64-linux-gnu/libvtkm_worklet-pv5.13.so.2.2
	libvtkm_worklet-pv5.13.so (libc6,x86-64) => /lib/x86_64-linux-gnu/libvtkm_worklet-pv5.13.so
	libvtkm_source-pv5.13.so.2.2 (libc6,x86-64) => /lib/x86_64-linux-gnu/libvtkm_source-pv5.13.so.2.2
	libvtkm_source-pv5.13.so (libc6,x86-64) => /lib/x86_64-linux-gnu/libvtkm_source-pv5.13.so
	libvtkm_io-pv5.13.so.2.2 (libc6,x86-64) => /lib/x86_64-linux-gnu/libvtkm_io-pv5.13.so.2.2
	libvtkm_io-pv5.13.so (libc6,x86-64) => /lib/x86_64-linux-gnu/libvtkm_io-pv5.13.so
	libvtkm_filter_zfp-pv5.13.so.2.2 (libc6,x86-64) => /lib/x86_64-linux-gnu/libvtkm_filter_zfp-pv5.13.so.2.2
	libvtkm_filter_zfp-pv5.13.so (libc6,x86-64) => /lib/x86_64-linux-gnu/libvtkm_filter_zfp-pv5.13.so
	libvtkm_filter_vector_analysis-pv5.13.so.2.2 (libc6,x86-64) => /lib/x86_64-linux-gnu/libvtkm_filter_vector_analysis-pv5.13.so.2.2
	libvtkm_filter_vector_analysis-pv5.13.so (libc6,x86-64) => /lib/x86_64-linux-gnu/libvtkm_filter_vector_analysis-pv5.13.so
	libvtkm_filter_uncertainty-pv5.13.so.2.2 (libc6,x86-64) => /lib/x86_64-linux-gnu/libvtkm_filter_uncertainty-pv5.13.so.2.2
	libvtkm_filter_uncertainty-pv5.13.so (libc6,x86-64) => /lib/x86_64-linux-gnu/libvtkm_filter_uncertainty-pv5.13.so
	libvtkm_filter_scalar_topology-pv5.13.so.2.2 (libc6,x86-64) => /lib/x86_64-linux-gnu/libvtkm_filter_scalar_topology-pv5.13.so.2.2
	libvtkm_filter_scalar_topology-pv5.13.so (libc6,x86-64) => /lib/x86_64-linux-gnu/libvtkm_filter_scalar_topology-pv5.13.so
	libvtkm_filter_resampling-pv5.13.so.2.2 (libc6,x86-64) => /lib/x86_64-linux-gnu/libvtkm_filter_resampling-pv5.13.so.2.2
	libvtkm_filter_resampling-pv5.13.so (libc6,x86-64) => /lib/x86_64-linux-gnu/libvtkm_filter_resampling-pv5.13.so
	libvtkm_filter_multi_block-pv5.13.so.2.2 (libc6,x86-64) => /lib/x86_64-linux-gnu/libvtkm_filter_multi_block-pv5.13.so.2.2
	libvtkm_filter_multi_block-pv5.13.so (libc6,x86-64) => /lib/x86_64-linux-gnu/libvtkm_filter_multi_block-pv5.13.so
	libvtkm_filter_mesh_info-pv5.13.so.2.2 (libc6,x86-64) => /lib/x86_64-linux-gnu/libvtkm_filter_mesh_info-pv5.13.so.2.2
	libvtkm_filter_mesh_info-pv5.13.so (libc6,x86-64) => /lib/x86_64-linux-gnu/libvtkm_filter_mesh_info-pv5.13.so
	libvtkm_filter_image_processing-pv5.13.so.2.2 (libc6,x86-64) => /lib/x86_64-linux-gnu/libvtkm_filter_image_processing-pv5.13.so.2.2
	libvtkm_filter_image_processing-pv5.13.so (libc6,x86-64) => /lib/x86_64-linux-gnu/libvtkm_filter_image_processing-pv5.13.so
	libvtkm_filter_geometry_refinement-pv5.13.so.2.2 (libc6,x86-64) => /lib/x86_64-linux-gnu/libvtkm_filter_geometry_refinement-pv5.13.so.2.2
	libvtkm_filter_geometry_refinement-pv5.13.so (libc6,x86-64) => /lib/x86_64-linux-gnu/libvtkm_filter_geometry_refinement-pv5.13.so
	libvtkm_filter_flow-pv5.13.so.2.2 (libc6,x86-64) => /lib/x86_64-linux-gnu/libvtkm_filter_flow-pv5.13.so.2.2
	libvtkm_filter_flow-pv5.13.so (libc6,x86-64) => /lib/x86_64-linux-gnu/libvtkm_filter_flow-pv5.13.so
	libvtkm_filter_field_transform-pv5.13.so.2.2 (libc6,x86-64) => /lib/x86_64-linux-gnu/libvtkm_filter_field_transform-pv5.13.so.2.2
	libvtkm_filter_field_transform-pv5.13.so (libc6,x86-64) => /lib/x86_64-linux-gnu/libvtkm_filter_field_transform-pv5.13.so
	libvtkm_filter_field_conversion-pv5.13.so.2.2 (libc6,x86-64) => /lib/x86_64-linux-gnu/libvtkm_filter_field_conversion-pv5.13.so.2.2
	libvtkm_filter_field_conversion-pv5.13.so (libc6,x86-64) => /lib/x86_64-linux-gnu/libvtkm_filter_field_conversion-pv5.13.so
	libvtkm_filter_entity_extraction-pv5.13.so.2.2 (libc6,x86-64) => /lib/x86_64-linux-gnu/libvtkm_filter_entity_extraction-pv5.13.so.2.2
	libvtkm_filter_entity_extraction-pv5.13.so (libc6,x86-64) => /lib/x86_64-linux-gnu/libvtkm_filter_entity_extraction-pv5.13.so
	libvtkm_filter_density_estimate-pv5.13.so.2.2 (libc6,x86-64) => /lib/x86_64-linux-gnu/libvtkm_filter_density_estimate-pv5.13.so.2.2
	libvtkm_filter_density_estimate-pv5.13.so (libc6,x86-64) => /lib/x86_64-linux-gnu/libvtkm_filter_density_estimate-pv5.13.so
	libvtkm_filter_core-pv5.13.so.2.2 (libc6,x86-64) => /lib/x86_64-linux-gnu/libvtkm_filter_core-pv5.13.so.2.2
	libvtkm_filter_core-pv5.13.so (libc6,x86-64) => /lib/x86_64-linux-gnu/libvtkm_filter_core-pv5.13.so
	libvtkm_filter_contour-pv5.13.so.2.2 (libc6,x86-64) => /lib/x86_64-linux-gnu/libvtkm_filter_contour-pv5.13.so.2.2
	libvtkm_filter_contour-pv5.13.so (libc6,x86-64) => /lib/x86_64-linux-gnu/libvtkm_filter_contour-pv5.13.so
	libvtkm_filter_connected_components-pv5.13.so.2.2 (libc6,x86-64) => /lib/x86_64-linux-gnu/libvtkm_filter_connected_components-pv5.13.so.2.2
	libvtkm_filter_connected_components-pv5.13.so (libc6,x86-64) => /lib/x86_64-linux-gnu/libvtkm_filter_connected_components-pv5.13.so
	libvtkm_filter_clean_grid-pv5.13.so.2.2 (libc6,x86-64) => /lib/x86_64-linux-gnu/libvtkm_filter_clean_grid-pv5.13.so.2.2
	libvtkm_filter_clean_grid-pv5.13.so (libc6,x86-64) => /lib/x86_64-linux-gnu/libvtkm_filter_clean_grid-pv5.13.so
	libvtkm_cont_testing-pv5.13.so.2.2 (libc6,x86-64) => /lib/x86_64-linux-gnu/libvtkm_cont_testing-pv5.13.so.2.2
	libvtkm_cont_testing-pv5.13.so (libc6,x86-64) => /lib/x86_64-linux-gnu/libvtkm_cont_testing-pv5.13.so
	libvtkm_cont-pv5.13.so.2.2 (libc6,x86-64) => /lib/x86_64-linux-gnu/libvtkm_cont-pv5.13.so.2.2
	libvtkm_cont-pv5.13.so (libc6,x86-64) => /lib/x86_64-linux-gnu/libvtkm_cont-pv5.13.so
	libvtkloguru-9.3.so.1 (libc6,x86-64) => /lib/x86_64-linux-gnu/libvtkloguru-9.3.so.1
	libvtkloguru-pv5.13.so.1 (libc6,x86-64) => /lib/x86_64-linux-gnu/libvtkloguru-pv5.13.so.1
	libvtkloguru-pv5.13.so (libc6,x86-64) => /lib/x86_64-linux-gnu/libvtkloguru-pv5.13.so
	libvtklibprotoc-pv5.13.so.1 (libc6,x86-64) => /lib/x86_64-linux-gnu/libvtklibprotoc-pv5.13.so.1
	libvtklibprotoc-pv5.13.so (libc6,x86-64) => /lib/x86_64-linux-gnu/libvtklibprotoc-pv5.13.so
	libvtklibproj-pv5.13.so.1 (libc6,x86-64) => /lib/x86_64-linux-gnu/libvtklibproj-pv5.13.so.1
	libvtklibproj-pv5.13.so (libc6,x86-64) => /lib/x86_64-linux-gnu/libvtklibproj-pv5.13.so
	libvtklibharu-9.3.so.1 (libc6,x86-64) => /lib/x86_64-linux-gnu/libvtklibharu-9.3.so.1
	libvtkkissfft-9.3.so.1 (libc6,x86-64) => /lib/x86_64-linux-gnu/libvtkkissfft-9.3.so.1
	libvtkkissfft-pv5.13.so.1 (libc6,x86-64) => /lib/x86_64-linux-gnu/libvtkkissfft-pv5.13.so.1
	libvtkkissfft-pv5.13.so (libc6,x86-64) => /lib/x86_64-linux-gnu/libvtkkissfft-pv5.13.so
	libvtkjsoncpp-pv5.13.so.1 (libc6,x86-64) => /lib/x86_64-linux-gnu/libvtkjsoncpp-pv5.13.so.1
	libvtkjsoncpp-pv5.13.so (libc6,x86-64) => /lib/x86_64-linux-gnu/libvtkjsoncpp-pv5.13.so
	libvtkioss-9.3.so.1 (libc6,x86-64) => /lib/x86_64-linux-gnu/libvtkioss-9.3.so.1
	libvtkioss-pv5.13.so.1 (libc6,x86-64) => /lib/x86_64-linux-gnu/libvtkioss-pv5.13.so.1
	libvtkioss-pv5.13.so (libc6,x86-64) => /lib/x86_64-linux-gnu/libvtkioss-pv5.13.so
	libvtkh5part-pv5.13.so.1 (libc6,x86-64) => /lib/x86_64-linux-gnu/libvtkh5part-pv5.13.so.1
	libvtkh5part-pv5.13.so (libc6,x86-64) => /lib/x86_64-linux-gnu/libvtkh5part-pv5.13.so
	libvtkfmt-9.3.so.1 (libc6,x86-64) => /lib/x86_64-linux-gnu/libvtkfmt-9.3.so.1
	libvtkfmt-pv5.13.so.1 (libc6,x86-64) => /lib/x86_64-linux-gnu/libvtkfmt-pv5.13.so.1
	libvtkfmt-pv5.13.so (libc6,x86-64) => /lib/x86_64-linux-gnu/libvtkfmt-pv5.13.so
	libvtkexodusII-9.3.so.1 (libc6,x86-64) => /lib/x86_64-linux-gnu/libvtkexodusII-9.3.so.1
	libvtkexodusII-pv5.13.so.1 (libc6,x86-64) => /lib/x86_64-linux-gnu/libvtkexodusII-pv5.13.so.1
	libvtkexodusII-pv5.13.so (libc6,x86-64) => /lib/x86_64-linux-gnu/libvtkexodusII-pv5.13.so
	libvtkcgns-9.3.so.1 (libc6,x86-64) => /lib/x86_64-linux-gnu/libvtkcgns-9.3.so.1
	libvtkcgns-pv5.13.so.1 (libc6,x86-64) => /lib/x86_64-linux-gnu/libvtkcgns-pv5.13.so.1
	libvtkcgns-pv5.13.so (libc6,x86-64) => /lib/x86_64-linux-gnu/libvtkcgns-pv5.13.so
	libvtkWrappingTools-9.3.so.1 (libc6,x86-64) => /lib/x86_64-linux-gnu/libvtkWrappingTools-9.3.so.1
	libvtkWrappingTools-pv5.13.so.1 (libc6,x86-64) => /lib/x86_64-linux-gnu/libvtkWrappingTools-pv5.13.so.1
	libvtkWrappingTools-pv5.13.so (libc6,x86-64) => /lib/x86_64-linux-gnu/libvtkWrappingTools-pv5.13.so
	libvtkWrappingPythonCore3.13-9.3.so.1 (libc6,x86-64) => /lib/x86_64-linux-gnu/libvtkWrappingPythonCore3.13-9.3.so.1
	libvtkWrappingPythonCore3.13-pv5.13.so.1 (libc6,x86-64) => /lib/x86_64-linux-gnu/libvtkWrappingPythonCore3.13-pv5.13.so.1
	libvtkWrappingPythonCore3.13-pv5.13.so (libc6,x86-64) => /lib/x86_64-linux-gnu/libvtkWrappingPythonCore3.13-pv5.13.so
	libvtkWebGLExporter-pv5.13.so.1 (libc6,x86-64) => /lib/x86_64-linux-gnu/libvtkWebGLExporter-pv5.13.so.1
	libvtkWebGLExporter-pv5.13.so (libc6,x86-64) => /lib/x86_64-linux-gnu/libvtkWebGLExporter-pv5.13.so
	libvtkWebCore-pv5.13.so.1 (libc6,x86-64) => /lib/x86_64-linux-gnu/libvtkWebCore-pv5.13.so.1
	libvtkWebCore-pv5.13.so (libc6,x86-64) => /lib/x86_64-linux-gnu/libvtkWebCore-pv5.13.so
	libvtkViewsInfovis-9.3.so.1 (libc6,x86-64) => /lib/x86_64-linux-gnu/libvtkViewsInfovis-9.3.so.1
	libvtkViewsCore-9.3.so.1 (libc6,x86-64) => /lib/x86_64-linux-gnu/libvtkViewsCore-9.3.so.1
	libvtkViewsCore-pv5.13.so.1 (libc6,x86-64) => /lib/x86_64-linux-gnu/libvtkViewsCore-pv5.13.so.1
	libvtkViewsCore-pv5.13.so (libc6,x86-64) => /lib/x86_64-linux-gnu/libvtkViewsCore-pv5.13.so
	libvtkViewsContext2D-9.3.so.1 (libc6,x86-64) => /lib/x86_64-linux-gnu/libvtkViewsContext2D-9.3.so.1
	libvtkViewsContext2D-pv5.13.so.1 (libc6,x86-64) => /lib/x86_64-linux-gnu/libvtkViewsContext2D-pv5.13.so.1
	libvtkViewsContext2D-pv5.13.so (libc6,x86-64) => /lib/x86_64-linux-gnu/libvtkViewsContext2D-pv5.13.so
	libvtkUtilitiesPythonInterpreterPath-pv5.13.so.1 (libc6,x86-64) => /lib/x86_64-linux-gnu/libvtkUtilitiesPythonInterpreterPath-pv5.13.so.1
	libvtkUtilitiesPythonInterpreterPath-pv5.13.so (libc6,x86-64) => /lib/x86_64-linux-gnu/libvtkUtilitiesPythonInterpreterPath-pv5.13.so
	libvtkUtilitiesPythonInitializer-pv5.13.so.1 (libc6,x86-64) => /lib/x86_64-linux-gnu/libvtkUtilitiesPythonInitializer-pv5.13.so.1
	libvtkUtilitiesPythonInitializer-pv5.13.so (libc6,x86-64) => /lib/x86_64-linux-gnu/libvtkUtilitiesPythonInitializer-pv5.13.so
	libvtkTestingRendering-9.3.so.1 (libc6,x86-64) => /lib/x86_64-linux-gnu/libvtkTestingRendering-9.3.so.1
	libvtkTestingRendering-pv5.13.so.1 (libc6,x86-64) => /lib/x86_64-linux-gnu/libvtkTestingRendering-pv5.13.so.1
	libvtkTestingRendering-pv5.13.so (libc6,x86-64) => /lib/x86_64-linux-gnu/libvtkTestingRendering-pv5.13.so
	libvtkTestingCore-pv5.13.so.1 (libc6,x86-64) => /lib/x86_64-linux-gnu/libvtkTestingCore-pv5.13.so.1
	libvtkTestingCore-pv5.13.so (libc6,x86-64) => /lib/x86_64-linux-gnu/libvtkTestingCore-pv5.13.so
	libvtkRenderingVtkJS-9.3.so.1 (libc6,x86-64) => /lib/x86_64-linux-gnu/libvtkRenderingVtkJS-9.3.so.1
	libvtkRenderingVtkJS-pv5.13.so.1 (libc6,x86-64) => /lib/x86_64-linux-gnu/libvtkRenderingVtkJS-pv5.13.so.1
	libvtkRenderingVtkJS-pv5.13.so (libc6,x86-64) => /lib/x86_64-linux-gnu/libvtkRenderingVtkJS-pv5.13.so
	libvtkRenderingVolumeOpenGL2-9.3.so.1 (libc6,x86-64) => /lib/x86_64-linux-gnu/libvtkRenderingVolumeOpenGL2-9.3.so.1
	libvtkRenderingVolumeOpenGL2-pv5.13.so.1 (libc6,x86-64) => /lib/x86_64-linux-gnu/libvtkRenderingVolumeOpenGL2-pv5.13.so.1
	libvtkRenderingVolumeOpenGL2-pv5.13.so (libc6,x86-64) => /lib/x86_64-linux-gnu/libvtkRenderingVolumeOpenGL2-pv5.13.so
	libvtkRenderingVolumeAMR-pv5.13.so.1 (libc6,x86-64) => /lib/x86_64-linux-gnu/libvtkRenderingVolumeAMR-pv5.13.so.1
	libvtkRenderingVolumeAMR-pv5.13.so (libc6,x86-64) => /lib/x86_64-linux-gnu/libvtkRenderingVolumeAMR-pv5.13.so
	libvtkRenderingVolume-9.3.so.1 (libc6,x86-64) => /lib/x86_64-linux-gnu/libvtkRenderingVolume-9.3.so.1
	libvtkRenderingVolume-pv5.13.so.1 (libc6,x86-64) => /lib/x86_64-linux-gnu/libvtkRenderingVolume-pv5.13.so.1
	libvtkRenderingVolume-pv5.13.so (libc6,x86-64) => /lib/x86_64-linux-gnu/libvtkRenderingVolume-pv5.13.so
	libvtkRenderingUI-9.3.so.1 (libc6,x86-64) => /lib/x86_64-linux-gnu/libvtkRenderingUI-9.3.so.1
	libvtkRenderingUI-pv5.13.so.1 (libc6,x86-64) => /lib/x86_64-linux-gnu/libvtkRenderingUI-pv5.13.so.1
	libvtkRenderingUI-pv5.13.so (libc6,x86-64) => /lib/x86_64-linux-gnu/libvtkRenderingUI-pv5.13.so
	libvtkRenderingTk-9.3.so.1 (libc6,x86-64) => /lib/x86_64-linux-gnu/libvtkRenderingTk-9.3.so.1
	libvtkRenderingSceneGraph-9.3.so.1 (libc6,x86-64) => /lib/x86_64-linux-gnu/libvtkRenderingSceneGraph-9.3.so.1
	libvtkRenderingSceneGraph-pv5.13.so.1 (libc6,x86-64) => /lib/x86_64-linux-gnu/libvtkRenderingSceneGraph-pv5.13.so.1
	libvtkRenderingSceneGraph-pv5.13.so (libc6,x86-64) => /lib/x86_64-linux-gnu/libvtkRenderingSceneGraph-pv5.13.so
	libvtkRenderingParallelLIC-pv5.13.so.1 (libc6,x86-64) => /lib/x86_64-linux-gnu/libvtkRenderingParallelLIC-pv5.13.so.1
	libvtkRenderingParallelLIC-pv5.13.so (libc6,x86-64) => /lib/x86_64-linux-gnu/libvtkRenderingParallelLIC-pv5.13.so
	libvtkRenderingParallel-pv5.13.so.1 (libc6,x86-64) => /lib/x86_64-linux-gnu/libvtkRenderingParallel-pv5.13.so.1
	libvtkRenderingParallel-pv5.13.so (libc6,x86-64) => /lib/x86_64-linux-gnu/libvtkRenderingParallel-pv5.13.so
	libvtkRenderingOpenGL2-9.3.so.1 (libc6,x86-64) => /lib/x86_64-linux-gnu/libvtkRenderingOpenGL2-9.3.so.1
	libvtkRenderingOpenGL2-pv5.13.so.1 (libc6,x86-64) => /lib/x86_64-linux-gnu/libvtkRenderingOpenGL2-pv5.13.so.1
	libvtkRenderingOpenGL2-pv5.13.so (libc6,x86-64) => /lib/x86_64-linux-gnu/libvtkRenderingOpenGL2-pv5.13.so
	libvtkRenderingMatplotlib-pv5.13.so.1 (libc6,x86-64) => /lib/x86_64-linux-gnu/libvtkRenderingMatplotlib-pv5.13.so.1
	libvtkRenderingMatplotlib-pv5.13.so (libc6,x86-64) => /lib/x86_64-linux-gnu/libvtkRenderingMatplotlib-pv5.13.so
	libvtkRenderingLabel-9.3.so.1 (libc6,x86-64) => /lib/x86_64-linux-gnu/libvtkRenderingLabel-9.3.so.1
	libvtkRenderingLabel-pv5.13.so.1 (libc6,x86-64) => /lib/x86_64-linux-gnu/libvtkRenderingLabel-pv5.13.so.1
	libvtkRenderingLabel-pv5.13.so (libc6,x86-64) => /lib/x86_64-linux-gnu/libvtkRenderingLabel-pv5.13.so
	libvtkRenderingLOD-9.3.so.1 (libc6,x86-64) => /lib/x86_64-linux-gnu/libvtkRenderingLOD-9.3.so.1
	libvtkRenderingLICOpenGL2-9.3.so.1 (libc6,x86-64) => /lib/x86_64-linux-gnu/libvtkRenderingLICOpenGL2-9.3.so.1
	libvtkRenderingLICOpenGL2-pv5.13.so.1 (libc6,x86-64) => /lib/x86_64-linux-gnu/libvtkRenderingLICOpenGL2-pv5.13.so.1
	libvtkRenderingLICOpenGL2-pv5.13.so (libc6,x86-64) => /lib/x86_64-linux-gnu/libvtkRenderingLICOpenGL2-pv5.13.so
	libvtkRenderingImage-9.3.so.1 (libc6,x86-64) => /lib/x86_64-linux-gnu/libvtkRenderingImage-9.3.so.1
	libvtkRenderingHyperTreeGrid-9.3.so.1 (libc6,x86-64) => /lib/x86_64-linux-gnu/libvtkRenderingHyperTreeGrid-9.3.so.1
	libvtkRenderingHyperTreeGrid-pv5.13.so.1 (libc6,x86-64) => /lib/x86_64-linux-gnu/libvtkRenderingHyperTreeGrid-pv5.13.so.1
	libvtkRenderingHyperTreeGrid-pv5.13.so (libc6,x86-64) => /lib/x86_64-linux-gnu/libvtkRenderingHyperTreeGrid-pv5.13.so
	libvtkRenderingGL2PSOpenGL2-9.3.so.1 (libc6,x86-64) => /lib/x86_64-linux-gnu/libvtkRenderingGL2PSOpenGL2-9.3.so.1
	libvtkRenderingGL2PSOpenGL2-pv5.13.so.1 (libc6,x86-64) => /lib/x86_64-linux-gnu/libvtkRenderingGL2PSOpenGL2-pv5.13.so.1
	libvtkRenderingGL2PSOpenGL2-pv5.13.so (libc6,x86-64) => /lib/x86_64-linux-gnu/libvtkRenderingGL2PSOpenGL2-pv5.13.so
	libvtkRenderingFreeType-9.3.so.1 (libc6,x86-64) => /lib/x86_64-linux-gnu/libvtkRenderingFreeType-9.3.so.1
	libvtkRenderingFreeType-pv5.13.so.1 (libc6,x86-64) => /lib/x86_64-linux-gnu/libvtkRenderingFreeType-pv5.13.so.1
	libvtkRenderingFreeType-pv5.13.so (libc6,x86-64) => /lib/x86_64-linux-gnu/libvtkRenderingFreeType-pv5.13.so
	libvtkRenderingCore-9.3.so.1 (libc6,x86-64) => /lib/x86_64-linux-gnu/libvtkRenderingCore-9.3.so.1
	libvtkRenderingCore-pv5.13.so.1 (libc6,x86-64) => /lib/x86_64-linux-gnu/libvtkRenderingCore-pv5.13.so.1
	libvtkRenderingCore-pv5.13.so (libc6,x86-64) => /lib/x86_64-linux-gnu/libvtkRenderingCore-pv5.13.so
	libvtkRenderingContext2D-9.3.so.1 (libc6,x86-64) => /lib/x86_64-linux-gnu/libvtkRenderingContext2D-9.3.so.1
	libvtkRenderingContext2D-pv5.13.so.1 (libc6,x86-64) => /lib/x86_64-linux-gnu/libvtkRenderingContext2D-pv5.13.so.1
	libvtkRenderingContext2D-pv5.13.so (libc6,x86-64) => /lib/x86_64-linux-gnu/libvtkRenderingContext2D-pv5.13.so
	libvtkRenderingContextOpenGL2-9.3.so.1 (libc6,x86-64) => /lib/x86_64-linux-gnu/libvtkRenderingContextOpenGL2-9.3.so.1
	libvtkRenderingContextOpenGL2-pv5.13.so.1 (libc6,x86-64) => /lib/x86_64-linux-gnu/libvtkRenderingContextOpenGL2-pv5.13.so.1
	libvtkRenderingContextOpenGL2-pv5.13.so (libc6,x86-64) => /lib/x86_64-linux-gnu/libvtkRenderingContextOpenGL2-pv5.13.so
	libvtkRenderingCellGrid-9.3.so.1 (libc6,x86-64) => /lib/x86_64-linux-gnu/libvtkRenderingCellGrid-9.3.so.1
	libvtkRenderingCellGrid-pv5.13.so.1 (libc6,x86-64) => /lib/x86_64-linux-gnu/libvtkRenderingCellGrid-pv5.13.so.1
	libvtkRenderingCellGrid-pv5.13.so (libc6,x86-64) => /lib/x86_64-linux-gnu/libvtkRenderingCellGrid-pv5.13.so
	libvtkRenderingAnnotation-9.3.so.1 (libc6,x86-64) => /lib/x86_64-linux-gnu/libvtkRenderingAnnotation-9.3.so.1
	libvtkRenderingAnnotation-pv5.13.so.1 (libc6,x86-64) => /lib/x86_64-linux-gnu/libvtkRenderingAnnotation-pv5.13.so.1
	libvtkRenderingAnnotation-pv5.13.so (libc6,x86-64) => /lib/x86_64-linux-gnu/libvtkRenderingAnnotation-pv5.13.so
	libvtkRemotingViewsPython-pv5.13.so.1 (libc6,x86-64) => /lib/x86_64-linux-gnu/libvtkRemotingViewsPython-pv5.13.so.1
	libvtkRemotingViewsPython-pv5.13.so (libc6,x86-64) => /lib/x86_64-linux-gnu/libvtkRemotingViewsPython-pv5.13.so
	libvtkRemotingViews-pv5.13.so.1 (libc6,x86-64) => /lib/x86_64-linux-gnu/libvtkRemotingViews-pv5.13.so.1
	libvtkRemotingViews-pv5.13.so (libc6,x86-64) => /lib/x86_64-linux-gnu/libvtkRemotingViews-pv5.13.so
	libvtkRemotingSettings-pv5.13.so.1 (libc6,x86-64) => /lib/x86_64-linux-gnu/libvtkRemotingSettings-pv5.13.so.1
	libvtkRemotingSettings-pv5.13.so (libc6,x86-64) => /lib/x86_64-linux-gnu/libvtkRemotingSettings-pv5.13.so
	libvtkRemotingServerManagerPython-pv5.13.so.1 (libc6,x86-64) => /lib/x86_64-linux-gnu/libvtkRemotingServerManagerPython-pv5.13.so.1
	libvtkRemotingServerManagerPython-pv5.13.so (libc6,x86-64) => /lib/x86_64-linux-gnu/libvtkRemotingServerManagerPython-pv5.13.so
	libvtkRemotingServerManager-pv5.13.so.1 (libc6,x86-64) => /lib/x86_64-linux-gnu/libvtkRemotingServerManager-pv5.13.so.1
	libvtkRemotingServerManager-pv5.13.so (libc6,x86-64) => /lib/x86_64-linux-gnu/libvtkRemotingServerManager-pv5.13.so
	libvtkRemotingMisc-pv5.13.so.1 (libc6,x86-64) => /lib/x86_64-linux-gnu/libvtkRemotingMisc-pv5.13.so.1
	libvtkRemotingMisc-pv5.13.so (libc6,x86-64) => /lib/x86_64-linux-gnu/libvtkRemotingMisc-pv5.13.so
	libvtkRemotingLive-pv5.13.so.1 (libc6,x86-64) => /lib/x86_64-linux-gnu/libvtkRemotingLive-pv5.13.so.1
	libvtkRemotingLive-pv5.13.so (libc6,x86-64) => /lib/x86_64-linux-gnu/libvtkRemotingLive-pv5.13.so
	libvtkRemotingImport-pv5.13.so.1 (libc6,x86-64) => /lib/x86_64-linux-gnu/libvtkRemotingImport-pv5.13.so.1
	libvtkRemotingImport-pv5.13.so (libc6,x86-64) => /lib/x86_64-linux-gnu/libvtkRemotingImport-pv5.13.so
	libvtkRemotingExport-pv5.13.so.1 (libc6,x86-64) => /lib/x86_64-linux-gnu/libvtkRemotingExport-pv5.13.so.1
	libvtkRemotingExport-pv5.13.so (libc6,x86-64) => /lib/x86_64-linux-gnu/libvtkRemotingExport-pv5.13.so
	libvtkRemotingCore-pv5.13.so.1 (libc6,x86-64) => /lib/x86_64-linux-gnu/libvtkRemotingCore-pv5.13.so.1
	libvtkRemotingCore-pv5.13.so (libc6,x86-64) => /lib/x86_64-linux-gnu/libvtkRemotingCore-pv5.13.so
	libvtkRemotingClientServerStream-pv5.13.so.1 (libc6,x86-64) => /lib/x86_64-linux-gnu/libvtkRemotingClientServerStream-pv5.13.so.1
	libvtkRemotingClientServerStream-pv5.13.so (libc6,x86-64) => /lib/x86_64-linux-gnu/libvtkRemotingClientServerStream-pv5.13.so
	libvtkRemotingApplication-pv5.13.so.1 (libc6,x86-64) => /lib/x86_64-linux-gnu/libvtkRemotingApplication-pv5.13.so.1
	libvtkRemotingApplication-pv5.13.so (libc6,x86-64) => /lib/x86_64-linux-gnu/libvtkRemotingApplication-pv5.13.so
	libvtkRemotingAnimation-pv5.13.so.1 (libc6,x86-64) => /lib/x86_64-linux-gnu/libvtkRemotingAnimation-pv5.13.so.1
	libvtkRemotingAnimation-pv5.13.so (libc6,x86-64) => /lib/x86_64-linux-gnu/libvtkRemotingAnimation-pv5.13.so
	libvtkPythonInterpreter-9.3.so.1 (libc6,x86-64) => /lib/x86_64-linux-gnu/libvtkPythonInterpreter-9.3.so.1
	libvtkPythonInterpreter-pv5.13.so.1 (libc6,x86-64) => /lib/x86_64-linux-gnu/libvtkPythonInterpreter-pv5.13.so.1
	libvtkPythonInterpreter-pv5.13.so (libc6,x86-64) => /lib/x86_64-linux-gnu/libvtkPythonInterpreter-pv5.13.so
	libvtkPythonContext2D-9.3.so.1 (libc6,x86-64) => /lib/x86_64-linux-gnu/libvtkPythonContext2D-9.3.so.1
	libvtkParallelMPI4Py-9.3.so.1 (libc6,x86-64) => /lib/x86_64-linux-gnu/libvtkParallelMPI4Py-9.3.so.1
	libvtkParallelMPI4Py-pv5.13.so.1 (libc6,x86-64) => /lib/x86_64-linux-gnu/libvtkParallelMPI4Py-pv5.13.so.1
	libvtkParallelMPI4Py-pv5.13.so (libc6,x86-64) => /lib/x86_64-linux-gnu/libvtkParallelMPI4Py-pv5.13.so
	libvtkParallelMPI-9.3.so.1 (libc6,x86-64) => /lib/x86_64-linux-gnu/libvtkParallelMPI-9.3.so.1
	libvtkParallelMPI-pv5.13.so.1 (libc6,x86-64) => /lib/x86_64-linux-gnu/libvtkParallelMPI-pv5.13.so.1
	libvtkParallelMPI-pv5.13.so (libc6,x86-64) => /lib/x86_64-linux-gnu/libvtkParallelMPI-pv5.13.so
	libvtkParallelDIY-9.3.so.1 (libc6,x86-64) => /lib/x86_64-linux-gnu/libvtkParallelDIY-9.3.so.1
	libvtkParallelDIY-pv5.13.so.1 (libc6,x86-64) => /lib/x86_64-linux-gnu/libvtkParallelDIY-pv5.13.so.1
	libvtkParallelDIY-pv5.13.so (libc6,x86-64) => /lib/x86_64-linux-gnu/libvtkParallelDIY-pv5.13.so
	libvtkParallelCore-9.3.so.1 (libc6,x86-64) => /lib/x86_64-linux-gnu/libvtkParallelCore-9.3.so.1
	libvtkParallelCore-pv5.13.so.1 (libc6,x86-64) => /lib/x86_64-linux-gnu/libvtkParallelCore-pv5.13.so.1
	libvtkParallelCore-pv5.13.so (libc6,x86-64) => /lib/x86_64-linux-gnu/libvtkParallelCore-pv5.13.so
	libvtkPVVTKExtensionsPoints-pv5.13.so.1 (libc6,x86-64) => /lib/x86_64-linux-gnu/libvtkPVVTKExtensionsPoints-pv5.13.so.1
	libvtkPVVTKExtensionsPoints-pv5.13.so (libc6,x86-64) => /lib/x86_64-linux-gnu/libvtkPVVTKExtensionsPoints-pv5.13.so
	libvtkPVVTKExtensionsMisc-pv5.13.so.1 (libc6,x86-64) => /lib/x86_64-linux-gnu/libvtkPVVTKExtensionsMisc-pv5.13.so.1
	libvtkPVVTKExtensionsMisc-pv5.13.so (libc6,x86-64) => /lib/x86_64-linux-gnu/libvtkPVVTKExtensionsMisc-pv5.13.so
	libvtkPVVTKExtensionsInteractionStyle-pv5.13.so.1 (libc6,x86-64) => /lib/x86_64-linux-gnu/libvtkPVVTKExtensionsInteractionStyle-pv5.13.so.1
	libvtkPVVTKExtensionsInteractionStyle-pv5.13.so (libc6,x86-64) => /lib/x86_64-linux-gnu/libvtkPVVTKExtensionsInteractionStyle-pv5.13.so
	libvtkPVVTKExtensionsIOSPCTH-pv5.13.so.1 (libc6,x86-64) => /lib/x86_64-linux-gnu/libvtkPVVTKExtensionsIOSPCTH-pv5.13.so.1
	libvtkPVVTKExtensionsIOSPCTH-pv5.13.so (libc6,x86-64) => /lib/x86_64-linux-gnu/libvtkPVVTKExtensionsIOSPCTH-pv5.13.so
	libvtkPVVTKExtensionsIOParallelCGNSWriter-pv5.13.so.1 (libc6,x86-64) => /lib/x86_64-linux-gnu/libvtkPVVTKExtensionsIOParallelCGNSWriter-pv5.13.so.1
	libvtkPVVTKExtensionsIOParallelCGNSWriter-pv5.13.so (libc6,x86-64) => /lib/x86_64-linux-gnu/libvtkPVVTKExtensionsIOParallelCGNSWriter-pv5.13.so
	libvtkPVVTKExtensionsIOImport-pv5.13.so.1 (libc6,x86-64) => /lib/x86_64-linux-gnu/libvtkPVVTKExtensionsIOImport-pv5.13.so.1
	libvtkPVVTKExtensionsIOImport-pv5.13.so (libc6,x86-64) => /lib/x86_64-linux-gnu/libvtkPVVTKExtensionsIOImport-pv5.13.so
	libvtkPVVTKExtensionsIOImage-pv5.13.so.1 (libc6,x86-64) => /lib/x86_64-linux-gnu/libvtkPVVTKExtensionsIOImage-pv5.13.so.1
	libvtkPVVTKExtensionsIOImage-pv5.13.so (libc6,x86-64) => /lib/x86_64-linux-gnu/libvtkPVVTKExtensionsIOImage-pv5.13.so
	libvtkPVVTKExtensionsIOGeneral-pv5.13.so.1 (libc6,x86-64) => /lib/x86_64-linux-gnu/libvtkPVVTKExtensionsIOGeneral-pv5.13.so.1
	libvtkPVVTKExtensionsIOGeneral-pv5.13.so (libc6,x86-64) => /lib/x86_64-linux-gnu/libvtkPVVTKExtensionsIOGeneral-pv5.13.so
	libvtkPVVTKExtensionsIOExodus-pv5.13.so.1 (libc6,x86-64) => /lib/x86_64-linux-gnu/libvtkPVVTKExtensionsIOExodus-pv5.13.so.1
	libvtkPVVTKExtensionsIOExodus-pv5.13.so (libc6,x86-64) => /lib/x86_64-linux-gnu/libvtkPVVTKExtensionsIOExodus-pv5.13.so
	libvtkPVVTKExtensionsIOEnSight-pv5.13.so.1 (libc6,x86-64) => /lib/x86_64-linux-gnu/libvtkPVVTKExtensionsIOEnSight-pv5.13.so.1
	libvtkPVVTKExtensionsIOEnSight-pv5.13.so (libc6,x86-64) => /lib/x86_64-linux-gnu/libvtkPVVTKExtensionsIOEnSight-pv5.13.so
	libvtkPVVTKExtensionsIOCore-pv5.13.so.1 (libc6,x86-64) => /lib/x86_64-linux-gnu/libvtkPVVTKExtensionsIOCore-pv5.13.so.1
	libvtkPVVTKExtensionsIOCore-pv5.13.so (libc6,x86-64) => /lib/x86_64-linux-gnu/libvtkPVVTKExtensionsIOCore-pv5.13.so
	libvtkPVVTKExtensionsIOCGNSWriter-pv5.13.so.1 (libc6,x86-64) => /lib/x86_64-linux-gnu/libvtkPVVTKExtensionsIOCGNSWriter-pv5.13.so.1
	libvtkPVVTKExtensionsIOCGNSWriter-pv5.13.so (libc6,x86-64) => /lib/x86_64-linux-gnu/libvtkPVVTKExtensionsIOCGNSWriter-pv5.13.so
	libvtkPVVTKExtensionsIOAMR-pv5.13.so.1 (libc6,x86-64) => /lib/x86_64-linux-gnu/libvtkPVVTKExtensionsIOAMR-pv5.13.so.1
	libvtkPVVTKExtensionsIOAMR-pv5.13.so (libc6,x86-64) => /lib/x86_64-linux-gnu/libvtkPVVTKExtensionsIOAMR-pv5.13.so
	libvtkPVVTKExtensionsFiltersStatistics-pv5.13.so.1 (libc6,x86-64) => /lib/x86_64-linux-gnu/libvtkPVVTKExtensionsFiltersStatistics-pv5.13.so.1
	libvtkPVVTKExtensionsFiltersStatistics-pv5.13.so (libc6,x86-64) => /lib/x86_64-linux-gnu/libvtkPVVTKExtensionsFiltersStatistics-pv5.13.so
	libvtkPVVTKExtensionsFiltersRendering-pv5.13.so.1 (libc6,x86-64) => /lib/x86_64-linux-gnu/libvtkPVVTKExtensionsFiltersRendering-pv5.13.so.1
	libvtkPVVTKExtensionsFiltersRendering-pv5.13.so (libc6,x86-64) => /lib/x86_64-linux-gnu/libvtkPVVTKExtensionsFiltersRendering-pv5.13.so
	libvtkPVVTKExtensionsFiltersPython-pv5.13.so.1 (libc6,x86-64) => /lib/x86_64-linux-gnu/libvtkPVVTKExtensionsFiltersPython-pv5.13.so.1
	libvtkPVVTKExtensionsFiltersPython-pv5.13.so (libc6,x86-64) => /lib/x86_64-linux-gnu/libvtkPVVTKExtensionsFiltersPython-pv5.13.so
	libvtkPVVTKExtensionsFiltersParallelDIY2-pv5.13.so.1 (libc6,x86-64) => /lib/x86_64-linux-gnu/libvtkPVVTKExtensionsFiltersParallelDIY2-pv5.13.so.1
	libvtkPVVTKExtensionsFiltersParallelDIY2-pv5.13.so (libc6,x86-64) => /lib/x86_64-linux-gnu/libvtkPVVTKExtensionsFiltersParallelDIY2-pv5.13.so
	libvtkPVVTKExtensionsFiltersParallel-pv5.13.so.1 (libc6,x86-64) => /lib/x86_64-linux-gnu/libvtkPVVTKExtensionsFiltersParallel-pv5.13.so.1
	libvtkPVVTKExtensionsFiltersParallel-pv5.13.so (libc6,x86-64) => /lib/x86_64-linux-gnu/libvtkPVVTKExtensionsFiltersParallel-pv5.13.so
	libvtkPVVTKExtensionsFiltersMaterialInterface-pv5.13.so.1 (libc6,x86-64) => /lib/x86_64-linux-gnu/libvtkPVVTKExtensionsFiltersMaterialInterface-pv5.13.so.1
	libvtkPVVTKExtensionsFiltersMaterialInterface-pv5.13.so (libc6,x86-64) => /lib/x86_64-linux-gnu/libvtkPVVTKExtensionsFiltersMaterialInterface-pv5.13.so
	libvtkPVVTKExtensionsFiltersGeneralMPI-pv5.13.so.1 (libc6,x86-64) => /lib/x86_64-linux-gnu/libvtkPVVTKExtensionsFiltersGeneralMPI-pv5.13.so.1
	libvtkPVVTKExtensionsFiltersGeneralMPI-pv5.13.so (libc6,x86-64) => /lib/x86_64-linux-gnu/libvtkPVVTKExtensionsFiltersGeneralMPI-pv5.13.so
	libvtkPVVTKExtensionsFiltersGeneral-pv5.13.so.1 (libc6,x86-64) => /lib/x86_64-linux-gnu/libvtkPVVTKExtensionsFiltersGeneral-pv5.13.so.1
	libvtkPVVTKExtensionsFiltersGeneral-pv5.13.so (libc6,x86-64) => /lib/x86_64-linux-gnu/libvtkPVVTKExtensionsFiltersGeneral-pv5.13.so
	libvtkPVVTKExtensionsFiltersFlowPaths-pv5.13.so.1 (libc6,x86-64) => /lib/x86_64-linux-gnu/libvtkPVVTKExtensionsFiltersFlowPaths-pv5.13.so.1
	libvtkPVVTKExtensionsFiltersFlowPaths-pv5.13.so (libc6,x86-64) => /lib/x86_64-linux-gnu/libvtkPVVTKExtensionsFiltersFlowPaths-pv5.13.so
	libvtkPVVTKExtensionsExtractionPython-pv5.13.so.1 (libc6,x86-64) => /lib/x86_64-linux-gnu/libvtkPVVTKExtensionsExtractionPython-pv5.13.so.1
	libvtkPVVTKExtensionsExtractionPython-pv5.13.so (libc6,x86-64) => /lib/x86_64-linux-gnu/libvtkPVVTKExtensionsExtractionPython-pv5.13.so
	libvtkPVVTKExtensionsExtraction-pv5.13.so.1 (libc6,x86-64) => /lib/x86_64-linux-gnu/libvtkPVVTKExtensionsExtraction-pv5.13.so.1
	libvtkPVVTKExtensionsExtraction-pv5.13.so (libc6,x86-64) => /lib/x86_64-linux-gnu/libvtkPVVTKExtensionsExtraction-pv5.13.so
	libvtkPVVTKExtensionsCore-pv5.13.so.1 (libc6,x86-64) => /lib/x86_64-linux-gnu/libvtkPVVTKExtensionsCore-pv5.13.so.1
	libvtkPVVTKExtensionsCore-pv5.13.so (libc6,x86-64) => /lib/x86_64-linux-gnu/libvtkPVVTKExtensionsCore-pv5.13.so
	libvtkPVVTKExtensionsAMR-pv5.13.so.1 (libc6,x86-64) => /lib/x86_64-linux-gnu/libvtkPVVTKExtensionsAMR-pv5.13.so.1
	libvtkPVVTKExtensionsAMR-pv5.13.so (libc6,x86-64) => /lib/x86_64-linux-gnu/libvtkPVVTKExtensionsAMR-pv5.13.so
	libvtkPVPythonCatalyst-pv5.13.so.1 (libc6,x86-64) => /lib/x86_64-linux-gnu/libvtkPVPythonCatalyst-pv5.13.so.1
	libvtkPVPythonCatalyst-pv5.13.so (libc6,x86-64) => /lib/x86_64-linux-gnu/libvtkPVPythonCatalyst-pv5.13.so
	libvtkPVIncubatorCore-pv5.13.so.1 (libc6,x86-64) => /lib/x86_64-linux-gnu/libvtkPVIncubatorCore-pv5.13.so.1
	libvtkPVIncubatorCore-pv5.13.so (libc6,x86-64) => /lib/x86_64-linux-gnu/libvtkPVIncubatorCore-pv5.13.so
	libvtkPVInSitu-pv5.13.so.1 (libc6,x86-64) => /lib/x86_64-linux-gnu/libvtkPVInSitu-pv5.13.so.1
	libvtkPVInSitu-pv5.13.so (libc6,x86-64) => /lib/x86_64-linux-gnu/libvtkPVInSitu-pv5.13.so
	libvtkPVClientWeb-pv5.13.so.1 (libc6,x86-64) => /lib/x86_64-linux-gnu/libvtkPVClientWeb-pv5.13.so.1
	libvtkPVClientWeb-pv5.13.so (libc6,x86-64) => /lib/x86_64-linux-gnu/libvtkPVClientWeb-pv5.13.so
	libvtkPVCatalyst-pv5.13.so.1 (libc6,x86-64) => /lib/x86_64-linux-gnu/libvtkPVCatalyst-pv5.13.so.1
	libvtkPVCatalyst-pv5.13.so (libc6,x86-64) => /lib/x86_64-linux-gnu/libvtkPVCatalyst-pv5.13.so
	libvtkPVAdaptorsPhasta-pv5.13.so.1 (libc6,x86-64) => /lib/x86_64-linux-gnu/libvtkPVAdaptorsPhasta-pv5.13.so.1
	libvtkPVAdaptorsPhasta-pv5.13.so (libc6,x86-64) => /lib/x86_64-linux-gnu/libvtkPVAdaptorsPhasta-pv5.13.so
	libvtkPVAdaptorsParticle-pv5.13.so.1 (libc6,x86-64) => /lib/x86_64-linux-gnu/libvtkPVAdaptorsParticle-pv5.13.so.1
	libvtkPVAdaptorsParticle-pv5.13.so (libc6,x86-64) => /lib/x86_64-linux-gnu/libvtkPVAdaptorsParticle-pv5.13.so
	libvtkPVAdaptorsPagosa-pv5.13.so.1 (libc6,x86-64) => /lib/x86_64-linux-gnu/libvtkPVAdaptorsPagosa-pv5.13.so.1
	libvtkPVAdaptorsPagosa-pv5.13.so (libc6,x86-64) => /lib/x86_64-linux-gnu/libvtkPVAdaptorsPagosa-pv5.13.so
	libvtkPVAdaptorsNPIC-pv5.13.so.1 (libc6,x86-64) => /lib/x86_64-linux-gnu/libvtkPVAdaptorsNPIC-pv5.13.so.1
	libvtkPVAdaptorsNPIC-pv5.13.so (libc6,x86-64) => /lib/x86_64-linux-gnu/libvtkPVAdaptorsNPIC-pv5.13.so
	libvtkPVAdaptorsCam-pv5.13.so.1 (libc6,x86-64) => /lib/x86_64-linux-gnu/libvtkPVAdaptorsCam-pv5.13.so.1
	libvtkPVAdaptorsCam-pv5.13.so (libc6,x86-64) => /lib/x86_64-linux-gnu/libvtkPVAdaptorsCam-pv5.13.so
	libvtkPVAdaptorsCTH-pv5.13.so.1 (libc6,x86-64) => /lib/x86_64-linux-gnu/libvtkPVAdaptorsCTH-pv5.13.so.1
	libvtkPVAdaptorsCTH-pv5.13.so (libc6,x86-64) => /lib/x86_64-linux-gnu/libvtkPVAdaptorsCTH-pv5.13.so
	libvtkJava-9.3.so.1 (libc6,x86-64) => /lib/x86_64-linux-gnu/libvtkJava-9.3.so.1
	libvtkInteractionWidgets-9.3.so.1 (libc6,x86-64) => /lib/x86_64-linux-gnu/libvtkInteractionWidgets-9.3.so.1
	libvtkInteractionWidgets-pv5.13.so.1 (libc6,x86-64) => /lib/x86_64-linux-gnu/libvtkInteractionWidgets-pv5.13.so.1
	libvtkInteractionWidgets-pv5.13.so (libc6,x86-64) => /lib/x86_64-linux-gnu/libvtkInteractionWidgets-pv5.13.so
	libvtkInteractionStyle-9.3.so.1 (libc6,x86-64) => /lib/x86_64-linux-gnu/libvtkInteractionStyle-9.3.so.1
	libvtkInteractionStyle-pv5.13.so.1 (libc6,x86-64) => /lib/x86_64-linux-gnu/libvtkInteractionStyle-pv5.13.so.1
	libvtkInteractionStyle-pv5.13.so (libc6,x86-64) => /lib/x86_64-linux-gnu/libvtkInteractionStyle-pv5.13.so
	libvtkInteractionImage-9.3.so.1 (libc6,x86-64) => /lib/x86_64-linux-gnu/libvtkInteractionImage-9.3.so.1
	libvtkInfovisLayout-9.3.so.1 (libc6,x86-64) => /lib/x86_64-linux-gnu/libvtkInfovisLayout-9.3.so.1
	libvtkInfovisCore-9.3.so.1 (libc6,x86-64) => /lib/x86_64-linux-gnu/libvtkInfovisCore-9.3.so.1
	libvtkInfovisCore-pv5.13.so.1 (libc6,x86-64) => /lib/x86_64-linux-gnu/libvtkInfovisCore-pv5.13.so.1
	libvtkInfovisCore-pv5.13.so (libc6,x86-64) => /lib/x86_64-linux-gnu/libvtkInfovisCore-pv5.13.so
	libvtkImagingStencil-9.3.so.1 (libc6,x86-64) => /lib/x86_64-linux-gnu/libvtkImagingStencil-9.3.so.1
	libvtkImagingStatistics-9.3.so.1 (libc6,x86-64) => /lib/x86_64-linux-gnu/libvtkImagingStatistics-9.3.so.1
	libvtkImagingSources-9.3.so.1 (libc6,x86-64) => /lib/x86_64-linux-gnu/libvtkImagingSources-9.3.so.1
	libvtkImagingSources-pv5.13.so.1 (libc6,x86-64) => /lib/x86_64-linux-gnu/libvtkImagingSources-pv5.13.so.1
	libvtkImagingSources-pv5.13.so (libc6,x86-64) => /lib/x86_64-linux-gnu/libvtkImagingSources-pv5.13.so
	libvtkImagingMorphological-9.3.so.1 (libc6,x86-64) => /lib/x86_64-linux-gnu/libvtkImagingMorphological-9.3.so.1
	libvtkImagingMath-9.3.so.1 (libc6,x86-64) => /lib/x86_64-linux-gnu/libvtkImagingMath-9.3.so.1
	libvtkImagingMath-pv5.13.so.1 (libc6,x86-64) => /lib/x86_64-linux-gnu/libvtkImagingMath-pv5.13.so.1
	libvtkImagingMath-pv5.13.so (libc6,x86-64) => /lib/x86_64-linux-gnu/libvtkImagingMath-pv5.13.so
	libvtkImagingHybrid-9.3.so.1 (libc6,x86-64) => /lib/x86_64-linux-gnu/libvtkImagingHybrid-9.3.so.1
	libvtkImagingHybrid-pv5.13.so.1 (libc6,x86-64) => /lib/x86_64-linux-gnu/libvtkImagingHybrid-pv5.13.so.1
	libvtkImagingHybrid-pv5.13.so (libc6,x86-64) => /lib/x86_64-linux-gnu/libvtkImagingHybrid-pv5.13.so
	libvtkImagingGeneral-9.3.so.1 (libc6,x86-64) => /lib/x86_64-linux-gnu/libvtkImagingGeneral-9.3.so.1
	libvtkImagingGeneral-pv5.13.so.1 (libc6,x86-64) => /lib/x86_64-linux-gnu/libvtkImagingGeneral-pv5.13.so.1
	libvtkImagingGeneral-pv5.13.so (libc6,x86-64) => /lib/x86_64-linux-gnu/libvtkImagingGeneral-pv5.13.so
	libvtkImagingFourier-9.3.so.1 (libc6,x86-64) => /lib/x86_64-linux-gnu/libvtkImagingFourier-9.3.so.1
	libvtkImagingFourier-pv5.13.so.1 (libc6,x86-64) => /lib/x86_64-linux-gnu/libvtkImagingFourier-pv5.13.so.1
	libvtkImagingFourier-pv5.13.so (libc6,x86-64) => /lib/x86_64-linux-gnu/libvtkImagingFourier-pv5.13.so
	libvtkImagingCore-9.3.so.1 (libc6,x86-64) => /lib/x86_64-linux-gnu/libvtkImagingCore-9.3.so.1
	libvtkImagingCore-pv5.13.so.1 (libc6,x86-64) => /lib/x86_64-linux-gnu/libvtkImagingCore-pv5.13.so.1
	libvtkImagingCore-pv5.13.so (libc6,x86-64) => /lib/x86_64-linux-gnu/libvtkImagingCore-pv5.13.so
	libvtkImagingColor-9.3.so.1 (libc6,x86-64) => /lib/x86_64-linux-gnu/libvtkImagingColor-9.3.so.1
	libvtkImagingColor-pv5.13.so.1 (libc6,x86-64) => /lib/x86_64-linux-gnu/libvtkImagingColor-pv5.13.so.1
	libvtkImagingColor-pv5.13.so (libc6,x86-64) => /lib/x86_64-linux-gnu/libvtkImagingColor-pv5.13.so
	libvtkIceTMPI-pv5.13.so.1 (libc6,x86-64) => /lib/x86_64-linux-gnu/libvtkIceTMPI-pv5.13.so.1
	libvtkIceTMPI-pv5.13.so (libc6,x86-64) => /lib/x86_64-linux-gnu/libvtkIceTMPI-pv5.13.so
	libvtkIceTGL-pv5.13.so.1 (libc6,x86-64) => /lib/x86_64-linux-gnu/libvtkIceTGL-pv5.13.so.1
	libvtkIceTGL-pv5.13.so (libc6,x86-64) => /lib/x86_64-linux-gnu/libvtkIceTGL-pv5.13.so
	libvtkIceTCore-pv5.13.so.1 (libc6,x86-64) => /lib/x86_64-linux-gnu/libvtkIceTCore-pv5.13.so.1
	libvtkIceTCore-pv5.13.so (libc6,x86-64) => /lib/x86_64-linux-gnu/libvtkIceTCore-pv5.13.so
	libvtkIOXdmf3-pv5.13.so.1 (libc6,x86-64) => /lib/x86_64-linux-gnu/libvtkIOXdmf3-pv5.13.so.1
	libvtkIOXdmf3-pv5.13.so (libc6,x86-64) => /lib/x86_64-linux-gnu/libvtkIOXdmf3-pv5.13.so
	libvtkIOXdmf2-pv5.13.so.1 (libc6,x86-64) => /lib/x86_64-linux-gnu/libvtkIOXdmf2-pv5.13.so.1
	libvtkIOXdmf2-pv5.13.so (libc6,x86-64) => /lib/x86_64-linux-gnu/libvtkIOXdmf2-pv5.13.so
	libvtkIOXMLParser-9.3.so.1 (libc6,x86-64) => /lib/x86_64-linux-gnu/libvtkIOXMLParser-9.3.so.1
	libvtkIOXMLParser-pv5.13.so.1 (libc6,x86-64) => /lib/x86_64-linux-gnu/libvtkIOXMLParser-pv5.13.so.1
	libvtkIOXMLParser-pv5.13.so (libc6,x86-64) => /lib/x86_64-linux-gnu/libvtkIOXMLParser-pv5.13.so
	libvtkIOXML-9.3.so.1 (libc6,x86-64) => /lib/x86_64-linux-gnu/libvtkIOXML-9.3.so.1
	libvtkIOXML-pv5.13.so.1 (libc6,x86-64) => /lib/x86_64-linux-gnu/libvtkIOXML-pv5.13.so.1
	libvtkIOXML-pv5.13.so (libc6,x86-64) => /lib/x86_64-linux-gnu/libvtkIOXML-pv5.13.so
	libvtkIOVideo-9.3.so.1 (libc6,x86-64) => /lib/x86_64-linux-gnu/libvtkIOVideo-9.3.so.1
	libvtkIOVideo-pv5.13.so.1 (libc6,x86-64) => /lib/x86_64-linux-gnu/libvtkIOVideo-pv5.13.so.1
	libvtkIOVideo-pv5.13.so (libc6,x86-64) => /lib/x86_64-linux-gnu/libvtkIOVideo-pv5.13.so
	libvtkIOVeraOut-9.3.so.1 (libc6,x86-64) => /lib/x86_64-linux-gnu/libvtkIOVeraOut-9.3.so.1
	libvtkIOVeraOut-pv5.13.so.1 (libc6,x86-64) => /lib/x86_64-linux-gnu/libvtkIOVeraOut-pv5.13.so.1
	libvtkIOVeraOut-pv5.13.so (libc6,x86-64) => /lib/x86_64-linux-gnu/libvtkIOVeraOut-pv5.13.so
	libvtkIOVPIC-pv5.13.so.1 (libc6,x86-64) => /lib/x86_64-linux-gnu/libvtkIOVPIC-pv5.13.so.1
	libvtkIOVPIC-pv5.13.so (libc6,x86-64) => /lib/x86_64-linux-gnu/libvtkIOVPIC-pv5.13.so
	libvtkIOTecplotTable-9.3.so.1 (libc6,x86-64) => /lib/x86_64-linux-gnu/libvtkIOTecplotTable-9.3.so.1
	libvtkIOTecplotTable-pv5.13.so.1 (libc6,x86-64) => /lib/x86_64-linux-gnu/libvtkIOTecplotTable-pv5.13.so.1
	libvtkIOTecplotTable-pv5.13.so (libc6,x86-64) => /lib/x86_64-linux-gnu/libvtkIOTecplotTable-pv5.13.so
	libvtkIOTRUCHAS-pv5.13.so.1 (libc6,x86-64) => /lib/x86_64-linux-gnu/libvtkIOTRUCHAS-pv5.13.so.1
	libvtkIOTRUCHAS-pv5.13.so (libc6,x86-64) => /lib/x86_64-linux-gnu/libvtkIOTRUCHAS-pv5.13.so
	libvtkIOSegY-9.3.so.1 (libc6,x86-64) => /lib/x86_64-linux-gnu/libvtkIOSegY-9.3.so.1
	libvtkIOSegY-pv5.13.so.1 (libc6,x86-64) => /lib/x86_64-linux-gnu/libvtkIOSegY-pv5.13.so.1
	libvtkIOSegY-pv5.13.so (libc6,x86-64) => /lib/x86_64-linux-gnu/libvtkIOSegY-pv5.13.so
	libvtkIOSQL-9.3.so.1 (libc6,x86-64) => /lib/x86_64-linux-gnu/libvtkIOSQL-9.3.so.1
	libvtkIOParallelXML-9.3.so.1 (libc6,x86-64) => /lib/x86_64-linux-gnu/libvtkIOParallelXML-9.3.so.1
	libvtkIOParallelXML-pv5.13.so.1 (libc6,x86-64) => /lib/x86_64-linux-gnu/libvtkIOParallelXML-pv5.13.so.1
	libvtkIOParallelXML-pv5.13.so (libc6,x86-64) => /lib/x86_64-linux-gnu/libvtkIOParallelXML-pv5.13.so
	libvtkIOParallelNetCDF-9.3.so.1 (libc6,x86-64) => /lib/x86_64-linux-gnu/libvtkIOParallelNetCDF-9.3.so.1
	libvtkIOParallelNetCDF-pv5.13.so.1 (libc6,x86-64) => /lib/x86_64-linux-gnu/libvtkIOParallelNetCDF-pv5.13.so.1
	libvtkIOParallelNetCDF-pv5.13.so (libc6,x86-64) => /lib/x86_64-linux-gnu/libvtkIOParallelNetCDF-pv5.13.so
	libvtkIOParallelLSDyna-pv5.13.so.1 (libc6,x86-64) => /lib/x86_64-linux-gnu/libvtkIOParallelLSDyna-pv5.13.so.1
	libvtkIOParallelLSDyna-pv5.13.so (libc6,x86-64) => /lib/x86_64-linux-gnu/libvtkIOParallelLSDyna-pv5.13.so
	libvtkIOParallelExodus-pv5.13.so.1 (libc6,x86-64) => /lib/x86_64-linux-gnu/libvtkIOParallelExodus-pv5.13.so.1
	libvtkIOParallelExodus-pv5.13.so (libc6,x86-64) => /lib/x86_64-linux-gnu/libvtkIOParallelExodus-pv5.13.so
	libvtkIOParallel-9.3.so.1 (libc6,x86-64) => /lib/x86_64-linux-gnu/libvtkIOParallel-9.3.so.1
	libvtkIOParallel-pv5.13.so.1 (libc6,x86-64) => /lib/x86_64-linux-gnu/libvtkIOParallel-pv5.13.so.1
	libvtkIOParallel-pv5.13.so (libc6,x86-64) => /lib/x86_64-linux-gnu/libvtkIOParallel-pv5.13.so
	libvtkIOPLY-9.3.so.1 (libc6,x86-64) => /lib/x86_64-linux-gnu/libvtkIOPLY-9.3.so.1
	libvtkIOPLY-pv5.13.so.1 (libc6,x86-64) => /lib/x86_64-linux-gnu/libvtkIOPLY-pv5.13.so.1
	libvtkIOPLY-pv5.13.so (libc6,x86-64) => /lib/x86_64-linux-gnu/libvtkIOPLY-pv5.13.so
	libvtkIOPIO-pv5.13.so.1 (libc6,x86-64) => /lib/x86_64-linux-gnu/libvtkIOPIO-pv5.13.so.1
	libvtkIOPIO-pv5.13.so (libc6,x86-64) => /lib/x86_64-linux-gnu/libvtkIOPIO-pv5.13.so
	libvtkIOOggTheora-9.3.so.1 (libc6,x86-64) => /lib/x86_64-linux-gnu/libvtkIOOggTheora-9.3.so.1
	libvtkIOOggTheora-pv5.13.so.1 (libc6,x86-64) => /lib/x86_64-linux-gnu/libvtkIOOggTheora-pv5.13.so.1
	libvtkIOOggTheora-pv5.13.so (libc6,x86-64) => /lib/x86_64-linux-gnu/libvtkIOOggTheora-pv5.13.so
	libvtkIOOMF-pv5.13.so.1 (libc6,x86-64) => /lib/x86_64-linux-gnu/libvtkIOOMF-pv5.13.so.1
	libvtkIOOMF-pv5.13.so (libc6,x86-64) => /lib/x86_64-linux-gnu/libvtkIOOMF-pv5.13.so
	libvtkIONetCDF-9.3.so.1 (libc6,x86-64) => /lib/x86_64-linux-gnu/libvtkIONetCDF-9.3.so.1
	libvtkIONetCDF-pv5.13.so.1 (libc6,x86-64) => /lib/x86_64-linux-gnu/libvtkIONetCDF-pv5.13.so.1
	libvtkIONetCDF-pv5.13.so (libc6,x86-64) => /lib/x86_64-linux-gnu/libvtkIONetCDF-pv5.13.so
	libvtkIOMovie-9.3.so.1 (libc6,x86-64) => /lib/x86_64-linux-gnu/libvtkIOMovie-9.3.so.1
	libvtkIOMovie-pv5.13.so.1 (libc6,x86-64) => /lib/x86_64-linux-gnu/libvtkIOMovie-pv5.13.so.1
	libvtkIOMovie-pv5.13.so (libc6,x86-64) => /lib/x86_64-linux-gnu/libvtkIOMovie-pv5.13.so
	libvtkIOMotionFX-9.3.so.1 (libc6,x86-64) => /lib/x86_64-linux-gnu/libvtkIOMotionFX-9.3.so.1
	libvtkIOMotionFX-pv5.13.so.1 (libc6,x86-64) => /lib/x86_64-linux-gnu/libvtkIOMotionFX-pv5.13.so.1
	libvtkIOMotionFX-pv5.13.so (libc6,x86-64) => /lib/x86_64-linux-gnu/libvtkIOMotionFX-pv5.13.so
	libvtkIOMPIParallel-9.3.so.1 (libc6,x86-64) => /lib/x86_64-linux-gnu/libvtkIOMPIParallel-9.3.so.1
	libvtkIOMPIImage-9.3.so.1 (libc6,x86-64) => /lib/x86_64-linux-gnu/libvtkIOMPIImage-9.3.so.1
	libvtkIOMPIImage-pv5.13.so.1 (libc6,x86-64) => /lib/x86_64-linux-gnu/libvtkIOMPIImage-pv5.13.so.1
	libvtkIOMPIImage-pv5.13.so (libc6,x86-64) => /lib/x86_64-linux-gnu/libvtkIOMPIImage-pv5.13.so
	libvtkIOMINC-9.3.so.1 (libc6,x86-64) => /lib/x86_64-linux-gnu/libvtkIOMINC-9.3.so.1
	libvtkIOLegacy-9.3.so.1 (libc6,x86-64) => /lib/x86_64-linux-gnu/libvtkIOLegacy-9.3.so.1
	libvtkIOLegacy-pv5.13.so.1 (libc6,x86-64) => /lib/x86_64-linux-gnu/libvtkIOLegacy-pv5.13.so.1
	libvtkIOLegacy-pv5.13.so (libc6,x86-64) => /lib/x86_64-linux-gnu/libvtkIOLegacy-pv5.13.so
	libvtkIOLSDyna-9.3.so.1 (libc6,x86-64) => /lib/x86_64-linux-gnu/libvtkIOLSDyna-9.3.so.1
	libvtkIOLSDyna-pv5.13.so.1 (libc6,x86-64) => /lib/x86_64-linux-gnu/libvtkIOLSDyna-pv5.13.so.1
	libvtkIOLSDyna-pv5.13.so (libc6,x86-64) => /lib/x86_64-linux-gnu/libvtkIOLSDyna-pv5.13.so
	libvtkIOInfovis-9.3.so.1 (libc6,x86-64) => /lib/x86_64-linux-gnu/libvtkIOInfovis-9.3.so.1
	libvtkIOInfovis-pv5.13.so.1 (libc6,x86-64) => /lib/x86_64-linux-gnu/libvtkIOInfovis-pv5.13.so.1
	libvtkIOInfovis-pv5.13.so (libc6,x86-64) => /lib/x86_64-linux-gnu/libvtkIOInfovis-pv5.13.so
	libvtkIOImport-9.3.so.1 (libc6,x86-64) => /lib/x86_64-linux-gnu/libvtkIOImport-9.3.so.1
	libvtkIOImport-pv5.13.so.1 (libc6,x86-64) => /lib/x86_64-linux-gnu/libvtkIOImport-pv5.13.so.1
	libvtkIOImport-pv5.13.so (libc6,x86-64) => /lib/x86_64-linux-gnu/libvtkIOImport-pv5.13.so
	libvtkIOImage-9.3.so.1 (libc6,x86-64) => /lib/x86_64-linux-gnu/libvtkIOImage-9.3.so.1
	libvtkIOImage-pv5.13.so.1 (libc6,x86-64) => /lib/x86_64-linux-gnu/libvtkIOImage-pv5.13.so.1
	libvtkIOImage-pv5.13.so (libc6,x86-64) => /lib/x86_64-linux-gnu/libvtkIOImage-pv5.13.so
	libvtkIOIOSS-9.3.so.1 (libc6,x86-64) => /lib/x86_64-linux-gnu/libvtkIOIOSS-9.3.so.1
	libvtkIOIOSS-pv5.13.so.1 (libc6,x86-64) => /lib/x86_64-linux-gnu/libvtkIOIOSS-pv5.13.so.1
	libvtkIOIOSS-pv5.13.so (libc6,x86-64) => /lib/x86_64-linux-gnu/libvtkIOIOSS-pv5.13.so
	libvtkIOH5part-pv5.13.so.1 (libc6,x86-64) => /lib/x86_64-linux-gnu/libvtkIOH5part-pv5.13.so.1
	libvtkIOH5part-pv5.13.so (libc6,x86-64) => /lib/x86_64-linux-gnu/libvtkIOH5part-pv5.13.so
	libvtkIOH5Rage-pv5.13.so.1 (libc6,x86-64) => /lib/x86_64-linux-gnu/libvtkIOH5Rage-pv5.13.so.1
	libvtkIOH5Rage-pv5.13.so (libc6,x86-64) => /lib/x86_64-linux-gnu/libvtkIOH5Rage-pv5.13.so
	libvtkIOHDF-9.3.so.1 (libc6,x86-64) => /lib/x86_64-linux-gnu/libvtkIOHDF-9.3.so.1
	libvtkIOHDF-pv5.13.so.1 (libc6,x86-64) => /lib/x86_64-linux-gnu/libvtkIOHDF-pv5.13.so.1
	libvtkIOHDF-pv5.13.so (libc6,x86-64) => /lib/x86_64-linux-gnu/libvtkIOHDF-pv5.13.so
	libvtkIOGeometry-9.3.so.1 (libc6,x86-64) => /lib/x86_64-linux-gnu/libvtkIOGeometry-9.3.so.1
	libvtkIOGeometry-pv5.13.so.1 (libc6,x86-64) => /lib/x86_64-linux-gnu/libvtkIOGeometry-pv5.13.so.1
	libvtkIOGeometry-pv5.13.so (libc6,x86-64) => /lib/x86_64-linux-gnu/libvtkIOGeometry-pv5.13.so
	libvtkIOGeoJSON-9.3.so.1 (libc6,x86-64) => /lib/x86_64-linux-gnu/libvtkIOGeoJSON-9.3.so.1
	libvtkIOGDAL-pv5.13.so.1 (libc6,x86-64) => /lib/x86_64-linux-gnu/libvtkIOGDAL-pv5.13.so.1
	libvtkIOGDAL-pv5.13.so (libc6,x86-64) => /lib/x86_64-linux-gnu/libvtkIOGDAL-pv5.13.so
	libvtkIOFLUENTCFF-9.3.so.1 (libc6,x86-64) => /lib/x86_64-linux-gnu/libvtkIOFLUENTCFF-9.3.so.1
	libvtkIOFLUENTCFF-pv5.13.so.1 (libc6,x86-64) => /lib/x86_64-linux-gnu/libvtkIOFLUENTCFF-pv5.13.so.1
	libvtkIOFLUENTCFF-pv5.13.so (libc6,x86-64) => /lib/x86_64-linux-gnu/libvtkIOFLUENTCFF-pv5.13.so
	libvtkIOFFMPEG-pv5.13.so.1 (libc6,x86-64) => /lib/x86_64-linux-gnu/libvtkIOFFMPEG-pv5.13.so.1
	libvtkIOFFMPEG-pv5.13.so (libc6,x86-64) => /lib/x86_64-linux-gnu/libvtkIOFFMPEG-pv5.13.so
	libvtkIOFDS-pv5.13.so.1 (libc6,x86-64) => /lib/x86_64-linux-gnu/libvtkIOFDS-pv5.13.so.1
	libvtkIOFDS-pv5.13.so (libc6,x86-64) => /lib/x86_64-linux-gnu/libvtkIOFDS-pv5.13.so
	libvtkIOExportPDF-9.3.so.1 (libc6,x86-64) => /lib/x86_64-linux-gnu/libvtkIOExportPDF-9.3.so.1
	libvtkIOExportGL2PS-9.3.so.1 (libc6,x86-64) => /lib/x86_64-linux-gnu/libvtkIOExportGL2PS-9.3.so.1
	libvtkIOExportGL2PS-pv5.13.so.1 (libc6,x86-64) => /lib/x86_64-linux-gnu/libvtkIOExportGL2PS-pv5.13.so.1
	libvtkIOExportGL2PS-pv5.13.so (libc6,x86-64) => /lib/x86_64-linux-gnu/libvtkIOExportGL2PS-pv5.13.so
	libvtkIOExport-9.3.so.1 (libc6,x86-64) => /lib/x86_64-linux-gnu/libvtkIOExport-9.3.so.1
	libvtkIOExport-pv5.13.so.1 (libc6,x86-64) => /lib/x86_64-linux-gnu/libvtkIOExport-pv5.13.so.1
	libvtkIOExport-pv5.13.so (libc6,x86-64) => /lib/x86_64-linux-gnu/libvtkIOExport-pv5.13.so
	libvtkIOExodus-9.3.so.1 (libc6,x86-64) => /lib/x86_64-linux-gnu/libvtkIOExodus-9.3.so.1
	libvtkIOExodus-pv5.13.so.1 (libc6,x86-64) => /lib/x86_64-linux-gnu/libvtkIOExodus-pv5.13.so.1
	libvtkIOExodus-pv5.13.so (libc6,x86-64) => /lib/x86_64-linux-gnu/libvtkIOExodus-pv5.13.so
	libvtkIOEnSight-9.3.so.1 (libc6,x86-64) => /lib/x86_64-linux-gnu/libvtkIOEnSight-9.3.so.1
	libvtkIOEnSight-pv5.13.so.1 (libc6,x86-64) => /lib/x86_64-linux-gnu/libvtkIOEnSight-pv5.13.so.1
	libvtkIOEnSight-pv5.13.so (libc6,x86-64) => /lib/x86_64-linux-gnu/libvtkIOEnSight-pv5.13.so
	libvtkIOERF-pv5.13.so.1 (libc6,x86-64) => /lib/x86_64-linux-gnu/libvtkIOERF-pv5.13.so.1
	libvtkIOERF-pv5.13.so (libc6,x86-64) => /lib/x86_64-linux-gnu/libvtkIOERF-pv5.13.so
	libvtkIOCore-9.3.so.1 (libc6,x86-64) => /lib/x86_64-linux-gnu/libvtkIOCore-9.3.so.1
	libvtkIOCore-pv5.13.so.1 (libc6,x86-64) => /lib/x86_64-linux-gnu/libvtkIOCore-pv5.13.so.1
	libvtkIOCore-pv5.13.so (libc6,x86-64) => /lib/x86_64-linux-gnu/libvtkIOCore-pv5.13.so
	libvtkIOCityGML-9.3.so.1 (libc6,x86-64) => /lib/x86_64-linux-gnu/libvtkIOCityGML-9.3.so.1
	libvtkIOCityGML-pv5.13.so.1 (libc6,x86-64) => /lib/x86_64-linux-gnu/libvtkIOCityGML-pv5.13.so.1
	libvtkIOCityGML-pv5.13.so (libc6,x86-64) => /lib/x86_64-linux-gnu/libvtkIOCityGML-pv5.13.so
	libvtkIOChemistry-9.3.so.1 (libc6,x86-64) => /lib/x86_64-linux-gnu/libvtkIOChemistry-9.3.so.1
	libvtkIOChemistry-pv5.13.so.1 (libc6,x86-64) => /lib/x86_64-linux-gnu/libvtkIOChemistry-pv5.13.so.1
	libvtkIOChemistry-pv5.13.so (libc6,x86-64) => /lib/x86_64-linux-gnu/libvtkIOChemistry-pv5.13.so
	libvtkIOCesium3DTiles-9.3.so.1 (libc6,x86-64) => /lib/x86_64-linux-gnu/libvtkIOCesium3DTiles-9.3.so.1
	libvtkIOCellGrid-9.3.so.1 (libc6,x86-64) => /lib/x86_64-linux-gnu/libvtkIOCellGrid-9.3.so.1
	libvtkIOCellGrid-pv5.13.so.1 (libc6,x86-64) => /lib/x86_64-linux-gnu/libvtkIOCellGrid-pv5.13.so.1
	libvtkIOCellGrid-pv5.13.so (libc6,x86-64) => /lib/x86_64-linux-gnu/libvtkIOCellGrid-pv5.13.so
	libvtkIOCONVERGECFD-9.3.so.1 (libc6,x86-64) => /lib/x86_64-linux-gnu/libvtkIOCONVERGECFD-9.3.so.1
	libvtkIOCONVERGECFD-pv5.13.so.1 (libc6,x86-64) => /lib/x86_64-linux-gnu/libvtkIOCONVERGECFD-pv5.13.so.1
	libvtkIOCONVERGECFD-pv5.13.so (libc6,x86-64) => /lib/x86_64-linux-gnu/libvtkIOCONVERGECFD-pv5.13.so
	libvtkIOCGNSReader-9.3.so.1 (libc6,x86-64) => /lib/x86_64-linux-gnu/libvtkIOCGNSReader-9.3.so.1
	libvtkIOCGNSReader-pv5.13.so.1 (libc6,x86-64) => /lib/x86_64-linux-gnu/libvtkIOCGNSReader-pv5.13.so.1
	libvtkIOCGNSReader-pv5.13.so (libc6,x86-64) => /lib/x86_64-linux-gnu/libvtkIOCGNSReader-pv5.13.so
	libvtkIOAsynchronous-9.3.so.1 (libc6,x86-64) => /lib/x86_64-linux-gnu/libvtkIOAsynchronous-9.3.so.1
	libvtkIOAsynchronous-pv5.13.so.1 (libc6,x86-64) => /lib/x86_64-linux-gnu/libvtkIOAsynchronous-pv5.13.so.1
	libvtkIOAsynchronous-pv5.13.so (libc6,x86-64) => /lib/x86_64-linux-gnu/libvtkIOAsynchronous-pv5.13.so
	libvtkIOAMR-9.3.so.1 (libc6,x86-64) => /lib/x86_64-linux-gnu/libvtkIOAMR-9.3.so.1
	libvtkIOAMR-pv5.13.so.1 (libc6,x86-64) => /lib/x86_64-linux-gnu/libvtkIOAMR-pv5.13.so.1
	libvtkIOAMR-pv5.13.so (libc6,x86-64) => /lib/x86_64-linux-gnu/libvtkIOAMR-pv5.13.so
	libvtkIOADIOS2-pv5.13.so.1 (libc6,x86-64) => /lib/x86_64-linux-gnu/libvtkIOADIOS2-pv5.13.so.1
	libvtkIOADIOS2-pv5.13.so (libc6,x86-64) => /lib/x86_64-linux-gnu/libvtkIOADIOS2-pv5.13.so
	libvtkGeovisCore-9.3.so.1 (libc6,x86-64) => /lib/x86_64-linux-gnu/libvtkGeovisCore-9.3.so.1
	libvtkGeovisCore-pv5.13.so.1 (libc6,x86-64) => /lib/x86_64-linux-gnu/libvtkGeovisCore-pv5.13.so.1
	libvtkGeovisCore-pv5.13.so (libc6,x86-64) => /lib/x86_64-linux-gnu/libvtkGeovisCore-pv5.13.so
	libvtkGUISupportQt-pv5.13.so.1 (libc6,x86-64) => /lib/x86_64-linux-gnu/libvtkGUISupportQt-pv5.13.so.1
	libvtkGUISupportQt-pv5.13.so (libc6,x86-64) => /lib/x86_64-linux-gnu/libvtkGUISupportQt-pv5.13.so
	libvtkFiltersVerdict-9.3.so.1 (libc6,x86-64) => /lib/x86_64-linux-gnu/libvtkFiltersVerdict-9.3.so.1
	libvtkFiltersVerdict-pv5.13.so.1 (libc6,x86-64) => /lib/x86_64-linux-gnu/libvtkFiltersVerdict-pv5.13.so.1
	libvtkFiltersVerdict-pv5.13.so (libc6,x86-64) => /lib/x86_64-linux-gnu/libvtkFiltersVerdict-pv5.13.so
	libvtkFiltersTopology-9.3.so.1 (libc6,x86-64) => /lib/x86_64-linux-gnu/libvtkFiltersTopology-9.3.so.1
	libvtkFiltersTexture-9.3.so.1 (libc6,x86-64) => /lib/x86_64-linux-gnu/libvtkFiltersTexture-9.3.so.1
	libvtkFiltersTexture-pv5.13.so.1 (libc6,x86-64) => /lib/x86_64-linux-gnu/libvtkFiltersTexture-pv5.13.so.1
	libvtkFiltersTexture-pv5.13.so (libc6,x86-64) => /lib/x86_64-linux-gnu/libvtkFiltersTexture-pv5.13.so
	libvtkFiltersTensor-9.3.so.1 (libc6,x86-64) => /lib/x86_64-linux-gnu/libvtkFiltersTensor-9.3.so.1
	libvtkFiltersTensor-pv5.13.so.1 (libc6,x86-64) => /lib/x86_64-linux-gnu/libvtkFiltersTensor-pv5.13.so.1
	libvtkFiltersTensor-pv5.13.so (libc6,x86-64) => /lib/x86_64-linux-gnu/libvtkFiltersTensor-pv5.13.so
	libvtkFiltersTemporal-pv5.13.so.1 (libc6,x86-64) => /lib/x86_64-linux-gnu/libvtkFiltersTemporal-pv5.13.so.1
	libvtkFiltersTemporal-pv5.13.so (libc6,x86-64) => /lib/x86_64-linux-gnu/libvtkFiltersTemporal-pv5.13.so
	libvtkFiltersStatistics-9.3.so.1 (libc6,x86-64) => /lib/x86_64-linux-gnu/libvtkFiltersStatistics-9.3.so.1
	libvtkFiltersStatistics-pv5.13.so.1 (libc6,x86-64) => /lib/x86_64-linux-gnu/libvtkFiltersStatistics-pv5.13.so.1
	libvtkFiltersStatistics-pv5.13.so (libc6,x86-64) => /lib/x86_64-linux-gnu/libvtkFiltersStatistics-pv5.13.so
	libvtkFiltersSources-9.3.so.1 (libc6,x86-64) => /lib/x86_64-linux-gnu/libvtkFiltersSources-9.3.so.1
	libvtkFiltersSources-pv5.13.so.1 (libc6,x86-64) => /lib/x86_64-linux-gnu/libvtkFiltersSources-pv5.13.so.1
	libvtkFiltersSources-pv5.13.so (libc6,x86-64) => /lib/x86_64-linux-gnu/libvtkFiltersSources-pv5.13.so
	libvtkFiltersSelection-9.3.so.1 (libc6,x86-64) => /lib/x86_64-linux-gnu/libvtkFiltersSelection-9.3.so.1
	libvtkFiltersSMP-9.3.so.1 (libc6,x86-64) => /lib/x86_64-linux-gnu/libvtkFiltersSMP-9.3.so.1
	libvtkFiltersReduction-9.3.so.1 (libc6,x86-64) => /lib/x86_64-linux-gnu/libvtkFiltersReduction-9.3.so.1
	libvtkFiltersReduction-pv5.13.so.1 (libc6,x86-64) => /lib/x86_64-linux-gnu/libvtkFiltersReduction-pv5.13.so.1
	libvtkFiltersReduction-pv5.13.so (libc6,x86-64) => /lib/x86_64-linux-gnu/libvtkFiltersReduction-pv5.13.so
	libvtkFiltersPython-9.3.so.1 (libc6,x86-64) => /lib/x86_64-linux-gnu/libvtkFiltersPython-9.3.so.1
	libvtkFiltersPython-pv5.13.so.1 (libc6,x86-64) => /lib/x86_64-linux-gnu/libvtkFiltersPython-pv5.13.so.1
	libvtkFiltersPython-pv5.13.so (libc6,x86-64) => /lib/x86_64-linux-gnu/libvtkFiltersPython-pv5.13.so
	libvtkFiltersProgrammable-9.3.so.1 (libc6,x86-64) => /lib/x86_64-linux-gnu/libvtkFiltersProgrammable-9.3.so.1
	libvtkFiltersProgrammable-pv5.13.so.1 (libc6,x86-64) => /lib/x86_64-linux-gnu/libvtkFiltersProgrammable-pv5.13.so.1
	libvtkFiltersProgrammable-pv5.13.so (libc6,x86-64) => /lib/x86_64-linux-gnu/libvtkFiltersProgrammable-pv5.13.so
	libvtkFiltersPoints-9.3.so.1 (libc6,x86-64) => /lib/x86_64-linux-gnu/libvtkFiltersPoints-9.3.so.1
	libvtkFiltersPoints-pv5.13.so.1 (libc6,x86-64) => /lib/x86_64-linux-gnu/libvtkFiltersPoints-pv5.13.so.1
	libvtkFiltersPoints-pv5.13.so (libc6,x86-64) => /lib/x86_64-linux-gnu/libvtkFiltersPoints-pv5.13.so
	libvtkFiltersParallelVerdict-9.3.so.1 (libc6,x86-64) => /lib/x86_64-linux-gnu/libvtkFiltersParallelVerdict-9.3.so.1
	libvtkFiltersParallelVerdict-pv5.13.so.1 (libc6,x86-64) => /lib/x86_64-linux-gnu/libvtkFiltersParallelVerdict-pv5.13.so.1
	libvtkFiltersParallelVerdict-pv5.13.so (libc6,x86-64) => /lib/x86_64-linux-gnu/libvtkFiltersParallelVerdict-pv5.13.so
	libvtkFiltersParallelStatistics-pv5.13.so.1 (libc6,x86-64) => /lib/x86_64-linux-gnu/libvtkFiltersParallelStatistics-pv5.13.so.1
	libvtkFiltersParallelStatistics-pv5.13.so (libc6,x86-64) => /lib/x86_64-linux-gnu/libvtkFiltersParallelStatistics-pv5.13.so
	libvtkFiltersParallelMPI-9.3.so.1 (libc6,x86-64) => /lib/x86_64-linux-gnu/libvtkFiltersParallelMPI-9.3.so.1
	libvtkFiltersParallelMPI-pv5.13.so.1 (libc6,x86-64) => /lib/x86_64-linux-gnu/libvtkFiltersParallelMPI-pv5.13.so.1
	libvtkFiltersParallelMPI-pv5.13.so (libc6,x86-64) => /lib/x86_64-linux-gnu/libvtkFiltersParallelMPI-pv5.13.so
	libvtkFiltersParallelImaging-9.3.so.1 (libc6,x86-64) => /lib/x86_64-linux-gnu/libvtkFiltersParallelImaging-9.3.so.1
	libvtkFiltersParallelGeometry-9.3.so.1 (libc6,x86-64) => /lib/x86_64-linux-gnu/libvtkFiltersParallelGeometry-9.3.so.1
	libvtkFiltersParallelGeometry-pv5.13.so.1 (libc6,x86-64) => /lib/x86_64-linux-gnu/libvtkFiltersParallelGeometry-pv5.13.so.1
	libvtkFiltersParallelGeometry-pv5.13.so (libc6,x86-64) => /lib/x86_64-linux-gnu/libvtkFiltersParallelGeometry-pv5.13.so
	libvtkFiltersParallelFlowPaths-pv5.13.so.1 (libc6,x86-64) => /lib/x86_64-linux-gnu/libvtkFiltersParallelFlowPaths-pv5.13.so.1
	libvtkFiltersParallelFlowPaths-pv5.13.so (libc6,x86-64) => /lib/x86_64-linux-gnu/libvtkFiltersParallelFlowPaths-pv5.13.so
	libvtkFiltersParallelDIY2-pv5.13.so.1 (libc6,x86-64) => /lib/x86_64-linux-gnu/libvtkFiltersParallelDIY2-pv5.13.so.1
	libvtkFiltersParallelDIY2-pv5.13.so (libc6,x86-64) => /lib/x86_64-linux-gnu/libvtkFiltersParallelDIY2-pv5.13.so
	libvtkFiltersParallel-9.3.so.1 (libc6,x86-64) => /lib/x86_64-linux-gnu/libvtkFiltersParallel-9.3.so.1
	libvtkFiltersParallel-pv5.13.so.1 (libc6,x86-64) => /lib/x86_64-linux-gnu/libvtkFiltersParallel-pv5.13.so.1
	libvtkFiltersParallel-pv5.13.so (libc6,x86-64) => /lib/x86_64-linux-gnu/libvtkFiltersParallel-pv5.13.so
	libvtkFiltersModeling-9.3.so.1 (libc6,x86-64) => /lib/x86_64-linux-gnu/libvtkFiltersModeling-9.3.so.1
	libvtkFiltersModeling-pv5.13.so.1 (libc6,x86-64) => /lib/x86_64-linux-gnu/libvtkFiltersModeling-pv5.13.so.1
	libvtkFiltersModeling-pv5.13.so (libc6,x86-64) => /lib/x86_64-linux-gnu/libvtkFiltersModeling-pv5.13.so
	libvtkFiltersImaging-9.3.so.1 (libc6,x86-64) => /lib/x86_64-linux-gnu/libvtkFiltersImaging-9.3.so.1
	libvtkFiltersImaging-pv5.13.so.1 (libc6,x86-64) => /lib/x86_64-linux-gnu/libvtkFiltersImaging-pv5.13.so.1
	libvtkFiltersImaging-pv5.13.so (libc6,x86-64) => /lib/x86_64-linux-gnu/libvtkFiltersImaging-pv5.13.so
	libvtkFiltersHyperTree-9.3.so.1 (libc6,x86-64) => /lib/x86_64-linux-gnu/libvtkFiltersHyperTree-9.3.so.1
	libvtkFiltersHyperTree-pv5.13.so.1 (libc6,x86-64) => /lib/x86_64-linux-gnu/libvtkFiltersHyperTree-pv5.13.so.1
	libvtkFiltersHyperTree-pv5.13.so (libc6,x86-64) => /lib/x86_64-linux-gnu/libvtkFiltersHyperTree-pv5.13.so
	libvtkFiltersHybrid-9.3.so.1 (libc6,x86-64) => /lib/x86_64-linux-gnu/libvtkFiltersHybrid-9.3.so.1
	libvtkFiltersHybrid-pv5.13.so.1 (libc6,x86-64) => /lib/x86_64-linux-gnu/libvtkFiltersHybrid-pv5.13.so.1
	libvtkFiltersHybrid-pv5.13.so (libc6,x86-64) => /lib/x86_64-linux-gnu/libvtkFiltersHybrid-pv5.13.so
	libvtkFiltersGeometryPreview-9.3.so.1 (libc6,x86-64) => /lib/x86_64-linux-gnu/libvtkFiltersGeometryPreview-9.3.so.1
	libvtkFiltersGeometryPreview-pv5.13.so.1 (libc6,x86-64) => /lib/x86_64-linux-gnu/libvtkFiltersGeometryPreview-pv5.13.so.1
	libvtkFiltersGeometryPreview-pv5.13.so (libc6,x86-64) => /lib/x86_64-linux-gnu/libvtkFiltersGeometryPreview-pv5.13.so
	libvtkFiltersGeometry-9.3.so.1 (libc6,x86-64) => /lib/x86_64-linux-gnu/libvtkFiltersGeometry-9.3.so.1
	libvtkFiltersGeometry-pv5.13.so.1 (libc6,x86-64) => /lib/x86_64-linux-gnu/libvtkFiltersGeometry-pv5.13.so.1
	libvtkFiltersGeometry-pv5.13.so (libc6,x86-64) => /lib/x86_64-linux-gnu/libvtkFiltersGeometry-pv5.13.so
	libvtkFiltersGeneric-9.3.so.1 (libc6,x86-64) => /lib/x86_64-linux-gnu/libvtkFiltersGeneric-9.3.so.1
	libvtkFiltersGeneric-pv5.13.so.1 (libc6,x86-64) => /lib/x86_64-linux-gnu/libvtkFiltersGeneric-pv5.13.so.1
	libvtkFiltersGeneric-pv5.13.so (libc6,x86-64) => /lib/x86_64-linux-gnu/libvtkFiltersGeneric-pv5.13.so
	libvtkFiltersGeneral-9.3.so.1 (libc6,x86-64) => /lib/x86_64-linux-gnu/libvtkFiltersGeneral-9.3.so.1
	libvtkFiltersGeneral-pv5.13.so.1 (libc6,x86-64) => /lib/x86_64-linux-gnu/libvtkFiltersGeneral-pv5.13.so.1
	libvtkFiltersGeneral-pv5.13.so (libc6,x86-64) => /lib/x86_64-linux-gnu/libvtkFiltersGeneral-pv5.13.so
	libvtkFiltersFlowPaths-9.3.so.1 (libc6,x86-64) => /lib/x86_64-linux-gnu/libvtkFiltersFlowPaths-9.3.so.1
	libvtkFiltersFlowPaths-pv5.13.so.1 (libc6,x86-64) => /lib/x86_64-linux-gnu/libvtkFiltersFlowPaths-pv5.13.so.1
	libvtkFiltersFlowPaths-pv5.13.so (libc6,x86-64) => /lib/x86_64-linux-gnu/libvtkFiltersFlowPaths-pv5.13.so
	libvtkFiltersExtraction-9.3.so.1 (libc6,x86-64) => /lib/x86_64-linux-gnu/libvtkFiltersExtraction-9.3.so.1
	libvtkFiltersExtraction-pv5.13.so.1 (libc6,x86-64) => /lib/x86_64-linux-gnu/libvtkFiltersExtraction-pv5.13.so.1
	libvtkFiltersExtraction-pv5.13.so (libc6,x86-64) => /lib/x86_64-linux-gnu/libvtkFiltersExtraction-pv5.13.so
	libvtkFiltersCore-9.3.so.1 (libc6,x86-64) => /lib/x86_64-linux-gnu/libvtkFiltersCore-9.3.so.1
	libvtkFiltersCore-pv5.13.so.1 (libc6,x86-64) => /lib/x86_64-linux-gnu/libvtkFiltersCore-pv5.13.so.1
	libvtkFiltersCore-pv5.13.so (libc6,x86-64) => /lib/x86_64-linux-gnu/libvtkFiltersCore-pv5.13.so
	libvtkFiltersCellGrid-9.3.so.1 (libc6,x86-64) => /lib/x86_64-linux-gnu/libvtkFiltersCellGrid-9.3.so.1
	libvtkFiltersCellGrid-pv5.13.so.1 (libc6,x86-64) => /lib/x86_64-linux-gnu/libvtkFiltersCellGrid-pv5.13.so.1
	libvtkFiltersCellGrid-pv5.13.so (libc6,x86-64) => /lib/x86_64-linux-gnu/libvtkFiltersCellGrid-pv5.13.so
	libvtkFiltersAMR-9.3.so.1 (libc6,x86-64) => /lib/x86_64-linux-gnu/libvtkFiltersAMR-9.3.so.1
	libvtkFiltersAMR-pv5.13.so.1 (libc6,x86-64) => /lib/x86_64-linux-gnu/libvtkFiltersAMR-pv5.13.so.1
	libvtkFiltersAMR-pv5.13.so (libc6,x86-64) => /lib/x86_64-linux-gnu/libvtkFiltersAMR-pv5.13.so
	libvtkDomainsParallelChemistry-9.3.so.1 (libc6,x86-64) => /lib/x86_64-linux-gnu/libvtkDomainsParallelChemistry-9.3.so.1
	libvtkDomainsChemistryOpenGL2-9.3.so.1 (libc6,x86-64) => /lib/x86_64-linux-gnu/libvtkDomainsChemistryOpenGL2-9.3.so.1
	libvtkDomainsChemistryOpenGL2-pv5.13.so.1 (libc6,x86-64) => /lib/x86_64-linux-gnu/libvtkDomainsChemistryOpenGL2-pv5.13.so.1
	libvtkDomainsChemistryOpenGL2-pv5.13.so (libc6,x86-64) => /lib/x86_64-linux-gnu/libvtkDomainsChemistryOpenGL2-pv5.13.so
	libvtkDomainsChemistry-9.3.so.1 (libc6,x86-64) => /lib/x86_64-linux-gnu/libvtkDomainsChemistry-9.3.so.1
	libvtkDomainsChemistry-pv5.13.so.1 (libc6,x86-64) => /lib/x86_64-linux-gnu/libvtkDomainsChemistry-pv5.13.so.1
	libvtkDomainsChemistry-pv5.13.so (libc6,x86-64) => /lib/x86_64-linux-gnu/libvtkDomainsChemistry-pv5.13.so
	libvtkDICOMParser-9.3.so.1 (libc6,x86-64) => /lib/x86_64-linux-gnu/libvtkDICOMParser-9.3.so.1
	libvtkDICOMParser-pv5.13.so.1 (libc6,x86-64) => /lib/x86_64-linux-gnu/libvtkDICOMParser-pv5.13.so.1
	libvtkDICOMParser-pv5.13.so (libc6,x86-64) => /lib/x86_64-linux-gnu/libvtkDICOMParser-pv5.13.so
	libvtkCommonTransforms-9.3.so.1 (libc6,x86-64) => /lib/x86_64-linux-gnu/libvtkCommonTransforms-9.3.so.1
	libvtkCommonTransforms-pv5.13.so.1 (libc6,x86-64) => /lib/x86_64-linux-gnu/libvtkCommonTransforms-pv5.13.so.1
	libvtkCommonTransforms-pv5.13.so (libc6,x86-64) => /lib/x86_64-linux-gnu/libvtkCommonTransforms-pv5.13.so
	libvtkCommonSystem-9.3.so.1 (libc6,x86-64) => /lib/x86_64-linux-gnu/libvtkCommonSystem-9.3.so.1
	libvtkCommonSystem-pv5.13.so.1 (libc6,x86-64) => /lib/x86_64-linux-gnu/libvtkCommonSystem-pv5.13.so.1
	libvtkCommonSystem-pv5.13.so (libc6,x86-64) => /lib/x86_64-linux-gnu/libvtkCommonSystem-pv5.13.so
	libvtkCommonPython-9.3.so.1 (libc6,x86-64) => /lib/x86_64-linux-gnu/libvtkCommonPython-9.3.so.1
	libvtkCommonMisc-9.3.so.1 (libc6,x86-64) => /lib/x86_64-linux-gnu/libvtkCommonMisc-9.3.so.1
	libvtkCommonMisc-pv5.13.so.1 (libc6,x86-64) => /lib/x86_64-linux-gnu/libvtkCommonMisc-pv5.13.so.1
	libvtkCommonMisc-pv5.13.so (libc6,x86-64) => /lib/x86_64-linux-gnu/libvtkCommonMisc-pv5.13.so
	libvtkCommonMath-9.3.so.1 (libc6,x86-64) => /lib/x86_64-linux-gnu/libvtkCommonMath-9.3.so.1
	libvtkCommonMath-pv5.13.so.1 (libc6,x86-64) => /lib/x86_64-linux-gnu/libvtkCommonMath-pv5.13.so.1
	libvtkCommonMath-pv5.13.so (libc6,x86-64) => /lib/x86_64-linux-gnu/libvtkCommonMath-pv5.13.so
	libvtkCommonExecutionModel-9.3.so.1 (libc6,x86-64) => /lib/x86_64-linux-gnu/libvtkCommonExecutionModel-9.3.so.1
	libvtkCommonExecutionModel-pv5.13.so.1 (libc6,x86-64) => /lib/x86_64-linux-gnu/libvtkCommonExecutionModel-pv5.13.so.1
	libvtkCommonExecutionModel-pv5.13.so (libc6,x86-64) => /lib/x86_64-linux-gnu/libvtkCommonExecutionModel-pv5.13.so
	libvtkCommonDataModel-9.3.so.1 (libc6,x86-64) => /lib/x86_64-linux-gnu/libvtkCommonDataModel-9.3.so.1
	libvtkCommonDataModel-pv5.13.so.1 (libc6,x86-64) => /lib/x86_64-linux-gnu/libvtkCommonDataModel-pv5.13.so.1
	libvtkCommonDataModel-pv5.13.so (libc6,x86-64) => /lib/x86_64-linux-gnu/libvtkCommonDataModel-pv5.13.so
	libvtkCommonCore-9.3.so.1 (libc6,x86-64) => /lib/x86_64-linux-gnu/libvtkCommonCore-9.3.so.1
	libvtkCommonCore-pv5.13.so.1 (libc6,x86-64) => /lib/x86_64-linux-gnu/libvtkCommonCore-pv5.13.so.1
	libvtkCommonCore-pv5.13.so (libc6,x86-64) => /lib/x86_64-linux-gnu/libvtkCommonCore-pv5.13.so
	libvtkCommonComputationalGeometry-9.3.so.1 (libc6,x86-64) => /lib/x86_64-linux-gnu/libvtkCommonComputationalGeometry-9.3.so.1
	libvtkCommonComputationalGeometry-pv5.13.so.1 (libc6,x86-64) => /lib/x86_64-linux-gnu/libvtkCommonComputationalGeometry-pv5.13.so.1
	libvtkCommonComputationalGeometry-pv5.13.so (libc6,x86-64) => /lib/x86_64-linux-gnu/libvtkCommonComputationalGeometry-pv5.13.so
	libvtkCommonColor-9.3.so.1 (libc6,x86-64) => /lib/x86_64-linux-gnu/libvtkCommonColor-9.3.so.1
	libvtkCommonColor-pv5.13.so.1 (libc6,x86-64) => /lib/x86_64-linux-gnu/libvtkCommonColor-pv5.13.so.1
	libvtkCommonColor-pv5.13.so (libc6,x86-64) => /lib/x86_64-linux-gnu/libvtkCommonColor-pv5.13.so
	libvtkChartsCore-9.3.so.1 (libc6,x86-64) => /lib/x86_64-linux-gnu/libvtkChartsCore-9.3.so.1
	libvtkChartsCore-pv5.13.so.1 (libc6,x86-64) => /lib/x86_64-linux-gnu/libvtkChartsCore-pv5.13.so.1
	libvtkChartsCore-pv5.13.so (libc6,x86-64) => /lib/x86_64-linux-gnu/libvtkChartsCore-pv5.13.so
	libvtkAcceleratorsVTKmFilters-pv5.13.so.1 (libc6,x86-64) => /lib/x86_64-linux-gnu/libvtkAcceleratorsVTKmFilters-pv5.13.so.1
	libvtkAcceleratorsVTKmFilters-pv5.13.so (libc6,x86-64) => /lib/x86_64-linux-gnu/libvtkAcceleratorsVTKmFilters-pv5.13.so
	libvtkAcceleratorsVTKmDataModel-pv5.13.so.1 (libc6,x86-64) => /lib/x86_64-linux-gnu/libvtkAcceleratorsVTKmDataModel-pv5.13.so.1
	libvtkAcceleratorsVTKmDataModel-pv5.13.so (libc6,x86-64) => /lib/x86_64-linux-gnu/libvtkAcceleratorsVTKmDataModel-pv5.13.so
	libvtkAcceleratorsVTKmCore-pv5.13.so.1 (libc6,x86-64) => /lib/x86_64-linux-gnu/libvtkAcceleratorsVTKmCore-pv5.13.so.1
	libvtkAcceleratorsVTKmCore-pv5.13.so (libc6,x86-64) => /lib/x86_64-linux-gnu/libvtkAcceleratorsVTKmCore-pv5.13.so
	libvte-2.91.so.0 (libc6,x86-64) => /lib/x86_64-linux-gnu/libvte-2.91.so.0
	libvpx.so.9 (libc6,x86-64) => /lib/x86_64-linux-gnu/libvpx.so.9
	libvpl.so.2 (libc6,x86-64) => /lib/x86_64-linux-gnu/libvpl.so.2
	libvpf.so.4.1 (libc6,x86-64) => /lib/x86_64-linux-gnu/libvpf.so.4.1
	libvoro++.so.1 (libc6,x86-64) => /lib/x86_64-linux-gnu/libvoro++.so.1
	libvorbisfile.so.3 (libc6,x86-64) => /lib/x86_64-linux-gnu/libvorbisfile.so.3
	libvorbisenc.so.2 (libc6,x86-64) => /lib/x86_64-linux-gnu/libvorbisenc.so.2
	libvorbis.so.0 (libc6,x86-64) => /lib/x86_64-linux-gnu/libvorbis.so.0
	libvo-amrwbenc.so.0 (libc6,x86-64) => /lib/x86_64-linux-gnu/libvo-amrwbenc.so.0
	libvo-aacenc.so.0 (libc6,x86-64) => /lib/x86_64-linux-gnu/libvo-aacenc.so.0
	libvisual-0.4.so.0 (libc6,x86-64) => /lib/x86_64-linux-gnu/libvisual-0.4.so.0
	libvisio-0.1.so.1 (libc6,x86-64) => /lib/x86_64-linux-gnu/libvisio-0.1.so.1
	libvidstab.so.1.1 (libc6,x86-64) => /lib/x86_64-linux-gnu/libvidstab.so.1.1
	libvdpau.so.1 (libc6,x86-64) => /lib/x86_64-linux-gnu/libvdpau.so.1
	libva.so.2 (libc6,x86-64) => /lib/x86_64-linux-gnu/libva.so.2
	libva-x11.so.2 (libc6,x86-64) => /lib/x86_64-linux-gnu/libva-x11.so.2
	libva-drm.so.2 (libc6,x86-64) => /lib/x86_64-linux-gnu/libva-drm.so.2
	libuuid.so.1 (libc6,x86-64) => /lib/x86_64-linux-gnu/libuuid.so.1
	libutil.so.1 (libc6,x86-64) => /lib/x86_64-linux-gnu/libutil.so.1
	libutempter.so.0 (libc6,x86-64) => /lib/x86_64-linux-gnu/libutempter.so.0
	libusbmuxd-2.0.so.7 (libc6,x86-64) => /lib/x86_64-linux-gnu/libusbmuxd-2.0.so.7
	libusb-1.0.so.0 (libc6,x86-64) => /lib/x86_64-linux-gnu/libusb-1.0.so.0
	liburiparser.so.1 (libc6,x86-64) => /lib/x86_64-linux-gnu/liburiparser.so.1
	libunwind.so.8 (libc6,x86-64) => /lib/x86_64-linux-gnu/libunwind.so.8
	libunwind-x86_64.so.8 (libc6,x86-64) => /lib/x86_64-linux-gnu/libunwind-x86_64.so.8
	libunwind-ptrace.so.0 (libc6,x86-64) => /lib/x86_64-linux-gnu/libunwind-ptrace.so.0
	libunwind-coredump.so.0 (libc6,x86-64) => /lib/x86_64-linux-gnu/libunwind-coredump.so.0
	libunistring.so.5 (libc6,x86-64) => /lib/x86_64-linux-gnu/libunistring.so.5
	libunibreak.so.6 (libc6,x86-64) => /lib/x86_64-linux-gnu/libunibreak.so.6
	libunbound.so.8 (libc6,x86-64) => /lib/x86_64-linux-gnu/libunbound.so.8
	libumfpack.so.6 (libc6,x86-64) => /lib/x86_64-linux-gnu/libumfpack.so.6
	libudfread.so.0 (libc6,x86-64) => /lib/x86_64-linux-gnu/libudfread.so.0
	libudev.so.1 (libc6,x86-64) => /lib/x86_64-linux-gnu/libudev.so.1
	libuct.so.0 (libc6,x86-64) => /lib/x86_64-linux-gnu/libuct.so.0
	libucs_signal.so.0 (libc6,x86-64) => /lib/x86_64-linux-gnu/libucs_signal.so.0
	libucs.so.0 (libc6,x86-64) => /lib/x86_64-linux-gnu/libucs.so.0
	libucp.so.0 (libc6,x86-64) => /lib/x86_64-linux-gnu/libucp.so.0
	libucm.so.0 (libc6,x86-64) => /lib/x86_64-linux-gnu/libucm.so.0
	libubsan.so.1 (libc6,x86-64) => /lib/x86_64-linux-gnu/libubsan.so.1
	libtwolame.so.0 (libc6,x86-64) => /lib/x86_64-linux-gnu/libtwolame.so.0
	libtsan.so.2 (libc6,x86-64) => /lib/x86_64-linux-gnu/libtsan.so.2
	libts.so.0 (libc6,x86-64) => /lib/x86_64-linux-gnu/libts.so.0
	libtk8.6.so (libc6,x86-64) => /lib/x86_64-linux-gnu/libtk8.6.so
	libtirpc.so.3 (libc6,x86-64) => /lib/x86_64-linux-gnu/libtirpc.so.3
	libtinyxml2.so.11 (libc6,x86-64) => /lib/x86_64-linux-gnu/libtinyxml2.so.11
	libtinfo.so.6 (libc6,x86-64) => /lib/x86_64-linux-gnu/libtinfo.so.6
	libtiff.so.6 (libc6,x86-64) => /lib/x86_64-linux-gnu/libtiff.so.6
	libtic.so.6 (libc6,x86-64) => /lib/x86_64-linux-gnu/libtic.so.6
	libthunarx-3.so.0 (libc6,x86-64) => /lib/x86_64-linux-gnu/libthunarx-3.so.0
	libthread_db.so.1 (libc6,x86-64) => /lib/x86_64-linux-gnu/libthread_db.so.1
	libthread_db.so (libc6,x86-64) => /lib/x86_64-linux-gnu/libthread_db.so
	libtheoraenc.so.1 (libc6,x86-64) => /lib/x86_64-linux-gnu/libtheoraenc.so.1
	libtheoradec.so.1 (libc6,x86-64) => /lib/x86_64-linux-gnu/libtheoradec.so.1
	libtheora.so.0 (libc6,x86-64) => /lib/x86_64-linux-gnu/libtheora.so.0
	libthai.so.0 (libc6,x86-64) => /lib/x86_64-linux-gnu/libthai.so.0
	libtexlua53.so.5 (libc6,x86-64) => /lib/x86_64-linux-gnu/libtexlua53.so.5
	libtesseract.so.5 (libc6,x86-64) => /lib/x86_64-linux-gnu/libtesseract.so.5
	libtdb.so.1 (libc6,x86-64) => /lib/x86_64-linux-gnu/libtdb.so.1
	libtcl8.6.so (libc6,x86-64) => /lib/x86_64-linux-gnu/libtcl8.6.so
	libtbbmalloc_proxy.so.2 (libc6,x86-64) => /lib/x86_64-linux-gnu/libtbbmalloc_proxy.so.2
	libtbbmalloc.so.2 (libc6,x86-64) => /lib/x86_64-linux-gnu/libtbbmalloc.so.2
	libtbbbind_2_5.so.3 (libc6,x86-64) => /lib/x86_64-linux-gnu/libtbbbind_2_5.so.3
	libtbb.so.12 (libc6,x86-64) => /lib/x86_64-linux-gnu/libtbb.so.12
	libtasn1.so.6 (libc6,x86-64) => /lib/x86_64-linux-gnu/libtasn1.so.6
	libtasn1.so (libc6,x86-64) => /lib/x86_64-linux-gnu/libtasn1.so
	libtag.so.2 (libc6,x86-64) => /lib/x86_64-linux-gnu/libtag.so.2
	libsz.so.2 (libc6,x86-64) => /lib/x86_64-linux-gnu/libsz.so.2
	libsystemd.so.0 (libc6,x86-64) => /lib/x86_64-linux-gnu/libsystemd.so.0
	libsynctex.so.2 (libc6,x86-64) => /lib/x86_64-linux-gnu/libsynctex.so.2
	libswscale.so.8 (libc6,x86-64) => /lib/x86_64-linux-gnu/libswscale.so.8
	libswresample.so.5 (libc6,x86-64) => /lib/x86_64-linux-gnu/libswresample.so.5
	libsuitesparseconfig.so.7 (libc6,x86-64) => /lib/x86_64-linux-gnu/libsuitesparseconfig.so.7
	libstdc++.so.6 (libc6,x86-64) => /lib/x86_64-linux-gnu/libstdc++.so.6
	libstartup-notification-1.so.0 (libc6,x86-64) => /lib/x86_64-linux-gnu/libstartup-notification-1.so.0
	libssl3.so (libc6,x86-64) => /lib/x86_64-linux-gnu/libssl3.so
	libssl.so.3 (libc6,x86-64) => /lib/x86_64-linux-gnu/libssl.so.3
	libssl.so (libc6,x86-64) => /lib/x86_64-linux-gnu/libssl.so
	libssh2.so.1 (libc6,x86-64) => /lib/x86_64-linux-gnu/libssh2.so.1
	libssh2.so (libc6,x86-64) => /lib/x86_64-linux-gnu/libssh2.so
	libssh.so.4 (libc6,x86-64) => /lib/x86_64-linux-gnu/libssh.so.4
	libsrtp2.so.1 (libc6,x86-64) => /lib/x86_64-linux-gnu/libsrtp2.so.1
	libsrt-gnutls.so.1.5 (libc6,x86-64) => /lib/x86_64-linux-gnu/libsrt-gnutls.so.1.5
	libsratom-0.so.0 (libc6,x86-64) => /lib/x86_64-linux-gnu/libsratom-0.so.0
	libsqlite3.so.0 (libc6,x86-64) => /lib/x86_64-linux-gnu/libsqlite3.so.0
	libspnav.so.0 (libc6,x86-64) => /lib/libspnav.so.0
	libsphinxbase.so.3 (libc6,x86-64) => /lib/x86_64-linux-gnu/libsphinxbase.so.3
	libsphinxad.so.3 (libc6,x86-64) => /lib/x86_64-linux-gnu/libsphinxad.so.3
	libspeex.so.1 (libc6,x86-64) => /lib/x86_64-linux-gnu/libspeex.so.1
	libspatialite.so.8 (libc6,x86-64) => /lib/x86_64-linux-gnu/libspatialite.so.8
	libspatialindex.so.8 (libc6,x86-64) => /lib/x86_64-linux-gnu/libspatialindex.so.8
	libspandsp.so.2 (libc6,x86-64) => /lib/x86_64-linux-gnu/libspandsp.so.2
	libsoxr.so.0 (libc6,x86-64) => /lib/x86_64-linux-gnu/libsoxr.so.0
	libsox.so.3 (libc6,x86-64) => /lib/x86_64-linux-gnu/libsox.so.3
	libsoup-3.0.so.0 (libc6,x86-64) => /lib/x86_64-linux-gnu/libsoup-3.0.so.0
	libsord-0.so.0 (libc6,x86-64) => /lib/x86_64-linux-gnu/libsord-0.so.0
	libsoftokn3.so (libc6,x86-64) => /lib/x86_64-linux-gnu/libsoftokn3.so
	libsodium.so.23 (libc6,x86-64) => /lib/x86_64-linux-gnu/libsodium.so.23
	libsocket++.so.1 (libc6,x86-64) => /lib/x86_64-linux-gnu/libsocket++.so.1
	libsndfile.so.1 (libc6,x86-64) => /lib/x86_64-linux-gnu/libsndfile.so.1
	libsnappy.so.1 (libc6,x86-64) => /lib/x86_64-linux-gnu/libsnappy.so.1
	libsmime3.so (libc6,x86-64) => /lib/x86_64-linux-gnu/libsmime3.so
	libsmartcols.so.1 (libc6,x86-64) => /lib/x86_64-linux-gnu/libsmartcols.so.1
	libslang.so.2 (libc6,x86-64) => /lib/x86_64-linux-gnu/libslang.so.2
	libsignon-qt6.so.1 (libc6,x86-64) => /lib/x86_64-linux-gnu/libsignon-qt6.so.1
	libsigc-2.0.so.0 (libc6,x86-64) => /lib/x86_64-linux-gnu/libsigc-2.0.so.0
	libsidplay.so.1 (libc6,x86-64) => /lib/x86_64-linux-gnu/libsidplay.so.1
	libshout.so.3 (libc6,x86-64) => /lib/x86_64-linux-gnu/libshout.so.3
	libshine.so.3 (libc6,x86-64) => /lib/x86_64-linux-gnu/libshine.so.3
	libshiboken2.cpython-313-x86_64-linux-gnu.so.5.15 (libc6,x86-64) => /lib/x86_64-linux-gnu/libshiboken2.cpython-313-x86_64-linux-gnu.so.5.15
	libsharpyuv.so.0 (libc6,x86-64) => /lib/x86_64-linux-gnu/libsharpyuv.so.0
	libshaderc.so.1 (libc6,x86-64) => /lib/x86_64-linux-gnu/libshaderc.so.1
	libsframe.so.1 (libc6,x86-64) => /lib/x86_64-linux-gnu/libsframe.so.1
	libserd-0.so.0 (libc6,x86-64) => /lib/x86_64-linux-gnu/libserd-0.so.0
	libsepol.so.2 (libc6,x86-64) => /lib/x86_64-linux-gnu/libsepol.so.2
	libsensors.so.5 (libc6,x86-64) => /lib/x86_64-linux-gnu/libsensors.so.5
	libsemanage.so.2 (libc6,x86-64) => /lib/x86_64-linux-gnu/libsemanage.so.2
	libselinux.so.1 (libc6,x86-64) => /lib/x86_64-linux-gnu/libselinux.so.1
	libsecret-1.so.0 (libc6,x86-64) => /lib/x86_64-linux-gnu/libsecret-1.so.0
	libseccomp.so.2 (libc6,x86-64) => /lib/x86_64-linux-gnu/libseccomp.so.2
	libsbc.so.1 (libc6,x86-64) => /lib/x86_64-linux-gnu/libsbc.so.1
	libsasl2.so.2 (libc6,x86-64) => /lib/x86_64-linux-gnu/libsasl2.so.2
	libsamplerate.so.0 (libc6,x86-64) => /lib/x86_64-linux-gnu/libsamplerate.so.0
	librubberband.so.2 (libc6,x86-64) => /lib/x86_64-linux-gnu/librubberband.so.2
	librttopo.so.1 (libc6,x86-64) => /lib/x86_64-linux-gnu/librttopo.so.1
	librtmp.so.1 (libc6,x86-64) => /lib/x86_64-linux-gnu/librtmp.so.1
	librtmp.so (libc6,x86-64) => /lib/x86_64-linux-gnu/librtmp.so
	librtaudio.so.7 (libc6,x86-64) => /lib/x86_64-linux-gnu/librtaudio.so.7
	librt.so.1 (libc6,x86-64) => /lib/x86_64-linux-gnu/librt.so.1
	librsvg-2.so.2 (libc6,x86-64) => /lib/x86_64-linux-gnu/librsvg-2.so.2
	librom1394.so.0 (libc6,x86-64) => /lib/x86_64-linux-gnu/librom1394.so.0
	librist.so.4 (libc6,x86-64) => /lib/x86_64-linux-gnu/librist.so.4
	libre2.so.11 (libc6,x86-64) => /lib/x86_64-linux-gnu/libre2.so.11
	librevenge-0.0.so.0 (libc6,x86-64) => /lib/x86_64-linux-gnu/librevenge-0.0.so.0
	librevenge-stream-0.0.so.0 (libc6,x86-64) => /lib/x86_64-linux-gnu/librevenge-stream-0.0.so.0
	librevenge-generators-0.0.so.0 (libc6,x86-64) => /lib/x86_64-linux-gnu/librevenge-generators-0.0.so.0
	libresolv.so.2 (libc6,x86-64) => /lib/x86_64-linux-gnu/libresolv.so.2
	libresolv.so (libc6,x86-64) => /lib/x86_64-linux-gnu/libresolv.so
	libreadline.so.8 (libc6,x86-64) => /lib/x86_64-linux-gnu/libreadline.so.8
	librdmacm.so.1 (libc6,x86-64) => /lib/x86_64-linux-gnu/librdmacm.so.1
	libraw1394.so.11 (libc6,x86-64) => /lib/x86_64-linux-gnu/libraw1394.so.11
	libraw_r.so.23 (libc6,x86-64) => /lib/x86_64-linux-gnu/libraw_r.so.23
	libraw.so.23 (libc6,x86-64) => /lib/x86_64-linux-gnu/libraw.so.23
	librav1e.so.0.7 (libc6,x86-64) => /lib/x86_64-linux-gnu/librav1e.so.0.7
	libraqm.so.0 (libc6,x86-64) => /lib/x86_64-linux-gnu/libraqm.so.0
	libraptor2.so.0 (libc6,x86-64) => /lib/x86_64-linux-gnu/libraptor2.so.0
	librabbitmq.so.4 (libc6,x86-64) => /lib/x86_64-linux-gnu/librabbitmq.so.4
	libqwt-qt5.so.6 (libc6,x86-64) => /lib/libqwt-qt5.so.6
	libquadmath.so.0 (libc6,x86-64) => /lib/x86_64-linux-gnu/libquadmath.so.0
	libqt5keychain.so.1 (libc6,x86-64) => /lib/x86_64-linux-gnu/libqt5keychain.so.1
	libqscintilla2_qt5.so.15 (libc6,x86-64) => /lib/x86_64-linux-gnu/libqscintilla2_qt5.so.15
	libqrencode.so.4 (libc6,x86-64) => /lib/x86_64-linux-gnu/libqrencode.so.4
	libqpdf.so.30 (libc6,x86-64) => /lib/x86_64-linux-gnu/libqpdf.so.30
	libqhull_r.so.8.0 (libc6,x86-64) => /lib/x86_64-linux-gnu/libqhull_r.so.8.0
	libqgispython.so.3.40.6 (libc6,x86-64) => /lib/libqgispython.so.3.40.6
	libqgis_3d.so.3.40.6 (libc6,x86-64) => /lib/libqgis_3d.so.3.40.6
	libqgis_server.so.3.40.6 (libc6,x86-64) => /lib/libqgis_server.so.3.40.6
	libqgis_native.so.3.40.6 (libc6,x86-64) => /lib/libqgis_native.so.3.40.6
	libqgis_gui.so.3.40.6 (libc6,x86-64) => /lib/libqgis_gui.so.3.40.6
	libqgis_core.so.3.40.6 (libc6,x86-64) => /lib/libqgis_core.so.3.40.6
	libqgis_app.so.3.40.6 (libc6,x86-64) => /lib/libqgis_app.so.3.40.6
	libqgis_analysis.so.3.40.6 (libc6,x86-64) => /lib/libqgis_analysis.so.3.40.6
	libqca-qt6.so.2 (libc6,x86-64) => /lib/x86_64-linux-gnu/libqca-qt6.so.2
	libqca-qt5.so.2 (libc6,x86-64) => /lib/x86_64-linux-gnu/libqca-qt5.so.2
	libp11-kit.so.0 (libc6,x86-64) => /lib/x86_64-linux-gnu/libp11-kit.so.0
	libp11-kit.so (libc6,x86-64) => /lib/x86_64-linux-gnu/libp11-kit.so
	libpython3.13.so.1.0 (libc6,x86-64) => /lib/x86_64-linux-gnu/libpython3.13.so.1.0
	libpystring.so.0 (libc6,x86-64) => /lib/x86_64-linux-gnu/libpystring.so.0
	libpyside2.cpython-313-x86_64-linux-gnu.so.5.15 (libc6,x86-64) => /lib/x86_64-linux-gnu/libpyside2.cpython-313-x86_64-linux-gnu.so.5.15
	libpulse.so.0 (libc6,x86-64) => /lib/x86_64-linux-gnu/libpulse.so.0
	libpulse-simple.so.0 (libc6,x86-64) => /lib/x86_64-linux-gnu/libpulse-simple.so.0
	libpulse-mainloop-glib.so.0 (libc6,x86-64) => /lib/x86_64-linux-gnu/libpulse-mainloop-glib.so.0
	libpugixml.so.1 (libc6,x86-64) => /lib/x86_64-linux-gnu/libpugixml.so.1
	libpthreadpool.so.0 (libc6,x86-64) => /lib/x86_64-linux-gnu/libpthreadpool.so.0
	libpthread.so.0 (libc6,x86-64) => /lib/x86_64-linux-gnu/libpthread.so.0
	libptexenc.so.1 (libc6,x86-64) => /lib/x86_64-linux-gnu/libptexenc.so.1
	libpsx.so.2 (libc6,x86-64) => /lib/x86_64-linux-gnu/libpsx.so.2
	libpspell.so.15 (libc6,x86-64) => /lib/x86_64-linux-gnu/libpspell.so.15
	libpsm2.so.2 (libc6,x86-64) => /lib/x86_64-linux-gnu/libpsm2.so.2
	libpsl.so.5 (libc6,x86-64) => /lib/x86_64-linux-gnu/libpsl.so.5
	libpsl.so (libc6,x86-64) => /lib/x86_64-linux-gnu/libpsl.so
	libprrte.so.3 (libc6,x86-64) => /lib/x86_64-linux-gnu/libprrte.so.3
	libproxy.so.1 (libc6,x86-64) => /lib/x86_64-linux-gnu/libproxy.so.1
	libprotobuf.so.32 (libc6,x86-64) => /lib/x86_64-linux-gnu/libprotobuf.so.32
	libprotobuf-lite.so.32 (libc6,x86-64) => /lib/x86_64-linux-gnu/libprotobuf-lite.so.32
	libproj.so.25 (libc6,x86-64) => /lib/x86_64-linux-gnu/libproj.so.25
	libproc2.so.0 (libc6,x86-64) => /lib/x86_64-linux-gnu/libproc2.so.0
	libpqWidgets-pv5.13.so.1 (libc6,x86-64) => /lib/x86_64-linux-gnu/libpqWidgets-pv5.13.so.1
	libpqWidgets-pv5.13.so (libc6,x86-64) => /lib/x86_64-linux-gnu/libpqWidgets-pv5.13.so
	libpqPython-pv5.13.so.1 (libc6,x86-64) => /lib/x86_64-linux-gnu/libpqPython-pv5.13.so.1
	libpqPython-pv5.13.so (libc6,x86-64) => /lib/x86_64-linux-gnu/libpqPython-pv5.13.so
	libpqCore-pv5.13.so.1 (libc6,x86-64) => /lib/x86_64-linux-gnu/libpqCore-pv5.13.so.1
	libpqCore-pv5.13.so (libc6,x86-64) => /lib/x86_64-linux-gnu/libpqCore-pv5.13.so
	libpqComponents-pv5.13.so.1 (libc6,x86-64) => /lib/x86_64-linux-gnu/libpqComponents-pv5.13.so.1
	libpqComponents-pv5.13.so (libc6,x86-64) => /lib/x86_64-linux-gnu/libpqComponents-pv5.13.so
	libpqApplicationComponents-pv5.13.so.1 (libc6,x86-64) => /lib/x86_64-linux-gnu/libpqApplicationComponents-pv5.13.so.1
	libpqApplicationComponents-pv5.13.so (libc6,x86-64) => /lib/x86_64-linux-gnu/libpqApplicationComponents-pv5.13.so
	libpq.so.5 (libc6,x86-64) => /lib/x86_64-linux-gnu/libpq.so.5
	libpotrace.so.0 (libc6,x86-64) => /lib/x86_64-linux-gnu/libpotrace.so.0
	libpostproc.so.58 (libc6,x86-64) => /lib/x86_64-linux-gnu/libpostproc.so.58
	libpoppler.so.147 (libc6,x86-64) => /lib/x86_64-linux-gnu/libpoppler.so.147
	libpoppler-glib.so.8 (libc6,x86-64) => /lib/x86_64-linux-gnu/libpoppler-glib.so.8
	libpolkit-qt6-gui-1.so.1 (libc6,x86-64) => /lib/x86_64-linux-gnu/libpolkit-qt6-gui-1.so.1
	libpolkit-qt6-core-1.so.1 (libc6,x86-64) => /lib/x86_64-linux-gnu/libpolkit-qt6-core-1.so.1
	libpolkit-qt6-agent-1.so.1 (libc6,x86-64) => /lib/x86_64-linux-gnu/libpolkit-qt6-agent-1.so.1
	libpolkit-gobject-1.so.0 (libc6,x86-64) => /lib/x86_64-linux-gnu/libpolkit-gobject-1.so.0
	libpolkit-agent-1.so.0 (libc6,x86-64) => /lib/x86_64-linux-gnu/libpolkit-agent-1.so.0
	libpocketsphinx.so.3 (libc6,x86-64) => /lib/x86_64-linux-gnu/libpocketsphinx.so.3
	libpng16.so.16 (libc6,x86-64) => /lib/x86_64-linux-gnu/libpng16.so.16
	libpmix.so.2 (libc6,x86-64) => /lib/x86_64-linux-gnu/libpmix.so.2
	libplist-2.0.so.4 (libc6,x86-64) => /lib/x86_64-linux-gnu/libplist-2.0.so.4
	libplds4.so (libc6,x86-64) => /lib/x86_64-linux-gnu/libplds4.so
	libplc4.so (libc6,x86-64) => /lib/x86_64-linux-gnu/libplc4.so
	libplacebo.so.349 (libc6,x86-64) => /lib/x86_64-linux-gnu/libplacebo.so.349
	libpkgconf.so.3 (libc6,x86-64) => /lib/x86_64-linux-gnu/libpkgconf.so.3
	libpixman-1.so.0 (libc6,x86-64) => /lib/x86_64-linux-gnu/libpixman-1.so.0
	libpipewire-0.3.so.0 (libc6,x86-64) => /lib/x86_64-linux-gnu/libpipewire-0.3.so.0
	libpgm-5.3.so.0 (libc6,x86-64) => /lib/x86_64-linux-gnu/libpgm-5.3.so.0
	libperl.so.5.40 (libc6,x86-64) => /lib/x86_64-linux-gnu/libperl.so.5.40
	libpcsclite_real.so.1 (libc6,x86-64) => /lib/x86_64-linux-gnu/libpcsclite_real.so.1
	libpcsclite.so.1 (libc6,x86-64) => /lib/x86_64-linux-gnu/libpcsclite.so.1
	libpcre2-32.so.0 (libc6,x86-64) => /lib/x86_64-linux-gnu/libpcre2-32.so.0
	libpcre2-32.so (libc6,x86-64) => /lib/x86_64-linux-gnu/libpcre2-32.so
	libpcre2-16.so.0 (libc6,x86-64) => /lib/x86_64-linux-gnu/libpcre2-16.so.0
	libpcre2-16.so (libc6,x86-64) => /lib/x86_64-linux-gnu/libpcre2-16.so
	libpcre2-8.so.0 (libc6,x86-64) => /lib/x86_64-linux-gnu/libpcre2-8.so.0
	libpcre2-8.so (libc6,x86-64) => /lib/x86_64-linux-gnu/libpcre2-8.so
	libpcre2-posix.so.3 (libc6,x86-64) => /lib/x86_64-linux-gnu/libpcre2-posix.so.3
	libpcre2-posix.so (libc6,x86-64) => /lib/x86_64-linux-gnu/libpcre2-posix.so
	libpcprofile.so (libc6,x86-64) => /lib/x86_64-linux-gnu/libpcprofile.so
	libpciaccess.so.0 (libc6,x86-64) => /lib/x86_64-linux-gnu/libpciaccess.so.0
	libpathplan.so.4 (libc6,x86-64) => /lib/x86_64-linux-gnu/libpathplan.so.4
	libpaper.so.2 (libc6,x86-64) => /lib/x86_64-linux-gnu/libpaper.so.2
	libpangoxft-1.0.so.0 (libc6,x86-64) => /lib/x86_64-linux-gnu/libpangoxft-1.0.so.0
	libpangomm-1.4.so.1 (libc6,x86-64) => /lib/x86_64-linux-gnu/libpangomm-1.4.so.1
	libpangoft2-1.0.so.0 (libc6,x86-64) => /lib/x86_64-linux-gnu/libpangoft2-1.0.so.0
	libpangocairo-1.0.so.0 (libc6,x86-64) => /lib/x86_64-linux-gnu/libpangocairo-1.0.so.0
	libpango-1.0.so.0 (libc6,x86-64) => /lib/x86_64-linux-gnu/libpango-1.0.so.0
	libpanelw.so.6 (libc6,x86-64) => /lib/x86_64-linux-gnu/libpanelw.so.6
	libpanel.so.6 (libc6,x86-64) => /lib/x86_64-linux-gnu/libpanel.so.6
	libpamc.so.0 (libc6,x86-64) => /lib/x86_64-linux-gnu/libpamc.so.0
	libpam_misc.so.0 (libc6,x86-64) => /lib/x86_64-linux-gnu/libpam_misc.so.0
	libpam.so.0 (libc6,x86-64) => /lib/x86_64-linux-gnu/libpam.so.0
	liboshmem.so.40 (libc6,x86-64) => /lib/x86_64-linux-gnu/liboshmem.so.40
	libosdGPU.so.3.6.0 (libc6,x86-64) => /lib/x86_64-linux-gnu/libosdGPU.so.3.6.0
	libosdCPU.so.3.6.0 (libc6,x86-64) => /lib/x86_64-linux-gnu/libosdCPU.so.3.6.0
	liborc-0.4.so.0 (libc6,x86-64) => /lib/x86_64-linux-gnu/liborc-0.4.so.0
	liborc-test-0.4.so.0 (libc6,x86-64) => /lib/x86_64-linux-gnu/liborc-test-0.4.so.0
	libopus.so.0 (libc6,x86-64) => /lib/x86_64-linux-gnu/libopus.so.0
	libopenxr_loader.so.1 (libc6,x86-64) => /lib/x86_64-linux-gnu/libopenxr_loader.so.1
	libopenvdb.so.10.0 (libc6,x86-64) => /lib/x86_64-linux-gnu/libopenvdb.so.10.0
	libopenmpt.so.0 (libc6,x86-64) => /lib/x86_64-linux-gnu/libopenmpt.so.0
	libopenjp2.so.7 (libc6,x86-64) => /lib/x86_64-linux-gnu/libopenjp2.so.7
	libopenh264.so.8 (libc6,x86-64) => /lib/x86_64-linux-gnu/libopenh264.so.8
	libopencv_xphoto.so.410 (libc6,x86-64) => /lib/x86_64-linux-gnu/libopencv_xphoto.so.410
	libopencv_xobjdetect.so.410 (libc6,x86-64) => /lib/x86_64-linux-gnu/libopencv_xobjdetect.so.410
	libopencv_ximgproc.so.410 (libc6,x86-64) => /lib/x86_64-linux-gnu/libopencv_ximgproc.so.410
	libopencv_wechat_qrcode.so.410 (libc6,x86-64) => /lib/x86_64-linux-gnu/libopencv_wechat_qrcode.so.410
	libopencv_videoio.so.410 (libc6,x86-64) => /lib/x86_64-linux-gnu/libopencv_videoio.so.410
	libopencv_video.so.410 (libc6,x86-64) => /lib/x86_64-linux-gnu/libopencv_video.so.410
	libopencv_tracking.so.410 (libc6,x86-64) => /lib/x86_64-linux-gnu/libopencv_tracking.so.410
	libopencv_text.so.410 (libc6,x86-64) => /lib/x86_64-linux-gnu/libopencv_text.so.410
	libopencv_surface_matching.so.410 (libc6,x86-64) => /lib/x86_64-linux-gnu/libopencv_surface_matching.so.410
	libopencv_structured_light.so.410 (libc6,x86-64) => /lib/x86_64-linux-gnu/libopencv_structured_light.so.410
	libopencv_stereo.so.410 (libc6,x86-64) => /lib/x86_64-linux-gnu/libopencv_stereo.so.410
	libopencv_signal.so.410 (libc6,x86-64) => /lib/x86_64-linux-gnu/libopencv_signal.so.410
	libopencv_saliency.so.410 (libc6,x86-64) => /lib/x86_64-linux-gnu/libopencv_saliency.so.410
	libopencv_rgbd.so.410 (libc6,x86-64) => /lib/x86_64-linux-gnu/libopencv_rgbd.so.410
	libopencv_reg.so.410 (libc6,x86-64) => /lib/x86_64-linux-gnu/libopencv_reg.so.410
	libopencv_rapid.so.410 (libc6,x86-64) => /lib/x86_64-linux-gnu/libopencv_rapid.so.410
	libopencv_quality.so.410 (libc6,x86-64) => /lib/x86_64-linux-gnu/libopencv_quality.so.410
	libopencv_plot.so.410 (libc6,x86-64) => /lib/x86_64-linux-gnu/libopencv_plot.so.410
	libopencv_phase_unwrapping.so.410 (libc6,x86-64) => /lib/x86_64-linux-gnu/libopencv_phase_unwrapping.so.410
	libopencv_optflow.so.410 (libc6,x86-64) => /lib/x86_64-linux-gnu/libopencv_optflow.so.410
	libopencv_objdetect.so.410 (libc6,x86-64) => /lib/x86_64-linux-gnu/libopencv_objdetect.so.410
	libopencv_ml.so.410 (libc6,x86-64) => /lib/x86_64-linux-gnu/libopencv_ml.so.410
	libopencv_mcc.so.410 (libc6,x86-64) => /lib/x86_64-linux-gnu/libopencv_mcc.so.410
	libopencv_line_descriptor.so.410 (libc6,x86-64) => /lib/x86_64-linux-gnu/libopencv_line_descriptor.so.410
	libopencv_intensity_transform.so.410 (libc6,x86-64) => /lib/x86_64-linux-gnu/libopencv_intensity_transform.so.410
	libopencv_imgproc.so.410 (libc6,x86-64) => /lib/x86_64-linux-gnu/libopencv_imgproc.so.410
	libopencv_imgcodecs.so.410 (libc6,x86-64) => /lib/x86_64-linux-gnu/libopencv_imgcodecs.so.410
	libopencv_img_hash.so.410 (libc6,x86-64) => /lib/x86_64-linux-gnu/libopencv_img_hash.so.410
	libopencv_highgui.so.410 (libc6,x86-64) => /lib/x86_64-linux-gnu/libopencv_highgui.so.410
	libopencv_hfs.so.410 (libc6,x86-64) => /lib/x86_64-linux-gnu/libopencv_hfs.so.410
	libopencv_hdf.so.410 (libc6,x86-64) => /lib/x86_64-linux-gnu/libopencv_hdf.so.410
	libopencv_fuzzy.so.410 (libc6,x86-64) => /lib/x86_64-linux-gnu/libopencv_fuzzy.so.410
	libopencv_freetype.so.410 (libc6,x86-64) => /lib/x86_64-linux-gnu/libopencv_freetype.so.410
	libopencv_flann.so.410 (libc6,x86-64) => /lib/x86_64-linux-gnu/libopencv_flann.so.410
	libopencv_features2d.so.410 (libc6,x86-64) => /lib/x86_64-linux-gnu/libopencv_features2d.so.410
	libopencv_face.so.410 (libc6,x86-64) => /lib/x86_64-linux-gnu/libopencv_face.so.410
	libopencv_dpm.so.410 (libc6,x86-64) => /lib/x86_64-linux-gnu/libopencv_dpm.so.410
	libopencv_dnn_superres.so.410 (libc6,x86-64) => /lib/x86_64-linux-gnu/libopencv_dnn_superres.so.410
	libopencv_dnn_objdetect.so.410 (libc6,x86-64) => /lib/x86_64-linux-gnu/libopencv_dnn_objdetect.so.410
	libopencv_dnn.so.410 (libc6,x86-64) => /lib/x86_64-linux-gnu/libopencv_dnn.so.410
	libopencv_datasets.so.410 (libc6,x86-64) => /lib/x86_64-linux-gnu/libopencv_datasets.so.410
	libopencv_cvv.so.410 (libc6,x86-64) => /lib/x86_64-linux-gnu/libopencv_cvv.so.410
	libopencv_core.so.410 (libc6,x86-64) => /lib/x86_64-linux-gnu/libopencv_core.so.410
	libopencv_ccalib.so.410 (libc6,x86-64) => /lib/x86_64-linux-gnu/libopencv_ccalib.so.410
	libopencv_calib3d.so.410 (libc6,x86-64) => /lib/x86_64-linux-gnu/libopencv_calib3d.so.410
	libopencv_bioinspired.so.410 (libc6,x86-64) => /lib/x86_64-linux-gnu/libopencv_bioinspired.so.410
	libopencv_bgsegm.so.410 (libc6,x86-64) => /lib/x86_64-linux-gnu/libopencv_bgsegm.so.410
	libopencv_aruco.so.410 (libc6,x86-64) => /lib/x86_64-linux-gnu/libopencv_aruco.so.410
	libopencv_alphamat.so.410 (libc6,x86-64) => /lib/x86_64-linux-gnu/libopencv_alphamat.so.410
	libopencsg.so.1 (libc6,x86-64) => /lib/x86_64-linux-gnu/libopencsg.so.1
	libopencore-amrwb.so.0 (libc6,x86-64) => /lib/x86_64-linux-gnu/libopencore-amrwb.so.0
	libopencore-amrnb.so.0 (libc6,x86-64) => /lib/x86_64-linux-gnu/libopencore-amrnb.so.0
	libopenal.so.1 (libc6,x86-64) => /lib/x86_64-linux-gnu/libopenal.so.1
	libopen-pal.so.80 (libc6,x86-64) => /lib/x86_64-linux-gnu/libopen-pal.so.80
	libopcodes-2.44-system.so (libc6,x86-64) => /lib/x86_64-linux-gnu/libopcodes-2.44-system.so
	libonnxruntime_providers_shared.so (libc6,x86-64) => /lib/x86_64-linux-gnu/libonnxruntime_providers_shared.so
	libonnxruntime_providers_dnnl.so (libc6,x86-64) => /lib/x86_64-linux-gnu/libonnxruntime_providers_dnnl.so
	libonnxruntime.so.1.21 (libc6,x86-64) => /lib/x86_64-linux-gnu/libonnxruntime.so.1.21
	libonnx_proto.so.1 (libc6,x86-64) => /lib/x86_64-linux-gnu/libonnx_proto.so.1
	libonnx.so.1 (libc6,x86-64) => /lib/x86_64-linux-gnu/libonnx.so.1
	libonig.so.5 (libc6,x86-64) => /lib/x86_64-linux-gnu/libonig.so.5
	libogg.so.0 (libc6,x86-64) => /lib/x86_64-linux-gnu/libogg.so.0
	libogdi.so.4.1 (libc6,x86-64) => /lib/x86_64-linux-gnu/libogdi.so.4.1
	libofstd.so.19 (libc6,x86-64) => /lib/x86_64-linux-gnu/libofstd.so.19
	liboflog.so.19 (libc6,x86-64) => /lib/x86_64-linux-gnu/liboflog.so.19
	liboficonv.so.19 (libc6,x86-64) => /lib/x86_64-linux-gnu/liboficonv.so.19
	libodbcinst.so.2 (libc6,x86-64) => /lib/x86_64-linux-gnu/libodbcinst.so.2
	libodbc.so.2 (libc6,x86-64) => /lib/x86_64-linux-gnu/libodbc.so.2
	libnuma.so.1 (libc6,x86-64) => /lib/x86_64-linux-gnu/libnuma.so.1
	libnss3.so (libc6,x86-64) => /lib/x86_64-linux-gnu/libnss3.so
	libnssutil3.so (libc6,x86-64) => /lib/x86_64-linux-gnu/libnssutil3.so
	libnssdbm3.so (libc6,x86-64) => /lib/x86_64-linux-gnu/libnssdbm3.so
	libnssckbi.so (libc6,x86-64) => /lib/x86_64-linux-gnu/libnssckbi.so
	libnss_hesiod.so.2 (libc6,x86-64) => /lib/x86_64-linux-gnu/libnss_hesiod.so.2
	libnss_hesiod.so (libc6,x86-64) => /lib/x86_64-linux-gnu/libnss_hesiod.so
	libnss_files.so.2 (libc6,x86-64) => /lib/x86_64-linux-gnu/libnss_files.so.2
	libnss_dns.so.2 (libc6,x86-64) => /lib/x86_64-linux-gnu/libnss_dns.so.2
	libnss_compat.so.2 (libc6,x86-64) => /lib/x86_64-linux-gnu/libnss_compat.so.2
	libnss_compat.so (libc6,x86-64) => /lib/x86_64-linux-gnu/libnss_compat.so
	libnspr4.so (libc6,x86-64) => /lib/x86_64-linux-gnu/libnspr4.so
	libnsl.so.1 (libc6,x86-64) => /lib/x86_64-linux-gnu/libnsl.so.1
	libnpth.so.0 (libc6,x86-64) => /lib/x86_64-linux-gnu/libnpth.so.0
	libnotify.so.4 (libc6,x86-64) => /lib/x86_64-linux-gnu/libnotify.so.4
	libnorm.so.1 (libc6,x86-64) => /lib/x86_64-linux-gnu/libnorm.so.1
	libnng.so.1 (libc6,x86-64) => /lib/x86_64-linux-gnu/libnng.so.1
	libnl-3.so.200 (libc6,x86-64) => /lib/x86_64-linux-gnu/libnl-3.so.200
	libnl-route-3.so.200 (libc6,x86-64) => /lib/x86_64-linux-gnu/libnl-route-3.so.200
	libnice.so.10 (libc6,x86-64) => /lib/x86_64-linux-gnu/libnice.so.10
	libngtcp2_crypto_gnutls.so.8 (libc6,x86-64) => /lib/x86_64-linux-gnu/libngtcp2_crypto_gnutls.so.8
	libngtcp2.so.16 (libc6,x86-64) => /lib/x86_64-linux-gnu/libngtcp2.so.16
	libngspice.so.0 (libc6,x86-64) => /lib/x86_64-linux-gnu/libngspice.so.0
	libnghttp3.so.9 (libc6,x86-64) => /lib/x86_64-linux-gnu/libnghttp3.so.9
	libnghttp3.so (libc6,x86-64) => /lib/x86_64-linux-gnu/libnghttp3.so
	libnghttp2.so.14 (libc6,x86-64) => /lib/x86_64-linux-gnu/libnghttp2.so.14
	libnghttp2.so (libc6,x86-64) => /lib/x86_64-linux-gnu/libnghttp2.so
	libnftnl.so.11 (libc6,x86-64) => /lib/x86_64-linux-gnu/libnftnl.so.11
	libnfnetlink.so.0 (libc6,x86-64) => /lib/x86_64-linux-gnu/libnfnetlink.so.0
	libnettle.so.8 (libc6,x86-64) => /lib/x86_64-linux-gnu/libnettle.so.8
	libnettle.so (libc6,x86-64) => /lib/x86_64-linux-gnu/libnettle.so
	libnetfilter_conntrack.so.3 (libc6,x86-64) => /lib/x86_64-linux-gnu/libnetfilter_conntrack.so.3
	libnetcdf.so.22 (libc6,x86-64) => /lib/x86_64-linux-gnu/libnetcdf.so.22
	libneon.so.27 (libc6,x86-64) => /lib/x86_64-linux-gnu/libneon.so.27
	libncursesw.so.6 (libc6,x86-64) => /lib/x86_64-linux-gnu/libncursesw.so.6
	libncurses.so.6 (libc6,x86-64) => /lib/x86_64-linux-gnu/libncurses.so.6
	libmysofa.so.1 (libc6,x86-64) => /lib/x86_64-linux-gnu/libmysofa.so.1
	libmypaint-1.5.so.1 (libc6,x86-64) => /lib/x86_64-linux-gnu/libmypaint-1.5.so.1
	libmvec.so.1 (libc6,x86-64) => /lib/x86_64-linux-gnu/libmvec.so.1
	libmvec.so (libc6,x86-64) => /lib/x86_64-linux-gnu/libmvec.so
	libmunge.so.2 (libc6,x86-64) => /lib/x86_64-linux-gnu/libmunge.so.2
	libmtdev.so.1 (libc6,x86-64) => /lib/x86_64-linux-gnu/libmtdev.so.1
	libmp3lame.so.0 (libc6,x86-64) => /lib/x86_64-linux-gnu/libmp3lame.so.0
	libmplex2-2.1.so.0 (libc6,x86-64) => /lib/x86_64-linux-gnu/libmplex2-2.1.so.0
	libmpi_usempif08.so.40 (libc6,x86-64) => /lib/x86_64-linux-gnu/libmpi_usempif08.so.40
	libmpi_usempif08-gfortran.so.40 (libc6,x86-64) => /lib/x86_64-linux-gnu/libmpi_usempif08-gfortran.so.40
	libmpi_usempi_ignore_tkr.so.40 (libc6,x86-64) => /lib/x86_64-linux-gnu/libmpi_usempi_ignore_tkr.so.40
	libmpi_usempi_ignore_tkr-gfortran.so.40 (libc6,x86-64) => /lib/x86_64-linux-gnu/libmpi_usempi_ignore_tkr-gfortran.so.40
	libmpi_mpifh.so.40 (libc6,x86-64) => /lib/x86_64-linux-gnu/libmpi_mpifh.so.40
	libmpi_mpifh-gfortran.so.40 (libc6,x86-64) => /lib/x86_64-linux-gnu/libmpi_mpifh-gfortran.so.40
	libmpi_java.so.40 (libc6,x86-64) => /lib/x86_64-linux-gnu/libmpi_java.so.40
	libmpi.so.40 (libc6,x86-64) => /lib/x86_64-linux-gnu/libmpi.so.40
	libmpg123.so.0 (libc6,x86-64) => /lib/x86_64-linux-gnu/libmpg123.so.0
	libmpfr.so.6 (libc6,x86-64) => /lib/x86_64-linux-gnu/libmpfr.so.6
	libmpfi.so.0 (libc6,x86-64) => /lib/x86_64-linux-gnu/libmpfi.so.0
	libmpeg2encpp-2.1.so.0 (libc6,x86-64) => /lib/x86_64-linux-gnu/libmpeg2encpp-2.1.so.0
	libmpeg2convert.so.0 (libc6,x86-64) => /lib/x86_64-linux-gnu/libmpeg2convert.so.0
	libmpeg2.so.0 (libc6,x86-64) => /lib/x86_64-linux-gnu/libmpeg2.so.0
	libmpcdec.so.6 (libc6,x86-64) => /lib/x86_64-linux-gnu/libmpcdec.so.6
	libmpc.so.3 (libc6,x86-64) => /lib/x86_64-linux-gnu/libmpc.so.3
	libmovit.so.8 (libc6,x86-64) => /lib/x86_64-linux-gnu/libmovit.so.8
	libmousepad.so.0 (libc6,x86-64) => /lib/x86_64-linux-gnu/libmousepad.so.0
	libmount.so.1 (libc6,x86-64) => /lib/x86_64-linux-gnu/libmount.so.1
	libmodplug.so.1 (libc6,x86-64) => /lib/x86_64-linux-gnu/libmodplug.so.1
	libmnl.so.0 (libc6,x86-64) => /lib/x86_64-linux-gnu/libmnl.so.0
	libmng.so.1 (libc6,x86-64) => /lib/x86_64-linux-gnu/libmng.so.1
	libmms.so.0 (libc6,x86-64) => /lib/x86_64-linux-gnu/libmms.so.0
	libmlx5.so.1 (libc6,x86-64) => /lib/x86_64-linux-gnu/libmlx5.so.1
	libmlx4.so.1 (libc6,x86-64) => /lib/x86_64-linux-gnu/libmlx4.so.1
	libmlt-7.so.7 (libc6,x86-64) => /lib/x86_64-linux-gnu/libmlt-7.so.7
	libmlt++-7.so.7 (libc6,x86-64) => /lib/x86_64-linux-gnu/libmlt++-7.so.7
	libmjpegutils-2.1.so.0 (libc6,x86-64) => /lib/x86_64-linux-gnu/libmjpegutils-2.1.so.0
	libminizip.so.1 (libc6,x86-64) => /lib/x86_64-linux-gnu/libminizip.so.1
	libmfhdfalt.so.0 (libc6,x86-64) => /lib/x86_64-linux-gnu/libmfhdfalt.so.0
	libmetis.so.5 (libc6,x86-64) => /lib/x86_64-linux-gnu/libmetis.so.5
	libmenuw.so.6 (libc6,x86-64) => /lib/x86_64-linux-gnu/libmenuw.so.6
	libmenu.so.6 (libc6,x86-64) => /lib/x86_64-linux-gnu/libmenu.so.6
	libmemusage.so (libc6,x86-64) => /lib/x86_64-linux-gnu/libmemusage.so
	libmediainfo.so.0 (libc6,x86-64) => /lib/x86_64-linux-gnu/libmediainfo.so.0
	libmedC.so.11 (libc6,x86-64) => /lib/x86_64-linux-gnu/libmedC.so.11
	libmd4c.so.0 (libc6,x86-64) => /lib/x86_64-linux-gnu/libmd4c.so.0
	libmd.so.0 (libc6,x86-64) => /lib/x86_64-linux-gnu/libmd.so.0
	libmbedx509.so.7 (libc6,x86-64) => /lib/x86_64-linux-gnu/libmbedx509.so.7
	libmbedtls.so.21 (libc6,x86-64) => /lib/x86_64-linux-gnu/libmbedtls.so.21
	libmbedcrypto.so.16 (libc6,x86-64) => /lib/x86_64-linux-gnu/libmbedcrypto.so.16
	libmariadb.so.3 (libc6,x86-64) => /lib/x86_64-linux-gnu/libmariadb.so.3
	libmana.so.1 (libc6,x86-64) => /lib/x86_64-linux-gnu/libmana.so.1
	libmagic.so.1 (libc6,x86-64) => /lib/x86_64-linux-gnu/libmagic.so.1
	libm.so.6 (libc6,x86-64) => /lib/x86_64-linux-gnu/libm.so.6
	liblz4.so.1 (libc6,x86-64) => /lib/x86_64-linux-gnu/liblz4.so.1
	liblzma.so.5 (libc6,x86-64) => /lib/x86_64-linux-gnu/liblzma.so.5
	liblua5.4.so.0 (libc6,x86-64) => /lib/x86_64-linux-gnu/liblua5.4.so.0
	liblua5.4-c++.so.0 (libc6,x86-64) => /lib/x86_64-linux-gnu/liblua5.4-c++.so.0
	libltdl.so.7 (libc6,x86-64) => /lib/x86_64-linux-gnu/libltdl.so.7
	libltc.so.11 (libc6,x86-64) => /lib/x86_64-linux-gnu/libltc.so.11
	liblsof.so.0 (libc6,x86-64) => /lib/x86_64-linux-gnu/liblsof.so.0
	liblsan.so.0 (libc6,x86-64) => /lib/x86_64-linux-gnu/liblsan.so.0
	liblrdf.so.0 (libc6,x86-64) => /lib/x86_64-linux-gnu/liblrdf.so.0
	liblqr-1.so.0 (libc6,x86-64) => /lib/x86_64-linux-gnu/liblqr-1.so.0
	liblog4cplus-2.0.so.3 (libc6,x86-64) => /lib/x86_64-linux-gnu/liblog4cplus-2.0.so.3
	liblilv-0.so.0 (libc6,x86-64) => /lib/x86_64-linux-gnu/liblilv-0.so.0
	libleptonica.so.6 (libc6,x86-64) => /lib/x86_64-linux-gnu/libleptonica.so.6
	libldap.so.2 (libc6,x86-64) => /lib/x86_64-linux-gnu/libldap.so.2
	libldap.so (libc6,x86-64) => /lib/x86_64-linux-gnu/libldap.so
	libldacBT_enc.so.2 (libc6,x86-64) => /lib/x86_64-linux-gnu/libldacBT_enc.so.2
	liblc3.so.1 (libc6,x86-64) => /lib/x86_64-linux-gnu/liblc3.so.1
	liblcms2.so.2 (libc6,x86-64) => /lib/x86_64-linux-gnu/liblcms2.so.2
	liblber.so.2 (libc6,x86-64) => /lib/x86_64-linux-gnu/liblber.so.2
	liblber.so (libc6,x86-64) => /lib/x86_64-linux-gnu/liblber.so
	liblastlog2.so.2 (libc6,x86-64) => /lib/x86_64-linux-gnu/liblastlog2.so.2
	liblapack.so.3 (libc6,x86-64) => /lib/x86_64-linux-gnu/liblapack.so.3
	liblab_gamut.so.1 (libc6,x86-64) => /lib/x86_64-linux-gnu/liblab_gamut.so.1
	libk5crypto.so.3 (libc6,x86-64) => /lib/x86_64-linux-gnu/libk5crypto.so.3
	libk5crypto.so (libc6,x86-64) => /lib/x86_64-linux-gnu/libk5crypto.so
	libkuriikwsfiltereng_private.so (libc6,x86-64) => /lib/x86_64-linux-gnu/libkuriikwsfiltereng_private.so
	libksba.so.8 (libc6,x86-64) => /lib/x86_64-linux-gnu/libksba.so.8
	libkrb5support.so.0 (libc6,x86-64) => /lib/x86_64-linux-gnu/libkrb5support.so.0
	libkrb5support.so (libc6,x86-64) => /lib/x86_64-linux-gnu/libkrb5support.so
	libkrb5.so.3 (libc6,x86-64) => /lib/x86_64-linux-gnu/libkrb5.so.3
	libkrb5.so (libc6,x86-64) => /lib/x86_64-linux-gnu/libkrb5.so
	libkpathsea.so.6 (libc6,x86-64) => /lib/x86_64-linux-gnu/libkpathsea.so.6
	libkmod.so.2 (libc6,x86-64) => /lib/x86_64-linux-gnu/libkmod.so.2
	libkmlengine.so.1 (libc6,x86-64) => /lib/x86_64-linux-gnu/libkmlengine.so.1
	libkmldom.so.1 (libc6,x86-64) => /lib/x86_64-linux-gnu/libkmldom.so.1
	libkmlbase.so.1 (libc6,x86-64) => /lib/x86_64-linux-gnu/libkmlbase.so.1
	libkigal.so.9.0.2 (libc6,x86-64) => /lib/x86_64-linux-gnu/libkigal.so.9.0.2
	libkigal.so (libc6,x86-64) => /lib/x86_64-linux-gnu/libkigal.so
	libkicommon.so.9.0.2 (libc6,x86-64) => /lib/x86_64-linux-gnu/libkicommon.so.9.0.2
	libkicommon.so (libc6,x86-64) => /lib/x86_64-linux-gnu/libkicommon.so
	libkicad_3dsg.so.2.0.0 (libc6,x86-64) => /lib/x86_64-linux-gnu/libkicad_3dsg.so.2.0.0
	libkicad_3dsg.so (libc6,x86-64) => /lib/x86_64-linux-gnu/libkicad_3dsg.so
	libkiapi.so.9.0.2 (libc6,x86-64) => /lib/x86_64-linux-gnu/libkiapi.so.9.0.2
	libkiapi.so (libc6,x86-64) => /lib/x86_64-linux-gnu/libkiapi.so
	libkeyutils.so.1 (libc6,x86-64) => /lib/x86_64-linux-gnu/libkeyutils.so.1
	libkeybinder-3.0.so.0 (libc6,x86-64) => /lib/x86_64-linux-gnu/libkeybinder-3.0.so.0
	libkdecorations3private.so.2 (libc6,x86-64) => /lib/x86_64-linux-gnu/libkdecorations3private.so.2
	libkdecorations3.so.6 (libc6,x86-64) => /lib/x86_64-linux-gnu/libkdecorations3.so.6
	libkdb5.so.10 (libc6,x86-64) => /lib/x86_64-linux-gnu/libkdb5.so.10
	libkdb5.so (libc6,x86-64) => /lib/x86_64-linux-gnu/libkdb5.so
	libkadm5srv_mit.so.12 (libc6,x86-64) => /lib/x86_64-linux-gnu/libkadm5srv_mit.so.12
	libkadm5srv_mit.so (libc6,x86-64) => /lib/x86_64-linux-gnu/libkadm5srv_mit.so
	libkadm5clnt_mit.so.12 (libc6,x86-64) => /lib/x86_64-linux-gnu/libkadm5clnt_mit.so.12
	libkadm5clnt_mit.so (libc6,x86-64) => /lib/x86_64-linux-gnu/libkadm5clnt_mit.so
	libkaccounts6.so.2 (libc6,x86-64) => /lib/x86_64-linux-gnu/libkaccounts6.so.2
	libjxrglue.so.0 (libc6,x86-64) => /lib/x86_64-linux-gnu/libjxrglue.so.0
	libjxl_threads.so.0.11 (libc6,x86-64) => /lib/x86_64-linux-gnu/libjxl_threads.so.0.11
	libjxl_cms.so.0.11 (libc6,x86-64) => /lib/x86_64-linux-gnu/libjxl_cms.so.0.11
	libjxl.so.0.11 (libc6,x86-64) => /lib/x86_64-linux-gnu/libjxl.so.0.11
	libjsoncpp.so.26 (libc6,x86-64) => /lib/x86_64-linux-gnu/libjsoncpp.so.26
	libjson-glib-1.0.so.0 (libc6,x86-64) => /lib/x86_64-linux-gnu/libjson-glib-1.0.so.0
	libjson-c.so.5 (libc6,x86-64) => /lib/x86_64-linux-gnu/libjson-c.so.5
	libjq.so.1 (libc6,x86-64) => /lib/x86_64-linux-gnu/libjq.so.1
	libjpegxr.so.0 (libc6,x86-64) => /lib/x86_64-linux-gnu/libjpegxr.so.0
	libjpeg.so.62 (libc6,x86-64) => /lib/x86_64-linux-gnu/libjpeg.so.62
	libjemalloc.so.2 (libc6,x86-64) => /lib/x86_64-linux-gnu/libjemalloc.so.2
	libjbig2dec.so.0 (libc6,x86-64) => /lib/x86_64-linux-gnu/libjbig2dec.so.0
	libjbig.so.0 (libc6,x86-64) => /lib/x86_64-linux-gnu/libjbig.so.0
	libjansson.so.4 (libc6,x86-64) => /lib/x86_64-linux-gnu/libjansson.so.4
	libjackserver.so.0 (libc6,x86-64) => /lib/x86_64-linux-gnu/libjackserver.so.0
	libjacknet.so.0 (libc6,x86-64) => /lib/x86_64-linux-gnu/libjacknet.so.0
	libjack.so.0 (libc6,x86-64) => /lib/x86_64-linux-gnu/libjack.so.0
	libi2d.so.19 (libc6,x86-64) => /lib/x86_64-linux-gnu/libi2d.so.19
	libitm.so.1 (libc6,x86-64) => /lib/x86_64-linux-gnu/libitm.so.1
	libisl.so.23 (libc6,x86-64) => /lib/x86_64-linux-gnu/libisl.so.23
	libip6tc.so.2 (libc6,x86-64) => /lib/x86_64-linux-gnu/libip6tc.so.2
	libip4tc.so.2 (libc6,x86-64) => /lib/x86_64-linux-gnu/libip4tc.so.2
	libinstpatch-1.0.so.2 (libc6,x86-64) => /lib/x86_64-linux-gnu/libinstpatch-1.0.so.2
	libinput.so.10 (libc6,x86-64) => /lib/x86_64-linux-gnu/libinput.so.10
	libinih.so.1 (libc6,x86-64) => /lib/x86_64-linux-gnu/libinih.so.1
	libimobiledevice-1.0.so.6 (libc6,x86-64) => /lib/x86_64-linux-gnu/libimobiledevice-1.0.so.6
	libimobiledevice-glue-1.0.so.0 (libc6,x86-64) => /lib/x86_64-linux-gnu/libimobiledevice-glue-1.0.so.0
	libimagequant.so.0 (libc6,x86-64) => /lib/x86_64-linux-gnu/libimagequant.so.0
	libijs-0.35.so (libc6,x86-64) => /lib/x86_64-linux-gnu/libijs-0.35.so
	libijg16.so.19 (libc6,x86-64) => /lib/x86_64-linux-gnu/libijg16.so.19
	libijg12.so.19 (libc6,x86-64) => /lib/x86_64-linux-gnu/libijg12.so.19
	libijg8.so.19 (libc6,x86-64) => /lib/x86_64-linux-gnu/libijg8.so.19
	libiec61883.so.0 (libc6,x86-64) => /lib/x86_64-linux-gnu/libiec61883.so.0
	libidn2.so.0 (libc6,x86-64) => /lib/x86_64-linux-gnu/libidn2.so.0
	libidn2.so (libc6,x86-64) => /lib/x86_64-linux-gnu/libidn2.so
	libidn.so.12 (libc6,x86-64) => /lib/x86_64-linux-gnu/libidn.so.12
	libicuuc.so.76 (libc6,x86-64) => /lib/x86_64-linux-gnu/libicuuc.so.76
	libicutu.so.76 (libc6,x86-64) => /lib/x86_64-linux-gnu/libicutu.so.76
	libicutest.so.76 (libc6,x86-64) => /lib/x86_64-linux-gnu/libicutest.so.76
	libicui18n.so.76 (libc6,x86-64) => /lib/x86_64-linux-gnu/libicui18n.so.76
	libicuio.so.76 (libc6,x86-64) => /lib/x86_64-linux-gnu/libicuio.so.76
	libicudata.so.76 (libc6,x86-64) => /lib/x86_64-linux-gnu/libicudata.so.76
	libibverbs.so.1 (libc6,x86-64) => /lib/x86_64-linux-gnu/libibverbs.so.1
	libibumad.so.3 (libc6,x86-64) => /lib/x86_64-linux-gnu/libibumad.so.3
	libibmad.so.5 (libc6,x86-64) => /lib/x86_64-linux-gnu/libibmad.so.5
	libhwy_test.so.1 (libc6,x86-64) => /lib/x86_64-linux-gnu/libhwy_test.so.1
	libhwy_contrib.so.1 (libc6,x86-64) => /lib/x86_64-linux-gnu/libhwy_contrib.so.1
	libhwy.so.1 (libc6,x86-64) => /lib/x86_64-linux-gnu/libhwy.so.1
	libhwloc.so.15 (libc6,x86-64) => /lib/x86_64-linux-gnu/libhwloc.so.15
	libhwasan.so.0 (libc6,x86-64) => /lib/x86_64-linux-gnu/libhwasan.so.0
	libhunspell-1.7.so.0 (libc6,x86-64) => /lib/x86_64-linux-gnu/libhunspell-1.7.so.0
	libhttp_parser.so.2.9 (libc6,x86-64) => /lib/x86_64-linux-gnu/libhttp_parser.so.2.9
	libhsakmt.so.1 (libc6,x86-64) => /lib/x86_64-linux-gnu/libhsakmt.so.1
	libhsa-runtime64.so.1 (libc6,x86-64) => /lib/x86_64-linux-gnu/libhsa-runtime64.so.1
	libhogweed.so.6 (libc6,x86-64) => /lib/x86_64-linux-gnu/libhogweed.so.6
	libhogweed.so (libc6,x86-64) => /lib/x86_64-linux-gnu/libhogweed.so
	libhns.so.1 (libc6,x86-64) => /lib/x86_64-linux-gnu/libhns.so.1
	libhistory.so.8 (libc6,x86-64) => /lib/x86_64-linux-gnu/libhistory.so.8
	libheif.so.1 (libc6,x86-64) => /lib/x86_64-linux-gnu/libheif.so.1
	libhdf5_serial_hl.so.310 (libc6,x86-64) => /lib/x86_64-linux-gnu/libhdf5_serial_hl.so.310
	libhdf5_serial.so.310 (libc6,x86-64) => /lib/x86_64-linux-gnu/libhdf5_serial.so.310
	libhdf5_openmpi_hl.so.310 (libc6,x86-64) => /lib/x86_64-linux-gnu/libhdf5_openmpi_hl.so.310
	libhdf5_openmpi.so.310 (libc6,x86-64) => /lib/x86_64-linux-gnu/libhdf5_openmpi.so.310
	libharfbuzz.so.0 (libc6,x86-64) => /lib/x86_64-linux-gnu/libharfbuzz.so.0
	libharfbuzz-subset.so.0 (libc6,x86-64) => /lib/x86_64-linux-gnu/libharfbuzz-subset.so.0
	libharfbuzz-gobject.so.0 (libc6,x86-64) => /lib/x86_64-linux-gnu/libharfbuzz-gobject.so.0
	libgvpr.so.2 (libc6,x86-64) => /lib/x86_64-linux-gnu/libgvpr.so.2
	libgvc.so.6 (libc6,x86-64) => /lib/x86_64-linux-gnu/libgvc.so.6
	libgupnp-1.6.so.0 (libc6,x86-64) => /lib/x86_64-linux-gnu/libgupnp-1.6.so.0
	libgupnp-igd-1.6.so.0 (libc6,x86-64) => /lib/x86_64-linux-gnu/libgupnp-igd-1.6.so.0
	libgudev-1.0.so.0 (libc6,x86-64) => /lib/x86_64-linux-gnu/libgudev-1.0.so.0
	libgts-0.7.so.5 (libc6,x86-64) => /lib/x86_64-linux-gnu/libgts-0.7.so.5
	libgtop-2.0.so.11 (libc6,x86-64) => /lib/x86_64-linux-gnu/libgtop-2.0.so.11
	libgtksourceview-4.so.0 (libc6,x86-64) => /lib/x86_64-linux-gnu/libgtksourceview-4.so.0
	libgtkmm-3.0.so.1 (libc6,x86-64) => /lib/x86_64-linux-gnu/libgtkmm-3.0.so.1
	libgtk-3.so.0 (libc6,x86-64) => /lib/x86_64-linux-gnu/libgtk-3.so.0
	libgtk-layer-shell.so.0 (libc6,x86-64) => /lib/x86_64-linux-gnu/libgtk-layer-shell.so.0
	libgthread-2.0.so.0 (libc6,x86-64) => /lib/x86_64-linux-gnu/libgthread-2.0.so.0
	libgstwebrtcnice-1.0.so.0 (libc6,x86-64) => /lib/x86_64-linux-gnu/libgstwebrtcnice-1.0.so.0
	libgstwebrtc-1.0.so.0 (libc6,x86-64) => /lib/x86_64-linux-gnu/libgstwebrtc-1.0.so.0
	libgstwayland-1.0.so.0 (libc6,x86-64) => /lib/x86_64-linux-gnu/libgstwayland-1.0.so.0
	libgstvulkan-1.0.so.0 (libc6,x86-64) => /lib/x86_64-linux-gnu/libgstvulkan-1.0.so.0
	libgstvideo-1.0.so.0 (libc6,x86-64) => /lib/x86_64-linux-gnu/libgstvideo-1.0.so.0
	libgstva-1.0.so.0 (libc6,x86-64) => /lib/x86_64-linux-gnu/libgstva-1.0.so.0
	libgsturidownloader-1.0.so.0 (libc6,x86-64) => /lib/x86_64-linux-gnu/libgsturidownloader-1.0.so.0
	libgsttranscoder-1.0.so.0 (libc6,x86-64) => /lib/x86_64-linux-gnu/libgsttranscoder-1.0.so.0
	libgsttag-1.0.so.0 (libc6,x86-64) => /lib/x86_64-linux-gnu/libgsttag-1.0.so.0
	libgstsdp-1.0.so.0 (libc6,x86-64) => /lib/x86_64-linux-gnu/libgstsdp-1.0.so.0
	libgstsctp-1.0.so.0 (libc6,x86-64) => /lib/x86_64-linux-gnu/libgstsctp-1.0.so.0
	libgstrtsp-1.0.so.0 (libc6,x86-64) => /lib/x86_64-linux-gnu/libgstrtsp-1.0.so.0
	libgstrtp-1.0.so.0 (libc6,x86-64) => /lib/x86_64-linux-gnu/libgstrtp-1.0.so.0
	libgstriff-1.0.so.0 (libc6,x86-64) => /lib/x86_64-linux-gnu/libgstriff-1.0.so.0
	libgstreamer-1.0.so.0 (libc6,x86-64) => /lib/x86_64-linux-gnu/libgstreamer-1.0.so.0
	libgstplayer-1.0.so.0 (libc6,x86-64) => /lib/x86_64-linux-gnu/libgstplayer-1.0.so.0
	libgstplay-1.0.so.0 (libc6,x86-64) => /lib/x86_64-linux-gnu/libgstplay-1.0.so.0
	libgstphotography-1.0.so.0 (libc6,x86-64) => /lib/x86_64-linux-gnu/libgstphotography-1.0.so.0
	libgstpbutils-1.0.so.0 (libc6,x86-64) => /lib/x86_64-linux-gnu/libgstpbutils-1.0.so.0
	libgstnet-1.0.so.0 (libc6,x86-64) => /lib/x86_64-linux-gnu/libgstnet-1.0.so.0
	libgstmse-1.0.so.0 (libc6,x86-64) => /lib/x86_64-linux-gnu/libgstmse-1.0.so.0
	libgstmpegts-1.0.so.0 (libc6,x86-64) => /lib/x86_64-linux-gnu/libgstmpegts-1.0.so.0
	libgstisoff-1.0.so.0 (libc6,x86-64) => /lib/x86_64-linux-gnu/libgstisoff-1.0.so.0
	libgstinsertbin-1.0.so.0 (libc6,x86-64) => /lib/x86_64-linux-gnu/libgstinsertbin-1.0.so.0
	libgstgl-1.0.so.0 (libc6,x86-64) => /lib/x86_64-linux-gnu/libgstgl-1.0.so.0
	libgstfft-1.0.so.0 (libc6,x86-64) => /lib/x86_64-linux-gnu/libgstfft-1.0.so.0
	libgstdxva-1.0.so.0 (libc6,x86-64) => /lib/x86_64-linux-gnu/libgstdxva-1.0.so.0
	libgstcuda-1.0.so.0 (libc6,x86-64) => /lib/x86_64-linux-gnu/libgstcuda-1.0.so.0
	libgstcontroller-1.0.so.0 (libc6,x86-64) => /lib/x86_64-linux-gnu/libgstcontroller-1.0.so.0
	libgstcodecs-1.0.so.0 (libc6,x86-64) => /lib/x86_64-linux-gnu/libgstcodecs-1.0.so.0
	libgstcodecparsers-1.0.so.0 (libc6,x86-64) => /lib/x86_64-linux-gnu/libgstcodecparsers-1.0.so.0
	libgstcheck-1.0.so.0 (libc6,x86-64) => /lib/x86_64-linux-gnu/libgstcheck-1.0.so.0
	libgstbasecamerabinsrc-1.0.so.0 (libc6,x86-64) => /lib/x86_64-linux-gnu/libgstbasecamerabinsrc-1.0.so.0
	libgstbase-1.0.so.0 (libc6,x86-64) => /lib/x86_64-linux-gnu/libgstbase-1.0.so.0
	libgstbadaudio-1.0.so.0 (libc6,x86-64) => /lib/x86_64-linux-gnu/libgstbadaudio-1.0.so.0
	libgstaudio-1.0.so.0 (libc6,x86-64) => /lib/x86_64-linux-gnu/libgstaudio-1.0.so.0
	libgstapp-1.0.so.0 (libc6,x86-64) => /lib/x86_64-linux-gnu/libgstapp-1.0.so.0
	libgstanalytics-1.0.so.0 (libc6,x86-64) => /lib/x86_64-linux-gnu/libgstanalytics-1.0.so.0
	libgstallocators-1.0.so.0 (libc6,x86-64) => /lib/x86_64-linux-gnu/libgstallocators-1.0.so.0
	libgstadaptivedemux-1.0.so.0 (libc6,x86-64) => /lib/x86_64-linux-gnu/libgstadaptivedemux-1.0.so.0
	libgssrpc.so.4 (libc6,x86-64) => /lib/x86_64-linux-gnu/libgssrpc.so.4
	libgssrpc.so (libc6,x86-64) => /lib/x86_64-linux-gnu/libgssrpc.so
	libgssdp-1.6.so.0 (libc6,x86-64) => /lib/x86_64-linux-gnu/libgssdp-1.6.so.0
	libgssapi_krb5.so.2 (libc6,x86-64) => /lib/x86_64-linux-gnu/libgssapi_krb5.so.2
	libgssapi_krb5.so (libc6,x86-64) => /lib/x86_64-linux-gnu/libgssapi_krb5.so
	libgspell-1.so.3 (libc6,x86-64) => /lib/x86_64-linux-gnu/libgspell-1.so.3
	libgsm.so.1 (libc6,x86-64) => /lib/x86_64-linux-gnu/libgsm.so.1
	libgslcblas.so.0 (libc6,x86-64) => /lib/x86_64-linux-gnu/libgslcblas.so.0
	libgsl.so.28 (libc6,x86-64) => /lib/x86_64-linux-gnu/libgsl.so.28
	libgs.so.10 (libc6,x86-64) => /lib/x86_64-linux-gnu/libgs.so.10
	libgraphite2.so.3 (libc6,x86-64) => /lib/x86_64-linux-gnu/libgraphite2.so.3
	libgprofng.so.0 (libc6,x86-64) => /lib/x86_64-linux-gnu/libgprofng.so.0
	libgpm.so.2 (libc6,x86-64) => /lib/x86_64-linux-gnu/libgpm.so.2
	libgphoto2_port.so.12 (libc6,x86-64) => /lib/x86_64-linux-gnu/libgphoto2_port.so.12
	libgphoto2.so.6 (libc6,x86-64) => /lib/x86_64-linux-gnu/libgphoto2.so.6
	libgpgmepp.so.6 (libc6,x86-64) => /lib/x86_64-linux-gnu/libgpgmepp.so.6
	libgpgme.so.11 (libc6,x86-64) => /lib/x86_64-linux-gnu/libgpgme.so.11
	libgpg-error.so.0 (libc6,x86-64) => /lib/x86_64-linux-gnu/libgpg-error.so.0
	libgomp.so.1 (libc6,x86-64) => /lib/x86_64-linux-gnu/libgomp.so.1
	libgobject-2.0.so.0 (libc6,x86-64) => /lib/x86_64-linux-gnu/libgobject-2.0.so.0
	libgnutls.so.30 (libc6,x86-64) => /lib/x86_64-linux-gnu/libgnutls.so.30
	libgnutls.so (libc6,x86-64) => /lib/x86_64-linux-gnu/libgnutls.so
	libgnutls-openssl.so.27 (libc6,x86-64) => /lib/x86_64-linux-gnu/libgnutls-openssl.so.27
	libgnutls-openssl.so (libc6,x86-64) => /lib/x86_64-linux-gnu/libgnutls-openssl.so
	libgnutls-dane.so.0 (libc6,x86-64) => /lib/x86_64-linux-gnu/libgnutls-dane.so.0
	libgnutls-dane.so (libc6,x86-64) => /lib/x86_64-linux-gnu/libgnutls-dane.so
	libgmsh.so.4.13 (libc6,x86-64) => /lib/x86_64-linux-gnu/libgmsh.so.4.13
	libgmpxx.so.4 (libc6,x86-64) => /lib/x86_64-linux-gnu/libgmpxx.so.4
	libgmpxx.so (libc6,x86-64) => /lib/x86_64-linux-gnu/libgmpxx.so
	libgmp.so.10 (libc6,x86-64) => /lib/x86_64-linux-gnu/libgmp.so.10
	libgmp.so (libc6,x86-64) => /lib/x86_64-linux-gnu/libgmp.so
	libgmodule-2.0.so.0 (libc6,x86-64) => /lib/x86_64-linux-gnu/libgmodule-2.0.so.0
	libgme.so.0 (libc6,x86-64) => /lib/x86_64-linux-gnu/libgme.so.0
	libgl2ps.so.1.4 (libc6,x86-64) => /lib/x86_64-linux-gnu/libgl2ps.so.1.4
	libglibmm_generate_extra_defs-2.4.so.1 (libc6,x86-64) => /lib/x86_64-linux-gnu/libglibmm_generate_extra_defs-2.4.so.1
	libglibmm-2.4.so.1 (libc6,x86-64) => /lib/x86_64-linux-gnu/libglibmm-2.4.so.1
	libglib-2.0.so.0 (libc6,x86-64) => /lib/x86_64-linux-gnu/libglib-2.0.so.0
	libgit2.so.1.9 (libc6,x86-64) => /lib/x86_64-linux-gnu/libgit2.so.1.9
	libgirepository-1.0.so.1 (libc6,x86-64) => /lib/x86_64-linux-gnu/libgirepository-1.0.so.1
	libgiomm-2.4.so.1 (libc6,x86-64) => /lib/x86_64-linux-gnu/libgiomm-2.4.so.1
	libgio-2.0.so.0 (libc6,x86-64) => /lib/x86_64-linux-gnu/libgio-2.0.so.0
	libgimpwidgets-3.0.so.0 (libc6,x86-64) => /lib/x86_64-linux-gnu/libgimpwidgets-3.0.so.0
	libgimpui-3.0.so.0 (libc6,x86-64) => /lib/x86_64-linux-gnu/libgimpui-3.0.so.0
	libgimpthumb-3.0.so.0 (libc6,x86-64) => /lib/x86_64-linux-gnu/libgimpthumb-3.0.so.0
	libgimpmodule-3.0.so.0 (libc6,x86-64) => /lib/x86_64-linux-gnu/libgimpmodule-3.0.so.0
	libgimpmath-3.0.so.0 (libc6,x86-64) => /lib/x86_64-linux-gnu/libgimpmath-3.0.so.0
	libgimpconfig-3.0.so.0 (libc6,x86-64) => /lib/x86_64-linux-gnu/libgimpconfig-3.0.so.0
	libgimpcolor-3.0.so.0 (libc6,x86-64) => /lib/x86_64-linux-gnu/libgimpcolor-3.0.so.0
	libgimpbase-3.0.so.0 (libc6,x86-64) => /lib/x86_64-linux-gnu/libgimpbase-3.0.so.0
	libgimp-3.0.so.0 (libc6,x86-64) => /lib/x86_64-linux-gnu/libgimp-3.0.so.0
	libgimp-scriptfu-3.0.so.0 (libc6,x86-64) => /lib/x86_64-linux-gnu/libgimp-scriptfu-3.0.so.0
	libgif.so.7 (libc6,x86-64) => /lib/x86_64-linux-gnu/libgif.so.7
	libgfortran.so.5 (libc6,x86-64) => /lib/x86_64-linux-gnu/libgfortran.so.5
	libgexiv2.so.2 (libc6,x86-64) => /lib/x86_64-linux-gnu/libgexiv2.so.2
	libgeotiff.so.5 (libc6,x86-64) => /lib/x86_64-linux-gnu/libgeotiff.so.5
	libgeos_c.so.1 (libc6,x86-64) => /lib/x86_64-linux-gnu/libgeos_c.so.1
	libgeos.so.3.13.1 (libc6,x86-64) => /lib/x86_64-linux-gnu/libgeos.so.3.13.1
	libgegl-0.4.so.0 (libc6,x86-64) => /lib/x86_64-linux-gnu/libgegl-0.4.so.0
	libgegl-sc-0.4.so (libc6,x86-64) => /lib/x86_64-linux-gnu/libgegl-sc-0.4.so
	libgegl-npd-0.4.so (libc6,x86-64) => /lib/x86_64-linux-gnu/libgegl-npd-0.4.so
	libgdkmm-3.0.so.1 (libc6,x86-64) => /lib/x86_64-linux-gnu/libgdkmm-3.0.so.1
	libgdk_pixbuf-2.0.so.0 (libc6,x86-64) => /lib/x86_64-linux-gnu/libgdk_pixbuf-2.0.so.0
	libgdk-3.so.0 (libc6,x86-64) => /lib/x86_64-linux-gnu/libgdk-3.so.0
	libgdcmjpeg16.so.3.0 (libc6,x86-64) => /lib/x86_64-linux-gnu/libgdcmjpeg16.so.3.0
	libgdcmjpeg12.so.3.0 (libc6,x86-64) => /lib/x86_64-linux-gnu/libgdcmjpeg12.so.3.0
	libgdcmjpeg8.so.3.0 (libc6,x86-64) => /lib/x86_64-linux-gnu/libgdcmjpeg8.so.3.0
	libgdcmMSFF.so.3.0 (libc6,x86-64) => /lib/x86_64-linux-gnu/libgdcmMSFF.so.3.0
	libgdcmMEXD.so.3.0 (libc6,x86-64) => /lib/x86_64-linux-gnu/libgdcmMEXD.so.3.0
	libgdcmIOD.so.3.0 (libc6,x86-64) => /lib/x86_64-linux-gnu/libgdcmIOD.so.3.0
	libgdcmDSED.so.3.0 (libc6,x86-64) => /lib/x86_64-linux-gnu/libgdcmDSED.so.3.0
	libgdcmDICT.so.3.0 (libc6,x86-64) => /lib/x86_64-linux-gnu/libgdcmDICT.so.3.0
	libgdcmCommon.so.3.0 (libc6,x86-64) => /lib/x86_64-linux-gnu/libgdcmCommon.so.3.0
	libgdbm_compat.so.4 (libc6,x86-64) => /lib/x86_64-linux-gnu/libgdbm_compat.so.4
	libgdbm.so.6 (libc6,x86-64) => /lib/x86_64-linux-gnu/libgdbm.so.6
	libgdal.so.36 (libc6,x86-64) => /lib/x86_64-linux-gnu/libgdal.so.36
	libgd.so.3 (libc6,x86-64) => /lib/x86_64-linux-gnu/libgd.so.3
	libgctba.so.1 (libc6,x86-64) => /lib/x86_64-linux-gnu/libgctba.so.1
	libgcrypt.so.20 (libc6,x86-64) => /lib/x86_64-linux-gnu/libgcrypt.so.20
	libgccpp.so.1 (libc6,x86-64) => /lib/x86_64-linux-gnu/libgccpp.so.1
	libgcc_s.so.1 (libc6,x86-64) => /lib/x86_64-linux-gnu/libgcc_s.so.1
	libgc.so.1 (libc6,x86-64) => /lib/x86_64-linux-gnu/libgc.so.1
	libgbm.so.1 (libc6,x86-64) => /lib/x86_64-linux-gnu/libgbm.so.1
	libgav1.so.1 (libc6,x86-64) => /lib/x86_64-linux-gnu/libgav1.so.1
	libgarcon-1.so.0 (libc6,x86-64) => /lib/x86_64-linux-gnu/libgarcon-1.so.0
	libgarcon-gtk3-1.so.0 (libc6,x86-64) => /lib/x86_64-linux-gnu/libgarcon-gtk3-1.so.0
	libgallium-25.0.7-2+deb13u1.so (libc6,x86-64) => /lib/x86_64-linux-gnu/libgallium-25.0.7-2+deb13u1.so
	libfyut.so.0 (libc6,x86-64) => /lib/x86_64-linux-gnu/libfyut.so.0
	libfygm.so.0 (libc6,x86-64) => /lib/x86_64-linux-gnu/libfygm.so.0
	libfyba.so.0 (libc6,x86-64) => /lib/x86_64-linux-gnu/libfyba.so.0
	libfuse3.so.4 (libc6,x86-64) => /lib/x86_64-linux-gnu/libfuse3.so.4
	libfribidi.so.0 (libc6,x86-64) => /lib/x86_64-linux-gnu/libfribidi.so.0
	libfreexl.so.1 (libc6,x86-64) => /lib/x86_64-linux-gnu/libfreexl.so.1
	libfreetype.so.6 (libc6,x86-64) => /lib/x86_64-linux-gnu/libfreetype.so.6
	libfreeimage.so.3 (libc6,x86-64) => /lib/x86_64-linux-gnu/libfreeimage.so.3
	libfreebl3.so (libc6,x86-64) => /lib/x86_64-linux-gnu/libfreebl3.so
	libfreeblpriv3.so (libc6,x86-64) => /lib/x86_64-linux-gnu/libfreeblpriv3.so
	libfreeaptx.so.0 (libc6,x86-64) => /lib/x86_64-linux-gnu/libfreeaptx.so.0
	libformw.so.6 (libc6,x86-64) => /lib/x86_64-linux-gnu/libformw.so.6
	libform.so.6 (libc6,x86-64) => /lib/x86_64-linux-gnu/libform.so.6
	libfontenc.so.1 (libc6,x86-64) => /lib/x86_64-linux-gnu/libfontenc.so.1
	libfontconfig.so.1 (libc6,x86-64) => /lib/x86_64-linux-gnu/libfontconfig.so.1
	libfmt.so.10 (libc6,x86-64) => /lib/x86_64-linux-gnu/libfmt.so.10
	libfluidsynth.so.3 (libc6,x86-64) => /lib/x86_64-linux-gnu/libfluidsynth.so.3
	libfltk_images.so.1.3 (libc6,x86-64) => /lib/x86_64-linux-gnu/libfltk_images.so.1.3
	libfltk_gl.so.1.3 (libc6,x86-64) => /lib/x86_64-linux-gnu/libfltk_gl.so.1.3
	libfltk.so.1.3 (libc6,x86-64) => /lib/x86_64-linux-gnu/libfltk.so.1.3
	libflite_usenglish.so.1 (libc6,x86-64) => /lib/x86_64-linux-gnu/libflite_usenglish.so.1
	libflite_cmulex.so.1 (libc6,x86-64) => /lib/x86_64-linux-gnu/libflite_cmulex.so.1
	libflite_cmu_us_slt.so.1 (libc6,x86-64) => /lib/x86_64-linux-gnu/libflite_cmu_us_slt.so.1
	libflite_cmu_us_rms.so.1 (libc6,x86-64) => /lib/x86_64-linux-gnu/libflite_cmu_us_rms.so.1
	libflite_cmu_us_kal16.so.1 (libc6,x86-64) => /lib/x86_64-linux-gnu/libflite_cmu_us_kal16.so.1
	libflite_cmu_us_kal.so.1 (libc6,x86-64) => /lib/x86_64-linux-gnu/libflite_cmu_us_kal.so.1
	libflite_cmu_us_awb.so.1 (libc6,x86-64) => /lib/x86_64-linux-gnu/libflite_cmu_us_awb.so.1
	libflite_cmu_time_awb.so.1 (libc6,x86-64) => /lib/x86_64-linux-gnu/libflite_cmu_time_awb.so.1
	libflite_cmu_indic_lex.so.1 (libc6,x86-64) => /lib/x86_64-linux-gnu/libflite_cmu_indic_lex.so.1
	libflite_cmu_indic_lang.so.1 (libc6,x86-64) => /lib/x86_64-linux-gnu/libflite_cmu_indic_lang.so.1
	libflite_cmu_grapheme_lex.so.1 (libc6,x86-64) => /lib/x86_64-linux-gnu/libflite_cmu_grapheme_lex.so.1
	libflite_cmu_grapheme_lang.so.1 (libc6,x86-64) => /lib/x86_64-linux-gnu/libflite_cmu_grapheme_lang.so.1
	libflite.so.1 (libc6,x86-64) => /lib/x86_64-linux-gnu/libflite.so.1
	libfido2.so.1 (libc6,x86-64) => /lib/x86_64-linux-gnu/libfido2.so.1
	libfftw3f_threads.so.3 (libc6,x86-64) => /lib/x86_64-linux-gnu/libfftw3f_threads.so.3
	libfftw3f_omp.so.3 (libc6,x86-64) => /lib/x86_64-linux-gnu/libfftw3f_omp.so.3
	libfftw3f.so.3 (libc6,x86-64) => /lib/x86_64-linux-gnu/libfftw3f.so.3
	libfftw3_threads.so.3 (libc6,x86-64) => /lib/x86_64-linux-gnu/libfftw3_threads.so.3
	libfftw3_omp.so.3 (libc6,x86-64) => /lib/x86_64-linux-gnu/libfftw3_omp.so.3
	libfftw3.so.3 (libc6,x86-64) => /lib/x86_64-linux-gnu/libfftw3.so.3
	libffi.so.8 (libc6,x86-64) => /lib/x86_64-linux-gnu/libffi.so.8
	libfcgi.so.0 (libc6,x86-64) => /lib/x86_64-linux-gnu/libfcgi.so.0
	libfcgi++.so.0 (libc6,x86-64) => /lib/x86_64-linux-gnu/libfcgi++.so.0
	libfabric.so.1 (libc6,x86-64) => /lib/x86_64-linux-gnu/libfabric.so.1
	libfaad_drm.so.2 (libc6,x86-64) => /lib/x86_64-linux-gnu/libfaad_drm.so.2
	libfaad.so.2 (libc6,x86-64) => /lib/x86_64-linux-gnu/libfaad.so.2
	libexslt.so.0 (libc6,x86-64) => /lib/x86_64-linux-gnu/libexslt.so.0
	libexpatw.so.1 (libc6,x86-64) => /lib/x86_64-linux-gnu/libexpatw.so.1
	libexpatw.so (libc6,x86-64) => /lib/x86_64-linux-gnu/libexpatw.so
	libexpat.so.1 (libc6,x86-64) => /lib/x86_64-linux-gnu/libexpat.so.1
	libexpat.so (libc6,x86-64) => /lib/x86_64-linux-gnu/libexpat.so
	libexo-2.so.0 (libc6,x86-64) => /lib/x86_64-linux-gnu/libexo-2.so.0
	libexiv2.so.28 (libc6,x86-64) => /lib/x86_64-linux-gnu/libexiv2.so.28
	libexif.so.12 (libc6,x86-64) => /lib/x86_64-linux-gnu/libexif.so.12
	libevent_pthreads-2.1.so.7 (libc6,x86-64) => /lib/x86_64-linux-gnu/libevent_pthreads-2.1.so.7
	libevent_core-2.1.so.7 (libc6,x86-64) => /lib/x86_64-linux-gnu/libevent_core-2.1.so.7
	libevent-2.1.so.7 (libc6,x86-64) => /lib/x86_64-linux-gnu/libevent-2.1.so.7
	libevdev.so.2 (libc6,x86-64) => /lib/x86_64-linux-gnu/libevdev.so.2
	libepoxy.so.0 (libc6,x86-64) => /lib/x86_64-linux-gnu/libepoxy.so.0
	libenchant-2.so.2 (libc6,x86-64) => /lib/x86_64-linux-gnu/libenchant-2.so.2
	libembree4.so.4 (libc6,x86-64) => /lib/x86_64-linux-gnu/libembree4.so.4
	libelf.so.1 (libc6,x86-64) => /lib/x86_64-linux-gnu/libelf.so.1
	libefa.so.1 (libc6,x86-64) => /lib/x86_64-linux-gnu/libefa.so.1
	libedit.so.2 (libc6,x86-64) => /lib/x86_64-linux-gnu/libedit.so.2
	libebur128.so.1 (libc6,x86-64) => /lib/x86_64-linux-gnu/libebur128.so.1
	libdvdread.so.8 (libc6,x86-64) => /lib/x86_64-linux-gnu/libdvdread.so.8
	libdvdnav.so.4 (libc6,x86-64) => /lib/x86_64-linux-gnu/libdvdnav.so.4
	libdv.so.4 (libc6,x86-64) => /lib/x86_64-linux-gnu/libdv.so.4
	libduktape.so.207 (libc6,x86-64) => /lib/x86_64-linux-gnu/libduktape.so.207
	libdrop_ambient.so.0 (libc6,x86-64) => /lib/x86_64-linux-gnu/libdrop_ambient.so.0
	libdrm_intel.so.1 (libc6,x86-64) => /lib/x86_64-linux-gnu/libdrm_intel.so.1
	libdrm_amdgpu.so.1 (libc6,x86-64) => /lib/x86_64-linux-gnu/libdrm_amdgpu.so.1
	libdrm.so.2 (libc6,x86-64) => /lib/x86_64-linux-gnu/libdrm.so.2
	libdraco.so.8 (libc6,x86-64) => /lib/x86_64-linux-gnu/libdraco.so.8
	libdouble-conversion.so.3 (libc6,x86-64) => /lib/x86_64-linux-gnu/libdouble-conversion.so.3
	libdnnl.so.3.6 (libc6,x86-64) => /lib/x86_64-linux-gnu/libdnnl.so.3.6
	libdmtx.so.0 (libc6,x86-64) => /lib/x86_64-linux-gnu/libdmtx.so.0
	libdl.so.2 (libc6,x86-64) => /lib/x86_64-linux-gnu/libdl.so.2
	libdisplay-info.so.2 (libc6,x86-64) => /lib/x86_64-linux-gnu/libdisplay-info.so.2
	libdfalt.so.0 (libc6,x86-64) => /lib/x86_64-linux-gnu/libdfalt.so.0
	libde265.so.0 (libc6,x86-64) => /lib/x86_64-linux-gnu/libde265.so.0
	libdeflate.so.0 (libc6,x86-64) => /lib/x86_64-linux-gnu/libdeflate.so.0
	libdecor-0.so.0 (libc6,x86-64) => /lib/x86_64-linux-gnu/libdecor-0.so.0
	libdebconfclient.so.0 (libc6,x86-64) => /lib/x86_64-linux-gnu/libdebconfclient.so.0
	libdc1394.so.25 (libc6,x86-64) => /lib/x86_64-linux-gnu/libdc1394.so.25
	libdconf.so.1 (libc6,x86-64) => /lib/x86_64-linux-gnu/libdconf.so.1
	libdcmxml.so.19 (libc6,x86-64) => /lib/x86_64-linux-gnu/libdcmxml.so.19
	libdcmwlm.so.19 (libc6,x86-64) => /lib/x86_64-linux-gnu/libdcmwlm.so.19
	libdcmtract.so.19 (libc6,x86-64) => /lib/x86_64-linux-gnu/libdcmtract.so.19
	libdcmtls.so.19 (libc6,x86-64) => /lib/x86_64-linux-gnu/libdcmtls.so.19
	libdcmtkcharls.so.19 (libc6,x86-64) => /lib/x86_64-linux-gnu/libdcmtkcharls.so.19
	libdcmsr.so.19 (libc6,x86-64) => /lib/x86_64-linux-gnu/libdcmsr.so.19
	libdcmseg.so.19 (libc6,x86-64) => /lib/x86_64-linux-gnu/libdcmseg.so.19
	libdcmrt.so.19 (libc6,x86-64) => /lib/x86_64-linux-gnu/libdcmrt.so.19
	libdcmqrdb.so.19 (libc6,x86-64) => /lib/x86_64-linux-gnu/libdcmqrdb.so.19
	libdcmpstat.so.19 (libc6,x86-64) => /lib/x86_64-linux-gnu/libdcmpstat.so.19
	libdcmpmap.so.19 (libc6,x86-64) => /lib/x86_64-linux-gnu/libdcmpmap.so.19
	libdcmnet.so.19 (libc6,x86-64) => /lib/x86_64-linux-gnu/libdcmnet.so.19
	libdcmjpls.so.19 (libc6,x86-64) => /lib/x86_64-linux-gnu/libdcmjpls.so.19
	libdcmjpeg.so.19 (libc6,x86-64) => /lib/x86_64-linux-gnu/libdcmjpeg.so.19
	libdcmiod.so.19 (libc6,x86-64) => /lib/x86_64-linux-gnu/libdcmiod.so.19
	libdcmimgle.so.19 (libc6,x86-64) => /lib/x86_64-linux-gnu/libdcmimgle.so.19
	libdcmimage.so.19 (libc6,x86-64) => /lib/x86_64-linux-gnu/libdcmimage.so.19
	libdcmfg.so.19 (libc6,x86-64) => /lib/x86_64-linux-gnu/libdcmfg.so.19
	libdcmect.so.19 (libc6,x86-64) => /lib/x86_64-linux-gnu/libdcmect.so.19
	libdcmdsig.so.19 (libc6,x86-64) => /lib/x86_64-linux-gnu/libdcmdsig.so.19
	libdcmdata.so.19 (libc6,x86-64) => /lib/x86_64-linux-gnu/libdcmdata.so.19
	libdca.so.0 (libc6,x86-64) => /lib/x86_64-linux-gnu/libdca.so.0
	libdbusmenu-gtk3.so.4 (libc6,x86-64) => /lib/x86_64-linux-gnu/libdbusmenu-gtk3.so.4
	libdbusmenu-glib.so.4 (libc6,x86-64) => /lib/x86_64-linux-gnu/libdbusmenu-glib.so.4
	libdbus-1.so.3 (libc6,x86-64) => /lib/x86_64-linux-gnu/libdbus-1.so.3
	libdb-5.3.so (libc6,x86-64) => /lib/x86_64-linux-gnu/libdb-5.3.so
	libdav1d.so.7 (libc6,x86-64) => /lib/x86_64-linux-gnu/libdav1d.so.7
	libdatrie.so.1 (libc6,x86-64) => /lib/x86_64-linux-gnu/libdatrie.so.1
	libcurl.so.4 (libc6,x86-64) => /lib/x86_64-linux-gnu/libcurl.so.4
	libcurl.so (libc6,x86-64) => /lib/x86_64-linux-gnu/libcurl.so
	libcurl-gnutls.so.4 (libc6,x86-64) => /lib/x86_64-linux-gnu/libcurl-gnutls.so.4
	libcups.so.2 (libc6,x86-64) => /lib/x86_64-linux-gnu/libcups.so.2
	libctf.so.0 (libc6,x86-64) => /lib/x86_64-linux-gnu/libctf.so.0
	libctf-nobfd.so.0 (libc6,x86-64) => /lib/x86_64-linux-gnu/libctf-nobfd.so.0
	libcrypto.so.3 (libc6,x86-64) => /lib/x86_64-linux-gnu/libcrypto.so.3
	libcrypto.so (libc6,x86-64) => /lib/x86_64-linux-gnu/libcrypto.so
	libcrypt.so.1 (libc6,x86-64) => /lib/x86_64-linux-gnu/libcrypt.so.1
	libcrypt.so (libc6,x86-64) => /lib/x86_64-linux-gnu/libcrypt.so
	libcpuinfo.so.0 (libc6,x86-64) => /lib/x86_64-linux-gnu/libcpuinfo.so.0
	libcom_err.so.2 (libc6,x86-64) => /lib/x86_64-linux-gnu/libcom_err.so.2
	libcom_err.so (libc6,x86-64) => /lib/x86_64-linux-gnu/libcom_err.so
	libcolordprivate.so.2 (libc6,x86-64) => /lib/x86_64-linux-gnu/libcolordprivate.so.2
	libcolord.so.2 (libc6,x86-64) => /lib/x86_64-linux-gnu/libcolord.so.2
	libcolamd.so.3 (libc6,x86-64) => /lib/x86_64-linux-gnu/libcolamd.so.3
	libcodec2.so.1.2 (libc6,x86-64) => /lib/x86_64-linux-gnu/libcodec2.so.1.2
	libcmr.so.19 (libc6,x86-64) => /lib/x86_64-linux-gnu/libcmr.so.19
	libcloudproviders.so.0 (libc6,x86-64) => /lib/x86_64-linux-gnu/libcloudproviders.so.0
	libclang-19.so.19 (libc6,x86-64) => /lib/x86_64-linux-gnu/libclang-19.so.19
	libcjson_utils.so.1 (libc6,x86-64) => /lib/x86_64-linux-gnu/libcjson_utils.so.1
	libcjson.so.1 (libc6,x86-64) => /lib/x86_64-linux-gnu/libcjson.so.1
	libchromaprint.so.1 (libc6,x86-64) => /lib/x86_64-linux-gnu/libchromaprint.so.1
	libcholmod.so.5 (libc6,x86-64) => /lib/x86_64-linux-gnu/libcholmod.so.5
	libcharls.so.2 (libc6,x86-64) => /lib/x86_64-linux-gnu/libcharls.so.2
	libcgraph.so.6 (libc6,x86-64) => /lib/x86_64-linux-gnu/libcgraph.so.6
	libcgns.so.3.4 (libc6,x86-64) => /lib/x86_64-linux-gnu/libcgns.so.3.4
	libcfitsio.so.10 (libc6,x86-64) => /lib/x86_64-linux-gnu/libcfitsio.so.10
	libcdt.so.5 (libc6,x86-64) => /lib/x86_64-linux-gnu/libcdt.so.5
	libcdr-0.1.so.1 (libc6,x86-64) => /lib/x86_64-linux-gnu/libcdr-0.1.so.1
	libcdio_paranoia.so.2 (libc6,x86-64) => /lib/x86_64-linux-gnu/libcdio_paranoia.so.2
	libcdio_cdda.so.2 (libc6,x86-64) => /lib/x86_64-linux-gnu/libcdio_cdda.so.2
	libcdio.so.19 (libc6,x86-64) => /lib/x86_64-linux-gnu/libcdio.so.19
	libcdda_paranoia.so.0 (libc6,x86-64) => /lib/x86_64-linux-gnu/libcdda_paranoia.so.0
	libcdda_interface.so.0 (libc6,x86-64) => /lib/x86_64-linux-gnu/libcdda_interface.so.0
	libcc1.so.0 (libc6,x86-64) => /lib/x86_64-linux-gnu/libcc1.so.0
	libccolamd.so.3 (libc6,x86-64) => /lib/x86_64-linux-gnu/libccolamd.so.3
	libcbor.so.0.10 (libc6,x86-64) => /lib/x86_64-linux-gnu/libcbor.so.0.10
	libcap.so.2 (libc6,x86-64) => /lib/x86_64-linux-gnu/libcap.so.2
	libcap-ng.so.0 (libc6,x86-64) => /lib/x86_64-linux-gnu/libcap-ng.so.0
	libcanberra.so.0 (libc6,x86-64) => /lib/x86_64-linux-gnu/libcanberra.so.0
	libcamd.so.3 (libc6,x86-64) => /lib/x86_64-linux-gnu/libcamd.so.3
	libcairomm-1.0.so.1 (libc6,x86-64) => /lib/x86_64-linux-gnu/libcairomm-1.0.so.1
	libcairo.so.2 (libc6,x86-64) => /lib/x86_64-linux-gnu/libcairo.so.2
	libcairo-gobject.so.2 (libc6,x86-64) => /lib/x86_64-linux-gnu/libcairo-gobject.so.2
	libcaca.so.0 (libc6,x86-64) => /lib/x86_64-linux-gnu/libcaca.so.0
	libcaca++.so.0 (libc6,x86-64) => /lib/x86_64-linux-gnu/libcaca++.so.0
	libc_malloc_debug.so.0 (libc6,x86-64) => /lib/x86_64-linux-gnu/libc_malloc_debug.so.0
	libc_malloc_debug.so (libc6,x86-64) => /lib/x86_64-linux-gnu/libc_malloc_debug.so
	libc.so.6 (libc6,x86-64) => /lib/x86_64-linux-gnu/libc.so.6
	libb2.so.1 (libc6,x86-64) => /lib/x86_64-linux-gnu/libb2.so.1
	libbz2.so.1.0 (libc6,x86-64) => /lib/x86_64-linux-gnu/libbz2.so.1.0
	libbs2b.so.0 (libc6,x86-64) => /lib/x86_64-linux-gnu/libbs2b.so.0
	libbsd.so.0 (libc6,x86-64) => /lib/x86_64-linux-gnu/libbsd.so.0
	libbrotlienc.so.1 (libc6,x86-64) => /lib/x86_64-linux-gnu/libbrotlienc.so.1
	libbrotlienc.so (libc6,x86-64) => /lib/x86_64-linux-gnu/libbrotlienc.so
	libbrotlidec.so.1 (libc6,x86-64) => /lib/x86_64-linux-gnu/libbrotlidec.so.1
	libbrotlidec.so (libc6,x86-64) => /lib/x86_64-linux-gnu/libbrotlidec.so
	libbrotlicommon.so.1 (libc6,x86-64) => /lib/x86_64-linux-gnu/libbrotlicommon.so.1
	libbrotlicommon.so (libc6,x86-64) => /lib/x86_64-linux-gnu/libbrotlicommon.so
	libbpf.so.1 (libc6,x86-64) => /lib/x86_64-linux-gnu/libbpf.so.1
	libboost_thread.so.1.83.0 (libc6,x86-64) => /lib/x86_64-linux-gnu/libboost_thread.so.1.83.0
	libboost_program_options.so.1.83.0 (libc6,x86-64) => /lib/x86_64-linux-gnu/libboost_program_options.so.1.83.0
	libboost_locale.so.1.83.0 (libc6,x86-64) => /lib/x86_64-linux-gnu/libboost_locale.so.1.83.0
	libboost_iostreams.so.1.83.0 (libc6,x86-64) => /lib/x86_64-linux-gnu/libboost_iostreams.so.1.83.0
	libboost_filesystem.so.1.83.0 (libc6,x86-64) => /lib/x86_64-linux-gnu/libboost_filesystem.so.1.83.0
	libbluray.so.2 (libc6,x86-64) => /lib/x86_64-linux-gnu/libbluray.so.2
	libblosc.so.1 (libc6,x86-64) => /lib/x86_64-linux-gnu/libblosc.so.1
	libblkid.so.1 (libc6,x86-64) => /lib/x86_64-linux-gnu/libblkid.so.1
	libblas.so.3 (libc6,x86-64) => /lib/x86_64-linux-gnu/libblas.so.3
	libbfd-2.44-system.so (libc6,x86-64) => /lib/x86_64-linux-gnu/libbfd-2.44-system.so
	libbabl-0.1.so.0 (libc6,x86-64) => /lib/x86_64-linux-gnu/libbabl-0.1.so.0
	liba52-0.7.4.so (libc6,x86-64) => /lib/x86_64-linux-gnu/liba52-0.7.4.so
	libavutil.so.59 (libc6,x86-64) => /lib/x86_64-linux-gnu/libavutil.so.59
	libavtp.so.0 (libc6,x86-64) => /lib/x86_64-linux-gnu/libavtp.so.0
	libavif.so.16 (libc6,x86-64) => /lib/x86_64-linux-gnu/libavif.so.16
	libavformat.so.61 (libc6,x86-64) => /lib/x86_64-linux-gnu/libavformat.so.61
	libavfilter.so.10 (libc6,x86-64) => /lib/x86_64-linux-gnu/libavfilter.so.10
	libavdevice.so.61 (libc6,x86-64) => /lib/x86_64-linux-gnu/libavdevice.so.61
	libavc1394.so.0 (libc6,x86-64) => /lib/x86_64-linux-gnu/libavc1394.so.0
	libavcodec.so.61 (libc6,x86-64) => /lib/x86_64-linux-gnu/libavcodec.so.61
	libavahi-common.so.3 (libc6,x86-64) => /lib/x86_64-linux-gnu/libavahi-common.so.3
	libavahi-client.so.3 (libc6,x86-64) => /lib/x86_64-linux-gnu/libavahi-client.so.3
	libaudit.so.1 (libc6,x86-64) => /lib/x86_64-linux-gnu/libaudit.so.1
	libattr.so.1 (libc6,x86-64) => /lib/x86_64-linux-gnu/libattr.so.1
	libatspi.so.0 (libc6,x86-64) => /lib/x86_64-linux-gnu/libatspi.so.0
	libatomic.so.1 (libc6,x86-64) => /lib/x86_64-linux-gnu/libatomic.so.1
	libatkmm-1.6.so.1 (libc6,x86-64) => /lib/x86_64-linux-gnu/libatkmm-1.6.so.1
	libatk-1.0.so.0 (libc6,x86-64) => /lib/x86_64-linux-gnu/libatk-1.0.so.0
	libatk-bridge-2.0.so.0 (libc6,x86-64) => /lib/x86_64-linux-gnu/libatk-bridge-2.0.so.0
	libasyncns.so.0 (libc6,x86-64) => /lib/x86_64-linux-gnu/libasyncns.so.0
	libassuan.so.9 (libc6,x86-64) => /lib/x86_64-linux-gnu/libassuan.so.9
	libassimp.so.5 (libc6,x86-64) => /lib/x86_64-linux-gnu/libassimp.so.5
	libass.so.9 (libc6,x86-64) => /lib/x86_64-linux-gnu/libass.so.9
	libaspell.so.15 (libc6,x86-64) => /lib/x86_64-linux-gnu/libaspell.so.15
	libasound.so.2 (libc6,x86-64) => /lib/x86_64-linux-gnu/libasound.so.2
	libasan.so.8 (libc6,x86-64) => /lib/x86_64-linux-gnu/libasan.so.8
	libarpack.so.2 (libc6,x86-64) => /lib/x86_64-linux-gnu/libarpack.so.2
	libarmadillo.so.14 (libc6,x86-64) => /lib/libarmadillo.so.14
	libarchive.so.13 (libc6,x86-64) => /lib/x86_64-linux-gnu/libarchive.so.13
	libapt-private.so.0.0 (libc6,x86-64) => /lib/x86_64-linux-gnu/libapt-private.so.0.0
	libapt-pkg.so.7.0 (libc6,x86-64) => /lib/x86_64-linux-gnu/libapt-pkg.so.7.0
	libappstream-glib.so.8 (libc6,x86-64) => /lib/x86_64-linux-gnu/libappstream-glib.so.8
	libapparmor.so.1 (libc6,x86-64) => /lib/x86_64-linux-gnu/libapparmor.so.1
	libaom.so.3 (libc6,x86-64) => /lib/x86_64-linux-gnu/libaom.so.3
	libann.so.0 (libc6,x86-64) => /lib/x86_64-linux-gnu/libann.so.0
	libanl.so.1 (libc6,x86-64) => /lib/x86_64-linux-gnu/libanl.so.1
	libanl.so (libc6,x86-64) => /lib/x86_64-linux-gnu/libanl.so
	libamdhip64.so.5 (libc6,x86-64) => /lib/x86_64-linux-gnu/libamdhip64.so.5
	libamd_comgr.so.2 (libc6,x86-64) => /lib/x86_64-linux-gnu/libamd_comgr.so.2
	libamd.so.3 (libc6,x86-64) => /lib/x86_64-linux-gnu/libamd.so.3
	libalglib.so.4.2 (libc6,x86-64) => /lib/x86_64-linux-gnu/libalglib.so.4.2
	libaec.so.0 (libc6,x86-64) => /lib/x86_64-linux-gnu/libaec.so.0
	libadios2_mpi_perfstubs.so.2.10 (libc6,x86-64) => /lib/x86_64-linux-gnu/libadios2_mpi_perfstubs.so.2.10
	libadios2_mpi_h5vol.so.2.10 (libc6,x86-64) => /lib/x86_64-linux-gnu/libadios2_mpi_h5vol.so.2.10
	libadios2_mpi_ffs.so.2.10 (libc6,x86-64) => /lib/x86_64-linux-gnu/libadios2_mpi_ffs.so.2.10
	libadios2_mpi_evpath.so.2.10 (libc6,x86-64) => /lib/x86_64-linux-gnu/libadios2_mpi_evpath.so.2.10
	libadios2_mpi_dill.so.2.10 (libc6,x86-64) => /lib/x86_64-linux-gnu/libadios2_mpi_dill.so.2.10
	libadios2_mpi_cxx11_mpi.so.2.10 (libc6,x86-64) => /lib/x86_64-linux-gnu/libadios2_mpi_cxx11_mpi.so.2.10
	libadios2_mpi_cxx11.so.2.10 (libc6,x86-64) => /lib/x86_64-linux-gnu/libadios2_mpi_cxx11.so.2.10
	libadios2_mpi_core_mpi.so.2.10 (libc6,x86-64) => /lib/x86_64-linux-gnu/libadios2_mpi_core_mpi.so.2.10
	libadios2_mpi_core.so.2.10 (libc6,x86-64) => /lib/x86_64-linux-gnu/libadios2_mpi_core.so.2.10
	libadios2_mpi_c_mpi.so.2.10 (libc6,x86-64) => /lib/x86_64-linux-gnu/libadios2_mpi_c_mpi.so.2.10
	libadios2_mpi_c.so.2.10 (libc6,x86-64) => /lib/x86_64-linux-gnu/libadios2_mpi_c.so.2.10
	libadios2_mpi_atl.so.2.10 (libc6,x86-64) => /lib/x86_64-linux-gnu/libadios2_mpi_atl.so.2.10
	libacl.so.1 (libc6,x86-64) => /lib/x86_64-linux-gnu/libacl.so.1
	libaccounts-qt6.so.1 (libc6,x86-64) => /lib/x86_64-linux-gnu/libaccounts-qt6.so.1
	libaccounts-glib.so.0 (libc6,x86-64) => /lib/x86_64-linux-gnu/libaccounts-glib.so.0
	libabsl_vlog_config_internal.so.20240722 (libc6,x86-64) => /lib/x86_64-linux-gnu/libabsl_vlog_config_internal.so.20240722
	libabsl_utf8_for_code_point.so.20240722 (libc6,x86-64) => /lib/x86_64-linux-gnu/libabsl_utf8_for_code_point.so.20240722
	libabsl_time_zone.so.20240722 (libc6,x86-64) => /lib/x86_64-linux-gnu/libabsl_time_zone.so.20240722
	libabsl_time.so.20240722 (libc6,x86-64) => /lib/x86_64-linux-gnu/libabsl_time.so.20240722
	libabsl_throw_delegate.so.20240722 (libc6,x86-64) => /lib/x86_64-linux-gnu/libabsl_throw_delegate.so.20240722
	libabsl_synchronization.so.20240722 (libc6,x86-64) => /lib/x86_64-linux-gnu/libabsl_synchronization.so.20240722
	libabsl_symbolize.so.20240722 (libc6,x86-64) => /lib/x86_64-linux-gnu/libabsl_symbolize.so.20240722
	libabsl_strings_internal.so.20240722 (libc6,x86-64) => /lib/x86_64-linux-gnu/libabsl_strings_internal.so.20240722
	libabsl_strings.so.20240722 (libc6,x86-64) => /lib/x86_64-linux-gnu/libabsl_strings.so.20240722
	libabsl_string_view.so.20240722 (libc6,x86-64) => /lib/x86_64-linux-gnu/libabsl_string_view.so.20240722
	libabsl_strerror.so.20240722 (libc6,x86-64) => /lib/x86_64-linux-gnu/libabsl_strerror.so.20240722
	libabsl_str_format_internal.so.20240722 (libc6,x86-64) => /lib/x86_64-linux-gnu/libabsl_str_format_internal.so.20240722
	libabsl_statusor.so.20240722 (libc6,x86-64) => /lib/x86_64-linux-gnu/libabsl_statusor.so.20240722
	libabsl_status.so.20240722 (libc6,x86-64) => /lib/x86_64-linux-gnu/libabsl_status.so.20240722
	libabsl_stacktrace.so.20240722 (libc6,x86-64) => /lib/x86_64-linux-gnu/libabsl_stacktrace.so.20240722
	libabsl_spinlock_wait.so.20240722 (libc6,x86-64) => /lib/x86_64-linux-gnu/libabsl_spinlock_wait.so.20240722
	libabsl_scoped_set_env.so.20240722 (libc6,x86-64) => /lib/x86_64-linux-gnu/libabsl_scoped_set_env.so.20240722
	libabsl_raw_logging_internal.so.20240722 (libc6,x86-64) => /lib/x86_64-linux-gnu/libabsl_raw_logging_internal.so.20240722
	libabsl_raw_hash_set.so.20240722 (libc6,x86-64) => /lib/x86_64-linux-gnu/libabsl_raw_hash_set.so.20240722
	libabsl_random_seed_sequences.so.20240722 (libc6,x86-64) => /lib/x86_64-linux-gnu/libabsl_random_seed_sequences.so.20240722
	libabsl_random_seed_gen_exception.so.20240722 (libc6,x86-64) => /lib/x86_64-linux-gnu/libabsl_random_seed_gen_exception.so.20240722
	libabsl_random_internal_seed_material.so.20240722 (libc6,x86-64) => /lib/x86_64-linux-gnu/libabsl_random_internal_seed_material.so.20240722
	libabsl_random_internal_randen_slow.so.20240722 (libc6,x86-64) => /lib/x86_64-linux-gnu/libabsl_random_internal_randen_slow.so.20240722
	libabsl_random_internal_randen_hwaes_impl.so.20240722 (libc6,x86-64) => /lib/x86_64-linux-gnu/libabsl_random_internal_randen_hwaes_impl.so.20240722
	libabsl_random_internal_randen_hwaes.so.20240722 (libc6,x86-64) => /lib/x86_64-linux-gnu/libabsl_random_internal_randen_hwaes.so.20240722
	libabsl_random_internal_randen.so.20240722 (libc6,x86-64) => /lib/x86_64-linux-gnu/libabsl_random_internal_randen.so.20240722
	libabsl_random_internal_pool_urbg.so.20240722 (libc6,x86-64) => /lib/x86_64-linux-gnu/libabsl_random_internal_pool_urbg.so.20240722
	libabsl_random_internal_platform.so.20240722 (libc6,x86-64) => /lib/x86_64-linux-gnu/libabsl_random_internal_platform.so.20240722
	libabsl_random_internal_distribution_test_util.so.20240722 (libc6,x86-64) => /lib/x86_64-linux-gnu/libabsl_random_internal_distribution_test_util.so.20240722
	libabsl_random_distributions.so.20240722 (libc6,x86-64) => /lib/x86_64-linux-gnu/libabsl_random_distributions.so.20240722
	libabsl_poison.so.20240722 (libc6,x86-64) => /lib/x86_64-linux-gnu/libabsl_poison.so.20240722
	libabsl_periodic_sampler.so.20240722 (libc6,x86-64) => /lib/x86_64-linux-gnu/libabsl_periodic_sampler.so.20240722
	libabsl_malloc_internal.so.20240722 (libc6,x86-64) => /lib/x86_64-linux-gnu/libabsl_malloc_internal.so.20240722
	libabsl_low_level_hash.so.20240722 (libc6,x86-64) => /lib/x86_64-linux-gnu/libabsl_low_level_hash.so.20240722
	libabsl_log_sink.so.20240722 (libc6,x86-64) => /lib/x86_64-linux-gnu/libabsl_log_sink.so.20240722
	libabsl_log_severity.so.20240722 (libc6,x86-64) => /lib/x86_64-linux-gnu/libabsl_log_severity.so.20240722
	libabsl_log_internal_proto.so.20240722 (libc6,x86-64) => /lib/x86_64-linux-gnu/libabsl_log_internal_proto.so.20240722
	libabsl_log_internal_nullguard.so.20240722 (libc6,x86-64) => /lib/x86_64-linux-gnu/libabsl_log_internal_nullguard.so.20240722
	libabsl_log_internal_message.so.20240722 (libc6,x86-64) => /lib/x86_64-linux-gnu/libabsl_log_internal_message.so.20240722
	libabsl_log_internal_log_sink_set.so.20240722 (libc6,x86-64) => /lib/x86_64-linux-gnu/libabsl_log_internal_log_sink_set.so.20240722
	libabsl_log_internal_globals.so.20240722 (libc6,x86-64) => /lib/x86_64-linux-gnu/libabsl_log_internal_globals.so.20240722
	libabsl_log_internal_format.so.20240722 (libc6,x86-64) => /lib/x86_64-linux-gnu/libabsl_log_internal_format.so.20240722
	libabsl_log_internal_fnmatch.so.20240722 (libc6,x86-64) => /lib/x86_64-linux-gnu/libabsl_log_internal_fnmatch.so.20240722
	libabsl_log_internal_conditions.so.20240722 (libc6,x86-64) => /lib/x86_64-linux-gnu/libabsl_log_internal_conditions.so.20240722
	libabsl_log_internal_check_op.so.20240722 (libc6,x86-64) => /lib/x86_64-linux-gnu/libabsl_log_internal_check_op.so.20240722
	libabsl_log_initialize.so.20240722 (libc6,x86-64) => /lib/x86_64-linux-gnu/libabsl_log_initialize.so.20240722
	libabsl_log_globals.so.20240722 (libc6,x86-64) => /lib/x86_64-linux-gnu/libabsl_log_globals.so.20240722
	libabsl_log_flags.so.20240722 (libc6,x86-64) => /lib/x86_64-linux-gnu/libabsl_log_flags.so.20240722
	libabsl_log_entry.so.20240722 (libc6,x86-64) => /lib/x86_64-linux-gnu/libabsl_log_entry.so.20240722
	libabsl_leak_check.so.20240722 (libc6,x86-64) => /lib/x86_64-linux-gnu/libabsl_leak_check.so.20240722
	libabsl_kernel_timeout_internal.so.20240722 (libc6,x86-64) => /lib/x86_64-linux-gnu/libabsl_kernel_timeout_internal.so.20240722
	libabsl_int128.so.20240722 (libc6,x86-64) => /lib/x86_64-linux-gnu/libabsl_int128.so.20240722
	libabsl_hashtablez_sampler.so.20240722 (libc6,x86-64) => /lib/x86_64-linux-gnu/libabsl_hashtablez_sampler.so.20240722
	libabsl_hash.so.20240722 (libc6,x86-64) => /lib/x86_64-linux-gnu/libabsl_hash.so.20240722
	libabsl_graphcycles_internal.so.20240722 (libc6,x86-64) => /lib/x86_64-linux-gnu/libabsl_graphcycles_internal.so.20240722
	libabsl_flags_usage_internal.so.20240722 (libc6,x86-64) => /lib/x86_64-linux-gnu/libabsl_flags_usage_internal.so.20240722
	libabsl_flags_usage.so.20240722 (libc6,x86-64) => /lib/x86_64-linux-gnu/libabsl_flags_usage.so.20240722
	libabsl_flags_reflection.so.20240722 (libc6,x86-64) => /lib/x86_64-linux-gnu/libabsl_flags_reflection.so.20240722
	libabsl_flags_program_name.so.20240722 (libc6,x86-64) => /lib/x86_64-linux-gnu/libabsl_flags_program_name.so.20240722
	libabsl_flags_private_handle_accessor.so.20240722 (libc6,x86-64) => /lib/x86_64-linux-gnu/libabsl_flags_private_handle_accessor.so.20240722
	libabsl_flags_parse.so.20240722 (libc6,x86-64) => /lib/x86_64-linux-gnu/libabsl_flags_parse.so.20240722
	libabsl_flags_marshalling.so.20240722 (libc6,x86-64) => /lib/x86_64-linux-gnu/libabsl_flags_marshalling.so.20240722
	libabsl_flags_internal.so.20240722 (libc6,x86-64) => /lib/x86_64-linux-gnu/libabsl_flags_internal.so.20240722
	libabsl_flags_config.so.20240722 (libc6,x86-64) => /lib/x86_64-linux-gnu/libabsl_flags_config.so.20240722
	libabsl_flags_commandlineflag_internal.so.20240722 (libc6,x86-64) => /lib/x86_64-linux-gnu/libabsl_flags_commandlineflag_internal.so.20240722
	libabsl_flags_commandlineflag.so.20240722 (libc6,x86-64) => /lib/x86_64-linux-gnu/libabsl_flags_commandlineflag.so.20240722
	libabsl_failure_signal_handler.so.20240722 (libc6,x86-64) => /lib/x86_64-linux-gnu/libabsl_failure_signal_handler.so.20240722
	libabsl_exponential_biased.so.20240722 (libc6,x86-64) => /lib/x86_64-linux-gnu/libabsl_exponential_biased.so.20240722
	libabsl_examine_stack.so.20240722 (libc6,x86-64) => /lib/x86_64-linux-gnu/libabsl_examine_stack.so.20240722
	libabsl_die_if_null.so.20240722 (libc6,x86-64) => /lib/x86_64-linux-gnu/libabsl_die_if_null.so.20240722
	libabsl_demangle_rust.so.20240722 (libc6,x86-64) => /lib/x86_64-linux-gnu/libabsl_demangle_rust.so.20240722
	libabsl_demangle_internal.so.20240722 (libc6,x86-64) => /lib/x86_64-linux-gnu/libabsl_demangle_internal.so.20240722
	libabsl_decode_rust_punycode.so.20240722 (libc6,x86-64) => /lib/x86_64-linux-gnu/libabsl_decode_rust_punycode.so.20240722
	libabsl_debugging_internal.so.20240722 (libc6,x86-64) => /lib/x86_64-linux-gnu/libabsl_debugging_internal.so.20240722
	libabsl_crc32c.so.20240722 (libc6,x86-64) => /lib/x86_64-linux-gnu/libabsl_crc32c.so.20240722
	libabsl_crc_internal.so.20240722 (libc6,x86-64) => /lib/x86_64-linux-gnu/libabsl_crc_internal.so.20240722
	libabsl_crc_cpu_detect.so.20240722 (libc6,x86-64) => /lib/x86_64-linux-gnu/libabsl_crc_cpu_detect.so.20240722
	libabsl_crc_cord_state.so.20240722 (libc6,x86-64) => /lib/x86_64-linux-gnu/libabsl_crc_cord_state.so.20240722
	libabsl_cordz_sample_token.so.20240722 (libc6,x86-64) => /lib/x86_64-linux-gnu/libabsl_cordz_sample_token.so.20240722
	libabsl_cordz_info.so.20240722 (libc6,x86-64) => /lib/x86_64-linux-gnu/libabsl_cordz_info.so.20240722
	libabsl_cordz_handle.so.20240722 (libc6,x86-64) => /lib/x86_64-linux-gnu/libabsl_cordz_handle.so.20240722
	libabsl_cordz_functions.so.20240722 (libc6,x86-64) => /lib/x86_64-linux-gnu/libabsl_cordz_functions.so.20240722
	libabsl_cord_internal.so.20240722 (libc6,x86-64) => /lib/x86_64-linux-gnu/libabsl_cord_internal.so.20240722
	libabsl_cord.so.20240722 (libc6,x86-64) => /lib/x86_64-linux-gnu/libabsl_cord.so.20240722
	libabsl_civil_time.so.20240722 (libc6,x86-64) => /lib/x86_64-linux-gnu/libabsl_civil_time.so.20240722
	libabsl_city.so.20240722 (libc6,x86-64) => /lib/x86_64-linux-gnu/libabsl_city.so.20240722
	libabsl_base.so.20240722 (libc6,x86-64) => /lib/x86_64-linux-gnu/libabsl_base.so.20240722
	libabsl_bad_variant_access.so.20240722 (libc6,x86-64) => /lib/x86_64-linux-gnu/libabsl_bad_variant_access.so.20240722
	libabsl_bad_optional_access.so.20240722 (libc6,x86-64) => /lib/x86_64-linux-gnu/libabsl_bad_optional_access.so.20240722
	libabsl_bad_any_cast_impl.so.20240722 (libc6,x86-64) => /lib/x86_64-linux-gnu/libabsl_bad_any_cast_impl.so.20240722
	libaa.so.1 (libc6,x86-64) => /lib/x86_64-linux-gnu/libaa.so.1
	libZXing.so.3 (libc6,x86-64) => /lib/x86_64-linux-gnu/libZXing.so.3
	libX11.so.6 (libc6,x86-64) => /lib/x86_64-linux-gnu/libX11.so.6
	libX11-xcb.so.1 (libc6,x86-64) => /lib/x86_64-linux-gnu/libX11-xcb.so.1
	libXxf86vm.so.1 (libc6,x86-64) => /lib/x86_64-linux-gnu/libXxf86vm.so.1
	libXxf86dga.so.1 (libc6,x86-64) => /lib/x86_64-linux-gnu/libXxf86dga.so.1
	libXv.so.1 (libc6,x86-64) => /lib/x86_64-linux-gnu/libXv.so.1
	libXtst.so.6 (libc6,x86-64) => /lib/x86_64-linux-gnu/libXtst.so.6
	libXt.so.6 (libc6,x86-64) => /lib/x86_64-linux-gnu/libXt.so.6
	libXss.so.1 (libc6,x86-64) => /lib/x86_64-linux-gnu/libXss.so.1
	libXrender.so.1 (libc6,x86-64) => /lib/x86_64-linux-gnu/libXrender.so.1
	libXrandr.so.2 (libc6,x86-64) => /lib/x86_64-linux-gnu/libXrandr.so.2
	libXpresent.so.1 (libc6,x86-64) => /lib/x86_64-linux-gnu/libXpresent.so.1
	libXpm.so.4 (libc6,x86-64) => /lib/x86_64-linux-gnu/libXpm.so.4
	libXmuu.so.1 (libc6,x86-64) => /lib/x86_64-linux-gnu/libXmuu.so.1
	libXmu.so.6 (libc6,x86-64) => /lib/x86_64-linux-gnu/libXmu.so.6
	libXinerama.so.1 (libc6,x86-64) => /lib/x86_64-linux-gnu/libXinerama.so.1
	libXi.so.6 (libc6,x86-64) => /lib/x86_64-linux-gnu/libXi.so.6
	libXft.so.2 (libc6,x86-64) => /lib/x86_64-linux-gnu/libXft.so.2
	libXfont2.so.2 (libc6,x86-64) => /lib/x86_64-linux-gnu/libXfont2.so.2
	libXfixes.so.3 (libc6,x86-64) => /lib/x86_64-linux-gnu/libXfixes.so.3
	libXext.so.6 (libc6,x86-64) => /lib/x86_64-linux-gnu/libXext.so.6
	libXdmcp.so.6 (libc6,x86-64) => /lib/x86_64-linux-gnu/libXdmcp.so.6
	libXdamage.so.1 (libc6,x86-64) => /lib/x86_64-linux-gnu/libXdamage.so.1
	libXcursor.so.1 (libc6,x86-64) => /lib/x86_64-linux-gnu/libXcursor.so.1
	libXcomposite.so.1 (libc6,x86-64) => /lib/x86_64-linux-gnu/libXcomposite.so.1
	libXaw.so.7 (libc6,x86-64) => /lib/x86_64-linux-gnu/libXaw.so.7
	libXau.so.6 (libc6,x86-64) => /lib/x86_64-linux-gnu/libXau.so.6
	libXRes.so.1 (libc6,x86-64) => /lib/x86_64-linux-gnu/libXRes.so.1
	libXNVCtrl.so.0 (libc6,x86-64) => /lib/x86_64-linux-gnu/libXNVCtrl.so.0
	libXNNPACK.so.0.20241108 (libc6,x86-64) => /lib/x86_64-linux-gnu/libXNNPACK.so.0.20241108
	libWildMidi.so.2 (libc6,x86-64) => /lib/x86_64-linux-gnu/libWildMidi.so.2
	libTKernel.so.7.8 (libc6,x86-64) => /lib/x86_64-linux-gnu/libTKernel.so.7.8
	libTKXmlXCAF.so.7.8 (libc6,x86-64) => /lib/x86_64-linux-gnu/libTKXmlXCAF.so.7.8
	libTKXmlTObj.so.7.8 (libc6,x86-64) => /lib/x86_64-linux-gnu/libTKXmlTObj.so.7.8
	libTKXmlL.so.7.8 (libc6,x86-64) => /lib/x86_64-linux-gnu/libTKXmlL.so.7.8
	libTKXml.so.7.8 (libc6,x86-64) => /lib/x86_64-linux-gnu/libTKXml.so.7.8
	libTKXSDRAWVRML.so.7.8 (libc6,x86-64) => /lib/x86_64-linux-gnu/libTKXSDRAWVRML.so.7.8
	libTKXSDRAWSTL.so.7.8 (libc6,x86-64) => /lib/x86_64-linux-gnu/libTKXSDRAWSTL.so.7.8
	libTKXSDRAWSTEP.so.7.8 (libc6,x86-64) => /lib/x86_64-linux-gnu/libTKXSDRAWSTEP.so.7.8
	libTKXSDRAWPLY.so.7.8 (libc6,x86-64) => /lib/x86_64-linux-gnu/libTKXSDRAWPLY.so.7.8
	libTKXSDRAWOBJ.so.7.8 (libc6,x86-64) => /lib/x86_64-linux-gnu/libTKXSDRAWOBJ.so.7.8
	libTKXSDRAWIGES.so.7.8 (libc6,x86-64) => /lib/x86_64-linux-gnu/libTKXSDRAWIGES.so.7.8
	libTKXSDRAWGLTF.so.7.8 (libc6,x86-64) => /lib/x86_64-linux-gnu/libTKXSDRAWGLTF.so.7.8
	libTKXSDRAWDE.so.7.8 (libc6,x86-64) => /lib/x86_64-linux-gnu/libTKXSDRAWDE.so.7.8
	libTKXSDRAW.so.7.8 (libc6,x86-64) => /lib/x86_64-linux-gnu/libTKXSDRAW.so.7.8
	libTKXSBase.so.7.8 (libc6,x86-64) => /lib/x86_64-linux-gnu/libTKXSBase.so.7.8
	libTKXMesh.so.7.8 (libc6,x86-64) => /lib/x86_64-linux-gnu/libTKXMesh.so.7.8
	libTKXDEDRAW.so.7.8 (libc6,x86-64) => /lib/x86_64-linux-gnu/libTKXDEDRAW.so.7.8
	libTKXCAF.so.7.8 (libc6,x86-64) => /lib/x86_64-linux-gnu/libTKXCAF.so.7.8
	libTKV3d.so.7.8 (libc6,x86-64) => /lib/x86_64-linux-gnu/libTKV3d.so.7.8
	libTKViewerTest.so.7.8 (libc6,x86-64) => /lib/x86_64-linux-gnu/libTKViewerTest.so.7.8
	libTKVCAF.so.7.8 (libc6,x86-64) => /lib/x86_64-linux-gnu/libTKVCAF.so.7.8
	libTKTopTest.so.7.8 (libc6,x86-64) => /lib/x86_64-linux-gnu/libTKTopTest.so.7.8
	libTKTopAlgo.so.7.8 (libc6,x86-64) => /lib/x86_64-linux-gnu/libTKTopAlgo.so.7.8
	libTKTObjDRAW.so.7.8 (libc6,x86-64) => /lib/x86_64-linux-gnu/libTKTObjDRAW.so.7.8
	libTKTObj.so.7.8 (libc6,x86-64) => /lib/x86_64-linux-gnu/libTKTObj.so.7.8
	libTKStdL.so.7.8 (libc6,x86-64) => /lib/x86_64-linux-gnu/libTKStdL.so.7.8
	libTKStd.so.7.8 (libc6,x86-64) => /lib/x86_64-linux-gnu/libTKStd.so.7.8
	libTKShHealing.so.7.8 (libc6,x86-64) => /lib/x86_64-linux-gnu/libTKShHealing.so.7.8
	libTKService.so.7.8 (libc6,x86-64) => /lib/x86_64-linux-gnu/libTKService.so.7.8
	libTKRWMesh.so.7.8 (libc6,x86-64) => /lib/x86_64-linux-gnu/libTKRWMesh.so.7.8
	libTKQADraw.so.7.8 (libc6,x86-64) => /lib/x86_64-linux-gnu/libTKQADraw.so.7.8
	libTKPrim.so.7.8 (libc6,x86-64) => /lib/x86_64-linux-gnu/libTKPrim.so.7.8
	libTKOpenGlTest.so.7.8 (libc6,x86-64) => /lib/x86_64-linux-gnu/libTKOpenGlTest.so.7.8
	libTKOpenGl.so.7.8 (libc6,x86-64) => /lib/x86_64-linux-gnu/libTKOpenGl.so.7.8
	libTKOffset.so.7.8 (libc6,x86-64) => /lib/x86_64-linux-gnu/libTKOffset.so.7.8
	libTKMeshVS.so.7.8 (libc6,x86-64) => /lib/x86_64-linux-gnu/libTKMeshVS.so.7.8
	libTKMesh.so.7.8 (libc6,x86-64) => /lib/x86_64-linux-gnu/libTKMesh.so.7.8
	libTKMath.so.7.8 (libc6,x86-64) => /lib/x86_64-linux-gnu/libTKMath.so.7.8
	libTKLCAF.so.7.8 (libc6,x86-64) => /lib/x86_64-linux-gnu/libTKLCAF.so.7.8
	libTKHLR.so.7.8 (libc6,x86-64) => /lib/x86_64-linux-gnu/libTKHLR.so.7.8
	libTKG3d.so.7.8 (libc6,x86-64) => /lib/x86_64-linux-gnu/libTKG3d.so.7.8
	libTKG2d.so.7.8 (libc6,x86-64) => /lib/x86_64-linux-gnu/libTKG2d.so.7.8
	libTKGeomBase.so.7.8 (libc6,x86-64) => /lib/x86_64-linux-gnu/libTKGeomBase.so.7.8
	libTKGeomAlgo.so.7.8 (libc6,x86-64) => /lib/x86_64-linux-gnu/libTKGeomAlgo.so.7.8
	libTKFillet.so.7.8 (libc6,x86-64) => /lib/x86_64-linux-gnu/libTKFillet.so.7.8
	libTKFeat.so.7.8 (libc6,x86-64) => /lib/x86_64-linux-gnu/libTKFeat.so.7.8
	libTKExpress.so.7.8 (libc6,x86-64) => /lib/x86_64-linux-gnu/libTKExpress.so.7.8
	libTKDraw.so.7.8 (libc6,x86-64) => /lib/x86_64-linux-gnu/libTKDraw.so.7.8
	libTKDEVRML.so.7.8 (libc6,x86-64) => /lib/x86_64-linux-gnu/libTKDEVRML.so.7.8
	libTKDESTL.so.7.8 (libc6,x86-64) => /lib/x86_64-linux-gnu/libTKDESTL.so.7.8
	libTKDESTEP.so.7.8 (libc6,x86-64) => /lib/x86_64-linux-gnu/libTKDESTEP.so.7.8
	libTKDEPLY.so.7.8 (libc6,x86-64) => /lib/x86_64-linux-gnu/libTKDEPLY.so.7.8
	libTKDEOBJ.so.7.8 (libc6,x86-64) => /lib/x86_64-linux-gnu/libTKDEOBJ.so.7.8
	libTKDEIGES.so.7.8 (libc6,x86-64) => /lib/x86_64-linux-gnu/libTKDEIGES.so.7.8
	libTKDEGLTF.so.7.8 (libc6,x86-64) => /lib/x86_64-linux-gnu/libTKDEGLTF.so.7.8
	libTKDECascade.so.7.8 (libc6,x86-64) => /lib/x86_64-linux-gnu/libTKDECascade.so.7.8
	libTKDE.so.7.8 (libc6,x86-64) => /lib/x86_64-linux-gnu/libTKDE.so.7.8
	libTKDCAF.so.7.8 (libc6,x86-64) => /lib/x86_64-linux-gnu/libTKDCAF.so.7.8
	libTKCDF.so.7.8 (libc6,x86-64) => /lib/x86_64-linux-gnu/libTKCDF.so.7.8
	libTKCAF.so.7.8 (libc6,x86-64) => /lib/x86_64-linux-gnu/libTKCAF.so.7.8
	libTKBool.so.7.8 (libc6,x86-64) => /lib/x86_64-linux-gnu/libTKBool.so.7.8
	libTKBinXCAF.so.7.8 (libc6,x86-64) => /lib/x86_64-linux-gnu/libTKBinXCAF.so.7.8
	libTKBinTObj.so.7.8 (libc6,x86-64) => /lib/x86_64-linux-gnu/libTKBinTObj.so.7.8
	libTKBinL.so.7.8 (libc6,x86-64) => /lib/x86_64-linux-gnu/libTKBinL.so.7.8
	libTKBin.so.7.8 (libc6,x86-64) => /lib/x86_64-linux-gnu/libTKBin.so.7.8
	libTKBRep.so.7.8 (libc6,x86-64) => /lib/x86_64-linux-gnu/libTKBRep.so.7.8
	libTKBO.so.7.8 (libc6,x86-64) => /lib/x86_64-linux-gnu/libTKBO.so.7.8
	libTECkit_Compiler.so.0 (libc6,x86-64) => /lib/x86_64-linux-gnu/libTECkit_Compiler.so.0
	libTECkit.so.0 (libc6,x86-64) => /lib/x86_64-linux-gnu/libTECkit.so.0
	libSvtAv1Enc.so.2 (libc6,x86-64) => /lib/x86_64-linux-gnu/libSvtAv1Enc.so.2
	libSoundTouchDll.so.1 (libc6,x86-64) => /lib/x86_64-linux-gnu/libSoundTouchDll.so.1
	libSoundTouch.so.1 (libc6,x86-64) => /lib/x86_64-linux-gnu/libSoundTouch.so.1
	libSoQt.so.520 (libc6,x86-64) => /lib/x86_64-linux-gnu/libSoQt.so.520
	libSM.so.6 (libc6,x86-64) => /lib/x86_64-linux-gnu/libSM.so.6
	libSDL2-2.0.so.0 (libc6,x86-64) => /lib/x86_64-linux-gnu/libSDL2-2.0.so.0
	libSDL-1.2.so.0 (libc6,x86-64) => /lib/x86_64-linux-gnu/libSDL-1.2.so.0
	libQt53DRender.so.5 (libc6,x86-64) => /lib/x86_64-linux-gnu/libQt53DRender.so.5
	libQt53DQuickScene2D.so.5 (libc6,x86-64) => /lib/x86_64-linux-gnu/libQt53DQuickScene2D.so.5
	libQt53DLogic.so.5 (libc6,x86-64) => /lib/x86_64-linux-gnu/libQt53DLogic.so.5
	libQt53DInput.so.5 (libc6,x86-64) => /lib/x86_64-linux-gnu/libQt53DInput.so.5
	libQt53DExtras.so.5 (libc6,x86-64) => /lib/x86_64-linux-gnu/libQt53DExtras.so.5
	libQt53DCore.so.5 (libc6,x86-64) => /lib/x86_64-linux-gnu/libQt53DCore.so.5
	libQt53DAnimation.so.5 (libc6,x86-64) => /lib/x86_64-linux-gnu/libQt53DAnimation.so.5
	libQt6Xml.so.6 (libc6,x86-64) => /lib/x86_64-linux-gnu/libQt6Xml.so.6
	libQt6XcbQpa.so.6 (libc6,x86-64) => /lib/x86_64-linux-gnu/libQt6XcbQpa.so.6
	libQt6Widgets.so.6 (libc6,x86-64) => /lib/x86_64-linux-gnu/libQt6Widgets.so.6
	libQt6WaylandClient.so.6 (libc6,x86-64) => /lib/x86_64-linux-gnu/libQt6WaylandClient.so.6
	libQt6TextToSpeech.so.6 (libc6,x86-64) => /lib/x86_64-linux-gnu/libQt6TextToSpeech.so.6
	libQt6SvgWidgets.so.6 (libc6,x86-64) => /lib/x86_64-linux-gnu/libQt6SvgWidgets.so.6
	libQt6Svg.so.6 (libc6,x86-64) => /lib/x86_64-linux-gnu/libQt6Svg.so.6
	libQt6Sql.so.6 (libc6,x86-64) => /lib/x86_64-linux-gnu/libQt6Sql.so.6
	libQt6QuickWidgets.so.6 (libc6,x86-64) => /lib/x86_64-linux-gnu/libQt6QuickWidgets.so.6
	libQt6QuickTemplates2.so.6 (libc6,x86-64) => /lib/x86_64-linux-gnu/libQt6QuickTemplates2.so.6
	libQt6QuickShapes.so.6 (libc6,x86-64) => /lib/x86_64-linux-gnu/libQt6QuickShapes.so.6
	libQt6QuickLayouts.so.6 (libc6,x86-64) => /lib/x86_64-linux-gnu/libQt6QuickLayouts.so.6
	libQt6QuickDialogs2Utils.so.6 (libc6,x86-64) => /lib/x86_64-linux-gnu/libQt6QuickDialogs2Utils.so.6
	libQt6QuickDialogs2QuickImpl.so.6 (libc6,x86-64) => /lib/x86_64-linux-gnu/libQt6QuickDialogs2QuickImpl.so.6
	libQt6QuickDialogs2.so.6 (libc6,x86-64) => /lib/x86_64-linux-gnu/libQt6QuickDialogs2.so.6
	libQt6QuickControls2UniversalStyleImpl.so.6 (libc6,x86-64) => /lib/x86_64-linux-gnu/libQt6QuickControls2UniversalStyleImpl.so.6
	libQt6QuickControls2Universal.so.6 (libc6,x86-64) => /lib/x86_64-linux-gnu/libQt6QuickControls2Universal.so.6
	libQt6QuickControls2MaterialStyleImpl.so.6 (libc6,x86-64) => /lib/x86_64-linux-gnu/libQt6QuickControls2MaterialStyleImpl.so.6
	libQt6QuickControls2Material.so.6 (libc6,x86-64) => /lib/x86_64-linux-gnu/libQt6QuickControls2Material.so.6
	libQt6QuickControls2Impl.so.6 (libc6,x86-64) => /lib/x86_64-linux-gnu/libQt6QuickControls2Impl.so.6
	libQt6QuickControls2ImagineStyleImpl.so.6 (libc6,x86-64) => /lib/x86_64-linux-gnu/libQt6QuickControls2ImagineStyleImpl.so.6
	libQt6QuickControls2Imagine.so.6 (libc6,x86-64) => /lib/x86_64-linux-gnu/libQt6QuickControls2Imagine.so.6
	libQt6QuickControls2FusionStyleImpl.so.6 (libc6,x86-64) => /lib/x86_64-linux-gnu/libQt6QuickControls2FusionStyleImpl.so.6
	libQt6QuickControls2Fusion.so.6 (libc6,x86-64) => /lib/x86_64-linux-gnu/libQt6QuickControls2Fusion.so.6
	libQt6QuickControls2BasicStyleImpl.so.6 (libc6,x86-64) => /lib/x86_64-linux-gnu/libQt6QuickControls2BasicStyleImpl.so.6
	libQt6QuickControls2Basic.so.6 (libc6,x86-64) => /lib/x86_64-linux-gnu/libQt6QuickControls2Basic.so.6
	libQt6QuickControls2.so.6 (libc6,x86-64) => /lib/x86_64-linux-gnu/libQt6QuickControls2.so.6
	libQt6Quick.so.6 (libc6,x86-64) => /lib/x86_64-linux-gnu/libQt6Quick.so.6
	libQt6QmlWorkerScript.so.6 (libc6,x86-64) => /lib/x86_64-linux-gnu/libQt6QmlWorkerScript.so.6
	libQt6QmlModels.so.6 (libc6,x86-64) => /lib/x86_64-linux-gnu/libQt6QmlModels.so.6
	libQt6QmlMeta.so.6 (libc6,x86-64) => /lib/x86_64-linux-gnu/libQt6QmlMeta.so.6
	libQt6QmlCore.so.6 (libc6,x86-64) => /lib/x86_64-linux-gnu/libQt6QmlCore.so.6
	libQt6Qml.so.6 (libc6,x86-64) => /lib/x86_64-linux-gnu/libQt6Qml.so.6
	libQt6PrintSupport.so.6 (libc6,x86-64) => /lib/x86_64-linux-gnu/libQt6PrintSupport.so.6
	libQt6OpenGLWidgets.so.6 (libc6,x86-64) => /lib/x86_64-linux-gnu/libQt6OpenGLWidgets.so.6
	libQt6OpenGL.so.6 (libc6,x86-64) => /lib/x86_64-linux-gnu/libQt6OpenGL.so.6
	libQt6NetworkAuth.so.6 (libc6,x86-64) => /lib/x86_64-linux-gnu/libQt6NetworkAuth.so.6
	libQt6Network.so.6 (libc6,x86-64) => /lib/x86_64-linux-gnu/libQt6Network.so.6
	libQt6MultimediaQuick.so.6 (libc6,x86-64) => /lib/x86_64-linux-gnu/libQt6MultimediaQuick.so.6
	libQt6Multimedia.so.6 (libc6,x86-64) => /lib/x86_64-linux-gnu/libQt6Multimedia.so.6
	libQt6LabsFolderListModel.so.6 (libc6,x86-64) => /lib/x86_64-linux-gnu/libQt6LabsFolderListModel.so.6
	libQt6Help.so.6 (libc6,x86-64) => /lib/x86_64-linux-gnu/libQt6Help.so.6
	libQt6Gui.so.6 (libc6,x86-64) => /lib/x86_64-linux-gnu/libQt6Gui.so.6
	libQt6EglFsKmsSupport.so.6 (libc6,x86-64) => /lib/x86_64-linux-gnu/libQt6EglFsKmsSupport.so.6
	libQt6EglFsKmsGbmSupport.so.6 (libc6,x86-64) => /lib/x86_64-linux-gnu/libQt6EglFsKmsGbmSupport.so.6
	libQt6EglFSDeviceIntegration.so.6 (libc6,x86-64) => /lib/x86_64-linux-gnu/libQt6EglFSDeviceIntegration.so.6
	libQt6DBus.so.6 (libc6,x86-64) => /lib/x86_64-linux-gnu/libQt6DBus.so.6
	libQt6Core5Compat.so.6 (libc6,x86-64) => /lib/x86_64-linux-gnu/libQt6Core5Compat.so.6
	libQt6Core.so.6 (libc6,x86-64) => /lib/x86_64-linux-gnu/libQt6Core.so.6
	libQt5Xml.so.5 (libc6,x86-64) => /lib/x86_64-linux-gnu/libQt5Xml.so.5
	libQt5XcbQpa.so.5 (libc6,x86-64) => /lib/x86_64-linux-gnu/libQt5XcbQpa.so.5
	libQt5Widgets.so.5 (libc6,x86-64) => /lib/x86_64-linux-gnu/libQt5Widgets.so.5
	libQt5Test.so.5 (libc6,x86-64) => /lib/x86_64-linux-gnu/libQt5Test.so.5
	libQt5Svg.so.5 (libc6,x86-64) => /lib/x86_64-linux-gnu/libQt5Svg.so.5
	libQt5Sql.so.5 (libc6,x86-64) => /lib/x86_64-linux-gnu/libQt5Sql.so.5
	libQt5SerialPort.so.5 (libc6,x86-64) => /lib/x86_64-linux-gnu/libQt5SerialPort.so.5
	libQt5QuickWidgets.so.5 (libc6,x86-64) => /lib/x86_64-linux-gnu/libQt5QuickWidgets.so.5
	libQt5Quick.so.5 (libc6,x86-64) => /lib/x86_64-linux-gnu/libQt5Quick.so.5
	libQt5QmlModels.so.5 (libc6,x86-64) => /lib/x86_64-linux-gnu/libQt5QmlModels.so.5
	libQt5Qml.so.5 (libc6,x86-64) => /lib/x86_64-linux-gnu/libQt5Qml.so.5
	libQt5PrintSupport.so.5 (libc6,x86-64) => /lib/x86_64-linux-gnu/libQt5PrintSupport.so.5
	libQt5PositioningQuick.so.5 (libc6,x86-64) => /lib/x86_64-linux-gnu/libQt5PositioningQuick.so.5
	libQt5Positioning.so.5 (libc6,x86-64) => /lib/x86_64-linux-gnu/libQt5Positioning.so.5
	libQt5OpenGL.so.5 (libc6,x86-64) => /lib/x86_64-linux-gnu/libQt5OpenGL.so.5
	libQt5Network.so.5 (libc6,x86-64) => /lib/x86_64-linux-gnu/libQt5Network.so.5
	libQt5MultimediaWidgets.so.5 (libc6,x86-64) => /lib/x86_64-linux-gnu/libQt5MultimediaWidgets.so.5
	libQt5Multimedia.so.5 (libc6,x86-64) => /lib/x86_64-linux-gnu/libQt5Multimedia.so.5
	libQt5Location.so.5 (libc6,x86-64) => /lib/x86_64-linux-gnu/libQt5Location.so.5
	libQt5Help.so.5 (libc6,x86-64) => /lib/x86_64-linux-gnu/libQt5Help.so.5
	libQt5Gui.so.5 (libc6,x86-64) => /lib/x86_64-linux-gnu/libQt5Gui.so.5
	libQt5Gamepad.so.5 (libc6,x86-64) => /lib/x86_64-linux-gnu/libQt5Gamepad.so.5
	libQt5EglFsKmsSupport.so.5 (libc6,x86-64) => /lib/x86_64-linux-gnu/libQt5EglFsKmsSupport.so.5
	libQt5EglFSDeviceIntegration.so.5 (libc6,x86-64) => /lib/x86_64-linux-gnu/libQt5EglFSDeviceIntegration.so.5
	libQt5DesignerComponents.so.5 (libc6,x86-64) => /lib/x86_64-linux-gnu/libQt5DesignerComponents.so.5
	libQt5Designer.so.5 (libc6,x86-64) => /lib/x86_64-linux-gnu/libQt5Designer.so.5
	libQt5DBus.so.5 (libc6,x86-64) => /lib/x86_64-linux-gnu/libQt5DBus.so.5
	libQt5Core.so.5 (libc6,x86-64) => /lib/x86_64-linux-gnu/libQt5Core.so.5
	libQt5Concurrent.so.5 (libc6,x86-64) => /lib/x86_64-linux-gnu/libQt5Concurrent.so.5
	libQt5Charts.so.5 (libc6,x86-64) => /lib/x86_64-linux-gnu/libQt5Charts.so.5
	libOpenNI2.so.0 (libc6,x86-64) => /lib/x86_64-linux-gnu/libOpenNI2.so.0
	libOpenImageIO_Util.so.2.5 (libc6,x86-64) => /lib/x86_64-linux-gnu/libOpenImageIO_Util.so.2.5
	libOpenImageIO.so.2.5 (libc6,x86-64) => /lib/x86_64-linux-gnu/libOpenImageIO.so.2.5
	libOpenGL.so.0 (libc6,x86-64) => /lib/x86_64-linux-gnu/libOpenGL.so.0
	libOpenEXRUtil-3_1.so.30 (libc6,x86-64) => /lib/x86_64-linux-gnu/libOpenEXRUtil-3_1.so.30
	libOpenEXRCore-3_1.so.30 (libc6,x86-64) => /lib/x86_64-linux-gnu/libOpenEXRCore-3_1.so.30
	libOpenEXR-3_1.so.30 (libc6,x86-64) => /lib/x86_64-linux-gnu/libOpenEXR-3_1.so.30
	libOpenColorIO.so.2.1 (libc6,x86-64) => /lib/x86_64-linux-gnu/libOpenColorIO.so.2.1
	libOpenCL.so.1 (libc6,x86-64) => /lib/x86_64-linux-gnu/libOpenCL.so.1
	libOndselSolver.so.1 (libc6,x86-64) => /lib/x86_64-linux-gnu/libOndselSolver.so.1
	libMagickWand-7.Q16.so.10 (libc6,x86-64) => /lib/x86_64-linux-gnu/libMagickWand-7.Q16.so.10
	libMagickCore-7.Q16.so.10 (libc6,x86-64) => /lib/x86_64-linux-gnu/libMagickCore-7.Q16.so.10
	libLerc.so.4 (libc6,x86-64) => /lib/x86_64-linux-gnu/libLerc.so.4
	libLLVM.so.19.1 (libc6,x86-64) => /lib/x86_64-linux-gnu/libLLVM.so.19.1
	libLLVM-17.so.1 (libc6,x86-64) => /lib/x86_64-linux-gnu/libLLVM-17.so.1
	libLLVM-17.so (libc6,x86-64) => /lib/x86_64-linux-gnu/libLLVM-17.so
	libKirigamiPrivate.so.6 (libc6,x86-64) => /lib/x86_64-linux-gnu/libKirigamiPrivate.so.6
	libKirigamiPrimitives.so.6 (libc6,x86-64) => /lib/x86_64-linux-gnu/libKirigamiPrimitives.so.6
	libKirigamiPlatform.so.6 (libc6,x86-64) => /lib/x86_64-linux-gnu/libKirigamiPlatform.so.6
	libKirigamiLayouts.so.6 (libc6,x86-64) => /lib/x86_64-linux-gnu/libKirigamiLayouts.so.6
	libKirigamiDialogs.so.6 (libc6,x86-64) => /lib/x86_64-linux-gnu/libKirigamiDialogs.so.6
	libKirigamiDelegates.so.6 (libc6,x86-64) => /lib/x86_64-linux-gnu/libKirigamiDelegates.so.6
	libKirigami.so.6 (libc6,x86-64) => /lib/x86_64-linux-gnu/libKirigami.so.6
	libKF6XmlGui.so.6 (libc6,x86-64) => /lib/x86_64-linux-gnu/libKF6XmlGui.so.6
	libKF6WindowSystem.so.6 (libc6,x86-64) => /lib/x86_64-linux-gnu/libKF6WindowSystem.so.6
	libKF6WidgetsAddons.so.6 (libc6,x86-64) => /lib/x86_64-linux-gnu/libKF6WidgetsAddons.so.6
	libKF6WalletBackend.so.6 (libc6,x86-64) => /lib/x86_64-linux-gnu/libKF6WalletBackend.so.6
	libKF6Wallet.so.6 (libc6,x86-64) => /lib/x86_64-linux-gnu/libKF6Wallet.so.6
	libKF6TextWidgets.so.6 (libc6,x86-64) => /lib/x86_64-linux-gnu/libKF6TextWidgets.so.6
	libKF6Syndication.so.6 (libc6,x86-64) => /lib/x86_64-linux-gnu/libKF6Syndication.so.6
	libKF6Style.so.6 (libc6,x86-64) => /lib/x86_64-linux-gnu/libKF6Style.so.6
	libKF6SonnetUi.so.6 (libc6,x86-64) => /lib/x86_64-linux-gnu/libKF6SonnetUi.so.6
	libKF6SonnetCore.so.6 (libc6,x86-64) => /lib/x86_64-linux-gnu/libKF6SonnetCore.so.6
	libKF6Solid.so.6 (libc6,x86-64) => /lib/x86_64-linux-gnu/libKF6Solid.so.6
	libKF6Service.so.6 (libc6,x86-64) => /lib/x86_64-linux-gnu/libKF6Service.so.6
	libKF6PurposeWidgets.so.6 (libc6,x86-64) => /lib/x86_64-linux-gnu/libKF6PurposeWidgets.so.6
	libKF6Purpose.so.6 (libc6,x86-64) => /lib/x86_64-linux-gnu/libKF6Purpose.so.6
	libKF6PrisonScanner.so.6 (libc6,x86-64) => /lib/x86_64-linux-gnu/libKF6PrisonScanner.so.6
	libKF6Prison.so.6 (libc6,x86-64) => /lib/x86_64-linux-gnu/libKF6Prison.so.6
	libKF6Package.so.6 (libc6,x86-64) => /lib/x86_64-linux-gnu/libKF6Package.so.6
	libKF6NotifyConfig.so.6 (libc6,x86-64) => /lib/x86_64-linux-gnu/libKF6NotifyConfig.so.6
	libKF6Notifications.so.6 (libc6,x86-64) => /lib/x86_64-linux-gnu/libKF6Notifications.so.6
	libKF6NewStuffWidgets.so.6 (libc6,x86-64) => /lib/x86_64-linux-gnu/libKF6NewStuffWidgets.so.6
	libKF6NewStuffCore.so.6 (libc6,x86-64) => /lib/x86_64-linux-gnu/libKF6NewStuffCore.so.6
	libKF6KIOWidgets.so.6 (libc6,x86-64) => /lib/x86_64-linux-gnu/libKF6KIOWidgets.so.6
	libKF6KIOGui.so.6 (libc6,x86-64) => /lib/x86_64-linux-gnu/libKF6KIOGui.so.6
	libKF6KIOFileWidgets.so.6 (libc6,x86-64) => /lib/x86_64-linux-gnu/libKF6KIOFileWidgets.so.6
	libKF6KIOCore.so.6 (libc6,x86-64) => /lib/x86_64-linux-gnu/libKF6KIOCore.so.6
	libKF6KCMUtilsQuick.so.6 (libc6,x86-64) => /lib/x86_64-linux-gnu/libKF6KCMUtilsQuick.so.6
	libKF6KCMUtilsCore.so.6 (libc6,x86-64) => /lib/x86_64-linux-gnu/libKF6KCMUtilsCore.so.6
	libKF6KCMUtils.so.6 (libc6,x86-64) => /lib/x86_64-linux-gnu/libKF6KCMUtils.so.6
	libKF6JobWidgets.so.6 (libc6,x86-64) => /lib/x86_64-linux-gnu/libKF6JobWidgets.so.6
	libKF6I18nQml.so.6 (libc6,x86-64) => /lib/x86_64-linux-gnu/libKF6I18nQml.so.6
	libKF6I18n.so.6 (libc6,x86-64) => /lib/x86_64-linux-gnu/libKF6I18n.so.6
	libKF6ItemViews.so.6 (libc6,x86-64) => /lib/x86_64-linux-gnu/libKF6ItemViews.so.6
	libKF6IconWidgets.so.6 (libc6,x86-64) => /lib/x86_64-linux-gnu/libKF6IconWidgets.so.6
	libKF6IconThemes.so.6 (libc6,x86-64) => /lib/x86_64-linux-gnu/libKF6IconThemes.so.6
	libKF6GuiAddons.so.6 (libc6,x86-64) => /lib/x86_64-linux-gnu/libKF6GuiAddons.so.6
	libKF6GlobalAccel.so.6 (libc6,x86-64) => /lib/x86_64-linux-gnu/libKF6GlobalAccel.so.6
	libKF6FileMetaData.so.3 (libc6,x86-64) => /lib/x86_64-linux-gnu/libKF6FileMetaData.so.3
	libKF6DocTools.so.6 (libc6,x86-64) => /lib/x86_64-linux-gnu/libKF6DocTools.so.6
	libKF6DBusAddons.so.6 (libc6,x86-64) => /lib/x86_64-linux-gnu/libKF6DBusAddons.so.6
	libKF6Crash.so.6 (libc6,x86-64) => /lib/x86_64-linux-gnu/libKF6Crash.so.6
	libKF6CoreAddons.so.6 (libc6,x86-64) => /lib/x86_64-linux-gnu/libKF6CoreAddons.so.6
	libKF6ConfigWidgets.so.6 (libc6,x86-64) => /lib/x86_64-linux-gnu/libKF6ConfigWidgets.so.6
	libKF6ConfigQml.so.6 (libc6,x86-64) => /lib/x86_64-linux-gnu/libKF6ConfigQml.so.6
	libKF6ConfigGui.so.6 (libc6,x86-64) => /lib/x86_64-linux-gnu/libKF6ConfigGui.so.6
	libKF6ConfigCore.so.6 (libc6,x86-64) => /lib/x86_64-linux-gnu/libKF6ConfigCore.so.6
	libKF6Completion.so.6 (libc6,x86-64) => /lib/x86_64-linux-gnu/libKF6Completion.so.6
	libKF6ColorScheme.so.6 (libc6,x86-64) => /lib/x86_64-linux-gnu/libKF6ColorScheme.so.6
	libKF6Codecs.so.6 (libc6,x86-64) => /lib/x86_64-linux-gnu/libKF6Codecs.so.6
	libKF6BreezeIcons.so.6 (libc6,x86-64) => /lib/x86_64-linux-gnu/libKF6BreezeIcons.so.6
	libKF6BookmarksWidgets.so.6 (libc6,x86-64) => /lib/x86_64-linux-gnu/libKF6BookmarksWidgets.so.6
	libKF6Bookmarks.so.6 (libc6,x86-64) => /lib/x86_64-linux-gnu/libKF6Bookmarks.so.6
	libKF6BluezQt.so.6 (libc6,x86-64) => /lib/x86_64-linux-gnu/libKF6BluezQt.so.6
	libKF6AuthCore.so.6 (libc6,x86-64) => /lib/x86_64-linux-gnu/libKF6AuthCore.so.6
	libKF6Attica.so.6 (libc6,x86-64) => /lib/x86_64-linux-gnu/libKF6Attica.so.6
	libKF6Archive.so.6 (libc6,x86-64) => /lib/x86_64-linux-gnu/libKF6Archive.so.6
	libImath-3_1.so.29 (libc6,x86-64) => /lib/x86_64-linux-gnu/libImath-3_1.so.29
	libIlmThread-3_1.so.30 (libc6,x86-64) => /lib/x86_64-linux-gnu/libIlmThread-3_1.so.30
	libIex-3_1.so.30 (libc6,x86-64) => /lib/x86_64-linux-gnu/libIex-3_1.so.30
	libINIReader.so.0 (libc6,x86-64) => /lib/x86_64-linux-gnu/libINIReader.so.0
	libICE.so.6 (libc6,x86-64) => /lib/x86_64-linux-gnu/libICE.so.6
	libGLdispatch.so.0 (libc6,x86-64) => /lib/x86_64-linux-gnu/libGLdispatch.so.0
	libGLX_mesa.so.0 (libc6,x86-64) => /lib/x86_64-linux-gnu/libGLX_mesa.so.0
	libGLX.so.0 (libc6,x86-64) => /lib/x86_64-linux-gnu/libGLX.so.0
	libGLU.so.1 (libc6,x86-64) => /lib/x86_64-linux-gnu/libGLU.so.1
	libGLEW.so.2.2 (libc6,x86-64) => /lib/x86_64-linux-gnu/libGLEW.so.2.2
	libGL.so.1 (libc6,x86-64) => /lib/x86_64-linux-gnu/libGL.so.1
	libFLAC.so.14 (libc6,x86-64) => /lib/x86_64-linux-gnu/libFLAC.so.14
	libEGL_mesa.so.0 (libc6,x86-64) => /lib/x86_64-linux-gnu/libEGL_mesa.so.0
	libEGL.so.1 (libc6,x86-64) => /lib/x86_64-linux-gnu/libEGL.so.1
	libCoin.so.80c (libc6,x86-64) => /lib/x86_64-linux-gnu/libCoin.so.80c
	libBrokenLocale.so.1 (libc6,x86-64) => /lib/x86_64-linux-gnu/libBrokenLocale.so.1
	libBrokenLocale.so (libc6,x86-64) => /lib/x86_64-linux-gnu/libBrokenLocale.so
	libBLTlite.2.5.so.8.6 (libc6,x86-64) => /lib/libBLTlite.2.5.so.8.6
	libBLT.2.5.so.8.6 (libc6,x86-64) => /lib/libBLT.2.5.so.8.6
	ld-linux-x86-64.so.2 (libc6,x86-64) => /lib/x86_64-linux-gnu/ld-linux-x86-64.so.2
Cache generated by: ldconfig (Debian GLIBC 2.41-12+deb13u3) stable release version 2.41
