
> @ test:visual:full /workspace/FsusUI
> node ./scripts/with-node-heap.mjs node ./scripts/run-visual-tests.mjs --profile=full

Visual capacity: 4 CPU, 16384 MiB
Suites: serial; preview=3, dev=1, audit buckets=6
Budgets: reserve=1024 MiB, server=512 MiB each, worker=768 MiB
- capacity base: cgroup v2 CPU quota 4 included in capacity
- capacity base: cgroup v2 memory limit included in effective capacity
- capacity base: CPU constrained the repository parallel lane budget
- capacity base: reserved 1408 MiB for OS, filesystem cache, package coordinators, and native processes
- capacity base: Unit workload 309 files selected 3 shard(s) with 1 worker(s) each
- CPU limited visual workers
- reserved capacity for Node orchestration, reports, filesystem cache, and web server
- preview and dev suites run serially to avoid nested overcommit
[visual-plan] suite=preview
[visual-plan] selected-projects=desktop-light,mobile-light,desktop-dark,mobile-dark
[visual-plan] argv=pnpm exec playwright test --config=vue/playwright.config.ts --project=desktop-light --project=mobile-light --project=desktop-dark --project=mobile-dark
[visual-plan] workers=3
[visual-plan] report-directory=playwright-report/profile-full/suite-preview/shard-local
[visual-plan] result-namespaces=vue/test-results/profile-full/suite-preview/project-desktop-light/shard-local,vue/test-results/profile-full/suite-preview/project-mobile-light/shard-local,vue/test-results/profile-full/suite-preview/project-desktop-dark/shard-local,vue/test-results/profile-full/suite-preview/project-mobile-dark/shard-local
[visual-plan] suite=dev
[visual-plan] selected-projects=none
[visual-plan] argv=pnpm exec playwright test --config=vue/playwright.dev.config.ts
[visual-plan] workers=1
[visual-plan] report-directory=playwright-report/profile-full/suite-dev/shard-local
[visual-plan] result-namespaces=vue/test-results/profile-full/suite-dev/project-default/shard-local
[visual-plan] runtime-prepare=pnpm run visual:prepare

> @ visual:prepare /workspace/FsusUI
> node ./scripts/with-node-heap.mjs node ./scripts/prepare-visual-runtime.mjs

[visual-runtime] icons reuse: fingerprints match
[visual-runtime] wasm reuse: fingerprints match
[visual-runtime] demo rebuild: demo source fingerprint changed
[visual-runtime] command=pnpm run -C vue/packages/demo-app build

> demo-app@0.0.1 build /workspace/FsusUI/vue/packages/demo-app
> node ../../../scripts/with-node-heap.mjs vite build

vite v7.3.1 building client environment for production...
transforming...
✓ 4945 modules transformed.
Circular chunk: vendor-cytoscape-cose-bilkent -> fsus-ui -> vendor-cytoscape-cose-bilkent. Please adjust the manual chunk logic for these chunks.
Circular chunk: fsus-ui -> vendor-mermaid-parser-core -> fsus-ui. Please adjust the manual chunk logic for these chunks.
Circular chunk: fsus-ui -> vendor-cytoscape-fcose -> fsus-ui. Please adjust the manual chunk logic for these chunks.
rendering chunks...
computing gzip size...
dist/assets/channel-C70x8GTO.js                                           0.12 kB
dist/assets/init-Gi6I4Gst.js                                              0.15 kB
dist/assets/chunk-QZHKN3VN-COLtxn23.js                                    0.19 kB
dist/assets/chunk-4BX2VUAB-DNbLbxZ7.js                                    0.23 kB
dist/assets/chunk-55IACEB6-mIYPo4ip.js                                    0.24 kB
dist/assets/stateDiagram-v2-BHNVJYJU-Drg1gDcs.js                          0.36 kB
dist/assets/chunk-FMBD7UC4-C0M-GYht.js                                    0.37 kB
dist/assets/classDiagram-4FO5ZUOK-CpnJtVR5.js                             0.44 kB
dist/assets/classDiagram-v2-Q7XG4LA2-CpnJtVR5.js                          0.44 kB
dist/assets/chunk-2J33WTMH-BNMiamqg.js                                    0.51 kB
dist/assets/infoDiagram-5YYISTIA-DGHMhe2D.js                              0.56 kB
dist/assets/ordinal-Cboi1Yqb.js                                           1.19 kB
dist/assets/chunk-ND2GUHAM-RS-Y20Hi.js                                    1.88 kB
dist/assets/diagram-5GNKFQAL-p1cVtwop.js                                  2.73 kB
dist/assets/arc-Cc31OZId.js                                               3.44 kB
dist/assets/diagram-LMA3HP47-o4vdDwml.js                                  4.18 kB
dist/assets/noto-sans-sc-latin-ext-700-normal-BmmacmUC.woff2              4.47 kB
dist/assets/noto-sans-sc-latin-ext-400-normal-KRK7eeLK.woff2              4.48 kB
dist/assets/noto-sans-sc-latin-ext-500-normal-GsgFcZNr.woff2              4.56 kB
dist/assets/defaultLocale-CCNgq9ws.js                                     4.69 kB
dist/assets/noto-sans-sc-91-400-normal-BdbNZCTz.woff2                     4.70 kB
dist/assets/noto-sans-sc-vietnamese-400-normal-Bi2eM1Po.woff2             4.71 kB
dist/assets/noto-sans-sc-91-500-normal-i0u1m_iB.woff2                     4.75 kB
dist/assets/noto-sans-sc-91-700-normal-D4Ei2NDt.woff2                     4.77 kB
dist/assets/noto-sans-sc-vietnamese-700-normal-B_BvGp8Q.woff2             4.77 kB
dist/assets/noto-sans-sc-vietnamese-500-normal-920XfTAD.woff2             4.83 kB
dist/assets/noto-sans-sc-99-500-normal-BWS8QmEB.woff2                     5.20 kB
dist/assets/noto-sans-sc-99-400-normal-BTAaudar.woff2                     5.20 kB
dist/assets/noto-sans-sc-87-400-normal-BGelIZWt.woff2                     5.21 kB
dist/assets/pieDiagram-4H26LBE5-DkhyT52A.js                               5.24 kB
dist/assets/noto-sans-sc-99-700-normal-fxRlH1CQ.woff2                     5.24 kB
dist/assets/noto-sans-sc-87-700-normal-BtlEwhOv.woff2                     5.25 kB
dist/assets/noto-sans-sc-90-500-normal-CzRUd9Y4.woff2                     5.26 kB
dist/assets/noto-sans-sc-87-500-normal-CyNxmc60.woff2                     5.27 kB
dist/assets/noto-sans-sc-cyrillic-400-normal-CgZvxLpU.woff2               5.30 kB
dist/assets/noto-sans-sc-90-700-normal-D_uM6Dda.woff2                     5.31 kB
dist/assets/noto-sans-sc-90-400-normal-DRuAc-VY.woff2                     5.32 kB
dist/assets/noto-sans-sc-cyrillic-700-normal-Cq1GCcGV.woff2               5.33 kB
dist/assets/noto-sans-sc-cyrillic-500-normal-DGAdDs8H.woff2               5.34 kB
dist/assets/google-sans-greek-ext-400-normal-CvNKagY6.woff2               5.34 kB
dist/assets/google-sans-greek-ext-700-normal-C6Vum4iB.woff2               5.34 kB
dist/assets/google-sans-greek-ext-500-normal-DCRd8yMr.woff2               5.34 kB
dist/assets/google-sans-vietnamese-400-normal-1y4TzZ7V.woff2              5.36 kB
dist/assets/google-sans-vietnamese-700-normal-DMQXG0ZG.woff2              5.41 kB
dist/assets/google-sans-vietnamese-500-normal-CcoyzoM_.woff2              5.50 kB
dist/assets/linear-BVIWjKhQ.js                                            5.66 kB
dist/assets/google-sans-greek-400-normal-DxRB4CZs.woff2                   5.70 kB
dist/assets/google-sans-greek-500-normal-CAe80kEf.woff2                   5.77 kB
dist/assets/diagram-2AECGRRQ-BtHQTs3Y.js                                  5.78 kB
dist/assets/google-sans-greek-700-normal-C3ggD1iR.woff2                   5.78 kB
dist/assets/noto-sans-sc-latin-ext-400-normal-BZA_LfXq.woff               5.98 kB
dist/assets/noto-sans-sc-latin-ext-500-normal-D_wqt7jv.woff               5.99 kB
dist/assets/noto-sans-sc-latin-ext-700-normal-Ddn29awV.woff               6.05 kB
dist/assets/noto-sans-sc-89-400-normal-acup1U1Z.woff2                     6.11 kB
dist/assets/noto-sans-sc-21-400-normal-Bfz3Xm1a.woff2                     6.19 kB
dist/assets/noto-sans-sc-89-700-normal--Wr1YQox.woff2                     6.21 kB
dist/assets/noto-sans-sc-89-500-normal-z-0TkXtN.woff2                     6.22 kB
dist/assets/noto-sans-sc-88-400-normal-D3GwXLyo.woff2                     6.24 kB
dist/assets/noto-sans-sc-88-700-normal-Bnk-Qjhu.woff2                     6.25 kB
dist/assets/noto-sans-sc-88-500-normal-BfIgc9Wa.woff2                     6.26 kB
dist/assets/noto-sans-sc-21-500-normal-Dsw-xocd.woff2                     6.27 kB
dist/assets/noto-sans-sc-91-400-normal-C6Qii8Vp.woff                      6.30 kB
dist/assets/noto-sans-sc-21-700-normal-DNuQH_x9.woff2                     6.31 kB
dist/assets/noto-sans-sc-87-400-normal-DQpLjSpx.woff                      6.32 kB
dist/assets/noto-sans-sc-87-500-normal-DsIQtlth.woff                      6.33 kB
dist/assets/google-sans-greek-ext-700-normal-B5YQC0Ee.woff                6.34 kB
dist/assets/noto-sans-sc-91-500-normal-Be7m2sWM.woff                      6.36 kB
dist/assets/google-sans-greek-ext-400-normal-p1-FAml1.woff                6.36 kB
dist/assets/noto-sans-sc-87-700-normal-C2nqPuGz.woff                      6.36 kB
dist/assets/google-sans-greek-ext-500-normal-DM2xfr_W.woff                6.36 kB
dist/assets/noto-sans-sc-91-700-normal-CnFv2HUX.woff                      6.42 kB
dist/assets/noto-sans-sc-6-400-normal-D73klzWF.woff2                      6.47 kB
dist/assets/noto-sans-sc-vietnamese-400-normal-DSLtAGFP.woff              6.47 kB
dist/assets/noto-sans-sc-vietnamese-500-normal-FHUw6qRy.woff              6.52 kB
dist/assets/noto-sans-sc-6-500-normal-ClybqCn5.woff2                      6.55 kB
dist/assets/noto-sans-sc-6-700-normal-DV8I1q8y.woff2                      6.58 kB
dist/assets/noto-sans-sc-vietnamese-700-normal-Byuvj7pc.woff              6.58 kB
dist/assets/noto-sans-sc-cyrillic-500-normal-ncziUL7q.woff                6.68 kB
dist/assets/noto-sans-sc-cyrillic-400-normal-CxeT_sQD.woff                6.68 kB
dist/assets/noto-sans-sc-cyrillic-700-normal-D2iEev3Q.woff                6.70 kB
dist/assets/google-sans-greek-400-normal-CLMYqlHx.woff                    6.77 kB
dist/assets/noto-sans-sc-90-500-normal-D7_0OMic.woff                      6.80 kB
dist/assets/google-sans-greek-700-normal-B6h7IT3s.woff                    6.81 kB
dist/assets/noto-sans-sc-90-700-normal-CwWuy4eF.woff                      6.83 kB
dist/assets/google-sans-vietnamese-400-normal-gYrJJcZL.woff               6.86 kB
dist/assets/google-sans-greek-500-normal-D-iRUbOK.woff                    6.87 kB
dist/assets/noto-sans-sc-90-400-normal-5erHZz-U.woff                      6.91 kB
dist/assets/noto-sans-sc-99-400-normal-Cm8xLDap.woff                      6.92 kB
dist/assets/noto-sans-sc-99-500-normal-DqWEBWBE.woff                      6.96 kB
dist/assets/google-sans-vietnamese-700-normal-BpW0e60c.woff               6.99 kB
dist/assets/noto-sans-sc-99-700-normal-DA94i8WC.woff                      7.02 kB
dist/assets/google-sans-vietnamese-500-normal-DfOdbAMM.woff               7.06 kB
dist/assets/noto-sans-sc-21-400-normal-B-kDkkaE.woff                      7.28 kB
dist/assets/noto-sans-sc-88-400-normal-qxvR3bf2.woff                      7.39 kB
dist/assets/noto-sans-sc-21-500-normal-WlgWrgNw.woff                      7.40 kB
dist/assets/noto-sans-sc-88-500-normal-DJBmTWTX.woff                      7.40 kB
dist/assets/noto-sans-sc-21-700-normal-BWzQWlmz.woff                      7.40 kB
dist/assets/noto-sans-sc-88-700-normal-DKzXmE9H.woff                      7.41 kB
dist/assets/noto-sans-sc-89-400-normal-CdB4uotv.woff                      7.68 kB
dist/assets/noto-sans-sc-89-700-normal-DBdFHY3j.woff                      7.77 kB
dist/assets/noto-sans-sc-89-500-normal-BozrAalc.woff                      7.78 kB
dist/index.html                                                           8.26 kB │ gzip:     1.65 kB
dist/assets/google-sans-hebrew-700-normal-ArNis8pE.woff2                  8.31 kB
dist/assets/google-sans-hebrew-400-normal-B-GglnrG.woff2                  8.35 kB
dist/assets/noto-sans-sc-6-500-normal-B1ik41kx.woff                       8.40 kB
dist/assets/google-sans-hebrew-500-normal-BtnBSeDA.woff2                  8.42 kB
dist/assets/noto-sans-sc-6-400-normal-BbNanP_g.woff                       8.45 kB
dist/assets/noto-sans-sc-6-700-normal-BofO56NU.woff                       8.47 kB
dist/assets/google-sans-cyrillic-400-normal-C40CWPaK.woff2                9.42 kB
dist/assets/google-sans-cyrillic-700-normal-DMyXZpJK.woff2                9.54 kB
dist/assets/google-sans-cyrillic-500-normal-B1EV4J8T.woff2                9.62 kB
dist/assets/google-sans-cyrillic-ext-400-normal-DRX-4_Sg.woff2            9.62 kB
dist/assets/google-sans-lao-400-normal-BE9Av--w.woff2                     9.68 kB
dist/assets/google-sans-thai-400-normal-C4osmL5X.woff2                    9.71 kB
dist/assets/google-sans-armenian-700-normal-DvCQGcIA.woff2                9.78 kB
dist/assets/google-sans-cyrillic-ext-700-normal-UtuRbSeU.woff2            9.78 kB
dist/assets/google-sans-armenian-400-normal-B-STzTxI.woff2                9.80 kB
dist/assets/google-sans-thai-700-normal-CjNUGbLK.woff2                    9.84 kB
dist/assets/google-sans-armenian-500-normal-Bz_ye3vR.woff2                9.87 kB
dist/assets/google-sans-cyrillic-ext-500-normal-CoDO2SHo.woff2            9.87 kB
dist/assets/google-sans-hebrew-400-normal-Cp17riXE.woff                   9.95 kB
dist/assets/google-sans-hebrew-700-normal-tXD-QzUD.woff                  10.01 kB
dist/assets/google-sans-georgian-400-normal-DfppG5YQ.woff2               10.05 kB
dist/assets/google-sans-hebrew-500-normal-BMh1EmDG.woff                  10.06 kB
dist/assets/google-sans-lao-700-normal-C4WV7a9S.woff2                    10.10 kB
dist/assets/google-sans-georgian-700-normal-qRdGbKyX.woff2               10.19 kB
dist/assets/stateDiagram-AJRCARHV-Bvp5OZXD.js                            10.33 kB
dist/assets/google-sans-lao-500-normal-OKj3OPtQ.woff2                    10.38 kB
dist/assets/google-sans-thai-500-normal-CoqF56H8.woff2                   10.38 kB
dist/assets/google-sans-georgian-500-normal-C64traQV.woff2               10.47 kB
dist/assets/diagram-KO2AKTUF-csbMYwKE.js                                 10.69 kB
dist/assets/data-pipeline.worker-D2DR0m77.js                             10.75 kB
dist/assets/noto-sans-sc-5-400-normal-3RzBeGhg.woff2                     10.90 kB
dist/assets/noto-sans-sc-5-500-normal-BdqLNb8-.woff2                     10.94 kB
dist/assets/dagre-BM42HDAG-2cX2aioc.js                                   11.11 kB
dist/assets/github-light-Rcb2q3L5.js                                     11.18 kB
dist/assets/github-dark-BQV5ugrc.js                                      11.40 kB
dist/assets/noto-sans-sc-5-700-normal-x9UYIBA3.woff2                     11.41 kB
dist/assets/google-sans-cyrillic-400-normal-CIC-zVTk.woff                11.44 kB
dist/assets/google-sans-cyrillic-700-normal-BYFnon4y.woff                11.53 kB
dist/assets/google-sans-armenian-400-normal-DAPVGnZn.woff                11.64 kB
dist/assets/google-sans-cyrillic-ext-400-normal-L2lMuFoo.woff            11.65 kB
dist/assets/google-sans-armenian-700-normal-DJB0c5EI.woff                11.66 kB
dist/assets/google-sans-georgian-400-normal-BLwoPzer.woff                11.69 kB
dist/assets/google-sans-cyrillic-500-normal-BGc4tBtF.woff                11.70 kB
dist/assets/google-sans-cyrillic-ext-700-normal-Beu8W2CW.woff            11.72 kB
dist/assets/google-sans-georgian-700-normal-BkXR2S5u.woff                11.74 kB
dist/assets/google-sans-gurmukhi-400-normal-D3jXAZ_D.woff2               11.80 kB
dist/assets/google-sans-armenian-500-normal-CQQJ6idU.woff                11.82 kB
dist/assets/google-sans-lao-400-normal-3RH2VW75.woff                     11.88 kB
dist/assets/google-sans-cyrillic-ext-500-normal-DHV8CslW.woff            11.88 kB
dist/assets/google-sans-thai-400-normal-BMI4kf0H.woff                    11.90 kB
dist/assets/google-sans-thai-700-normal-D_c-mtRV.woff                    11.95 kB
dist/assets/google-sans-gurmukhi-700-normal-CbrwK1o6.woff2               11.98 kB
dist/assets/google-sans-georgian-500-normal-CTj1q8Lb.woff                12.02 kB
dist/assets/google-sans-lao-700-normal-CsEb-AR8.woff                     12.04 kB
dist/assets/google-sans-gurmukhi-500-normal-DYGYixLa.woff2               12.08 kB
dist/assets/google-sans-thai-500-normal-DJq9BWFD.woff                    12.38 kB
dist/assets/google-sans-lao-500-normal-Balkklfl.woff                     12.43 kB
dist/assets/google-sans-symbols-400-normal-lbQHVV-2.woff2                12.52 kB
dist/assets/google-sans-symbols-700-normal-600QOhOj.woff2                12.58 kB
dist/assets/markdown_simd-DOvYLSJE.js                                    12.60 kB
dist/assets/markdown_basic-Dc0N3HOC.js                                   12.61 kB
dist/assets/markdown-feature-output-gateway-CtVvWhQD.js                  12.73 kB
dist/assets/google-sans-symbols-500-normal-B9HTLMXr.woff2                12.81 kB
dist/assets/noto-sans-sc-5-400-normal-CbEP9VxY.woff                      13.26 kB
dist/assets/noto-sans-sc-latin-400-normal-C8q2FS1w.woff2                 13.30 kB
dist/assets/noto-sans-sc-5-500-normal-m39LDTOV.woff                      13.31 kB
dist/assets/noto-sans-sc-latin-500-normal-JVPArRf3.woff2                 13.32 kB
dist/assets/noto-sans-sc-latin-700-normal-BzR54Sjf.woff2                 13.42 kB
dist/assets/google-sans-tamil-400-normal-4jaSJPAD.woff2                  13.43 kB
dist/assets/google-sans-latin-ext-400-normal-UKbRv1Qt.woff2              13.44 kB
dist/assets/google-sans-latin-ext-700-normal-BFgLMrUW.woff2              13.58 kB
dist/assets/google-sans-latin-ext-500-normal-BCpH9zE5.woff2              13.73 kB
dist/assets/noto-sans-sc-5-700-normal-CPiMvAj8.woff                      13.78 kB
dist/assets/google-sans-gurmukhi-400-normal-B696KfSs.woff                14.13 kB
dist/assets/google-sans-tamil-700-normal-B94SgOhq.woff2                  14.26 kB
dist/assets/google-sans-gurmukhi-700-normal-6xgriXld.woff                14.35 kB
dist/assets/google-sans-gurmukhi-500-normal-CIPhMJpQ.woff                14.40 kB
dist/assets/google-sans-tamil-500-normal-Djb01Dys.woff2                  14.40 kB
dist/assets/noto-sans-sc-85-400-normal-CNc66YTY.woff2                    14.60 kB
dist/assets/noto-sans-sc-85-500-normal-BHnspF-n.woff2                    14.70 kB
dist/assets/noto-sans-sc-85-700-normal-CbxuEJPm.woff2                    14.79 kB
dist/assets/google-sans-symbols-400-normal-DOk7ubmR.woff                 15.28 kB
dist/assets/google-sans-symbols-700-normal-DeKsKyy2.woff                 15.42 kB
dist/assets/google-sans-symbols-500-normal-BVlbRUiO.woff                 15.67 kB
dist/assets/diagram-OG6HWLK6-Cck3t5KY.js                                 15.77 kB
dist/assets/google-sans-latin-ext-400-normal-CmTJllIR.woff               16.76 kB
dist/assets/google-sans-latin-ext-700-normal-Bsvv629D.woff               16.76 kB
dist/assets/google-sans-latin-ext-500-normal-DLZGvPNG.woff               16.98 kB
dist/assets/noto-sans-sc-80-400-normal-psViYwkz.woff2                    17.30 kB
dist/assets/ishikawaDiagram-YF4QCWOH-BEHpQv8i.js                         17.44 kB
dist/assets/noto-sans-sc-80-500-normal-Di8G0AhH.woff2                    17.47 kB
dist/assets/noto-sans-sc-84-400-normal-BtmNIfry.woff2                    17.54 kB
dist/assets/noto-sans-sc-80-700-normal-UCchT3b6.woff2                    17.57 kB
dist/assets/noto-sans-sc-84-500-normal-3O-pFZPI.woff2                    17.61 kB
dist/assets/google-sans-tamil-400-normal-DljycBoB.woff                   17.70 kB
dist/assets/noto-sans-sc-84-700-normal-O2_u3aEA.woff2                    17.74 kB
dist/assets/noto-sans-sc-latin-400-normal-ned8RRXO.woff                  17.80 kB
dist/assets/noto-sans-sc-latin-500-normal-c5FVqAg8.woff                  17.85 kB
dist/assets/noto-sans-sc-86-400-normal-Cs9yXoGU.woff2                    17.91 kB
dist/assets/noto-sans-sc-latin-700-normal-B17hb4LK.woff                  17.93 kB
dist/assets/noto-sans-sc-86-500-normal-BdmmPOi_.woff2                    17.97 kB
dist/assets/noto-sans-sc-85-400-normal-DMllyR_f.woff                     18.42 kB
dist/assets/noto-sans-sc-85-500-normal-D036mTIk.woff                     18.42 kB
dist/assets/noto-sans-sc-85-700-normal-CukCnpgt.woff                     18.44 kB
dist/assets/noto-sans-sc-86-700-normal-DcKO2wZq.woff2                    18.45 kB
dist/assets/google-sans-tamil-700-normal-CyV3_18u.woff                   18.49 kB
dist/assets/google-sans-tamil-500-normal-B4Gsc96i.woff                   18.70 kB
dist/assets/noto-sans-sc-41-400-normal-CwF0ysup.woff2                    19.41 kB
dist/assets/noto-sans-sc-41-500-normal-DxaQVwJP.woff2                    19.68 kB
dist/assets/noto-sans-sc-77-400-normal-CxYpJvkI.woff2                    19.71 kB
dist/assets/noto-sans-sc-41-700-normal-C9Fm98h0.woff2                    19.84 kB
dist/assets/noto-sans-sc-77-500-normal-3BTwE5uB.woff2                    19.99 kB
dist/assets/noto-sans-sc-77-700-normal-a-oEDj-K.woff2                    20.11 kB
dist/assets/kanban-definition-UN3LZRKU-DONB8V5O.js                       20.26 kB
dist/assets/markdown-heavy-feature-frame-CxxpVg7i.js                     20.57 kB
dist/assets/noto-sans-sc-73-400-normal-tzRZHUkU.woff2                    20.84 kB
dist/assets/noto-sans-sc-73-500-normal-Cw_tnR9p.woff2                    20.99 kB
dist/assets/noto-sans-sc-73-700-normal-I6Weyh5u.woff2                    21.21 kB
dist/assets/noto-sans-sc-64-400-normal-9n4RwFjr.woff2                    21.89 kB
dist/assets/noto-sans-sc-79-400-normal-Bs84SZW2.woff2                    21.94 kB
dist/assets/noto-sans-sc-64-500-normal-B5UNeVXi.woff2                    22.11 kB
dist/assets/noto-sans-sc-64-700-normal-D6d3HRSr.woff2                    22.13 kB
dist/assets/google-sans-latin-400-normal-Bn77j4QQ.woff2                  22.18 kB
dist/assets/noto-sans-sc-79-500-normal-C-QvHj7p.woff2                    22.23 kB
dist/assets/noto-sans-sc-60-400-normal-BkgLo8ii.woff2                    22.24 kB
dist/assets/noto-sans-sc-68-400-normal-DhhAKUnY.woff2                    22.24 kB
dist/assets/noto-sans-sc-86-500-normal-DBO--cXc.woff                     22.30 kB
dist/assets/noto-sans-sc-79-700-normal-DdtsIzyh.woff2                    22.34 kB
dist/assets/noto-sans-sc-80-400-normal-Dwrnaqm2.woff                     22.35 kB
dist/assets/noto-sans-sc-80-700-normal-DmGx7RLg.woff                     22.35 kB
dist/assets/noto-sans-sc-65-400-normal-Co4l6Z_j.woff2                    22.38 kB
dist/assets/noto-sans-sc-86-400-normal-BsrXDN1H.woff                     22.39 kB
dist/assets/noto-sans-sc-80-500-normal-pkF20v8D.woff                     22.40 kB
dist/assets/noto-sans-sc-84-500-normal-BXlAVyFt.woff                     22.40 kB
dist/assets/noto-sans-sc-84-400-normal-BYc3ckpR.woff                     22.42 kB
dist/assets/noto-sans-sc-84-700-normal-BS3hEiWG.woff                     22.42 kB
dist/assets/noto-sans-sc-70-400-normal-BlWmkfgH.woff2                    22.44 kB
dist/assets/noto-sans-sc-51-400-normal-BXmprHGd.woff2                    22.50 kB
dist/assets/noto-sans-sc-68-500-normal-BRRTtSYi.woff2                    22.50 kB
dist/assets/noto-sans-sc-65-500-normal-CFOLBwGK.woff2                    22.57 kB
dist/assets/noto-sans-sc-60-500-normal-DFqPQqQq.woff2                    22.60 kB
dist/assets/noto-sans-sc-86-700-normal-CzXs1BXS.woff                     22.64 kB
dist/assets/noto-sans-sc-36-400-normal-BxBT42kb.woff2                    22.65 kB
dist/assets/noto-sans-sc-68-700-normal-LGMmxj6K.woff2                    22.65 kB
dist/assets/noto-sans-sc-65-700-normal-BUpqu4D4.woff2                    22.68 kB
dist/assets/noto-sans-sc-51-500-normal-B5-dbmQ8.woff2                    22.78 kB
dist/assets/noto-sans-sc-51-700-normal-Bon9yel0.woff2                    22.86 kB
dist/assets/noto-sans-sc-36-500-normal-CaI-3T3h.woff2                    22.90 kB
dist/assets/noto-sans-sc-60-700-normal-Bc_5YyR0.woff2                    22.91 kB
dist/assets/noto-sans-sc-70-500-normal-CUVD271H.woff2                    22.96 kB
dist/assets/noto-sans-sc-36-700-normal-D_nEfnKk.woff2                    23.00 kB
dist/assets/google-sans-latin-700-normal-D1IKhQ3D.woff2                  23.08 kB
dist/assets/noto-sans-sc-53-400-normal-DpzojyPN.woff2                    23.08 kB
dist/assets/noto-sans-sc-83-400-normal-cx8M2qMo.woff2                    23.08 kB
dist/assets/mindmap-definition-RKZ34NQL-CjTQVbb_.js                      23.15 kB
dist/assets/noto-sans-sc-70-700-normal-D_WqSwix.woff2                    23.15 kB
dist/assets/sankeyDiagram-5OEKKPKP-C-qK-z5g.js                           23.17 kB
dist/assets/noto-sans-sc-83-500-normal-CngP5iwW.woff2                    23.39 kB
dist/assets/google-sans-malayalam-400-normal-6a5vDNml.woff2              23.40 kB
dist/assets/google-sans-latin-500-normal-BG7i7tRe.woff2                  23.43 kB
dist/assets/noto-sans-sc-53-500-normal-4I_fEgQd.woff2                    23.46 kB
dist/assets/noto-sans-sc-83-700-normal-5yUCUUlF.woff2                    23.48 kB
dist/assets/journeyDiagram-JHISSGLW-Ux7qXVx-.js                          23.54 kB
dist/assets/noto-sans-sc-75-400-normal-CUYSz9vA.woff2                    23.67 kB
dist/assets/noto-sans-sc-53-700-normal-Cvcae_Sp.woff2                    23.72 kB
dist/assets/graph-BwjfAU3j.js                                            23.92 kB
dist/assets/noto-sans-sc-75-500-normal-RnXI8R7b.woff2                    24.05 kB
dist/assets/google-sans-gujarati-400-normal-CESeojbv.woff2               24.08 kB
dist/assets/noto-sans-sc-61-400-normal-ggoUFMmb.woff2                    24.18 kB
dist/assets/noto-sans-sc-75-700-normal-mpNhFFB1.woff2                    24.32 kB
dist/assets/noto-sans-sc-82-400-normal-BZZDzro0.woff2                    24.40 kB
dist/assets/noto-sans-sc-42-400-normal-ZKOUmsTa.woff2                    24.46 kB
dist/assets/noto-sans-sc-61-500-normal-BB7Zjp1f.woff2                    24.49 kB
dist/assets/noto-sans-sc-82-500-normal-DyyUtoXj.woff2                    24.66 kB
dist/assets/noto-sans-sc-42-500-normal-BqjPf_lN.woff2                    24.68 kB
dist/assets/noto-sans-sc-40-400-normal-DcIMWQiP.woff2                    24.70 kB
dist/assets/noto-sans-sc-118-400-normal-CqQ_A8sl.woff2                   24.72 kB
dist/assets/noto-sans-sc-61-700-normal-Ckxgx8cS.woff2                    24.77 kB
dist/assets/noto-sans-sc-50-400-normal-BeYaGcbF.woff2                    24.79 kB
dist/assets/noto-sans-sc-82-700-normal-BPEBmW4D.woff2                    24.79 kB
dist/assets/noto-sans-sc-118-500-normal-BkdpJ3OC.woff2                   24.81 kB
dist/assets/noto-sans-sc-42-700-normal-DatVBEhz.woff2                    24.92 kB
dist/assets/noto-sans-sc-43-400-normal-WDsqqjmk.woff2                    24.95 kB
dist/assets/noto-sans-sc-40-500-normal-CFdw4jgZ.woff2                    24.98 kB
dist/assets/noto-sans-sc-41-400-normal-vQF1biVP.woff                     25.00 kB
dist/assets/noto-sans-sc-72-400-normal-BLx1zxYv.woff2                    25.01 kB
dist/assets/noto-sans-sc-118-700-normal-BitkqWcz.woff2                   25.02 kB
dist/assets/noto-sans-sc-50-500-normal-DlintQvq.woff2                    25.04 kB
dist/assets/noto-sans-sc-81-400-normal-BImDXGMr.woff2                    25.12 kB
dist/assets/noto-sans-sc-59-400-normal-D7wWmpIm.woff2                    25.13 kB
dist/assets/noto-sans-sc-41-500-normal-Bo36dSjP.woff                     25.13 kB
dist/assets/noto-sans-sc-40-700-normal-CQq8R_A5.woff2                    25.16 kB
dist/assets/noto-sans-sc-50-700-normal-eWm1DQPT.woff2                    25.20 kB
dist/assets/noto-sans-sc-41-700-normal-xD-i7Orz.woff                     25.21 kB
dist/assets/google-sans-oriya-400-normal-CeIrmlDL.woff2                  25.27 kB
dist/assets/noto-sans-sc-34-400-normal-Djw1IAuw.woff2                    25.29 kB
dist/assets/noto-sans-sc-43-500-normal-Btkg4xpj.woff2                    25.32 kB
dist/assets/noto-sans-sc-72-500-normal-DTeK03yK.woff2                    25.37 kB
dist/assets/noto-sans-sc-31-400-normal-Cngcbauu.woff2                    25.40 kB
dist/assets/noto-sans-sc-33-400-normal-CUXtFK-t.woff2                    25.44 kB
dist/assets/noto-sans-sc-81-500-normal-DUcTi26F.woff2                    25.44 kB
dist/assets/noto-sans-sc-27-400-normal-LzZF_NqI.woff2                    25.45 kB
dist/assets/google-sans-malayalam-500-normal-Cv0yBxLq.woff2              25.46 kB
dist/assets/noto-sans-sc-72-700-normal-OdQF7L87.woff2                    25.47 kB
dist/assets/wardleyDiagram-YWT4CUSO-DE8WvBnY.js                          25.47 kB
dist/assets/noto-sans-sc-34-500-normal-Bs1nGgXz.woff2                    25.48 kB
dist/assets/noto-sans-sc-43-700-normal-CXBy1e3m.woff2                    25.50 kB
dist/assets/google-sans-malayalam-700-normal-ROW2c3zw.woff2              25.52 kB
dist/assets/noto-sans-sc-71-400-normal-HYJki_zr.woff2                    25.54 kB
dist/assets/noto-sans-sc-77-700-normal-DJB_rVNe.woff                     25.55 kB
dist/assets/noto-sans-sc-81-700-normal-B19yzEES.woff2                    25.59 kB
dist/assets/noto-sans-sc-77-500-normal-DoweSMr1.woff                     25.59 kB
dist/assets/google-sans-gujarati-700-normal-D8kfT68L.woff2               25.59 kB
dist/assets/google-sans-gujarati-500-normal-Da8b2vYN.woff2               25.59 kB
dist/assets/noto-sans-sc-77-400-normal-vrZaEvff.woff                     25.61 kB
dist/assets/noto-sans-sc-59-500-normal-BxaY6bmN.woff2                    25.62 kB
dist/assets/noto-sans-sc-34-700-normal-CQMxhMlx.woff2                    25.72 kB
dist/assets/noto-sans-sc-31-500-normal-CXR93Yl5.woff2                    25.72 kB
dist/assets/noto-sans-sc-71-500-normal-Dz2iPqSM.woff2                    25.77 kB
dist/assets/noto-sans-sc-76-400-normal-JtvMmeCp.woff2                    25.79 kB
dist/assets/noto-sans-sc-55-400-normal-CYV3hjnq.woff2                    25.82 kB
dist/assets/noto-sans-sc-33-500-normal-Co2VsUhm.woff2                    25.84 kB
dist/assets/noto-sans-sc-31-700-normal-kfjyItub.woff2                    25.88 kB
dist/assets/noto-sans-sc-59-700-normal-BhdW5HYb.woff2                    25.90 kB
dist/assets/noto-sans-sc-27-500-normal-8q_kP--H.woff2                    25.93 kB
dist/assets/noto-sans-sc-63-400-normal-BYQsjKYd.woff2                    25.95 kB
dist/assets/noto-sans-sc-71-700-normal-DyQkUuN6.woff2                    25.98 kB
dist/assets/noto-sans-sc-76-500-normal-B9Jbkcne.woff2                    26.05 kB
dist/assets/noto-sans-sc-27-700-normal-BgbFkYQY.woff2                    26.06 kB
dist/assets/noto-sans-sc-33-700-normal-C8RIXC6K.woff2                    26.09 kB
dist/assets/noto-sans-sc-78-400-normal-AGz1p3mV.woff2                    26.12 kB
dist/assets/noto-sans-sc-55-500-normal-Dx0OnOTe.woff2                    26.14 kB
dist/assets/noto-sans-sc-63-500-normal-BUjOaASF.woff2                    26.28 kB
dist/assets/noto-sans-sc-76-700-normal-E5jLJMfB.woff2                    26.30 kB
dist/assets/noto-sans-sc-55-700-normal-B36T3m4k.woff2                    26.31 kB
dist/assets/noto-sans-sc-63-700-normal-CIGqoDcs.woff2                    26.34 kB
dist/assets/noto-sans-sc-73-500-normal-I9SOtShl.woff                     26.45 kB
dist/assets/noto-sans-sc-28-400-normal-CEc-bbYn.woff2                    26.46 kB
dist/assets/noto-sans-sc-73-400-normal-B1YbkDe7.woff                     26.47 kB
dist/assets/noto-sans-sc-78-500-normal-BVk9bSPD.woff2                    26.48 kB
dist/assets/noto-sans-sc-73-700-normal-CQi5GozA.woff                     26.52 kB
dist/assets/noto-sans-sc-78-700-normal-C-s_97KM.woff2                    26.66 kB
dist/assets/noto-sans-sc-35-400-normal-Chgyqx1E.woff2                    26.69 kB
dist/assets/erDiagram-TEJ5UH35-BQFIoV1q.js                               26.83 kB
dist/assets/noto-sans-sc-48-400-normal-JHdMabvg.woff2                    26.89 kB
dist/assets/noto-sans-sc-28-500-normal-CivsKE7T.woff2                    26.98 kB
dist/assets/noto-sans-sc-35-500-normal-_sfdXfug.woff2                    27.04 kB
dist/assets/noto-sans-sc-28-700-normal-CuobRVBH.woff2                    27.08 kB
dist/assets/noto-sans-sc-26-400-normal-B306_DcA.woff2                    27.22 kB
dist/assets/noto-sans-sc-48-500-normal-Bqt1gTC7.woff2                    27.22 kB
dist/assets/noto-sans-sc-35-700-normal-GWSrRah9.woff2                    27.24 kB
dist/assets/noto-sans-sc-48-700-normal-Bpf2wVKJ.woff2                    27.24 kB
dist/assets/noto-sans-sc-52-400-normal-D6TC2b36.woff2                    27.40 kB
dist/assets/noto-sans-sc-26-500-normal-Bc3Q36GO.woff2                    27.54 kB
dist/assets/google-sans-oriya-700-normal-B52HSnhN.woff2                  27.60 kB
dist/assets/noto-sans-sc-32-400-normal-BqAPF1tT.woff2                    27.60 kB
dist/assets/noto-sans-sc-39-400-normal-CNreqa8s.woff2                    27.70 kB
dist/assets/noto-sans-sc-64-700-normal-c4KhnsST.woff                     27.70 kB
dist/assets/noto-sans-sc-64-500-normal-d-GSIW15.woff                     27.73 kB
dist/assets/noto-sans-sc-26-700-normal-8Q5a-yXf.woff2                    27.73 kB
dist/assets/noto-sans-sc-54-400-normal-B9QLYnEh.woff2                    27.74 kB
dist/assets/noto-sans-sc-64-400-normal-BdSyTeU5.woff                     27.77 kB
dist/assets/noto-sans-sc-52-500-normal-C_fGT2yH.woff2                    27.84 kB
dist/assets/noto-sans-sc-117-400-normal-QPrBdlQO.woff2                   27.86 kB
dist/assets/google-sans-latin-400-normal-BHjWeAb1.woff                   27.92 kB
dist/assets/noto-sans-sc-66-400-normal-BELuybXz.woff2                    27.96 kB
dist/assets/noto-sans-sc-52-700-normal-C8tjb5CW.woff2                    27.98 kB
dist/assets/noto-sans-sc-39-500-normal-CAOP0xX7.woff2                    28.02 kB
dist/assets/noto-sans-sc-67-400-normal-BS_2ddPd.woff2                    28.05 kB
dist/assets/noto-sans-sc-49-400-normal-B43LfYL1.woff2                    28.08 kB
dist/assets/noto-sans-sc-116-400-normal-B9rv4EzF.woff2                   28.12 kB
dist/assets/noto-sans-sc-32-500-normal-bEbagM5b.woff2                    28.14 kB
dist/assets/noto-sans-sc-37-400-normal-CjshmOwp.woff2                    28.16 kB
dist/assets/noto-sans-sc-117-500-normal-ma0iM6M2.woff2                   28.16 kB
dist/assets/noto-sans-sc-54-500-normal-D-1v3FoB.woff2                    28.18 kB
dist/assets/noto-sans-sc-66-500-normal-BH_NxZif.woff2                    28.18 kB
dist/assets/noto-sans-sc-39-700-normal-npthtH81.woff2                    28.24 kB
dist/assets/noto-sans-sc-66-700-normal-BZJjilRc.woff2                    28.26 kB
dist/assets/noto-sans-sc-51-700-normal-Bb2PveoN.woff                     28.33 kB
dist/assets/noto-sans-sc-67-500-normal-DWzpSa9_.woff2                    28.35 kB
dist/assets/noto-sans-sc-116-500-normal-Cn7hj0Qe.woff2                   28.37 kB
dist/assets/noto-sans-sc-117-700-normal-Lia4tG1S.woff2                   28.38 kB
dist/assets/noto-sans-sc-32-700-normal-aXuO7zcD.woff2                    28.39 kB
dist/assets/google-sans-oriya-500-normal-BchOZ3bN.woff2                  28.41 kB
dist/assets/noto-sans-sc-54-700-normal-DOGLmyCV.woff2                    28.41 kB
dist/assets/noto-sans-sc-49-500-normal-BZeNF2SD.woff2                    28.43 kB
dist/assets/noto-sans-sc-60-400-normal-DJkFqFe-.woff                     28.44 kB
dist/assets/noto-sans-sc-60-500-normal-CVwOLIba.woff                     28.45 kB
dist/assets/noto-sans-sc-79-400-normal-DdgS4gu-.woff                     28.48 kB
dist/assets/noto-sans-sc-70-400-normal-Bj2ymydL.woff                     28.50 kB
dist/assets/noto-sans-sc-65-500-normal-CBhf8-YN.woff                     28.51 kB
dist/assets/noto-sans-sc-51-400-normal-CdQwHzNj.woff                     28.54 kB
dist/assets/noto-sans-sc-65-400-normal-CZvN3Y2R.woff                     28.54 kB
dist/assets/noto-sans-sc-65-700-normal-85LtJ570.woff                     28.54 kB
dist/assets/noto-sans-sc-56-400-normal-B57fiM3p.woff2                    28.55 kB
dist/assets/noto-sans-sc-116-700-normal-C8Y6fFkh.woff2                   28.56 kB
dist/assets/noto-sans-sc-67-700-normal-CHv8ONeB.woff2                    28.57 kB
dist/assets/noto-sans-sc-79-500-normal-C0AR2XOO.woff                     28.57 kB
dist/assets/noto-sans-sc-37-500-normal-B98IgClf.woff2                    28.58 kB
dist/assets/noto-sans-sc-60-700-normal-Dqu3xJ2c.woff                     28.60 kB
dist/assets/noto-sans-sc-51-500-normal-DZrtrgZU.woff                     28.60 kB
dist/assets/noto-sans-sc-79-700-normal-F7_rA_l6.woff                     28.64 kB
dist/assets/noto-sans-sc-29-400-normal-CTMIENlc.woff2                    28.68 kB
dist/assets/noto-sans-sc-44-400-normal-wq9JI-iJ.woff2                    28.75 kB
dist/assets/noto-sans-sc-49-700-normal-BrS2TIwO.woff2                    28.76 kB
dist/assets/noto-sans-sc-37-700-normal-DW7SpU8K.woff2                    28.77 kB
dist/assets/google-sans-latin-700-normal-CWhHQOrW.woff                   28.93 kB
dist/assets/noto-sans-sc-38-400-normal-D0ErwWLV.woff2                    28.94 kB
dist/assets/noto-sans-sc-56-500-normal-l5dSnWaL.woff2                    28.97 kB
dist/assets/noto-sans-sc-70-500-normal-B7ouqNxU.woff                     28.98 kB
dist/assets/noto-sans-sc-29-500-normal-BTXg8v_Z.woff2                    29.10 kB
dist/assets/google-sans-devanagari-400-normal-DBapmlg3.woff2             29.11 kB
dist/assets/noto-sans-sc-44-500-normal-DX-NL8hl.woff2                    29.14 kB
dist/assets/noto-sans-sc-30-400-normal-Dzb6Zn8O.woff2                    29.16 kB
dist/assets/noto-sans-sc-56-700-normal-4ifjnB0Y.woff2                    29.18 kB
dist/assets/noto-sans-sc-68-400-normal-CKNCGw77.woff                     29.20 kB
dist/assets/noto-sans-sc-70-700-normal-5v74k1eI.woff                     29.26 kB
dist/assets/noto-sans-sc-29-700-normal-D-3W49Od.woff2                    29.28 kB
dist/assets/noto-sans-sc-68-500-normal-CFuVMgUR.woff                     29.30 kB
dist/assets/noto-sans-sc-44-700-normal-BFXLL_IX.woff2                    29.30 kB
dist/assets/noto-sans-sc-68-700-normal-bKTneXJr.woff                     29.34 kB
dist/assets/google-sans-latin-500-normal-5o9yVdts.woff                   29.39 kB
dist/assets/gitGraphDiagram-PVQCEYII-DBPOM-kV.js                         29.39 kB
dist/assets/noto-sans-sc-38-500-normal-DRw4QbjB.woff2                    29.50 kB
dist/assets/noto-sans-sc-30-500-normal-BvVSvPAW.woff2                    29.53 kB
dist/assets/noto-sans-sc-69-400-normal-o5cK7hs4.woff2                    29.56 kB
dist/assets/noto-sans-sc-57-400-normal-0KJcqtwa.woff2                    29.64 kB
dist/assets/noto-sans-sc-30-700-normal-jFw539n2.woff2                    29.68 kB
dist/assets/noto-sans-sc-36-500-normal-B2QtfesO.woff                     29.70 kB
dist/assets/noto-sans-sc-38-700-normal-VDGgCvkV.woff2                    29.75 kB
dist/assets/noto-sans-sc-47-400-normal-CZbI_HNG.woff2                    29.78 kB
dist/assets/noto-sans-sc-36-400-normal-DN0g7scF.woff                     29.79 kB
dist/assets/noto-sans-sc-36-700-normal-BDBHItfZ.woff                     29.80 kB
dist/assets/noto-sans-sc-53-700-normal-lFiTZDtm.woff                     29.92 kB
dist/assets/noto-sans-sc-115-400-normal-BQfWDt6M.woff2                   29.97 kB
dist/assets/google-sans-gujarati-400-normal-CQ27_ktQ.woff                30.02 kB
dist/assets/noto-sans-sc-74-400-normal-C40Ur-xi.woff2                    30.04 kB
dist/assets/noto-sans-sc-57-500-normal-CInU2z8g.woff2                    30.06 kB
dist/assets/noto-sans-sc-69-500-normal-CyfyID68.woff2                    30.11 kB
dist/assets/noto-sans-sc-53-400-normal-BGkD8B0l.woff                     30.12 kB
dist/assets/noto-sans-sc-53-500-normal-h3p8yfgx.woff                     30.13 kB
dist/assets/noto-sans-sc-83-500-normal-DoN7qDgS.woff                     30.15 kB
dist/assets/noto-sans-sc-83-400-normal-DFsfcicZ.woff                     30.18 kB
dist/assets/noto-sans-sc-83-700-normal-pshnBNob.woff                     30.18 kB
dist/assets/noto-sans-sc-47-500-normal-D7tRwN0h.woff2                    30.22 kB
dist/assets/google-sans-devanagari-700-normal-C5gL9nr7.woff2             30.32 kB
dist/assets/noto-sans-sc-115-500-normal-BO06SmMa.woff2                   30.33 kB
dist/assets/noto-sans-sc-57-700-normal-BGCjBx-g.woff2                    30.33 kB
dist/assets/noto-sans-sc-58-400-normal-DHIustpc.woff2                    30.38 kB
dist/assets/noto-sans-sc-47-700-normal-BF63qZLo.woff2                    30.38 kB
dist/assets/noto-sans-sc-69-700-normal-B6LPcA-t.woff2                    30.44 kB
dist/assets/noto-sans-sc-112-400-normal-F9zvXQVU.woff2                   30.47 kB
dist/assets/noto-sans-sc-115-700-normal-_I8wVcfS.woff2                   30.48 kB
dist/assets/noto-sans-sc-23-400-normal-D0XQUkMM.woff2                    30.52 kB
dist/assets/noto-sans-sc-74-500-normal-DkeJ_Z7u.woff2                    30.54 kB
dist/assets/noto-sans-sc-61-400-normal-Yc1oyJEY.woff                     30.57 kB
dist/assets/noto-sans-sc-61-700-normal-D_ogklBc.woff                     30.61 kB
dist/assets/noto-sans-sc-42-400-normal-B14lEgGt.woff                     30.69 kB
dist/assets/noto-sans-sc-114-400-normal-CZUMxNv_.woff2                   30.71 kB
dist/assets/noto-sans-sc-61-500-normal-Bl8oSe0h.woff                     30.72 kB
dist/assets/noto-sans-sc-82-400-normal-DQBY4i_c.woff                     30.79 kB
dist/assets/timeline-definition-PNZ67QCA-JgzOdxUO.js                     30.80 kB
dist/assets/noto-sans-sc-42-500-normal-Ae6Z2TU4.woff                     30.80 kB
dist/assets/noto-sans-sc-112-500-normal-p2Brug1G.woff2                   30.82 kB
dist/assets/noto-sans-sc-74-700-normal-iLR6bNzA.woff2                    30.84 kB
dist/assets/noto-sans-sc-82-500-normal-COwBshwl.woff                     30.84 kB
dist/assets/noto-sans-sc-58-500-normal-DUnNpYKw.woff2                    30.97 kB
dist/assets/requirementDiagram-4Y6WPE33-BazQqoul.js                      30.97 kB
dist/assets/noto-sans-sc-113-400-normal-DZoqVzDv.woff2                   31.00 kB
dist/assets/noto-sans-sc-101-400-normal-DYFU5ahq.woff2                   31.03 kB
dist/assets/noto-sans-sc-112-700-normal-MSnZyhNJ.woff2                   31.04 kB
dist/assets/google-sans-devanagari-500-normal-Bvt9c185.woff2             31.04 kB
dist/assets/noto-sans-sc-82-700-normal-BFS1wMi0.woff                     31.06 kB
dist/assets/noto-sans-sc-72-400-normal-Cov3RN_O.woff                     31.08 kB
dist/assets/noto-sans-sc-114-500-normal-Dz3EZ57H.woff2                   31.10 kB
dist/assets/noto-sans-sc-23-500-normal-BvADtLGk.woff2                    31.14 kB
dist/assets/noto-sans-sc-62-400-normal-ytbDME29.woff2                    31.15 kB
dist/assets/noto-sans-sc-25-400-normal-CD3JKveN.woff2                    31.22 kB
dist/assets/noto-sans-sc-114-700-normal-CjhZr28b.woff2                   31.22 kB
dist/assets/noto-sans-sc-23-700-normal-Dk_rc58K.woff2                    31.22 kB
dist/assets/noto-sans-sc-42-700-normal-B4TaGZWm.woff                     31.22 kB
dist/assets/noto-sans-sc-72-500-normal-DA8vyDo_.woff                     31.24 kB
dist/assets/google-sans-gujarati-500-normal-BcjfxTGG.woff                31.24 kB
dist/assets/google-sans-gujarati-700-normal-DsyCo5Nk.woff                31.32 kB
dist/assets/noto-sans-sc-58-700-normal-UyEQ1UZ0.woff2                    31.34 kB
dist/assets/noto-sans-sc-101-500-normal-CjWROJGG.woff2                   31.35 kB
dist/assets/noto-sans-sc-25-500-normal-DKB1lxHE.woff2                    31.39 kB
dist/assets/noto-sans-sc-113-500-normal-C8tnUFPA.woff2                   31.43 kB
dist/assets/noto-sans-sc-113-700-normal-O1EkYODd.woff2                   31.60 kB
dist/assets/noto-sans-sc-72-700-normal-Se3HnBik.woff                     31.61 kB
dist/assets/noto-sans-sc-62-500-normal-U8mQETkr.woff2                    31.62 kB
dist/assets/noto-sans-sc-101-700-normal-dFJVjo-b.woff2                   31.66 kB
dist/assets/noto-sans-sc-62-700-normal-Cj6Ks4qP.woff2                    31.75 kB
dist/assets/noto-sans-sc-118-500-normal-DlcvZ0X5.woff                    31.90 kB
dist/assets/noto-sans-sc-40-500-normal-D6ByDKp7.woff                     31.91 kB
dist/assets/noto-sans-sc-25-700-normal-CxodwKtU.woff2                    31.94 kB
dist/assets/noto-sans-sc-40-400-normal-BD7DpqBx.woff                     31.97 kB
dist/assets/noto-sans-sc-40-700-normal-BQIG0I0N.woff                     31.97 kB
dist/assets/noto-sans-sc-81-400-normal-DYBc8XmL.woff                     31.99 kB
dist/assets/noto-sans-sc-118-700-normal-COXdnVqo.woff                    32.03 kB
dist/assets/noto-sans-sc-81-500-normal-DsxxgBny.woff                     32.04 kB
dist/assets/noto-sans-sc-118-400-normal-DVWlknTu.woff                    32.05 kB
dist/assets/noto-sans-sc-109-400-normal-ZEHPyOzB.woff2                   32.06 kB
dist/assets/google-sans-malayalam-400-normal-BYpAYTtw.woff               32.07 kB
dist/assets/noto-sans-sc-102-400-normal-lPQNp5DG.woff2                   32.10 kB
dist/assets/noto-sans-sc-81-700-normal-SM4qH-Z4.woff                     32.12 kB
dist/assets/noto-sans-sc-43-400-normal-CZXCb8ks.woff                     32.15 kB
dist/assets/noto-sans-sc-50-700-normal-DyLN9dHx.woff                     32.15 kB
dist/assets/noto-sans-sc-50-500-normal-WYEo6LaY.woff                     32.18 kB
dist/assets/noto-sans-sc-46-400-normal-DxQ4Lw-z.woff2                    32.19 kB
dist/assets/noto-sans-sc-43-500-normal-Y0JMOtXV.woff                     32.22 kB
dist/assets/noto-sans-sc-71-700-normal-DtgGMiFk.woff                     32.25 kB
dist/assets/noto-sans-sc-50-400-normal-CqgE5jGq.woff                     32.28 kB
dist/assets/noto-sans-sc-71-500-normal-bJyEzs_P.woff                     32.36 kB
dist/assets/noto-sans-sc-109-500-normal-CMa8AMM8.woff2                   32.37 kB
dist/assets/noto-sans-sc-43-700-normal-Cpivpj9z.woff                     32.37 kB
dist/assets/noto-sans-sc-107-400-normal-DUS2YNa3.woff2                   32.38 kB
dist/assets/noto-sans-sc-109-700-normal-DVabExlB.woff2                   32.44 kB
dist/assets/noto-sans-sc-102-500-normal-BuRimFGI.woff2                   32.47 kB
dist/assets/noto-sans-sc-71-400-normal-CiT500S9.woff                     32.52 kB
dist/assets/noto-sans-sc-104-400-normal-DbzfdvQ5.woff2                   32.55 kB
dist/assets/noto-sans-sc-59-400-normal-BiAYxQsU.woff                     32.58 kB
dist/assets/noto-sans-sc-27-400-normal-D3MarmBt.woff                     32.59 kB
dist/assets/noto-sans-sc-110-400-normal-D1IYcvpb.woff2                   32.68 kB
dist/assets/noto-sans-sc-102-700-normal-DCdJNbqs.woff2                   32.73 kB
dist/assets/noto-sans-sc-105-400-normal-BiKizsW3.woff2                   32.76 kB
dist/assets/noto-sans-sc-34-400-normal-BN6nGe8Q.woff                     32.78 kB
dist/assets/noto-sans-sc-107-500-normal-SPtoRxRh.woff2                   32.79 kB
dist/assets/noto-sans-sc-59-500-normal-D5y4TkRi.woff                     32.81 kB
dist/assets/noto-sans-sc-59-700-normal-D7fMlYJc.woff                     32.84 kB
dist/assets/noto-sans-sc-27-500-normal-CuKXBDWb.woff                     32.91 kB
dist/assets/noto-sans-sc-34-500-normal-CQXas5iD.woff                     32.94 kB
dist/assets/noto-sans-sc-104-500-normal-jDvxI4uY.woff2                   32.95 kB
dist/assets/noto-sans-sc-107-700-normal-CyOtrcxZ.woff2                   32.96 kB
dist/assets/noto-sans-sc-33-500-normal-Cn8IAQqY.woff                     32.98 kB
dist/assets/noto-sans-sc-27-700-normal-DwPFfL1c.woff                     32.99 kB
dist/assets/noto-sans-sc-110-500-normal-jlYZJC5i.woff2                   33.04 kB
dist/assets/noto-sans-sc-33-400-normal-Cd3lI6aO.woff                     33.04 kB
dist/assets/noto-sans-sc-33-700-normal-CN_dZpJB.woff                     33.10 kB
dist/assets/noto-sans-sc-34-700-normal-0NLh1H93.woff                     33.13 kB
dist/assets/noto-sans-sc-28-400-normal-bDrt87Cu.woff                     33.15 kB
dist/assets/noto-sans-sc-105-500-normal-DXW7JQ-g.woff2                   33.16 kB
dist/assets/noto-sans-sc-111-400-normal-C5Xi9UGz.woff2                   33.16 kB
dist/assets/noto-sans-sc-104-700-normal-AWqZgZB9.woff2                   33.17 kB
dist/assets/noto-sans-sc-106-400-normal-DDMMORp2.woff2                   33.21 kB
dist/assets/noto-sans-sc-46-500-normal-B_dRUXQz.woff2                    33.21 kB
dist/assets/noto-sans-sc-24-400-normal-mI4tDgE1.woff2                    33.33 kB
dist/assets/noto-sans-sc-110-700-normal-CDDEOvGI.woff2                   33.34 kB
dist/assets/noto-sans-sc-31-500-normal-DQa8xzJN.woff                     33.36 kB
dist/assets/google-sans-oriya-400-normal-DjvxXhr-.woff                   33.38 kB
dist/assets/noto-sans-sc-35-700-normal-Bb9NfDni.woff                     33.39 kB
dist/assets/noto-sans-sc-35-400-normal-BFozhrPD.woff                     33.43 kB
dist/assets/noto-sans-sc-105-700-normal-Dt9qhYJX.woff2                   33.44 kB
dist/assets/noto-sans-sc-63-400-normal-43E68TXB.woff                     33.45 kB
dist/assets/noto-sans-sc-35-500-normal-CdekmrfQ.woff                     33.46 kB
dist/assets/noto-sans-sc-63-700-normal-7xP0xCX4.woff                     33.46 kB
dist/assets/noto-sans-sc-31-400-normal-BPTii1ve.woff                     33.46 kB
dist/assets/noto-sans-sc-76-700-normal-BHFT2F_X.woff                     33.46 kB
dist/assets/noto-sans-sc-78-400-normal-Ci_1_oIA.woff                     33.48 kB
dist/assets/noto-sans-sc-28-500-normal-BL3cgMas.woff                     33.48 kB
dist/assets/noto-sans-sc-111-500-normal-BSdshYmW.woff2                   33.50 kB
dist/assets/noto-sans-sc-28-700-normal-BW8zAaFQ.woff                     33.51 kB
dist/assets/noto-sans-sc-55-700-normal-Byi6FQ83.woff                     33.54 kB
dist/assets/noto-sans-sc-76-500-normal-DMdFaTOn.woff                     33.55 kB
dist/assets/noto-sans-sc-63-500-normal-CW4hpvUm.woff                     33.56 kB
dist/assets/noto-sans-sc-106-500-normal-9h6-MSep.woff2                   33.59 kB
dist/assets/noto-sans-sc-78-500-normal-BYy6elmt.woff                     33.60 kB
dist/assets/noto-sans-sc-55-500-normal-C9_jB6rN.woff                     33.66 kB
dist/assets/noto-sans-sc-76-400-normal-DuR1bff8.woff                     33.66 kB
dist/assets/noto-sans-sc-75-700-normal-BBiahKWM.woff                     33.71 kB
dist/assets/noto-sans-sc-75-400-normal-jdP8Zj87.woff                     33.72 kB
dist/assets/noto-sans-sc-24-500-normal-DMJ84PR8.woff2                    33.74 kB
dist/assets/noto-sans-sc-75-500-normal-CWbgoMjz.woff                     33.75 kB
dist/assets/noto-sans-sc-46-700-normal-BpaAdfvn.woff2                    33.76 kB
dist/assets/noto-sans-sc-111-700-normal-CCRAUGWF.woff2                   33.77 kB
dist/assets/google-sans-malayalam-700-normal-DGis3zf-.woff               33.78 kB
dist/assets/noto-sans-sc-55-400-normal-BF6C8o6G.woff                     33.80 kB
dist/assets/noto-sans-sc-78-700-normal-BZruX3t9.woff                     33.84 kB
dist/assets/noto-sans-sc-103-400-normal-DrxRoDmn.woff2                   33.84 kB
dist/assets/noto-sans-sc-106-700-normal-B8W_9tdk.woff2                   33.86 kB
dist/assets/noto-sans-sc-31-700-normal-Bq6hde4y.woff                     33.87 kB
dist/assets/google-sans-malayalam-500-normal-CzZaiO1R.woff               33.93 kB
dist/assets/quadrantDiagram-W4KKPZXB-CAsshP-g.js                         33.99 kB
dist/assets/noto-sans-sc-24-700-normal-BGBBEWUn.woff2                    34.13 kB
dist/assets/noto-sans-sc-108-400-normal-D80tGT87.woff2                   34.14 kB
dist/assets/noto-sans-sc-100-400-normal-CX-7pUk_.woff2                   34.27 kB
dist/assets/noto-sans-sc-32-400-normal-Da_7IxW3.woff                     34.28 kB
dist/assets/noto-sans-sc-103-500-normal-BvWkBJSJ.woff2                   34.29 kB
dist/assets/google-sans-khmer-400-normal-9NzNQbF3.woff2                  34.31 kB
dist/assets/noto-sans-sc-32-500-normal-B17XySA0.woff                     34.40 kB
dist/assets/noto-sans-sc-103-700-normal-NwkDGJ-F.woff2                   34.44 kB
dist/assets/noto-sans-sc-108-500-normal-clZ-BISV.woff2                   34.53 kB
dist/assets/noto-sans-sc-22-400-normal-yOvQSDF6.woff2                    34.55 kB
dist/assets/noto-sans-sc-100-500-normal-LjZqvEsR.woff2                   34.66 kB
dist/assets/google-sans-khmer-700-normal-CFZMjCD2.woff2                  34.74 kB
dist/assets/noto-sans-sc-108-700-normal-O3gF6YEN.woff2                   34.75 kB
dist/assets/google-sans-telugu-400-normal-1u60It7x.woff2                 34.89 kB
dist/assets/noto-sans-sc-32-700-normal-DW2B16wz.woff                     34.90 kB
dist/assets/noto-sans-sc-22-500-normal-Duo_NxTl.woff2                    34.95 kB
dist/assets/noto-sans-sc-100-700-normal-skvlEtXa.woff2                   34.98 kB
dist/assets/noto-sans-sc-54-500-normal-CbAgDkiC.woff                     34.98 kB
dist/assets/noto-sans-sc-54-400-normal-Uc93Hfze.woff                     35.02 kB
dist/assets/noto-sans-sc-39-500-normal-b7DPO8je.woff                     35.05 kB
dist/assets/noto-sans-sc-48-400-normal-C9-20xHo.woff                     35.07 kB
dist/assets/noto-sans-sc-39-700-normal-CTLLIGhO.woff                     35.09 kB
dist/assets/noto-sans-sc-26-400-normal-CW5LtD6m.woff                     35.16 kB
dist/assets/noto-sans-sc-39-400-normal-C6Ht4xV2.woff                     35.16 kB
dist/assets/noto-sans-sc-48-700-normal-Bb1Qvgnq.woff                     35.16 kB
dist/assets/noto-sans-sc-54-700-normal-czUrhCmS.woff                     35.21 kB
dist/assets/noto-sans-sc-52-400-normal-BnqQ1THd.woff                     35.24 kB
dist/assets/noto-sans-sc-48-500-normal-BULppnTq.woff                     35.24 kB
dist/assets/noto-sans-sc-26-500-normal-BW3UcLnD.woff                     35.34 kB
dist/assets/noto-sans-sc-22-700-normal-Byr9h8C5.woff2                    35.37 kB
dist/assets/noto-sans-sc-52-700-normal-Dvotpf_w.woff                     35.38 kB
dist/assets/noto-sans-sc-52-500-normal-6SdaaFwV.woff                     35.58 kB
dist/assets/noto-sans-sc-37-700-normal-BiGMp5hf.woff                     35.58 kB
dist/assets/noto-sans-sc-26-700-normal-Af3IkkME.woff                     35.60 kB
dist/assets/google-sans-oriya-700-normal-DbZLIM35.woff                   35.68 kB
dist/assets/google-sans-devanagari-400-normal-BnEb54Pn.woff              35.71 kB
dist/assets/noto-sans-sc-117-500-normal-Dx8xuboZ.woff                    35.78 kB
dist/assets/noto-sans-sc-117-700-normal-yQE28R2D.woff                    35.79 kB
dist/assets/noto-sans-sc-49-400-normal-CPbXvy0J.woff                     35.80 kB
dist/assets/noto-sans-sc-49-500-normal-DYio7PDj.woff                     35.82 kB
dist/assets/noto-sans-sc-66-700-normal-Bp5owrRe.woff                     35.83 kB
dist/assets/layout-C1ojF0zw.js                                           35.84 kB
dist/assets/noto-sans-sc-117-400-normal-Bbe_I_Wd.woff                    35.87 kB
dist/assets/noto-sans-sc-116-500-normal-DPf05Kqc.woff                    35.88 kB
dist/assets/noto-sans-sc-66-400-normal-p6pVtSnw.woff                     35.92 kB
dist/assets/noto-sans-sc-66-500-normal-BI7p3gjr.woff                     35.92 kB
dist/assets/noto-sans-sc-116-400-normal-gCBeyT9X.woff                    35.96 kB
dist/assets/noto-sans-sc-37-500-normal-Vc9y1M8J.woff                     35.99 kB
dist/assets/noto-sans-sc-116-700-normal-DbpXygn3.woff                    35.99 kB
dist/assets/noto-sans-sc-37-400-normal-DU1y2gli.woff                     36.01 kB
dist/assets/noto-sans-sc-29-400-normal-DcvtRzWo.woff                     36.02 kB
dist/assets/noto-sans-sc-49-700-normal-DVd1f_Kk.woff                     36.10 kB
dist/assets/noto-sans-sc-29-500-normal-BEBtMOtk.woff                     36.11 kB
dist/assets/noto-sans-sc-67-500-normal-BTUyW6x1.woff                     36.18 kB
dist/assets/google-sans-oriya-500-normal-DM4WfAFt.woff                   36.24 kB
dist/assets/noto-sans-sc-67-700-normal-CcLE2jws.woff                     36.32 kB
dist/assets/noto-sans-sc-29-700-normal-DKEXUUYP.woff                     36.36 kB
dist/assets/noto-sans-sc-44-400-normal-DnbJBllz.woff                     36.37 kB
dist/assets/noto-sans-sc-67-400-normal-CAq65l33.woff                     36.38 kB
dist/assets/google-sans-khmer-500-normal-CTUyUy-q.woff2                  36.44 kB
dist/assets/noto-sans-sc-44-500-normal-rMiRG68k.woff                     36.55 kB
dist/assets/noto-sans-sc-44-700-normal-OEV9W1ul.woff                     36.55 kB
dist/assets/noto-sans-sc-45-400-normal-DdOuPp0S.woff2                    36.84 kB
dist/assets/google-sans-devanagari-700-normal-LfNz2VtL.woff              36.86 kB
dist/assets/chunk-AQP2D5EJ-D7jI_4gb.js                                   37.11 kB
dist/assets/google-sans-sinhala-400-normal-M18RPCCP.woff2                37.42 kB
dist/assets/google-sans-devanagari-500-normal-BsUy2fbJ.woff              37.52 kB
dist/assets/noto-sans-sc-56-500-normal-D__8AxqG.woff                     37.58 kB
dist/assets/noto-sans-sc-56-400-normal-Bg-NSr13.woff                     37.60 kB
dist/assets/noto-sans-sc-38-700-normal-Bqag6MCX.woff                     37.72 kB
dist/assets/noto-sans-sc-56-700-normal-ZORCRKKS.woff                     37.74 kB
dist/assets/noto-sans-sc-38-500-normal-BB5K_eYn.woff                     37.80 kB
dist/assets/noto-sans-sc-45-500-normal-BQ7H7gEJ.woff2                    37.93 kB
dist/assets/noto-sans-sc-38-400-normal-ChDAhN8Z.woff                     37.98 kB
dist/assets/noto-sans-sc-57-400-normal-CW2-fu7m.woff                     37.98 kB
dist/assets/google-sans-telugu-700-normal-DziWwrC0.woff2                 38.06 kB
dist/assets/noto-sans-sc-115-400-normal-BmtvHPLK.woff                    38.12 kB
dist/assets/noto-sans-sc-115-700-normal-D39d_uHY.woff                    38.17 kB
dist/assets/noto-sans-sc-115-500-normal-DobR3Z2J.woff                    38.20 kB
dist/assets/noto-sans-sc-23-400-normal-B63mf8yb.woff                     38.28 kB
dist/assets/noto-sans-sc-23-500-normal-CeoVwp7h.woff                     38.36 kB
dist/assets/noto-sans-sc-57-500-normal-BtRL1Ue4.woff                     38.37 kB
dist/assets/noto-sans-sc-45-700-normal-DUqJO8E-.woff2                    38.41 kB
dist/assets/noto-sans-sc-23-700-normal-Bx1KZ_j2.woff                     38.51 kB
dist/assets/noto-sans-sc-69-400-normal-CVwnf7oH.woff                     38.62 kB
dist/assets/noto-sans-sc-57-700-normal-VRE6ovpi.woff                     38.72 kB
dist/assets/google-sans-telugu-500-normal-Do43X_5G.woff2                 38.78 kB
dist/assets/noto-sans-sc-30-500-normal--r7G7aYC.woff                     38.91 kB
dist/assets/noto-sans-sc-69-500-normal-D80fOm9i.woff                     38.94 kB
dist/assets/noto-sans-sc-30-400-normal-CkB3lx0Z.woff                     38.95 kB
dist/assets/noto-sans-sc-112-400-normal-B-VskpJl.woff                    39.12 kB
dist/assets/noto-sans-sc-112-700-normal-CnBU66Mo.woff                    39.14 kB
dist/assets/ep_wasm-e_oUNDqp.mjs                                         39.17 kB
dist/assets/noto-sans-sc-114-700-normal-CSHH6Zvw.woff                    39.22 kB
dist/assets/noto-sans-sc-58-400-normal-BDlalWDa.woff                     39.24 kB
dist/assets/noto-sans-sc-47-400-normal-CCY4VgJL.woff                     39.27 kB
dist/assets/noto-sans-sc-112-500-normal-YiAdImja.woff                    39.27 kB
dist/assets/noto-sans-sc-69-700-normal-_CEy_mR8.woff                     39.27 kB
dist/assets/noto-sans-sc-58-500-normal-B36yolqf.woff                     39.34 kB
dist/assets/noto-sans-sc-114-500-normal-B9ihajv1.woff                    39.34 kB
dist/assets/noto-sans-sc-114-400-normal-DlU15Lsl.woff                    39.40 kB
dist/assets/noto-sans-sc-47-700-normal-DvskdQVX.woff                     39.52 kB
dist/assets/noto-sans-sc-58-700-normal-B-hzt7XC.woff                     39.54 kB
dist/assets/noto-sans-sc-47-500-normal-CQxzf5Sr.woff                     39.55 kB
dist/assets/noto-sans-sc-62-400-normal-dP33Mln4.woff                     39.62 kB
dist/assets/noto-sans-sc-113-400-normal-B7cJXcYC.woff                    39.71 kB
dist/assets/noto-sans-sc-113-500-normal-COFHEv0b.woff                    39.76 kB
dist/assets/noto-sans-sc-62-500-normal-CwRzSXnn.woff                     39.78 kB
dist/assets/noto-sans-sc-62-700-normal-_4IeCQ5H.woff                     39.78 kB
dist/assets/noto-sans-sc-25-400-normal-zOs-X-G_.woff                     39.78 kB
dist/assets/noto-sans-sc-113-700-normal-BkQ69Lpa.woff                    39.79 kB
dist/assets/noto-sans-sc-74-700-normal-BXUuammx.woff                     39.85 kB
dist/assets/noto-sans-sc-74-400-normal-CkWbRQMz.woff                     39.94 kB
dist/assets/noto-sans-sc-74-500-normal-CLV9ffdu.woff                     39.96 kB
dist/assets/noto-sans-sc-25-500-normal-q9nJXXPW.woff                     39.99 kB
dist/assets/noto-sans-sc-101-400-normal-Dq3acU6l.woff                    40.01 kB
dist/assets/noto-sans-sc-30-700-normal-Bs8qB3ml.woff                     40.04 kB
dist/assets/noto-sans-sc-101-500-normal-CwMv3vYI.woff                    40.09 kB
dist/assets/noto-sans-sc-101-700-normal-Cw2UuRPG.woff                    40.14 kB
dist/assets/noto-sans-sc-25-700-normal-C3fGC8yQ.woff                     40.19 kB
dist/assets/xychartDiagram-2RQKCTM6-oFugpb0h.js                          40.37 kB
dist/assets/noto-sans-sc-46-400-normal-BWwPqlLB.woff                     40.40 kB
dist/assets/noto-sans-sc-46-500-normal-2EPnv0Tr.woff                     40.70 kB
dist/assets/noto-sans-sc-109-700-normal-BnjTat19.woff                    40.91 kB
dist/assets/noto-sans-sc-109-400-normal-D2D79WYY.woff                    41.01 kB
dist/assets/noto-sans-sc-109-500-normal-CdLYJL9i.woff                    41.01 kB
dist/assets/noto-sans-sc-102-700-normal-D-GlI9oq.woff                    41.11 kB
dist/assets/noto-sans-sc-102-500-normal-C2Im1n3z.woff                    41.14 kB
dist/assets/noto-sans-sc-102-400-normal-Bh9JnXUa.woff                    41.18 kB
dist/assets/noto-sans-sc-119-400-normal-flOVnW3A.woff2                   41.29 kB
dist/assets/noto-sans-sc-46-700-normal-BqjXlbMe.woff                     41.34 kB
dist/assets/noto-sans-sc-107-400-normal-C2BeKKK_.woff                    41.35 kB
dist/assets/vennDiagram-CIIHVFJN-Cz7qIvaR.js                             41.40 kB
dist/assets/bash-DgJyDXW6.js                                             41.48 kB
dist/assets/noto-sans-sc-104-500-normal-C6b6k6yZ.woff                    41.48 kB
dist/assets/noto-sans-sc-110-500-normal-0FbokW-C.woff                    41.50 kB
dist/assets/noto-sans-sc-104-400-normal-9L_BvGGN.woff                    41.51 kB
dist/assets/noto-sans-sc-107-500-normal-CkBJ97ZT.woff                    41.52 kB
dist/assets/noto-sans-sc-107-700-normal-jwrsk2lV.woff                    41.54 kB
dist/assets/noto-sans-sc-119-500-normal-Bg7BvryU.woff2                   41.60 kB
dist/assets/noto-sans-sc-110-400-normal-DC8b8TiM.woff                    41.62 kB
dist/assets/noto-sans-sc-110-700-normal-BfiEKmvY.woff                    41.62 kB
dist/assets/noto-sans-sc-104-700-normal-NsSOK-Pg.woff                    41.64 kB
dist/assets/noto-sans-sc-24-700-normal-D1jCRdZo.woff                     41.98 kB
dist/assets/noto-sans-sc-105-500-normal-BBrVcssH.woff                    42.04 kB
dist/assets/noto-sans-sc-105-400-normal-DqDMVLHo.woff                    42.06 kB
dist/assets/noto-sans-sc-24-500-normal-BKgjshnM.woff                     42.07 kB
dist/assets/noto-sans-sc-105-700-normal-BViFgsqg.woff                    42.24 kB
dist/assets/noto-sans-sc-24-400-normal-DBLAZKBQ.woff                     42.32 kB
dist/assets/noto-sans-sc-111-700-normal-BUEFRfLD.woff                    42.54 kB
dist/assets/noto-sans-sc-111-400-normal-23lX9UBL.woff                    42.58 kB
dist/assets/noto-sans-sc-111-500-normal-8QdsF8Hf.woff                    42.64 kB
dist/assets/noto-sans-sc-106-500-normal-B1OOXxQo.woff                    42.72 kB
dist/assets/noto-sans-sc-106-400-normal-Uusbi0kF.woff                    42.73 kB
dist/assets/noto-sans-sc-106-700-normal-B9xn-v6Z.woff                    42.80 kB
dist/assets/noto-sans-sc-119-700-normal-B05r3al5.woff2                   42.84 kB
dist/assets/noto-sans-sc-108-500-normal-C_zp3ctC.woff                    43.24 kB
dist/assets/noto-sans-sc-108-400-normal-C8R9Wka9.woff                    43.34 kB
dist/assets/noto-sans-sc-108-700-normal-D87s13EV.woff                    43.34 kB
dist/assets/noto-sans-sc-103-400-normal-DwzII0uz.woff                    43.38 kB
dist/assets/noto-sans-sc-103-500-normal-P2_o0oGP.woff                    43.50 kB
dist/assets/google-sans-bengali-400-normal-D-znE2pt.woff2                43.52 kB
dist/assets/noto-sans-sc-22-400-normal-Ddldhbk8.woff                     43.59 kB
dist/assets/noto-sans-sc-103-700-normal-tqx8P1_B.woff                    43.59 kB
dist/assets/google-sans-sinhala-700-normal-BeS8KwQ0.woff2                43.91 kB
dist/assets/noto-sans-sc-22-500-normal-Cxl44hxS.woff                     43.94 kB
dist/assets/noto-sans-sc-100-700-normal-uCPG_WyB.woff                    44.03 kB
dist/assets/noto-sans-sc-100-500-normal-CH5Kc3eP.woff                    44.13 kB
dist/assets/noto-sans-sc-100-400-normal-CJZg4ujK.woff                    44.13 kB
dist/assets/noto-sans-sc-22-700-normal-Yx6N_Dih.woff                     44.24 kB
dist/assets/google-sans-khmer-400-normal-BWqQWqEu.woff                   44.27 kB
dist/assets/google-sans-sinhala-500-normal-CGj89JnB.woff2                44.30 kB
dist/assets/google-sans-khmer-700-normal-Dp52d2sH.woff                   44.66 kB
dist/assets/google-sans-bengali-700-normal-BFXwU4un.woff2                46.04 kB
dist/assets/noto-sans-sc-45-400-normal-CHTNLOI-.woff                     46.13 kB
dist/assets/google-sans-khmer-500-normal-sPhBYjZL.woff                   46.52 kB
dist/assets/noto-sans-sc-45-500-normal-W_NCciw4.woff                     46.62 kB
dist/assets/noto-sans-sc-45-700-normal-B269Wkb6.woff                     47.32 kB
dist/assets/google-sans-bengali-500-normal-BQVpxezO.woff2                47.90 kB
dist/assets/chunk-727SXJPM-BiMErfnh.js                                   48.94 kB
dist/assets/google-sans-bengali-400-normal-B1YvpxSA.woff                 54.61 kB
dist/assets/google-sans-telugu-400-normal-D0jXAclh.woff                  54.76 kB
dist/assets/noto-sans-sc-119-500-normal-Cn0i5wE2.woff                    55.08 kB
dist/assets/noto-sans-sc-119-700-normal-C6KcnDB8.woff                    55.35 kB
dist/assets/noto-sans-sc-119-400-normal-D625KYTf.woff                    55.53 kB
dist/assets/google-sans-bengali-700-normal-CHKIVYXN.woff                 56.42 kB
dist/assets/google-sans-bengali-500-normal-of9jSBVs.woff                 57.89 kB
dist/assets/google-sans-telugu-700-normal-awsSG5R1.woff                  58.82 kB
dist/assets/engine-javascript-ZX5pI3G3.js                                59.09 kB
dist/assets/google-sans-telugu-500-normal-iqX-06XK.woff                  59.53 kB
dist/assets/flowDiagram-I6XJVG4X-CkCUqDUB.js                             60.47 kB
dist/assets/google-sans-sinhala-400-normal-DB1Y6_WZ.woff                 68.00 kB
dist/assets/ganttDiagram-6RSMTGT7-Bnvjoto2.js                            69.50 kB
dist/assets/c4Diagram-AAUBKEIU-CFkkk0yE.js                               69.92 kB
dist/assets/blockDiagram-GPEHLZMM-BtHPhAXE.js                            73.51 kB
dist/assets/google-sans-sinhala-700-normal-BUvEu6Xb.woff                 76.17 kB
dist/assets/google-sans-sinhala-500-normal-BpEjh-Up.woff                 76.79 kB
dist/assets/cose-bilkent-S5V4N54A-CWRz9_ug.js                            81.66 kB
dist/assets/google-sans-ethiopic-400-normal-CZts8I4S.woff2               82.88 kB
dist/assets/google-sans-ethiopic-700-normal-CJQcUkJh.woff2               89.82 kB
dist/assets/csharp-CFxe5pRo.js                                           90.19 kB
dist/assets/google-sans-ethiopic-500-normal-yyUJZbic.woff2              108.97 kB
dist/assets/core-Cmkhzapn.js                                            113.28 kB
dist/assets/sequenceDiagram-3UESZ5HK-UCM5fXU7.js                        116.84 kB
dist/assets/markdown-projection.worker-BevTZOVd.js                      122.21 kB
dist/assets/markdown_basic-Cdz4W9hU.wasm                                144.85 kB │ gzip:    52.83 kB
dist/assets/markdown_simd-CpGVm2np.wasm                                 145.36 kB │ gzip:    52.54 kB
dist/assets/architectureDiagram-3BPJPVTR-1m1Bb42j.js                    149.39 kB
dist/assets/google-sans-ethiopic-400-normal-C91nBKs3.woff               167.75 kB
dist/assets/javascript-WyGyM1wV.js                                      174.83 kB
dist/assets/typescript-BqvgUolh.js                                      181.08 kB
dist/assets/google-sans-ethiopic-700-normal-C_Ff2IaX.woff               183.08 kB
dist/assets/ep_wasm-DS4t0SLk.wasm                                       218.31 kB │ gzip:    78.58 kB
dist/assets/google-sans-ethiopic-500-normal-CMZKpimZ.woff               218.74 kB
dist/assets/katex-DnlPpQZa.js                                           260.01 kB
dist/assets/cytoscape.esm-D3_iZ_3b.js                                   442.92 kB
dist/assets/mermaid.core-ENplq49g.js                                    603.30 kB
dist/assets/wardley-L42UT6IY-AikIT8mr.js                                611.11 kB
dist/assets/PerformanceFixture-BdmGKm-L.css                               0.75 kB │ gzip:     0.32 kB
dist/assets/ViewTransitionSection-DipahSq9.css                            1.05 kB │ gzip:     0.42 kB
dist/assets/App-DzvGIgH1.css                                             13.62 kB │ gzip:     2.71 kB
dist/assets/index-0PXY4b7E.css                                           25.82 kB │ gzip:     4.61 kB
dist/assets/vendor-fontsource-google-sans-CKSNzMDF.css                   45.22 kB │ gzip:    14.63 kB
dist/assets/vendor-fontsource-noto-sans-sc-CucVcRXd.css                 353.88 kB │ gzip:   146.86 kB
dist/assets/fsus-ui-ON1aYKro.css                                        651.26 kB │ gzip:    87.46 kB
dist/assets/vendor-d3-brush-BFWAx-PW.js                                   0.04 kB │ gzip:     0.06 kB
dist/assets/vendor-space-separated-tokens-DD3iYX1K.js                     0.06 kB │ gzip:     0.08 kB
dist/assets/vendor-d3-ease-DRPgKoYJ.js                                    0.07 kB │ gzip:     0.09 kB
dist/assets/vendor-shikijs-types-CMm9t4ll.js                              0.09 kB │ gzip:     0.11 kB
dist/assets/vendor-comma-separated-tokens-D8TqSuIK.js                     0.15 kB │ gzip:     0.15 kB
dist/assets/vendor-hast-util-whitespace-D4Wp6AEg.js                       0.16 kB │ gzip:     0.14 kB
dist/assets/vendor-html-void-elements-CkdplsNl.js                         0.18 kB │ gzip:     0.14 kB
dist/assets/vendor-d3-scale-chromatic-CvOaoHrI.js                         0.19 kB │ gzip:     0.18 kB
dist/assets/vendor-ccount-c2V3InAJ.js                                     0.19 kB │ gzip:     0.16 kB
dist/assets/vendor-mermaid-parser-pie-LRSECV5Y-NkUqbyGE.js                0.25 kB │ gzip:     0.16 kB
dist/assets/vendor-mermaid-parser-info-J43DQDTF-FIkZ9qlZ.js               0.25 kB │ gzip:     0.16 kB
dist/assets/vendor-mermaid-parser-radar-GUYGQ44K-Dg-CLHjp.js              0.25 kB │ gzip:     0.16 kB
dist/assets/vendor-mermaid-parser-packet-YPE3B663-C_y0LgCD.js             0.25 kB │ gzip:     0.16 kB
dist/assets/vendor-mermaid-parser-treemap-LRROVOQU-C59Ov35r.js            0.26 kB │ gzip:     0.16 kB
dist/assets/vendor-mermaid-parser-wardley-L42UT6IY-fmpE5X38.js            0.26 kB │ gzip:     0.16 kB
dist/assets/vendor-mermaid-parser-treeView-BLDUP644-_clTLxDK.js           0.26 kB │ gzip:     0.16 kB
dist/assets/vendor-mermaid-parser-gitGraph-WXDBUCRP-B6LcVqwT.js           0.26 kB │ gzip:     0.17 kB
dist/assets/vendor-mermaid-parser-architecture-7EHR7CIX-BUGfsyDp.js       0.27 kB │ gzip:     0.17 kB
dist/assets/vendor-mermaid-parser-eventmodeling-FCH6USID-Dgg_asPq.js      0.27 kB │ gzip:     0.17 kB
dist/assets/vendor-zwitch-C2o2j-tx.js                                     0.30 kB │ gzip:     0.21 kB
dist/assets/vendor-mermaid-parser-chunk-5DO6E6H7-CGZ1H9nI.js              0.47 kB │ gzip:     0.33 kB
dist/assets/vendor-mermaid-parser-chunk-MPE355IW-BsParnL9.js              0.48 kB │ gzip:     0.33 kB
dist/assets/vendor-mermaid-parser-chunk-FHYWG6QK-CD5k0Yie.js              0.48 kB │ gzip:     0.33 kB
dist/assets/vendor-mermaid-parser-chunk-UIBZB4QT-iX2D5lD2.js              0.49 kB │ gzip:     0.33 kB
dist/assets/vendor-mermaid-parser-chunk-PUPMXCY4-CFoUR2nW.js              0.50 kB │ gzip:     0.36 kB
dist/assets/vendor-uuid-Dnyct6Ft.js                                       0.62 kB │ gzip:     0.37 kB
dist/assets/vendor-mermaid-parser-chunk-MZUSXYTE-C-r9eQmi.js              0.62 kB │ gzip:     0.42 kB
dist/assets/vendor-internmap-BkD7Hj8s.js                                  0.64 kB │ gzip:     0.31 kB
dist/assets/vendor-mermaid-parser-chunk-WCWK7LTN-Cf41vSk1.js              0.68 kB │ gzip:     0.43 kB
dist/assets/vendor-ts-dedent-DrFu-skq.js                                  0.77 kB │ gzip:     0.47 kB
dist/assets/vendor-character-entities-legacy-BpoLgcEt.js                  0.85 kB │ gzip:     0.40 kB
dist/assets/vendor-d3-zoom-DJ2JNFnR.js                                    0.87 kB │ gzip:     0.35 kB
dist/assets/vendor-mermaid-parser-chunk-4EGX6M5U-CsvBcH4o.js              0.93 kB │ gzip:     0.52 kB
dist/assets/vendor-regex-utilities-2BQyy0xI.js                            1.08 kB │ gzip:     0.59 kB
dist/assets/vendor-d3-timer-DdKHrDhs.js                                   1.35 kB │ gzip:     0.69 kB
dist/assets/vendor-d3-dispatch-kxCwF96_.js                                1.54 kB │ gzip:     0.73 kB
dist/assets/vendor-motion-utils-CR9CRx3u.js                               1.61 kB │ gzip:     0.88 kB
dist/assets/vendor-mermaid-parser-chunk-BR22UD5L-Cdpp8gpK.js              1.61 kB │ gzip:     0.83 kB
dist/assets/vendor-shikijs-engine-javascript-BCY_9Sl4.js                  1.68 kB │ gzip:     0.89 kB
dist/assets/vendor-mermaid-parser-chunk-N66VUXT2-Bbh7YXqz.js              1.70 kB │ gzip:     0.77 kB
dist/assets/vendor-stringify-entities-CsH1VEn9.js                         1.79 kB │ gzip:     0.92 kB
dist/assets/vendor-braintree-sanitize-url-CwNcbkkA.js                     1.90 kB │ gzip:     0.84 kB
dist/assets/vendor-d3-path-CimkQT29.js                                    2.03 kB │ gzip:     0.91 kB
dist/assets/vendor-d3-array-CcF9N2B-.js                                   2.18 kB │ gzip:     0.91 kB
dist/assets/vendor-regex-BBWcyTkg.js                                      2.52 kB │ gzip:     1.34 kB
dist/assets/vendor-d3-axis-DSWTncID.js                                    2.67 kB │ gzip:     1.12 kB
dist/assets/vendor-character-entities-html4-D7taRCQ7.js                   2.79 kB │ gzip:     1.51 kB
dist/assets/vendor-floating-ui-utils-BIsIuaIx.js                          3.07 kB │ gzip:     1.35 kB
dist/assets/fsus-markdown-heavy-resource-XhXb3FmY.js                      3.18 kB │ gzip:     1.33 kB
dist/assets/vendor-regex-recursion-JU4mF-dD.js                            3.31 kB │ gzip:     1.63 kB
dist/assets/vendor-stylis-De4UH-1x.js                                     4.03 kB │ gzip:     1.89 kB
dist/assets/AvatarFixture-ByYW3j3j.js                                     4.05 kB │ gzip:     1.56 kB
dist/assets/vendor-floating-ui-core-BwIsLg2m.js                           4.09 kB │ gzip:     1.83 kB
dist/assets/CheckTagFixture-BT2oxd2l.js                                   4.28 kB │ gzip:     1.67 kB
dist/assets/fsus-markdown-heavy-identity-EB0-hy-H.js                      4.34 kB │ gzip:     1.66 kB
dist/assets/CollapseFixture-CXJL7t4o.js                                   4.40 kB │ gzip:     1.68 kB
dist/assets/CheckboxButtonFixture-DqZb1ukA.js                             4.40 kB │ gzip:     1.67 kB
dist/assets/vendor-iconify-utils-DoddmNeG.js                              4.42 kB │ gzip:     2.01 kB
dist/assets/vendor-d3-interpolate-HZBo6ZBQ.js                             4.43 kB │ gzip:     2.01 kB
dist/assets/vendor-d3-time-DrDxhORf.js                                    4.63 kB │ gzip:     1.65 kB
dist/assets/vendor-d3-C_DX1LW7.js                                         4.82 kB │ gzip:     1.92 kB
dist/assets/vendor-d3-format-DT7eUs_k.js                                  4.93 kB │ gzip:     2.25 kB
dist/assets/fsus-markdown-heavy-isolated-adapter-CVqtjhjm.js              5.52 kB │ gzip:     2.29 kB
dist/assets/vendor-mermaid-parser-core-BI9iCwH2.js                        5.77 kB │ gzip:     1.48 kB
dist/assets/vendor-d3-scale-PLoC7xHp.js                                   5.77 kB │ gzip:     2.26 kB
dist/assets/vendor-cytoscape-cose-bilkent-Cyd7YXqF.js                     6.42 kB │ gzip:     2.51 kB
dist/assets/ViewTransitionSection-BVnlrKpk.js                             6.77 kB │ gzip:     2.60 kB
dist/assets/fsus-markdown-heavy-isolated-client-DW37dRKY.js               7.44 kB │ gzip:     2.95 kB
dist/assets/vendor-hast-util-to-html-O3stl53j.js                          8.40 kB │ gzip:     2.78 kB
dist/assets/vendor-d3-sankey-CgO6js3K.js                                  8.46 kB │ gzip:     2.89 kB
dist/assets/vendor-es-toolkit-B05YpuAj.js                                 8.76 kB │ gzip:     2.72 kB
dist/assets/vendor-d3-time-format-F8KwHAma.js                             9.01 kB │ gzip:     2.83 kB
dist/assets/vendor-d3-color-amxIadob.js                                   9.11 kB │ gzip:     3.74 kB
dist/assets/vendor-khroma-CpvsyfFH.js                                    10.33 kB │ gzip:     3.86 kB
dist/assets/vendor-d3-transition-RHcDXhjf.js                             11.18 kB │ gzip:     3.68 kB
dist/assets/InteractionTraceFixture-B-Uvifbc.js                          11.26 kB │ gzip:     4.18 kB
dist/assets/vendor-d3-selection-BigU4G0v.js                              12.18 kB │ gzip:     3.82 kB
dist/assets/vendor-shikijs-primitive-CNRm5M83.js                         13.76 kB │ gzip:     5.18 kB
dist/assets/fsus-markdown-feature-gateway-BZswClcV.js                    16.33 kB │ gzip:     5.50 kB
dist/assets/vendor-property-information-C40bX6nM.js                      17.87 kB │ gzip:     5.93 kB
dist/assets/index-Ba2zqJKr.js                                            18.12 kB │ gzip:     5.57 kB
dist/assets/vendor-cose-base-5YKIJIcb.js                                 19.72 kB │ gzip:     5.93 kB
dist/assets/vendor-upsetjs-vennjs-1KZX49pH.js                            20.14 kB │ gzip:     7.98 kB
dist/assets/vendor-d3-shape-lLd3e4_I.js                                  21.21 kB │ gzip:     4.83 kB
dist/assets/PerformanceFixture-CRoLKrWs.js                               22.03 kB │ gzip:     7.69 kB
dist/assets/vendor-shikijs-themes-CFu2YQE1.js                            22.56 kB │ gzip:     3.78 kB
dist/assets/vendor-oniguruma-parser-BrbMHgHx.js                          24.02 kB │ gzip:     8.24 kB
dist/assets/vendor-shikijs-core-gN5yB7Bz.js                              24.51 kB │ gzip:     8.39 kB
dist/assets/vendor-dompurify-BYaiJS3n.js                                 26.73 kB │ gzip:    10.05 kB
dist/assets/vendor-oniguruma-to-es-DgwFOwdE.js                           26.89 kB │ gzip:    10.13 kB
dist/assets/vendor-roughjs-CycZv-lV.js                                   27.72 kB │ gzip:     9.24 kB
dist/assets/vendor-lodash-wrVEOIIr.js                                    28.41 kB │ gzip:    10.10 kB
dist/assets/vendor-dagre-d3-es-mfxzkQIk.js                               31.41 kB │ gzip:    10.45 kB
dist/assets/vendor-marked-B5D8JARp.js                                    39.47 kB │ gzip:    12.11 kB
dist/assets/vendor-shiki-lang-shellscript-CVShcJ-M.js                    41.47 kB │ gzip:     6.09 kB
dist/assets/vendor-shikijs-vscode-textmate-BgLrS_2D.js                   42.45 kB │ gzip:    11.97 kB
dist/assets/vendor-layout-base-CMXQqlmj.js                               51.53 kB │ gzip:    13.88 kB
dist/assets/vue-vendor-BAqfWcF5.js                                       79.66 kB │ gzip:    31.49 kB
dist/assets/AuditFixtures-CP2zHxsv.js                                    82.39 kB │ gzip:    22.38 kB
dist/assets/vendor-shiki-lang-csharp-C5da4HE5.js                         90.18 kB │ gzip:    10.75 kB
dist/assets/vendor-cytoscape-fcose-DZyf7QxR.js                          124.53 kB │ gzip:    34.52 kB
dist/assets/App-CA8UScaz.js                                             141.35 kB │ gzip:    43.60 kB
dist/assets/vendor-shiki-lang-javascript-DI5JR1nB.js                    174.82 kB │ gzip:    16.51 kB
dist/assets/vendor-shiki-lang-typescript-CLbcAoys.js                    181.07 kB │ gzip:    16.03 kB
dist/assets/vendor-cytoscape-D3_iZ_3b.js                                442.92 kB │ gzip:   141.93 kB
dist/assets/vendor-mermaid-parser-chunk-NNHCCRGN-BBSsj0W4.js            601.26 kB │ gzip:   144.96 kB
dist/assets/fsus-ui-Bhd2BjMs.js                                       3,564.31 kB │ gzip: 1,025.00 kB
✓ built in 2m 3s
[visual-runtime] ready manifest=.tmp/visual-runtime/manifest.json
[visual-runtime] demo-dist=demo-dist source-fingerprint=502529d51faab98f76bed15e6b1ae8f2a49ca08ce2e35cd8f6089dd4cdfda545
[visual-plan] evidence=failures-only

Running 688 tests using 3 workers

  ✓    1 [desktop-light] › vue/tests/visual/audit-interactive.spec.ts:14:7 › FsusUI Visual Alignment Audit › Verify Button States (9.9s)
  ✓    2 [desktop-light] › vue/tests/visual/audit-interactive.spec.ts:71:7 › FsusUI Visual Alignment Audit › Verify Dialog Blur (8.5s)

--- GLOBAL RADIUS AUDIT REPORT ---
  ✓    4 [desktop-light] › vue/tests/visual/audit-interactive.spec.ts:92:7 › FsusUI Visual Alignment Audit › Verify Icon Stroke Rounding (4.9s)
  ✓    3 [desktop-light] › vue/tests/visual/audit-interactive.spec.ts:50:7 › FsusUI Visual Alignment Audit › Verify Input Focus (11.3s)
[AUDIT] Button         : 6px
  ✓    6 [desktop-light] › vue/tests/visual/capture-all.spec.ts:67:7 › capture basic (4.7s)
[AUDIT] Input          : 6px
  ✓    7 [desktop-light] › vue/tests/visual/capture-all.spec.ts:67:7 › capture form (11.9s)
  ✘    8 [desktop-light] › vue/tests/visual/capture-all.spec.ts:67:7 › capture data (7.3s)
[AUDIT] Switch         : 10px
  ✓    9 [desktop-light] › vue/tests/visual/capture-all.spec.ts:67:7 › capture navigation (6.8s)
[AUDIT] Checkbox       : 4px
  ✓   10 [desktop-light] › vue/tests/visual/capture-all.spec.ts:67:7 › capture feedback (8.0s)
  ✓   11 [desktop-light] › vue/tests/visual/capture-all.spec.ts:67:7 › capture others (7.2s)
[AUDIT] Radio          : 100%
  ✓   12 [desktop-light] › vue/tests/visual/capture-all.spec.ts:67:7 › capture icons (6.5s)
[AUDIT] Tag            : 4px
  ✓   13 [desktop-light] › vue/tests/visual/character-challenge-conformance.spec.ts:22:5 › covers all states, alternatives, labels, focus order, and responsive raster (8.0s)
  ✓   14 [desktop-light] › vue/tests/visual/character-challenge-conformance.spec.ts:80:5 › reduced motion preserves availability and DOM order (5.4s)
[AUDIT] Card           : 12px
  ✓   15 [desktop-light] › vue/tests/visual/character-challenge-conformance.spec.ts:103:5 › forced colors retains boundaries, focus, controls, and error state (5.6s)
[AUDIT] Alert          : 0px
  ✓   16 [desktop-light] › vue/tests/visual/character-challenge-zoom.spec.ts:4:5 › 200% and 400% zoom retain required controls without component overflow (7.6s)
  ✓   17 [desktop-light] › vue/tests/visual/empty-illustration.spec.ts:31:7 › default empty state visual (4.9s)
[AUDIT] Pagination     : 6px
  ✓   19 [desktop-light] › vue/tests/visual/empty-illustration.spec.ts:31:7 › compact empty state visual (3.9s)
  ✓   18 [desktop-light] › vue/tests/visual/empty-illustration.spec.ts:31:7 › inline empty state visual (5.1s)
[AUDIT] Select-Input   : 6px
  ✓   20 [desktop-light] › vue/tests/visual/empty-illustration.spec.ts:31:7 › page empty state visual (4.6s)
  ✓   21 [desktop-light] › vue/tests/visual/empty-illustration.spec.ts:38:5 › keeps illustrations quiet, decorative, and size-aware (4.3s)
  ✓   22 [desktop-light] › vue/tests/visual/empty-illustration.spec.ts:63:5 › keeps empty-state actions touchable without using size as hierarchy (4.6s)

--- INTERACTION AUDIT: TREESELECT ---
  ✓   24 [desktop-light] › vue/tests/visual/foundation-style-boundary.spec.ts:23:5 › keeps native and renderer-owned content outside product styling (4.6s)
  ✘    5 [desktop-light] › vue/tests/visual/audit.spec.ts:4:5 › audit component styles (1.1m)
  ✓   23 [desktop-light] › vue/tests/visual/form-production.spec.ts:63:5 › keeps production form columns aligned for its project viewport and 320px (10.5s)
  ✓   25 [desktop-light] › vue/tests/visual/foundation-style-boundary.spec.ts:63:5 › preserves external SVG paint while keeping the explicit line-icon recipe (4.1s)
  ✓   27 [desktop-light] › vue/tests/visual/foundation-style-boundary.spec.ts:109:5 › applies editorial decoration only after fsus-prose opt-in (5.2s)
  ✓   28 [desktop-light] › vue/tests/visual/markdown-editor-chrome.spec.ts:141:17 › markdown editor chrome variants matrix (#429) › renders framed chrome in source mode with correct geometry and semantics (8.6s)
  ✓   26 [desktop-light] › vue/tests/visual/issue-primitives.spec.ts:33:5 › issue primitives render in the demo route (13.7s)
  ✓   29 [desktop-light] › vue/tests/visual/markdown-editor-chrome.spec.ts:141:17 › markdown editor chrome variants matrix (#429) › renders framed chrome in live mode with correct geometry and semantics (9.0s)
  ✓   30 [desktop-light] › vue/tests/visual/markdown-editor-chrome.spec.ts:141:17 › markdown editor chrome variants matrix (#429) › renders framed chrome in split mode with correct geometry and semantics (6.6s)
  ✓   31 [desktop-light] › vue/tests/visual/markdown-editor-chrome.spec.ts:141:17 › markdown editor chrome variants matrix (#429) › renders framed chrome in preview mode with correct geometry and semantics (6.3s)
  ✓   32 [desktop-light] › vue/tests/visual/markdown-editor-chrome.spec.ts:141:17 › markdown editor chrome variants matrix (#429) › renders embedded chrome in source mode with correct geometry and semantics (6.5s)
  ✓   33 [desktop-light] › vue/tests/visual/markdown-editor-chrome.spec.ts:141:17 › markdown editor chrome variants matrix (#429) › renders embedded chrome in live mode with correct geometry and semantics (6.7s)
  ✓   34 [desktop-light] › vue/tests/visual/markdown-editor-chrome.spec.ts:141:17 › markdown editor chrome variants matrix (#429) › renders embedded chrome in split mode with correct geometry and semantics (6.2s)
  ✓   35 [desktop-light] › vue/tests/visual/markdown-editor-chrome.spec.ts:141:17 › markdown editor chrome variants matrix (#429) › renders embedded chrome in preview mode with correct geometry and semantics (6.3s)
  ✓   36 [desktop-light] › vue/tests/visual/markdown-editor-chrome.spec.ts:141:17 › markdown editor chrome variants matrix (#429) › renders minimal chrome in source mode with correct geometry and semantics (5.9s)
  ✓   37 [desktop-light] › vue/tests/visual/markdown-editor-chrome.spec.ts:141:17 › markdown editor chrome variants matrix (#429) › renders minimal chrome in live mode with correct geometry and semantics (5.6s)
  ✓   38 [desktop-light] › vue/tests/visual/markdown-editor-chrome.spec.ts:141:17 › markdown editor chrome variants matrix (#429) › renders minimal chrome in split mode with correct geometry and semantics (6.6s)
  ✓   39 [desktop-light] › vue/tests/visual/markdown-editor-chrome.spec.ts:141:17 › markdown editor chrome variants matrix (#429) › renders minimal chrome in preview mode with correct geometry and semantics (6.5s)
  ✓   42 [desktop-light] › vue/tests/visual/markdown-editor-chrome.spec.ts:277:13 › markdown editor chrome variants matrix (#429) › exposes an accessible tree without decorative chrome (13.6s)
  ✘   40 [desktop-light] › vue/tests/visual/markdown-editor-chrome.spec.ts:186:13 › markdown editor chrome variants matrix (#429) › keeps one editor instance through rapid mode switches (17.3s)
  ✓   41 [desktop-light] › vue/tests/visual/markdown-editor-chrome.spec.ts:240:13 › markdown editor chrome variants matrix (#429) › reaches editor controls by keyboard in every chrome (18.0s)
  ✓   45 [desktop-light] › vue/tests/visual/markdown-editor-chrome.spec.ts:379:13 › markdown editor chrome variants matrix (#429) › responds to touch activation on the mode switcher (7.6s)
  ✓   43 [desktop-light] › vue/tests/visual/markdown-editor-chrome.spec.ts:304:13 › markdown editor chrome variants matrix (#429) › keeps geometry intact across 375/768/1366/1440 viewports (15.3s)
  ✓   44 [desktop-light] › vue/tests/visual/markdown-editor-chrome.spec.ts:354:13 › markdown editor chrome variants matrix (#429) › stays usable at 150% and 200% zoom (13.8s)
  ✓   48 [desktop-light] › vue/tests/visual/markdown-editor-chrome.spec.ts:476:13 › markdown editor chrome variants matrix (#429) › falls back without WebAssembly and stays operable (5.3s)
  ✓   49 [desktop-light] › vue/tests/visual/markdown-editor-chrome.spec.ts:520:13 › markdown editor chrome variants matrix (#429) › keeps framed geometry under forced colors (6.3s)
  ✓   47 [desktop-light] › vue/tests/visual/markdown-editor-chrome.spec.ts:430:13 › markdown editor chrome variants matrix (#429) › covers empty, disabled, loading, and readonly states (17.4s)
  ✓   50 [desktop-light] › vue/tests/visual/markdown-feature-smoke.spec.ts:136:5 › smoke markdown feature activation commits Mermaid, KaTeX, and Shiki (8.1s)
  ✓   51 [desktop-light] › vue/tests/visual/material-contract.spec.ts:117:5 › paper overlays keep blur disabled (6.0s)
  ✘   46 [desktop-light] › vue/tests/visual/markdown-editor-chrome.spec.ts:400:13 › markdown editor chrome variants matrix (#429) › renders toolbar, status, and slot visibility contract (30.5s)
  ✓   53 [desktop-light] › vue/tests/visual/material-contract.spec.ts:209:5 › image viewer owns the only public glass mask (6.1s)
  ✓   52 [desktop-light] › vue/tests/visual/material-contract.spec.ts:148:5 › dialog drawer notification keep correct overlay depth hierarchy (6.4s)
  ✓   55 [desktop-light] › vue/tests/visual/metric-composition-acceptance.spec.ts:77:5 › KPI primary value uses 16px (3.6s)
  ✓   54 [desktop-light] › vue/tests/visual/metric-composition-acceptance.spec.ts:35:5 › production CSS has no card surfaces on metric primitives (5.3s)
  ✓   57 [desktop-light] › vue/tests/visual/metric-composition-acceptance.spec.ts:89:5 › KeyValue label uses 12px (4.6s)
  ✓   58 [desktop-light] › vue/tests/visual/metric-composition-acceptance.spec.ts:101:5 › ordinary metric labels and values stay within the approved typography budget (5.0s)
  ✓   59 [desktop-light] › vue/tests/visual/metric-composition-acceptance.spec.ts:141:5 › single production composition contains twenty-plus realistic entries across all seven primitives and required states (4.5s)
  ✓   56 [desktop-light] › vue/tests/visual/material-contract.spec.ts:237:5 › site and public headers keep glass opt-in (9.6s)
  ✓   60 [desktop-light] › vue/tests/visual/metric-composition-acceptance.spec.ts:201:5 › default key labels omit punctuation and the explicit motif remains decorative gray (3.8s)
  ✓   61 [desktop-light] › vue/tests/visual/metric-composition-acceptance.spec.ts:237:5 › CJK and RTL metric content preserve hierarchy and direction (3.8s)
  ✓   62 [desktop-light] › vue/tests/visual/metric-composition-acceptance.spec.ts:260:5 › long and RTL metric content reflows at 200 percent zoom (3.8s)
  ✓   63 [desktop-light] › vue/tests/visual/metric-composition-acceptance.spec.ts:286:5 › MetricList has no card surface (4.1s)
  ✓   65 [desktop-light] › vue/tests/visual/metric-composition-acceptance.spec.ts:316:5 › DiagnosticsItem warning uses 3px left border (5.5s)
  ✓   64 [desktop-light] › vue/tests/visual/metric-composition-acceptance.spec.ts:301:5 › KeyValueGrid has no card surface (6.0s)
  ✓   66 [desktop-light] › vue/tests/visual/metric-composition-acceptance.spec.ts:333:5 › CopyableDetail button min-height >= 40px (4.6s)
  ✓   67 [desktop-light] › vue/tests/visual/metric-composition-acceptance.spec.ts:345:5 › CopyableDetail focus uses inset ring (4.6s)
  ✓   69 [desktop-light] › vue/tests/visual/metric-composition-acceptance.spec.ts:471:5 › nested, mixed, empty, loading, long, RTL and zoom states remain stable (4.4s)
  ✓   68 [desktop-light] › vue/tests/visual/metric-composition-acceptance.spec.ts:358:5 › inline action focus, hover, selected and disabled states use standard tokens without ancestor fading (7.5s)
  ✓   70 [desktop-light] › vue/tests/visual/metric-composition-acceptance.spec.ts:523:5 › keyboard, touch and screen-reader semantics keep status text and actions reachable (6.0s)
  ✓   72 [desktop-light] › vue/tests/visual/metric-composition-acceptance.spec.ts:623:5 › metric variants render without visual break (8.0s)
  ✓   73 [desktop-light] › vue/tests/visual/metric-composition-acceptance.spec.ts:875:5 › item rows stay flat without per-item panels (5.1s)
  ✓   74 [desktop-light] › vue/tests/visual/metric-composition-acceptance.spec.ts:885:5 › tone markers stay narrow and toned rows keep textual signals (6.0s)
  ✓   75 [desktop-light] › vue/tests/visual/metric-composition-acceptance.spec.ts:931:5 › inline actions meet DOMRect hit targets across zoom (6.5s)
  ✓   71 [desktop-light] › vue/tests/visual/metric-composition-acceptance.spec.ts:564:5 › required responsive and zoom cells retain production rendered evidence (21.4s)
  ✓   76 [desktop-light] › vue/tests/visual/metric-composition-acceptance.spec.ts:1004:5 › RTL diagnostics keep narrow markers and contained detail (4.4s)
  ✓   77 [desktop-light] › vue/tests/visual/metric-composition-acceptance.spec.ts:1042:5 › surface gates kill documented regressions (7.5s)
  ✘   79 [desktop-light] › vue/tests/visual/motion-transition-acceptance.spec.ts:50:5 › list transitions use <=8px displacement (10.7s)
  ✘   78 [desktop-light] › vue/tests/visual/motion-transition-acceptance.spec.ts:25:5 › zoom-in transitions use opacity+translate, no axis scale (10.9s)
  ✘   80 [desktop-light] › vue/tests/visual/motion-transition-acceptance.spec.ts:72:5 › zoom-in overlay transitions have scale >= 0.98 (8.8s)
  ✓   81 [desktop-light] › vue/tests/visual/motion-transition-acceptance.spec.ts:106:5 › motion scss compiles without error (7.9s)
  ✓   83 [desktop-light] › vue/tests/visual/public-shell-desktop-search.spec.ts:60:5 › renders inline, trigger, and none without shifting shell geometry (7.2s)
  ✓   84 [desktop-light] › vue/tests/visual/public-shell-desktop-search.spec.ts:111:5 › aligns 30px brand and 21px navigation text in the desktop project (5.5s)
  ✘   82 [desktop-light] › vue/tests/visual/motion-transition-acceptance.spec.ts:94:5 › no transition uses 500ms (13.9s)
  ✓   85 [desktop-light] › vue/tests/visual/public-shell-desktop-search.spec.ts:148:5 › straddles the header border with a stable 2px active indicator (5.2s)
  ✓   86 [desktop-light] › vue/tests/visual/public-shell-desktop-search.spec.ts:227:5 › opens, submits, escapes, and closes outside without stealing focus (5.9s)
  ✓   88 [desktop-light] › vue/tests/visual/public-shell-desktop-search.spec.ts:312:5 › keeps trigger disclosure free of inline styles in CSP-safe mode (4.9s)
  ✓   87 [desktop-light] › vue/tests/visual/scroll-motion.spec.ts:46:5 › scroll containers expose unified motion without text blur while scrolling (8.4s)
  ✓   89 [desktop-light] › vue/tests/visual/segmented-visual-acceptance.spec.ts:44:5 › production CSS has no legacy segmented tokens (5.2s)
  ✓   90 [desktop-light] › vue/tests/visual/segmented-visual-acceptance.spec.ts:75:5 › RadioButton shell radius is 6px (3.2s)
  ✓   91 [desktop-light] › vue/tests/visual/segmented-visual-acceptance.spec.ts:84:5 › RadioButton item height is 36-40px (3.1s)
  ✓   92 [desktop-light] › vue/tests/visual/segmented-visual-acceptance.spec.ts:94:5 › CheckboxButton item height is 36-40px (3.1s)
  ✓   93 [desktop-light] › vue/tests/visual/segmented-visual-acceptance.spec.ts:104:5 › Collection segmented item height >= 36px (3.4s)
  ✓   95 [desktop-light] › vue/tests/visual/segmented-visual-acceptance.spec.ts:130:5 › RadioButton focus-visible uses 2px inset ring (3.5s)
  ✓   94 [desktop-light] › vue/tests/visual/segmented-visual-acceptance.spec.ts:116:5 › RadioButton selected has non-neutral background (3.6s)
  ✓   96 [desktop-light] › vue/tests/visual/segmented-visual-acceptance.spec.ts:142:5 › Collection segmented focus-visible uses inset ring (3.3s)
  ✓   97 [desktop-light] › vue/tests/visual/segmented-visual-acceptance.spec.ts:156:5 › RadioButton disabled has opacity 1 (3.8s)
  ✓   98 [desktop-light] › vue/tests/visual/segmented-visual-acceptance.spec.ts:164:5 › CheckboxButton disabled has opacity 1 (4.0s)
  ✓   99 [desktop-light] › vue/tests/visual/segmented-visual-acceptance.spec.ts:176:5 › RadioButton uses role=radio (4.0s)
  ✓  101 [desktop-light] › vue/tests/visual/segmented-visual-acceptance.spec.ts:192:5 › Collection segmented uses role=tab (4.1s)
  ✓  100 [desktop-light] › vue/tests/visual/segmented-visual-acceptance.spec.ts:184:5 › CheckboxButton uses role=checkbox (4.6s)
  ✓  102 [desktop-light] › vue/tests/visual/segmented-visual-acceptance.spec.ts:204:5 › RadioButton supports arrow key navigation (3.7s)
  ✓  103 [desktop-light] › vue/tests/visual/segmented-visual-acceptance.spec.ts:219:5 › RadioButton renders correctly in RTL (3.4s)
  ✓  104 [desktop-light] › vue/tests/visual/segmented-visual-acceptance.spec.ts:233:5 › CheckboxButton supports multi-selection (3.1s)
  ✓  105 [desktop-light] › vue/tests/visual/segmented-visual-acceptance.spec.ts:247:5 › ThemeModeToggle renders in segmented mode (4.2s)
  ✓  106 [desktop-light] › vue/tests/visual/segmented-visual-acceptance.spec.ts:254:5 › ThemeModeToggle focus-visible uses inset ring (3.0s)
  ✓  107 [desktop-light] › vue/tests/visual/segmented-visual-acceptance.spec.ts:268:5 › RadioButton renders CJK without cutoff (3.3s)
  ✓  108 [desktop-light] › vue/tests/visual/segmented-visual-acceptance.spec.ts:280:5 › segmented variants render without visual break (4.1s)
  ✓  109 [desktop-light] › vue/tests/visual/segmented-visual-primitive.spec.ts:73:5 › issue #459 probe renders canonical geometry, layered states, content and RTL (3.1s)
  ✓  110 [desktop-light] › vue/tests/visual/settings-composition-acceptance.spec.ts:25:5 › production CSS has no card-on-card in settings (4.4s)
  ✓  111 [desktop-light] › vue/tests/visual/settings-composition-acceptance.spec.ts:58:5 › SectionNav link min-height >= 40px (3.8s)
  ✓  112 [desktop-light] › vue/tests/visual/settings-composition-acceptance.spec.ts:66:5 › SectionNav disabled has opacity 1 (3.9s)
  ✓  113 [desktop-light] › vue/tests/visual/settings-composition-acceptance.spec.ts:75:5 › ResourceList has no card surface (3.7s)
  ✓  115 [desktop-light] › vue/tests/visual/settings-composition-acceptance.spec.ts:95:5 › RiskNotice radius is small (6px) (3.4s)
  ✓  114 [desktop-light] › vue/tests/visual/settings-composition-acceptance.spec.ts:86:5 › DestructiveActionPanel has reduced danger emphasis (4.1s)
  ✓  116 [desktop-light] › vue/tests/visual/settings-composition-acceptance.spec.ts:104:5 › TypedConfirmField input min-height >= 40px (3.6s)
  ✓  117 [desktop-light] › vue/tests/visual/settings-composition-acceptance.spec.ts:112:5 › TypedConfirmField focus uses inset ring, not outer glow (3.3s)
  ✓  118 [desktop-light] › vue/tests/visual/settings-composition-acceptance.spec.ts:121:5 › TypedConfirmField invalid focus uses danger ring (3.1s)
  ✓  119 [desktop-light] › vue/tests/visual/settings-composition-acceptance.spec.ts:130:5 › settings variants render without visual break (4.0s)
  ✓  122 [desktop-light] › vue/tests/visual/theme-scale-contract.spec.ts:96:7 › tab focus ring follows the public scale in light (5.5s)
  ✓  120 [desktop-light] › vue/tests/visual/smoke-theme-switch.spec.ts:29:5 › smoke theme mode toggles light and dark (9.4s)
  ✓  121 [desktop-light] › vue/tests/visual/theme-scale-contract.spec.ts:53:7 › form focus rings follow the public scale in light (12.4s)
  ✓  123 [desktop-light] › vue/tests/visual/theme-scale-contract.spec.ts:108:7 › overlay focus rings and reduced motion follow the public scale in light (7.7s)
  ✓  125 [desktop-light] › vue/tests/visual/theme-scale-contract.spec.ts:96:7 › tab focus ring follows the public scale in dark (5.7s)
  ✓  124 [desktop-light] › vue/tests/visual/theme-scale-contract.spec.ts:53:7 › form focus rings follow the public scale in dark (14.0s)
  ✓  126 [desktop-light] › vue/tests/visual/theme-scale-contract.spec.ts:108:7 › overlay focus rings and reduced motion follow the public scale in dark (8.0s)
  ✓  129 [desktop-light] › vue/tests/visual/transfer-responsive.spec.ts:270:5 › remains stable at 150 percent zoom (4.4s)
  ✓  128 [desktop-light] › vue/tests/visual/transfer-responsive.spec.ts:184:5 › keeps full labels, focus order, and keyboard move semantics on narrow containers (5.4s)
  ✓  131 [desktop-light] › vue/tests/visual/typography-real-weights.spec.ts:4:5 › CJK and Latin use real bundled weights in light and dark modes (4.1s)
  ✓  130 [desktop-light] › vue/tests/visual/tree-select-row.spec.ts:4:5 › TreeSelect renders one coherent navigation row (10.9s)
  ✓  127 [desktop-light] › vue/tests/visual/transfer-responsive.spec.ts:19:5 › keeps Transfer usable across container widths, states, and themes (21.0s)
  ✓  132 [desktop-light] › vue/tests/visual/ui-audit-all.spec.ts:165:11 › ui audit buckets › ui audit / focus / bucket 1 of 6 (31.4s)
  ✓  133 [desktop-light] › vue/tests/visual/ui-audit-all.spec.ts:165:11 › ui audit buckets › ui audit / focus / bucket 2 of 6 (27.9s)
  ✓  134 [desktop-light] › vue/tests/visual/ui-audit-all.spec.ts:165:11 › ui audit buckets › ui audit / focus / bucket 3 of 6 (29.5s)
  ✓  135 [desktop-light] › vue/tests/visual/ui-audit-all.spec.ts:165:11 › ui audit buckets › ui audit / focus / bucket 4 of 6 (25.7s)
  ✓  136 [desktop-light] › vue/tests/visual/ui-audit-all.spec.ts:165:11 › ui audit buckets › ui audit / focus / bucket 5 of 6 (24.7s)
  ✓  137 [desktop-light] › vue/tests/visual/ui-audit-all.spec.ts:165:11 › ui audit buckets › ui audit / focus / bucket 6 of 6 (23.0s)
  ✓  138 [desktop-light] › vue/tests/visual/ui-audit-all.spec.ts:165:11 › ui audit buckets › ui audit / interaction / bucket 1 of 6 (30.5s)
  ✓  139 [desktop-light] › vue/tests/visual/ui-audit-all.spec.ts:165:11 › ui audit buckets › ui audit / interaction / bucket 2 of 6 (32.2s)
  ✓  140 [desktop-light] › vue/tests/visual/ui-audit-all.spec.ts:165:11 › ui audit buckets › ui audit / interaction / bucket 3 of 6 (34.7s)
  ✓  141 [desktop-light] › vue/tests/visual/ui-audit-all.spec.ts:165:11 › ui audit buckets › ui audit / interaction / bucket 4 of 6 (31.2s)
  ✓  142 [desktop-light] › vue/tests/visual/ui-audit-all.spec.ts:165:11 › ui audit buckets › ui audit / interaction / bucket 5 of 6 (30.2s)
  ✓  143 [desktop-light] › vue/tests/visual/ui-audit-all.spec.ts:165:11 › ui audit buckets › ui audit / interaction / bucket 6 of 6 (28.7s)
  ✓  144 [desktop-light] › vue/tests/visual/ui-audit-all.spec.ts:165:11 › ui audit buckets › ui audit / active / bucket 1 of 6 (24.6s)
  ✓  145 [desktop-light] › vue/tests/visual/ui-audit-all.spec.ts:165:11 › ui audit buckets › ui audit / active / bucket 2 of 6 (27.7s)
  ✓  146 [desktop-light] › vue/tests/visual/ui-audit-all.spec.ts:165:11 › ui audit buckets › ui audit / active / bucket 3 of 6 (29.4s)
  ✓  147 [desktop-light] › vue/tests/visual/ui-audit-all.spec.ts:165:11 › ui audit buckets › ui audit / active / bucket 4 of 6 (27.8s)
  ✓  148 [desktop-light] › vue/tests/visual/ui-audit-all.spec.ts:165:11 › ui audit buckets › ui audit / active / bucket 5 of 6 (24.8s)
  ✓  150 [desktop-light] › vue/tests/visual/upload-visual-acceptance.spec.ts:47:5 › production CSS contains no legacy motion tokens (500ms, 30px) (4.3s)
  ✓  149 [desktop-light] › vue/tests/visual/ui-audit-all.spec.ts:165:11 › ui audit buckets › ui audit / active / bucket 6 of 6 (23.2s)
  ✓  151 [desktop-light] › vue/tests/visual/upload-visual-acceptance.spec.ts:86:5 › production CSS contains no giant-upload-icon (67px) (4.7s)
  ✓  152 [desktop-light] › vue/tests/visual/upload-visual-acceptance.spec.ts:120:5 › dragger renders with Paper radius and thin dashed border (7.0s)
  ✓  153 [desktop-light] › vue/tests/visual/upload-visual-acceptance.spec.ts:152:5 › dragger renders CJK text without cutoff (6.1s)
  ✓  154 [desktop-light] › vue/tests/visual/upload-visual-acceptance.spec.ts:173:5 › dragger renders RTL text without layout break (5.7s)
  ✓  155 [desktop-light] › vue/tests/visual/upload-visual-acceptance.spec.ts:193:5 › dragger disabled state is not interactive (6.9s)
  ✓  156 [desktop-light] › vue/tests/visual/upload-visual-acceptance.spec.ts:212:5 › dragger focus-visible applies inset ring, not outline glow (6.9s)
  ✓  157 [desktop-light] › vue/tests/visual/upload-visual-acceptance.spec.ts:240:5 › text list has no success ribbon (8.3s)
  ✓  159 [desktop-light] › vue/tests/visual/upload-visual-acceptance.spec.ts:301:5 › text list actions are always visible, not hover-only (5.4s)
  ✓  158 [desktop-light] › vue/tests/visual/upload-visual-acceptance.spec.ts:271:5 › text list items are flat rows with divider, no card surface (6.0s)
  ✓  160 [desktop-light] › vue/tests/visual/upload-visual-acceptance.spec.ts:324:5 › text list shows status text for all states (3.9s)
  ✓  161 [desktop-light] › vue/tests/visual/upload-visual-acceptance.spec.ts:352:5 › text list items are keyboard reachable (3.8s)
  ✓  162 [desktop-light] › vue/tests/visual/upload-visual-acceptance.spec.ts:373:5 › text list long filenames do not overflow or overlap actions (3.4s)
  ✓  163 [desktop-light] › vue/tests/visual/upload-visual-acceptance.spec.ts:406:5 › text list handles mixed states without layout jump (4.4s)
  ✓  165 [desktop-light] › vue/tests/visual/upload-visual-acceptance.spec.ts:453:5 › picture list items render with thumbnail and file info (4.1s)
  ✓  164 [desktop-light] › vue/tests/visual/upload-visual-acceptance.spec.ts:429:5 › text list disabled items use tokens, not ancestor opacity (4.4s)
  ✓  166 [desktop-light] › vue/tests/visual/upload-visual-acceptance.spec.ts:479:5 › picture-card items have always-visible action bar, not deep hover overlay (3.4s)
  ✓  167 [desktop-light] › vue/tests/visual/upload-visual-acceptance.spec.ts:508:5 › picture-card has no giant centered success check overlay (3.5s)
  ✓  168 [desktop-light] › vue/tests/visual/upload-visual-acceptance.spec.ts:529:5 › picture-card focus-within shows inset ring on card (3.6s)
  ✓  169 [desktop-light] › vue/tests/visual/upload-visual-acceptance.spec.ts:547:5 › picture-card disabled items show reduced actions (4.0s)
  ✓  171 [desktop-light] › vue/tests/visual/upload-visual-acceptance.spec.ts:595:5 › upload list enter transition uses ≤8px displacement (3.5s)
  ✓  170 [desktop-light] › vue/tests/visual/upload-visual-acceptance.spec.ts:569:5 › upload list transitions use 140/220ms tokens, not 500ms (3.9s)
  ✓  172 [desktop-light] › vue/tests/visual/upload-visual-acceptance.spec.ts:626:5 › text list delete button has compliant hit target (≥32px desktop) (2.9s)
  ✓  173 [desktop-light] › vue/tests/visual/upload-visual-acceptance.spec.ts:648:5 › picture-card action buttons have compliant hit target (4.5s)
  ✓  174 [desktop-light] › vue/tests/visual/upload-visual-acceptance.spec.ts:672:5 › dragger drag-over changes border and background only, no glow/scale (4.7s)
  ✓  175 [desktop-light] › vue/tests/visual/upload-visual-acceptance.spec.ts:730:5 › media field wrapper has aspect-ratio support (4.2s)
  ✓  176 [desktop-light] › vue/tests/visual/upload-visual-acceptance.spec.ts:752:5 › upload variants render without visual break in current theme (5.0s)
  ✓  177 [mobile-light] › vue/tests/visual/audit-interactive.spec.ts:14:7 › FsusUI Visual Alignment Audit › Verify Button States (5.1s)
  ✓  178 [mobile-light] › vue/tests/visual/audit-interactive.spec.ts:50:7 › FsusUI Visual Alignment Audit › Verify Input Focus (7.3s)
  ✓  180 [mobile-light] › vue/tests/visual/audit-interactive.spec.ts:92:7 › FsusUI Visual Alignment Audit › Verify Icon Stroke Rounding (3.6s)
  ✓  179 [mobile-light] › vue/tests/visual/audit-interactive.spec.ts:71:7 › FsusUI Visual Alignment Audit › Verify Dialog Blur (4.6s)
  ✓  181 [mobile-light] › vue/tests/visual/capture-all.spec.ts:67:7 › capture basic (4.0s)
  ✓  184 [mobile-light] › vue/tests/visual/capture-all.spec.ts:67:7 › capture navigation (5.3s)
  ✘  183 [mobile-light] › vue/tests/visual/capture-all.spec.ts:67:7 › capture data (8.7s)
  ✓  182 [mobile-light] › vue/tests/visual/capture-all.spec.ts:67:7 › capture form (11.2s)
  ✓  185 [mobile-light] › vue/tests/visual/capture-all.spec.ts:67:7 › capture feedback (4.3s)
  ✓  186 [mobile-light] › vue/tests/visual/capture-all.spec.ts:67:7 › capture others (4.0s)
  ✓  187 [mobile-light] › vue/tests/visual/capture-all.spec.ts:67:7 › capture icons (6.7s)
  ✓  189 [mobile-light] › vue/tests/visual/character-challenge-conformance.spec.ts:80:5 › reduced motion preserves availability and DOM order (3.2s)
  ✓  188 [mobile-light] › vue/tests/visual/character-challenge-conformance.spec.ts:22:5 › covers all states, alternatives, labels, focus order, and responsive raster (6.3s)
  ✓  190 [mobile-light] › vue/tests/visual/character-challenge-conformance.spec.ts:103:5 › forced colors retains boundaries, focus, controls, and error state (3.6s)
  ✓  192 [mobile-light] › vue/tests/visual/foundation-style-boundary.spec.ts:23:5 › keeps native and renderer-owned content outside product styling (2.9s)
  ✓  194 [mobile-light] › vue/tests/visual/foundation-style-boundary.spec.ts:109:5 › applies editorial decoration only after fsus-prose opt-in (4.0s)
  ✓  193 [mobile-light] › vue/tests/visual/foundation-style-boundary.spec.ts:63:5 › preserves external SVG paint while keeping the explicit line-icon recipe (4.2s)
  ✓  191 [mobile-light] › vue/tests/visual/form-production.spec.ts:63:5 › keeps production form columns aligned for its project viewport and 320px (7.9s)
  ✘  196 [mobile-light] › vue/tests/visual/markdown-editor-chrome.spec.ts:141:17 › markdown editor chrome variants matrix (#429) › renders framed chrome in source mode with correct geometry and semantics (4.4s)
  ✘  197 [mobile-light] › vue/tests/visual/markdown-editor-chrome.spec.ts:141:17 › markdown editor chrome variants matrix (#429) › renders framed chrome in live mode with correct geometry and semantics (5.1s)
  ✓  195 [mobile-light] › vue/tests/visual/issue-primitives.spec.ts:33:5 › issue primitives render in the demo route (9.3s)
  ✓  199 [mobile-light] › vue/tests/visual/markdown-editor-chrome.spec.ts:141:17 › markdown editor chrome variants matrix (#429) › renders framed chrome in preview mode with correct geometry and semantics (4.9s)
  ✘  198 [mobile-light] › vue/tests/visual/markdown-editor-chrome.spec.ts:141:17 › markdown editor chrome variants matrix (#429) › renders framed chrome in split mode with correct geometry and semantics (5.9s)
  ✘  200 [mobile-light] › vue/tests/visual/markdown-editor-chrome.spec.ts:141:17 › markdown editor chrome variants matrix (#429) › renders embedded chrome in source mode with correct geometry and semantics (4.3s)
  ✘  201 [mobile-light] › vue/tests/visual/markdown-editor-chrome.spec.ts:141:17 › markdown editor chrome variants matrix (#429) › renders embedded chrome in live mode with correct geometry and semantics (4.3s)
  ✓  203 [mobile-light] › vue/tests/visual/markdown-editor-chrome.spec.ts:141:17 › markdown editor chrome variants matrix (#429) › renders embedded chrome in preview mode with correct geometry and semantics (5.4s)
  ✘  202 [mobile-light] › vue/tests/visual/markdown-editor-chrome.spec.ts:141:17 › markdown editor chrome variants matrix (#429) › renders embedded chrome in split mode with correct geometry and semantics (6.6s)
  ✘  204 [mobile-light] › vue/tests/visual/markdown-editor-chrome.spec.ts:141:17 › markdown editor chrome variants matrix (#429) › renders minimal chrome in source mode with correct geometry and semantics (5.3s)
  ✘  205 [mobile-light] › vue/tests/visual/markdown-editor-chrome.spec.ts:141:17 › markdown editor chrome variants matrix (#429) › renders minimal chrome in live mode with correct geometry and semantics (4.3s)
  ✘  206 [mobile-light] › vue/tests/visual/markdown-editor-chrome.spec.ts:141:17 › markdown editor chrome variants matrix (#429) › renders minimal chrome in split mode with correct geometry and semantics (7.2s)
  ✓  207 [mobile-light] › vue/tests/visual/markdown-editor-chrome.spec.ts:141:17 › markdown editor chrome variants matrix (#429) › renders minimal chrome in preview mode with correct geometry and semantics (4.3s)
  ✓  208 [mobile-light] › vue/tests/visual/markdown-editor-chrome.spec.ts:186:13 › markdown editor chrome variants matrix (#429) › keeps one editor instance through rapid mode switches (10.8s)
  ✓  209 [mobile-light] › vue/tests/visual/markdown-editor-chrome.spec.ts:277:13 › markdown editor chrome variants matrix (#429) › exposes an accessible tree without decorative chrome (8.9s)
  ✓  210 [mobile-light] › vue/tests/visual/markdown-editor-chrome.spec.ts:240:13 › markdown editor chrome variants matrix (#429) › reaches editor controls by keyboard in every chrome (10.6s)
  ✘  212 [mobile-light] › vue/tests/visual/markdown-editor-chrome.spec.ts:354:13 › markdown editor chrome variants matrix (#429) › stays usable at 150% and 200% zoom (4.5s)
  ✓  211 [mobile-light] › vue/tests/visual/markdown-editor-chrome.spec.ts:304:13 › markdown editor chrome variants matrix (#429) › keeps geometry intact across 375/768/1366/1440 viewports (9.8s)
  ✓  213 [mobile-light] › vue/tests/visual/markdown-editor-chrome.spec.ts:379:13 › markdown editor chrome variants matrix (#429) › responds to touch activation on the mode switcher (4.7s)
  ✓  216 [mobile-light] › vue/tests/visual/markdown-editor-chrome.spec.ts:476:13 › markdown editor chrome variants matrix (#429) › falls back without WebAssembly and stays operable (5.2s)
  ✘  217 [mobile-light] › vue/tests/visual/markdown-editor-chrome.spec.ts:520:13 › markdown editor chrome variants matrix (#429) › keeps framed geometry under forced colors (3.7s)
  ✓  215 [mobile-light] › vue/tests/visual/markdown-editor-chrome.spec.ts:430:13 › markdown editor chrome variants matrix (#429) › covers empty, disabled, loading, and readonly states (10.7s)
  ✓  218 [mobile-light] › vue/tests/visual/material-contract.spec.ts:117:5 › paper overlays keep blur disabled (3.0s)
  ✓  219 [mobile-light] › vue/tests/visual/markdown-feature-smoke.spec.ts:136:5 › smoke markdown feature activation commits Mermaid, KaTeX, and Shiki (4.3s)
  ✓  220 [mobile-light] › vue/tests/visual/material-contract.spec.ts:148:5 › dialog drawer notification keep correct overlay depth hierarchy (4.5s)
  ✓  221 [mobile-light] › vue/tests/visual/material-contract.spec.ts:209:5 › image viewer owns the only public glass mask (4.5s)
  ✓  222 [mobile-light] › vue/tests/visual/material-contract.spec.ts:237:5 › site and public headers keep glass opt-in (3.4s)
  ✓  223 [mobile-light] › vue/tests/visual/metric-composition-acceptance.spec.ts:35:5 › production CSS has no card surfaces on metric primitives (2.5s)
  ✓  224 [mobile-light] › vue/tests/visual/metric-composition-acceptance.spec.ts:77:5 › KPI primary value uses 16px (2.2s)
  ✓  225 [mobile-light] › vue/tests/visual/metric-composition-acceptance.spec.ts:89:5 › KeyValue label uses 12px (1.6s)
  ✓  226 [mobile-light] › vue/tests/visual/metric-composition-acceptance.spec.ts:101:5 › ordinary metric labels and values stay within the approved typography budget (2.3s)
  ✓  227 [mobile-light] › vue/tests/visual/metric-composition-acceptance.spec.ts:141:5 › single production composition contains twenty-plus realistic entries across all seven primitives and required states (2.5s)
  ✓  228 [mobile-light] › vue/tests/visual/metric-composition-acceptance.spec.ts:201:5 › default key labels omit punctuation and the explicit motif remains decorative gray (2.4s)
  ✘  214 [mobile-light] › vue/tests/visual/markdown-editor-chrome.spec.ts:400:13 › markdown editor chrome variants matrix (#429) › renders toolbar, status, and slot visibility contract (28.1s)
  ✓  229 [mobile-light] › vue/tests/visual/metric-composition-acceptance.spec.ts:237:5 › CJK and RTL metric content preserve hierarchy and direction (2.6s)
  ✓  230 [mobile-light] › vue/tests/visual/metric-composition-acceptance.spec.ts:260:5 › long and RTL metric content reflows at 200 percent zoom (2.7s)
  ✓  231 [mobile-light] › vue/tests/visual/metric-composition-acceptance.spec.ts:301:5 › KeyValueGrid has no card surface (3.0s)
  ✓  233 [mobile-light] › vue/tests/visual/metric-composition-acceptance.spec.ts:316:5 › DiagnosticsItem warning uses 3px left border (2.8s)
  ✓  232 [mobile-light] › vue/tests/visual/metric-composition-acceptance.spec.ts:286:5 › MetricList has no card surface (3.1s)
  ✓  234 [mobile-light] › vue/tests/visual/metric-composition-acceptance.spec.ts:333:5 › CopyableDetail button min-height >= 40px (2.8s)
  ✓  235 [mobile-light] › vue/tests/visual/metric-composition-acceptance.spec.ts:345:5 › CopyableDetail focus uses inset ring (2.7s)
  ✓  237 [mobile-light] › vue/tests/visual/metric-composition-acceptance.spec.ts:471:5 › nested, mixed, empty, loading, long, RTL and zoom states remain stable (3.4s)
  ✓  236 [mobile-light] › vue/tests/visual/metric-composition-acceptance.spec.ts:358:5 › inline action focus, hover, selected and disabled states use standard tokens without ancestor fading (4.4s)
  ✓  238 [mobile-light] › vue/tests/visual/metric-composition-acceptance.spec.ts:523:5 › keyboard, touch and screen-reader semantics keep status text and actions reachable (2.9s)
  ✓  241 [mobile-light] › vue/tests/visual/metric-composition-acceptance.spec.ts:875:5 › item rows stay flat without per-item panels (2.5s)
  ✓  240 [mobile-light] › vue/tests/visual/metric-composition-acceptance.spec.ts:623:5 › metric variants render without visual break (3.6s)
  ✓  242 [mobile-light] › vue/tests/visual/metric-composition-acceptance.spec.ts:885:5 › tone markers stay narrow and toned rows keep textual signals (3.3s)
  ✓  243 [mobile-light] › vue/tests/visual/metric-composition-acceptance.spec.ts:931:5 › inline actions meet DOMRect hit targets across zoom (3.4s)
  ✓  244 [mobile-light] › vue/tests/visual/metric-composition-acceptance.spec.ts:1004:5 › RTL diagnostics keep narrow markers and contained detail (2.7s)
  ✓  245 [mobile-light] › vue/tests/visual/metric-composition-acceptance.spec.ts:1042:5 › surface gates kill documented regressions (4.5s)
  ✓  239 [mobile-light] › vue/tests/visual/metric-composition-acceptance.spec.ts:564:5 › required responsive and zoom cells retain production rendered evidence (13.9s)
  ✓  246 [mobile-light] › vue/tests/visual/motion-transition-acceptance.spec.ts:25:5 › zoom-in transitions use opacity+translate, no axis scale (5.7s)
  ✓  247 [mobile-light] › vue/tests/visual/motion-transition-acceptance.spec.ts:50:5 › list transitions use <=8px displacement (5.2s)
  ✓  248 [mobile-light] › vue/tests/visual/motion-transition-acceptance.spec.ts:72:5 › zoom-in overlay transitions have scale >= 0.98 (7.1s)
  ✓  250 [mobile-light] › vue/tests/visual/motion-transition-acceptance.spec.ts:106:5 › motion scss compiles without error (4.5s)
  ✓  249 [mobile-light] › vue/tests/visual/motion-transition-acceptance.spec.ts:94:5 › no transition uses 500ms (7.0s)
  ✓  251 [mobile-light] › vue/tests/visual/public-shell-mobile-nav.spec.ts:57:7 › mobile menu strategy snapshot (2.6s)
  ✓  252 [mobile-light] › vue/tests/visual/public-shell-mobile-nav.spec.ts:57:7 › mobile inline strategy snapshot (2.5s)
  ✓  253 [mobile-light] › vue/tests/visual/public-shell-mobile-nav.spec.ts:57:7 › mobile bottom strategy snapshot (2.5s)
  ✓  254 [mobile-light] › vue/tests/visual/public-shell-mobile-nav.spec.ts:57:7 › mobile none strategy snapshot (2.7s)
  ✓  255 [mobile-light] › vue/tests/visual/public-shell-mobile-nav.spec.ts:66:5 › defaults to the native header menu without a bottom dock (2.4s)
  ✓  256 [mobile-light] › vue/tests/visual/public-shell-mobile-nav.spec.ts:79:5 › keeps menu focus order and navigation semantics native (3.3s)
  ✓  257 [mobile-light] › vue/tests/visual/public-shell-mobile-nav.spec.ts:102:5 › uses one 44px bordered affordance language in the mobile project (3.3s)
  ✓  258 [mobile-light] › vue/tests/visual/public-shell-mobile-nav.spec.ts:227:7 › mobile action geometry anonymous-zh-long-brand-320 (3.2s)
  ✓  259 [mobile-light] › vue/tests/visual/public-shell-mobile-nav.spec.ts:227:7 › mobile action geometry authenticated-en-375 (3.4s)
  ✓  261 [mobile-light] › vue/tests/visual/public-shell-mobile-nav.spec.ts:227:7 › mobile action geometry anonymous-en-breakpoint-768 (3.8s)
  ✓  260 [mobile-light] › vue/tests/visual/public-shell-mobile-nav.spec.ts:227:7 › mobile action geometry authenticated-long-copy-390 (4.5s)
  ✓  262 [mobile-light] › vue/tests/visual/public-shell-mobile-nav.spec.ts:227:7 › mobile action geometry anonymous-zh-zoom-150 (4.6s)
  ✓  263 [mobile-light] › vue/tests/visual/public-shell-mobile-nav.spec.ts:227:7 › mobile action geometry authenticated-long-copy-zoom-200 (3.7s)
  ✓  264 [mobile-light] › vue/tests/visual/public-shell-mobile-nav.spec.ts:377:5 › keeps the default keyboard order brand, Search, Menu, then panel actions (3.3s)
  ✓  265 [mobile-light] › vue/tests/visual/public-shell-mobile-nav.spec.ts:411:5 › keeps CSP-safe menu open through its class-driven leave lifecycle (3.5s)
  ✓  266 [mobile-light] › vue/tests/visual/public-shell-mobile-nav.spec.ts:467:5 › exposes inline, bottom, and none modes without duplicate landmarks (6.5s)
  ✓  268 [mobile-light] › vue/tests/visual/segmented-visual-acceptance.spec.ts:44:5 › production CSS has no legacy segmented tokens (4.1s)
  ✓  267 [mobile-light] › vue/tests/visual/scroll-motion.spec.ts:46:5 › scroll containers expose unified motion without text blur while scrolling (6.8s)
  ✓  269 [mobile-light] › vue/tests/visual/segmented-visual-acceptance.spec.ts:75:5 › RadioButton shell radius is 6px (2.4s)
  ✓  270 [mobile-light] › vue/tests/visual/segmented-visual-acceptance.spec.ts:84:5 › RadioButton item height is 36-40px (2.6s)
  ✓  271 [mobile-light] › vue/tests/visual/segmented-visual-acceptance.spec.ts:94:5 › CheckboxButton item height is 36-40px (2.6s)
  ✓  272 [mobile-light] › vue/tests/visual/segmented-visual-acceptance.spec.ts:104:5 › Collection segmented item height >= 36px (2.2s)
  ✓  273 [mobile-light] › vue/tests/visual/segmented-visual-acceptance.spec.ts:116:5 › RadioButton selected has non-neutral background (2.6s)
  ✓  274 [mobile-light] › vue/tests/visual/segmented-visual-acceptance.spec.ts:130:5 › RadioButton focus-visible uses 2px inset ring (2.3s)
  ✓  275 [mobile-light] › vue/tests/visual/segmented-visual-acceptance.spec.ts:142:5 › Collection segmented focus-visible uses inset ring (2.6s)
  ✓  276 [mobile-light] › vue/tests/visual/segmented-visual-acceptance.spec.ts:156:5 › RadioButton disabled has opacity 1 (2.7s)
  ✓  277 [mobile-light] › vue/tests/visual/segmented-visual-acceptance.spec.ts:164:5 › CheckboxButton disabled has opacity 1 (2.8s)
  ✓  278 [mobile-light] › vue/tests/visual/segmented-visual-acceptance.spec.ts:176:5 › RadioButton uses role=radio (2.4s)
  ✓  279 [mobile-light] › vue/tests/visual/segmented-visual-acceptance.spec.ts:184:5 › CheckboxButton uses role=checkbox (2.4s)
  ✓  280 [mobile-light] › vue/tests/visual/segmented-visual-acceptance.spec.ts:192:5 › Collection segmented uses role=tab (2.6s)
  ✓  281 [mobile-light] › vue/tests/visual/segmented-visual-acceptance.spec.ts:204:5 › RadioButton supports arrow key navigation (2.5s)
  ✓  282 [mobile-light] › vue/tests/visual/segmented-visual-acceptance.spec.ts:219:5 › RadioButton renders correctly in RTL (2.5s)
  ✓  283 [mobile-light] › vue/tests/visual/segmented-visual-acceptance.spec.ts:233:5 › CheckboxButton supports multi-selection (2.4s)
  ✓  284 [mobile-light] › vue/tests/visual/segmented-visual-acceptance.spec.ts:247:5 › ThemeModeToggle renders in segmented mode (2.2s)
  ✓  285 [mobile-light] › vue/tests/visual/segmented-visual-acceptance.spec.ts:254:5 › ThemeModeToggle focus-visible uses inset ring (2.3s)
  ✓  286 [mobile-light] › vue/tests/visual/segmented-visual-acceptance.spec.ts:268:5 › RadioButton renders CJK without cutoff (2.2s)
  ✓  287 [mobile-light] › vue/tests/visual/segmented-visual-acceptance.spec.ts:280:5 › segmented variants render without visual break (2.8s)
  ✓  288 [mobile-light] › vue/tests/visual/settings-composition-acceptance.spec.ts:25:5 › production CSS has no card-on-card in settings (3.2s)
  ✓  289 [mobile-light] › vue/tests/visual/segmented-visual-primitive.spec.ts:73:5 › issue #459 probe renders canonical geometry, layered states, content and RTL (3.2s)
  ✓  290 [mobile-light] › vue/tests/visual/settings-composition-acceptance.spec.ts:58:5 › SectionNav link min-height >= 40px (2.3s)
  ✓  292 [mobile-light] › vue/tests/visual/settings-composition-acceptance.spec.ts:75:5 › ResourceList has no card surface (2.1s)
  ✓  291 [mobile-light] › vue/tests/visual/settings-composition-acceptance.spec.ts:66:5 › SectionNav disabled has opacity 1 (2.2s)
  ✓  293 [mobile-light] › vue/tests/visual/settings-composition-acceptance.spec.ts:86:5 › DestructiveActionPanel has reduced danger emphasis (2.3s)
  ✓  295 [mobile-light] › vue/tests/visual/settings-composition-acceptance.spec.ts:104:5 › TypedConfirmField input min-height >= 40px (2.4s)
  ✓  294 [mobile-light] › vue/tests/visual/settings-composition-acceptance.spec.ts:95:5 › RiskNotice radius is small (6px) (2.5s)
  ✓  296 [mobile-light] › vue/tests/visual/settings-composition-acceptance.spec.ts:112:5 › TypedConfirmField focus uses inset ring, not outer glow (2.3s)
  ✓  297 [mobile-light] › vue/tests/visual/settings-composition-acceptance.spec.ts:121:5 › TypedConfirmField invalid focus uses danger ring (2.4s)
  ✓  298 [mobile-light] › vue/tests/visual/settings-composition-acceptance.spec.ts:130:5 › settings variants render without visual break (3.0s)
  ✓  299 [mobile-light] › vue/tests/visual/typography-real-weights.spec.ts:4:5 › CJK and Latin use real bundled weights in light and dark modes (2.6s)
  ✓  301 [mobile-light] › vue/tests/visual/ui-audit-all.spec.ts:165:11 › ui audit buckets › ui audit / focus / bucket 2 of 6 (14.3s)
  ✓  300 [mobile-light] › vue/tests/visual/ui-audit-all.spec.ts:165:11 › ui audit buckets › ui audit / focus / bucket 1 of 6 (14.9s)
  ✓  302 [mobile-light] › vue/tests/visual/ui-audit-all.spec.ts:165:11 › ui audit buckets › ui audit / focus / bucket 3 of 6 (15.6s)
  ✓  304 [mobile-light] › vue/tests/visual/ui-audit-all.spec.ts:165:11 › ui audit buckets › ui audit / focus / bucket 5 of 6 (16.0s)
  ✓  305 [mobile-light] › vue/tests/visual/ui-audit-all.spec.ts:165:11 › ui audit buckets › ui audit / focus / bucket 6 of 6 (14.4s)
  ✓  303 [mobile-light] › vue/tests/visual/ui-audit-all.spec.ts:165:11 › ui audit buckets › ui audit / focus / bucket 4 of 6 (16.8s)
  ✓  307 [mobile-light] › vue/tests/visual/ui-audit-all.spec.ts:165:11 › ui audit buckets › ui audit / interaction / bucket 2 of 6 (17.1s)
  ✓  306 [mobile-light] › vue/tests/visual/ui-audit-all.spec.ts:165:11 › ui audit buckets › ui audit / interaction / bucket 1 of 6 (17.6s)
  ✓  308 [mobile-light] › vue/tests/visual/ui-audit-all.spec.ts:165:11 › ui audit buckets › ui audit / interaction / bucket 3 of 6 (17.5s)
  ✓  309 [mobile-light] › vue/tests/visual/ui-audit-all.spec.ts:165:11 › ui audit buckets › ui audit / interaction / bucket 4 of 6 (16.1s)
  ✓  310 [mobile-light] › vue/tests/visual/ui-audit-all.spec.ts:165:11 › ui audit buckets › ui audit / interaction / bucket 5 of 6 (16.3s)
  ✓  311 [mobile-light] › vue/tests/visual/ui-audit-all.spec.ts:165:11 › ui audit buckets › ui audit / interaction / bucket 6 of 6 (15.9s)
  ✓  312 [mobile-light] › vue/tests/visual/ui-audit-all.spec.ts:165:11 › ui audit buckets › ui audit / active / bucket 1 of 6 (15.8s)
  ✓  313 [mobile-light] › vue/tests/visual/ui-audit-all.spec.ts:165:11 › ui audit buckets › ui audit / active / bucket 2 of 6 (16.2s)
  ✓  314 [mobile-light] › vue/tests/visual/ui-audit-all.spec.ts:165:11 › ui audit buckets › ui audit / active / bucket 3 of 6 (18.2s)
  ✓  316 [mobile-light] › vue/tests/visual/ui-audit-all.spec.ts:165:11 › ui audit buckets › ui audit / active / bucket 5 of 6 (18.7s)
  ✓  315 [mobile-light] › vue/tests/visual/ui-audit-all.spec.ts:165:11 › ui audit buckets › ui audit / active / bucket 4 of 6 (19.8s)
  ✓  317 [mobile-light] › vue/tests/visual/ui-audit-all.spec.ts:165:11 › ui audit buckets › ui audit / active / bucket 6 of 6 (20.0s)
  ✓  319 [mobile-light] › vue/tests/visual/upload-visual-acceptance.spec.ts:86:5 › production CSS contains no giant-upload-icon (67px) (4.9s)
  ✓  318 [mobile-light] › vue/tests/visual/upload-visual-acceptance.spec.ts:47:5 › production CSS contains no legacy motion tokens (500ms, 30px) (5.6s)
  ✓  320 [mobile-light] › vue/tests/visual/upload-visual-acceptance.spec.ts:120:5 › dragger renders with Paper radius and thin dashed border (4.8s)
  ✓  321 [mobile-light] › vue/tests/visual/upload-visual-acceptance.spec.ts:152:5 › dragger renders CJK text without cutoff (3.6s)
  ✓  322 [mobile-light] › vue/tests/visual/upload-visual-acceptance.spec.ts:173:5 › dragger renders RTL text without layout break (3.4s)
  ✓  323 [mobile-light] › vue/tests/visual/upload-visual-acceptance.spec.ts:193:5 › dragger disabled state is not interactive (3.6s)
  ✓  324 [mobile-light] › vue/tests/visual/upload-visual-acceptance.spec.ts:212:5 › dragger focus-visible applies inset ring, not outline glow (3.5s)
  ✓  325 [mobile-light] › vue/tests/visual/upload-visual-acceptance.spec.ts:240:5 › text list has no success ribbon (4.9s)
  ✓  326 [mobile-light] › vue/tests/visual/upload-visual-acceptance.spec.ts:271:5 › text list items are flat rows with divider, no card surface (3.7s)
  ✓  327 [mobile-light] › vue/tests/visual/upload-visual-acceptance.spec.ts:301:5 › text list actions are always visible, not hover-only (4.8s)
  ✓  328 [mobile-light] › vue/tests/visual/upload-visual-acceptance.spec.ts:324:5 › text list shows status text for all states (4.0s)
  ✓  329 [mobile-light] › vue/tests/visual/upload-visual-acceptance.spec.ts:352:5 › text list items are keyboard reachable (3.4s)
  ✓  330 [mobile-light] › vue/tests/visual/upload-visual-acceptance.spec.ts:373:5 › text list long filenames do not overflow or overlap actions (3.5s)
  ✓  331 [mobile-light] › vue/tests/visual/upload-visual-acceptance.spec.ts:406:5 › text list handles mixed states without layout jump (3.6s)
  ✓  332 [mobile-light] › vue/tests/visual/upload-visual-acceptance.spec.ts:429:5 › text list disabled items use tokens, not ancestor opacity (3.4s)
  ✓  333 [mobile-light] › vue/tests/visual/upload-visual-acceptance.spec.ts:453:5 › picture list items render with thumbnail and file info (3.2s)
  ✓  334 [mobile-light] › vue/tests/visual/upload-visual-acceptance.spec.ts:479:5 › picture-card items have always-visible action bar, not deep hover overlay (4.4s)
  ✓  336 [mobile-light] › vue/tests/visual/upload-visual-acceptance.spec.ts:529:5 › picture-card focus-within shows inset ring on card (3.3s)
  ✓  335 [mobile-light] › vue/tests/visual/upload-visual-acceptance.spec.ts:508:5 › picture-card has no giant centered success check overlay (3.4s)
  ✓  337 [mobile-light] › vue/tests/visual/upload-visual-acceptance.spec.ts:547:5 › picture-card disabled items show reduced actions (3.3s)
  ✓  338 [mobile-light] › vue/tests/visual/upload-visual-acceptance.spec.ts:569:5 › upload list transitions use 140/220ms tokens, not 500ms (4.8s)
  ✓  339 [mobile-light] › vue/tests/visual/upload-visual-acceptance.spec.ts:595:5 › upload list enter transition uses ≤8px displacement (4.8s)
  ✓  340 [mobile-light] › vue/tests/visual/upload-visual-acceptance.spec.ts:626:5 › text list delete button has compliant hit target (≥32px desktop) (4.3s)
  ✓  341 [mobile-light] › vue/tests/visual/upload-visual-acceptance.spec.ts:648:5 › picture-card action buttons have compliant hit target (3.4s)
  ✓  342 [mobile-light] › vue/tests/visual/upload-visual-acceptance.spec.ts:672:5 › dragger drag-over changes border and background only, no glow/scale (4.7s)
  ✓  343 [mobile-light] › vue/tests/visual/upload-visual-acceptance.spec.ts:730:5 › media field wrapper has aspect-ratio support (4.1s)
  ✓  344 [mobile-light] › vue/tests/visual/upload-visual-acceptance.spec.ts:752:5 › upload variants render without visual break in current theme (5.9s)
  ✓  345 [desktop-dark] › vue/tests/visual/audit-interactive.spec.ts:14:7 › FsusUI Visual Alignment Audit › Verify Button States (6.2s)
  ✓  346 [desktop-dark] › vue/tests/visual/audit-interactive.spec.ts:50:7 › FsusUI Visual Alignment Audit › Verify Input Focus (7.7s)
  ✓  347 [desktop-dark] › vue/tests/visual/audit-interactive.spec.ts:71:7 › FsusUI Visual Alignment Audit › Verify Dialog Blur (4.4s)
  ✓  348 [desktop-dark] › vue/tests/visual/audit-interactive.spec.ts:92:7 › FsusUI Visual Alignment Audit › Verify Icon Stroke Rounding (3.7s)

--- GLOBAL RADIUS AUDIT REPORT ---
[AUDIT] Button         : 6px
  ✓  350 [desktop-dark] › vue/tests/visual/capture-all.spec.ts:67:7 › capture basic (6.1s)
[AUDIT] Input          : 6px
  ✓  351 [desktop-dark] › vue/tests/visual/capture-all.spec.ts:67:7 › capture form (11.4s)
  ✘  352 [desktop-dark] › vue/tests/visual/capture-all.spec.ts:67:7 › capture data (7.5s)
[AUDIT] Switch         : 10px
  ✓  353 [desktop-dark] › vue/tests/visual/capture-all.spec.ts:67:7 › capture navigation (5.3s)
  ✓  355 [desktop-dark] › vue/tests/visual/capture-all.spec.ts:67:7 › capture others (3.8s)
[AUDIT] Checkbox       : 4px
  ✓  354 [desktop-dark] › vue/tests/visual/capture-all.spec.ts:67:7 › capture feedback (5.1s)
  ✓  356 [desktop-dark] › vue/tests/visual/capture-all.spec.ts:67:7 › capture icons (4.1s)
[AUDIT] Radio          : 100%
  ✓  358 [desktop-dark] › vue/tests/visual/character-challenge-conformance.spec.ts:80:5 › reduced motion preserves availability and DOM order (2.9s)
  ✓  357 [desktop-dark] › vue/tests/visual/character-challenge-conformance.spec.ts:22:5 › covers all states, alternatives, labels, focus order, and responsive raster (5.3s)
[AUDIT] Tag            : 4px
[AUDIT] Card           : 12px
  ✓  359 [desktop-dark] › vue/tests/visual/character-challenge-conformance.spec.ts:103:5 › forced colors retains boundaries, focus, controls, and error state (3.9s)
[AUDIT] Alert          : 0px
  ✓  360 [desktop-dark] › vue/tests/visual/character-challenge-zoom.spec.ts:4:5 › 200% and 400% zoom retain required controls without component overflow (5.2s)
[AUDIT] Pagination     : 6px
  ✓  361 [desktop-dark] › vue/tests/visual/empty-illustration.spec.ts:31:7 › default empty state visual (3.5s)
  ✓  362 [desktop-dark] › vue/tests/visual/empty-illustration.spec.ts:31:7 › inline empty state visual (3.4s)
  ✓  363 [desktop-dark] › vue/tests/visual/empty-illustration.spec.ts:31:7 › compact empty state visual (2.4s)
[AUDIT] Select-Input   : 6px
  ✓  364 [desktop-dark] › vue/tests/visual/empty-illustration.spec.ts:31:7 › page empty state visual (2.9s)
  ✓  365 [desktop-dark] › vue/tests/visual/empty-illustration.spec.ts:38:5 › keeps illustrations quiet, decorative, and size-aware (3.5s)

--- INTERACTION AUDIT: TREESELECT ---
  ✓  366 [desktop-dark] › vue/tests/visual/empty-illustration.spec.ts:63:5 › keeps empty-state actions touchable without using size as hierarchy (3.7s)
[TREESELECT] Item Radius: 0px
[TREESELECT] Item Padding: 0px 0px 0px 12px
[TREESELECT] Text-to-Box Gap: 12px (Should be >= 12px)
  ✓  349 [desktop-dark] › vue/tests/visual/audit.spec.ts:4:5 › audit component styles (44.8s)
  ✓  369 [desktop-dark] › vue/tests/visual/foundation-style-boundary.spec.ts:23:5 › keeps native and renderer-owned content outside product styling (2.6s)
  ✓  367 [desktop-dark] › vue/tests/visual/form-production.spec.ts:63:5 › keeps production form columns aligned for its project viewport and 320px (7.0s)
  ✓  370 [desktop-dark] › vue/tests/visual/foundation-style-boundary.spec.ts:63:5 › preserves external SVG paint while keeping the explicit line-icon recipe (2.8s)
  ✓  371 [desktop-dark] › vue/tests/visual/foundation-style-boundary.spec.ts:109:5 › applies editorial decoration only after fsus-prose opt-in (2.6s)
  ✓  373 [desktop-dark] › vue/tests/visual/markdown-editor-chrome.spec.ts:141:17 › markdown editor chrome variants matrix (#429) › renders framed chrome in source mode with correct geometry and semantics (3.3s)
  ✓  368 [desktop-dark] › vue/tests/visual/form-production.spec.ts:114:5 › captures dark form role hierarchy in color and grayscale @visual-dark-only (12.1s)
  ✓  372 [desktop-dark] › vue/tests/visual/issue-primitives.spec.ts:33:5 › issue primitives render in the demo route (6.6s)
  ✓  374 [desktop-dark] › vue/tests/visual/markdown-editor-chrome.spec.ts:141:17 › markdown editor chrome variants matrix (#429) › renders framed chrome in live mode with correct geometry and semantics (3.8s)
  ✓  375 [desktop-dark] › vue/tests/visual/markdown-editor-chrome.spec.ts:141:17 › markdown editor chrome variants matrix (#429) › renders framed chrome in split mode with correct geometry and semantics (4.3s)
  ✓  376 [desktop-dark] › vue/tests/visual/markdown-editor-chrome.spec.ts:141:17 › markdown editor chrome variants matrix (#429) › renders framed chrome in preview mode with correct geometry and semantics (4.0s)
  ✓  377 [desktop-dark] › vue/tests/visual/markdown-editor-chrome.spec.ts:141:17 › markdown editor chrome variants matrix (#429) › renders embedded chrome in source mode with correct geometry and semantics (4.3s)
  ✓  378 [desktop-dark] › vue/tests/visual/markdown-editor-chrome.spec.ts:141:17 › markdown editor chrome variants matrix (#429) › renders embedded chrome in live mode with correct geometry and semantics (3.6s)
  ✓  379 [desktop-dark] › vue/tests/visual/markdown-editor-chrome.spec.ts:141:17 › markdown editor chrome variants matrix (#429) › renders embedded chrome in split mode with correct geometry and semantics (4.6s)
  ✓  380 [desktop-dark] › vue/tests/visual/markdown-editor-chrome.spec.ts:141:17 › markdown editor chrome variants matrix (#429) › renders embedded chrome in preview mode with correct geometry and semantics (4.7s)
  ✓  381 [desktop-dark] › vue/tests/visual/markdown-editor-chrome.spec.ts:141:17 › markdown editor chrome variants matrix (#429) › renders minimal chrome in source mode with correct geometry and semantics (4.7s)
  ✓  382 [desktop-dark] › vue/tests/visual/markdown-editor-chrome.spec.ts:141:17 › markdown editor chrome variants matrix (#429) › renders minimal chrome in live mode with correct geometry and semantics (4.5s)
  ✓  383 [desktop-dark] › vue/tests/visual/markdown-editor-chrome.spec.ts:141:17 › markdown editor chrome variants matrix (#429) › renders minimal chrome in split mode with correct geometry and semantics (4.9s)
  ✓  384 [desktop-dark] › vue/tests/visual/markdown-editor-chrome.spec.ts:141:17 › markdown editor chrome variants matrix (#429) › renders minimal chrome in preview mode with correct geometry and semantics (4.4s)
  ✓  387 [desktop-dark] › vue/tests/visual/markdown-editor-chrome.spec.ts:277:13 › markdown editor chrome variants matrix (#429) › exposes an accessible tree without decorative chrome (7.5s)
  ✘  385 [desktop-dark] › vue/tests/visual/markdown-editor-chrome.spec.ts:186:13 › markdown editor chrome variants matrix (#429) › keeps one editor instance through rapid mode switches (11.1s)
  ✓  386 [desktop-dark] › vue/tests/visual/markdown-editor-chrome.spec.ts:240:13 › markdown editor chrome variants matrix (#429) › reaches editor controls by keyboard in every chrome (9.7s)
  ✓  389 [desktop-dark] › vue/tests/visual/markdown-editor-chrome.spec.ts:379:13 › markdown editor chrome variants matrix (#429) › responds to touch activation on the mode switcher (5.3s)
  ✓  388 [desktop-dark] › vue/tests/visual/markdown-editor-chrome.spec.ts:304:13 › markdown editor chrome variants matrix (#429) › keeps geometry intact across 375/768/1366/1440 viewports (12.2s)
  ✓  390 [desktop-dark] › vue/tests/visual/markdown-editor-chrome.spec.ts:354:13 › markdown editor chrome variants matrix (#429) › stays usable at 150% and 200% zoom (9.9s)
  ✓  393 [desktop-dark] › vue/tests/visual/markdown-editor-chrome.spec.ts:476:13 › markdown editor chrome variants matrix (#429) › falls back without WebAssembly and stays operable (3.1s)
  ✓  394 [desktop-dark] › vue/tests/visual/markdown-editor-chrome.spec.ts:520:13 › markdown editor chrome variants matrix (#429) › keeps framed geometry under forced colors (3.1s)
  ✓  392 [desktop-dark] › vue/tests/visual/markdown-editor-chrome.spec.ts:430:13 › markdown editor chrome variants matrix (#429) › covers empty, disabled, loading, and readonly states (11.2s)
  ✓  395 [desktop-dark] › vue/tests/visual/markdown-feature-smoke.spec.ts:136:5 › smoke markdown feature activation commits Mermaid, KaTeX, and Shiki (4.7s)
  ✓  396 [desktop-dark] › vue/tests/visual/material-contract.spec.ts:117:5 › paper overlays keep blur disabled (2.9s)
  ✓  397 [desktop-dark] › vue/tests/visual/material-contract.spec.ts:148:5 › dialog drawer notification keep correct overlay depth hierarchy (3.2s)
  ✓  398 [desktop-dark] › vue/tests/visual/material-contract.spec.ts:209:5 › image viewer owns the only public glass mask (3.3s)
  ✓  400 [desktop-dark] › vue/tests/visual/metric-composition-acceptance.spec.ts:35:5 › production CSS has no card surfaces on metric primitives (2.1s)
  ✓  399 [desktop-dark] › vue/tests/visual/material-contract.spec.ts:237:5 › site and public headers keep glass opt-in (3.9s)
  ✓  401 [desktop-dark] › vue/tests/visual/metric-composition-acceptance.spec.ts:77:5 › KPI primary value uses 16px (2.0s)
  ✓  402 [desktop-dark] › vue/tests/visual/metric-composition-acceptance.spec.ts:89:5 › KeyValue label uses 12px (1.9s)
  ✘  391 [desktop-dark] › vue/tests/visual/markdown-editor-chrome.spec.ts:400:13 › markdown editor chrome variants matrix (#429) › renders toolbar, status, and slot visibility contract (28.8s)
  ✓  403 [desktop-dark] › vue/tests/visual/metric-composition-acceptance.spec.ts:101:5 › ordinary metric labels and values stay within the approved typography budget (2.3s)
  ✓  404 [desktop-dark] › vue/tests/visual/metric-composition-acceptance.spec.ts:141:5 › single production composition contains twenty-plus realistic entries across all seven primitives and required states (2.3s)
  ✓  405 [desktop-dark] › vue/tests/visual/metric-composition-acceptance.spec.ts:237:5 › CJK and RTL metric content preserve hierarchy and direction (2.8s)
  ✓  406 [desktop-dark] › vue/tests/visual/metric-composition-acceptance.spec.ts:260:5 › long and RTL metric content reflows at 200 percent zoom (3.0s)
  ✓  408 [desktop-dark] › vue/tests/visual/metric-composition-acceptance.spec.ts:286:5 › MetricList has no card surface (2.5s)
  ✓  407 [desktop-dark] › vue/tests/visual/metric-composition-acceptance.spec.ts:201:5 › default key labels omit punctuation and the explicit motif remains decorative gray (3.1s)
  ✓  409 [desktop-dark] › vue/tests/visual/metric-composition-acceptance.spec.ts:301:5 › KeyValueGrid has no card surface (3.1s)
  ✓  410 [desktop-dark] › vue/tests/visual/metric-composition-acceptance.spec.ts:316:5 › DiagnosticsItem warning uses 3px left border (2.8s)
  ✓  411 [desktop-dark] › vue/tests/visual/metric-composition-acceptance.spec.ts:333:5 › CopyableDetail button min-height >= 40px (3.0s)
  ✓  412 [desktop-dark] › vue/tests/visual/metric-composition-acceptance.spec.ts:345:5 › CopyableDetail focus uses inset ring (3.4s)
  ✓  414 [desktop-dark] › vue/tests/visual/metric-composition-acceptance.spec.ts:471:5 › nested, mixed, empty, loading, long, RTL and zoom states remain stable (3.9s)
  ✓  413 [desktop-dark] › vue/tests/visual/metric-composition-acceptance.spec.ts:358:5 › inline action focus, hover, selected and disabled states use standard tokens without ancestor fading (4.8s)
  ✓  415 [desktop-dark] › vue/tests/visual/metric-composition-acceptance.spec.ts:523:5 › keyboard, touch and screen-reader semantics keep status text and actions reachable (3.2s)
  ✓  418 [desktop-dark] › vue/tests/visual/metric-composition-acceptance.spec.ts:875:5 › item rows stay flat without per-item panels (5.0s)
  ✓  417 [desktop-dark] › vue/tests/visual/metric-composition-acceptance.spec.ts:623:5 › metric variants render without visual break (5.5s)
  ✓  420 [desktop-dark] › vue/tests/visual/metric-composition-acceptance.spec.ts:931:5 › inline actions meet DOMRect hit targets across zoom (4.1s)
  ✓  419 [desktop-dark] › vue/tests/visual/metric-composition-acceptance.spec.ts:885:5 › tone markers stay narrow and toned rows keep textual signals (4.5s)
  ✓  421 [desktop-dark] › vue/tests/visual/metric-composition-acceptance.spec.ts:1004:5 › RTL diagnostics keep narrow markers and contained detail (3.7s)
  ✓  422 [desktop-dark] › vue/tests/visual/metric-composition-acceptance.spec.ts:1042:5 › surface gates kill documented regressions (6.0s)
  ✓  416 [desktop-dark] › vue/tests/visual/metric-composition-acceptance.spec.ts:564:5 › required responsive and zoom cells retain production rendered evidence (18.4s)
  ✘  423 [desktop-dark] › vue/tests/visual/motion-transition-acceptance.spec.ts:25:5 › zoom-in transitions use opacity+translate, no axis scale (11.2s)
  ✘  424 [desktop-dark] › vue/tests/visual/motion-transition-acceptance.spec.ts:50:5 › list transitions use <=8px displacement (9.0s)
  ✘  425 [desktop-dark] › vue/tests/visual/motion-transition-acceptance.spec.ts:72:5 › zoom-in overlay transitions have scale >= 0.98 (9.7s)
  ✓  427 [desktop-dark] › vue/tests/visual/motion-transition-acceptance.spec.ts:106:5 › motion scss compiles without error (11.9s)
  ✓  428 [desktop-dark] › vue/tests/visual/public-shell-desktop-search.spec.ts:60:5 › renders inline, trigger, and none without shifting shell geometry (7.4s)
  ✓  429 [desktop-dark] › vue/tests/visual/public-shell-desktop-search.spec.ts:111:5 › aligns 30px brand and 21px navigation text in the desktop project (4.0s)
  ✘  426 [desktop-dark] › vue/tests/visual/motion-transition-acceptance.spec.ts:94:5 › no transition uses 500ms (15.9s)
  ✓  430 [desktop-dark] › vue/tests/visual/public-shell-desktop-search.spec.ts:148:5 › straddles the header border with a stable 2px active indicator (4.2s)
  ✓  431 [desktop-dark] › vue/tests/visual/public-shell-desktop-search.spec.ts:227:5 › opens, submits, escapes, and closes outside without stealing focus (7.9s)
  ✓  433 [desktop-dark] › vue/tests/visual/public-shell-desktop-search.spec.ts:312:5 › keeps trigger disclosure free of inline styles in CSP-safe mode (6.2s)
  ✓  432 [desktop-dark] › vue/tests/visual/scroll-motion.spec.ts:46:5 › scroll containers expose unified motion without text blur while scrolling (11.2s)
  ✓  434 [desktop-dark] › vue/tests/visual/segmented-visual-acceptance.spec.ts:44:5 › production CSS has no legacy segmented tokens (7.2s)
  ✓  435 [desktop-dark] › vue/tests/visual/segmented-visual-acceptance.spec.ts:75:5 › RadioButton shell radius is 6px (6.1s)
  ✓  436 [desktop-dark] › vue/tests/visual/segmented-visual-acceptance.spec.ts:84:5 › RadioButton item height is 36-40px (6.0s)
  ✓  437 [desktop-dark] › vue/tests/visual/segmented-visual-acceptance.spec.ts:94:5 › CheckboxButton item height is 36-40px (4.3s)
  ✓  438 [desktop-dark] › vue/tests/visual/segmented-visual-acceptance.spec.ts:104:5 › Collection segmented item height >= 36px (4.2s)
  ✓  439 [desktop-dark] › vue/tests/visual/segmented-visual-acceptance.spec.ts:116:5 › RadioButton selected has non-neutral background (4.2s)
  ✓  441 [desktop-dark] › vue/tests/visual/segmented-visual-acceptance.spec.ts:142:5 › Collection segmented focus-visible uses inset ring (4.2s)
  ✓  440 [desktop-dark] › vue/tests/visual/segmented-visual-acceptance.spec.ts:130:5 › RadioButton focus-visible uses 2px inset ring (4.7s)
  ✓  442 [desktop-dark] › vue/tests/visual/segmented-visual-acceptance.spec.ts:156:5 › RadioButton disabled has opacity 1 (3.6s)
  ✓  443 [desktop-dark] › vue/tests/visual/segmented-visual-acceptance.spec.ts:164:5 › CheckboxButton disabled has opacity 1 (3.5s)
  ✓  444 [desktop-dark] › vue/tests/visual/segmented-visual-acceptance.spec.ts:176:5 › RadioButton uses role=radio (3.5s)
  ✓  445 [desktop-dark] › vue/tests/visual/segmented-visual-acceptance.spec.ts:184:5 › CheckboxButton uses role=checkbox (3.3s)
  ✓  446 [desktop-dark] › vue/tests/visual/segmented-visual-acceptance.spec.ts:192:5 › Collection segmented uses role=tab (3.5s)
  ✓  447 [desktop-dark] › vue/tests/visual/segmented-visual-acceptance.spec.ts:204:5 › RadioButton supports arrow key navigation (3.6s)
  ✓  448 [desktop-dark] › vue/tests/visual/segmented-visual-acceptance.spec.ts:219:5 › RadioButton renders correctly in RTL (3.5s)
  ✓  449 [desktop-dark] › vue/tests/visual/segmented-visual-acceptance.spec.ts:233:5 › CheckboxButton supports multi-selection (3.7s)
  ✓  450 [desktop-dark] › vue/tests/visual/segmented-visual-acceptance.spec.ts:247:5 › ThemeModeToggle renders in segmented mode (3.4s)
  ✓  451 [desktop-dark] › vue/tests/visual/segmented-visual-acceptance.spec.ts:254:5 › ThemeModeToggle focus-visible uses inset ring (3.6s)
  ✓  452 [desktop-dark] › vue/tests/visual/segmented-visual-acceptance.spec.ts:268:5 › RadioButton renders CJK without cutoff (3.5s)
  ✓  453 [desktop-dark] › vue/tests/visual/segmented-visual-acceptance.spec.ts:280:5 › segmented variants render without visual break (3.9s)
  ✓  454 [desktop-dark] › vue/tests/visual/segmented-visual-primitive.spec.ts:73:5 › issue #459 probe renders canonical geometry, layered states, content and RTL (3.3s)
  ✓  456 [desktop-dark] › vue/tests/visual/settings-composition-acceptance.spec.ts:58:5 › SectionNav link min-height >= 40px (3.2s)
  ✓  455 [desktop-dark] › vue/tests/visual/settings-composition-acceptance.spec.ts:25:5 › production CSS has no card-on-card in settings (3.8s)
  ✓  457 [desktop-dark] › vue/tests/visual/settings-composition-acceptance.spec.ts:66:5 › SectionNav disabled has opacity 1 (3.4s)
  ✓  459 [desktop-dark] › vue/tests/visual/settings-composition-acceptance.spec.ts:86:5 › DestructiveActionPanel has reduced danger emphasis (3.3s)
  ✓  458 [desktop-dark] › vue/tests/visual/settings-composition-acceptance.spec.ts:75:5 › ResourceList has no card surface (3.4s)
  ✓  460 [desktop-dark] › vue/tests/visual/settings-composition-acceptance.spec.ts:95:5 › RiskNotice radius is small (6px) (3.5s)
  ✓  461 [desktop-dark] › vue/tests/visual/settings-composition-acceptance.spec.ts:104:5 › TypedConfirmField input min-height >= 40px (3.5s)
  ✓  462 [desktop-dark] › vue/tests/visual/settings-composition-acceptance.spec.ts:112:5 › TypedConfirmField focus uses inset ring, not outer glow (3.8s)
  ✓  463 [desktop-dark] › vue/tests/visual/settings-composition-acceptance.spec.ts:121:5 › TypedConfirmField invalid focus uses danger ring (2.9s)
  ✓  464 [desktop-dark] › vue/tests/visual/settings-composition-acceptance.spec.ts:130:5 › settings variants render without visual break (3.4s)
  ✓  465 [desktop-dark] › vue/tests/visual/smoke-theme-switch.spec.ts:29:5 › smoke theme mode toggles light and dark (8.8s)
  ✓  467 [desktop-dark] › vue/tests/visual/transfer-responsive.spec.ts:184:5 › keeps full labels, focus order, and keyboard move semantics on narrow containers (6.1s)
  ✓  468 [desktop-dark] › vue/tests/visual/transfer-responsive.spec.ts:270:5 › remains stable at 150 percent zoom (3.6s)
  ✓  470 [desktop-dark] › vue/tests/visual/typography-real-weights.spec.ts:4:5 › CJK and Latin use real bundled weights in light and dark modes (4.3s)
  ✓  469 [desktop-dark] › vue/tests/visual/tree-select-row.spec.ts:4:5 › TreeSelect renders one coherent navigation row (8.8s)
  ✓  466 [desktop-dark] › vue/tests/visual/transfer-responsive.spec.ts:19:5 › keeps Transfer usable across container widths, states, and themes (18.8s)
  ✓  471 [desktop-dark] › vue/tests/visual/ui-audit-all.spec.ts:165:11 › ui audit buckets › ui audit / focus / bucket 1 of 6 (21.4s)
  ✓  472 [desktop-dark] › vue/tests/visual/ui-audit-all.spec.ts:165:11 › ui audit buckets › ui audit / focus / bucket 2 of 6 (20.8s)
  ✓  473 [desktop-dark] › vue/tests/visual/ui-audit-all.spec.ts:165:11 › ui audit buckets › ui audit / focus / bucket 3 of 6 (21.9s)
  ✓  474 [desktop-dark] › vue/tests/visual/ui-audit-all.spec.ts:165:11 › ui audit buckets › ui audit / focus / bucket 4 of 6 (19.7s)
  ✓  475 [desktop-dark] › vue/tests/visual/ui-audit-all.spec.ts:165:11 › ui audit buckets › ui audit / focus / bucket 5 of 6 (20.1s)
  ✓  476 [desktop-dark] › vue/tests/visual/ui-audit-all.spec.ts:165:11 › ui audit buckets › ui audit / focus / bucket 6 of 6 (19.7s)
  ✓  477 [desktop-dark] › vue/tests/visual/ui-audit-all.spec.ts:165:11 › ui audit buckets › ui audit / interaction / bucket 1 of 6 (20.9s)
  ✓  478 [desktop-dark] › vue/tests/visual/ui-audit-all.spec.ts:165:11 › ui audit buckets › ui audit / interaction / bucket 2 of 6 (21.7s)
  ✓  479 [desktop-dark] › vue/tests/visual/ui-audit-all.spec.ts:165:11 › ui audit buckets › ui audit / interaction / bucket 3 of 6 (23.9s)
  ✓  480 [desktop-dark] › vue/tests/visual/ui-audit-all.spec.ts:165:11 › ui audit buckets › ui audit / interaction / bucket 4 of 6 (20.9s)
  ✓  481 [desktop-dark] › vue/tests/visual/ui-audit-all.spec.ts:165:11 › ui audit buckets › ui audit / interaction / bucket 5 of 6 (20.5s)
  ✓  482 [desktop-dark] › vue/tests/visual/ui-audit-all.spec.ts:165:11 › ui audit buckets › ui audit / interaction / bucket 6 of 6 (20.1s)
  ✓  483 [desktop-dark] › vue/tests/visual/ui-audit-all.spec.ts:165:11 › ui audit buckets › ui audit / active / bucket 1 of 6 (19.3s)
  ✓  484 [desktop-dark] › vue/tests/visual/ui-audit-all.spec.ts:165:11 › ui audit buckets › ui audit / active / bucket 2 of 6 (22.8s)
  ✓  485 [desktop-dark] › vue/tests/visual/ui-audit-all.spec.ts:165:11 › ui audit buckets › ui audit / active / bucket 3 of 6 (26.8s)
  ✓  486 [desktop-dark] › vue/tests/visual/ui-audit-all.spec.ts:165:11 › ui audit buckets › ui audit / active / bucket 4 of 6 (29.2s)
  ✓  487 [desktop-dark] › vue/tests/visual/ui-audit-all.spec.ts:165:11 › ui audit buckets › ui audit / active / bucket 5 of 6 (26.7s)
  ✓  489 [desktop-dark] › vue/tests/visual/upload-visual-acceptance.spec.ts:47:5 › production CSS contains no legacy motion tokens (500ms, 30px) (3.7s)
  ✓  490 [desktop-dark] › vue/tests/visual/upload-visual-acceptance.spec.ts:86:5 › production CSS contains no giant-upload-icon (67px) (3.5s)
  ✓  491 [desktop-dark] › vue/tests/visual/upload-visual-acceptance.spec.ts:120:5 › dragger renders with Paper radius and thin dashed border (4.3s)
  ✓  492 [desktop-dark] › vue/tests/visual/upload-visual-acceptance.spec.ts:152:5 › dragger renders CJK text without cutoff (3.7s)
  ✓  493 [desktop-dark] › vue/tests/visual/upload-visual-acceptance.spec.ts:173:5 › dragger renders RTL text without layout break (3.9s)
  ✓  488 [desktop-dark] › vue/tests/visual/ui-audit-all.spec.ts:165:11 › ui audit buckets › ui audit / active / bucket 6 of 6 (27.5s)
  ✓  494 [desktop-dark] › vue/tests/visual/upload-visual-acceptance.spec.ts:193:5 › dragger disabled state is not interactive (4.0s)
  ✓  495 [desktop-dark] › vue/tests/visual/upload-visual-acceptance.spec.ts:212:5 › dragger focus-visible applies inset ring, not outline glow (3.0s)
  ✓  496 [desktop-dark] › vue/tests/visual/upload-visual-acceptance.spec.ts:240:5 › text list has no success ribbon (3.8s)
  ✓  497 [desktop-dark] › vue/tests/visual/upload-visual-acceptance.spec.ts:271:5 › text list items are flat rows with divider, no card surface (3.2s)
  ✓  498 [desktop-dark] › vue/tests/visual/upload-visual-acceptance.spec.ts:301:5 › text list actions are always visible, not hover-only (3.3s)
  ✓  499 [desktop-dark] › vue/tests/visual/upload-visual-acceptance.spec.ts:324:5 › text list shows status text for all states (3.1s)
  ✓  500 [desktop-dark] › vue/tests/visual/upload-visual-acceptance.spec.ts:352:5 › text list items are keyboard reachable (3.3s)
  ✓  501 [desktop-dark] › vue/tests/visual/upload-visual-acceptance.spec.ts:373:5 › text list long filenames do not overflow or overlap actions (3.3s)
  ✓  502 [desktop-dark] › vue/tests/visual/upload-visual-acceptance.spec.ts:406:5 › text list handles mixed states without layout jump (3.0s)
  ✓  503 [desktop-dark] › vue/tests/visual/upload-visual-acceptance.spec.ts:429:5 › text list disabled items use tokens, not ancestor opacity (4.0s)
  ✓  504 [desktop-dark] › vue/tests/visual/upload-visual-acceptance.spec.ts:453:5 › picture list items render with thumbnail and file info (2.6s)
  ✓  505 [desktop-dark] › vue/tests/visual/upload-visual-acceptance.spec.ts:479:5 › picture-card items have always-visible action bar, not deep hover overlay (3.8s)
  ✓  506 [desktop-dark] › vue/tests/visual/upload-visual-acceptance.spec.ts:508:5 › picture-card has no giant centered success check overlay (3.2s)
  ✓  507 [desktop-dark] › vue/tests/visual/upload-visual-acceptance.spec.ts:529:5 › picture-card focus-within shows inset ring on card (3.6s)
  ✓  508 [desktop-dark] › vue/tests/visual/upload-visual-acceptance.spec.ts:547:5 › picture-card disabled items show reduced actions (3.2s)
  ✓  509 [desktop-dark] › vue/tests/visual/upload-visual-acceptance.spec.ts:569:5 › upload list transitions use 140/220ms tokens, not 500ms (5.2s)
  ✓  510 [desktop-dark] › vue/tests/visual/upload-visual-acceptance.spec.ts:595:5 › upload list enter transition uses ≤8px displacement (4.7s)
  ✓  511 [desktop-dark] › vue/tests/visual/upload-visual-acceptance.spec.ts:626:5 › text list delete button has compliant hit target (≥32px desktop) (4.6s)
  ✓  512 [desktop-dark] › vue/tests/visual/upload-visual-acceptance.spec.ts:648:5 › picture-card action buttons have compliant hit target (3.4s)
  ✓  513 [desktop-dark] › vue/tests/visual/upload-visual-acceptance.spec.ts:672:5 › dragger drag-over changes border and background only, no glow/scale (4.1s)
  ✓  514 [desktop-dark] › vue/tests/visual/upload-visual-acceptance.spec.ts:730:5 › media field wrapper has aspect-ratio support (3.9s)
  ✓  515 [desktop-dark] › vue/tests/visual/upload-visual-acceptance.spec.ts:752:5 › upload variants render without visual break in current theme (6.5s)
  ✓  516 [desktop-dark] › vue/tests/visual/dark-form-authority-matrix.spec.ts:95:5 › covers ten controls across the seven authoritative dark states (6.8s)
  ✓  518 [mobile-dark] › vue/tests/visual/audit-interactive.spec.ts:14:7 › FsusUI Visual Alignment Audit › Verify Button States (5.5s)
  ✓  517 [desktop-dark] › vue/tests/visual/dark-form-authority-matrix.spec.ts:133:5 › enforces contrast, grayscale separation, stable geometry, and no glow (12.3s)
  ✓  520 [mobile-dark] › vue/tests/visual/audit-interactive.spec.ts:71:7 › FsusUI Visual Alignment Audit › Verify Dialog Blur (3.9s)
  ✓  519 [mobile-dark] › vue/tests/visual/audit-interactive.spec.ts:50:7 › FsusUI Visual Alignment Audit › Verify Input Focus (8.7s)
  ✓  521 [mobile-dark] › vue/tests/visual/capture-all.spec.ts:67:7 › capture basic (5.3s)
  ✓  522 [mobile-dark] › vue/tests/visual/audit-interactive.spec.ts:92:7 › FsusUI Visual Alignment Audit › Verify Icon Stroke Rounding (4.3s)
  ✓  525 [mobile-dark] › vue/tests/visual/capture-all.spec.ts:67:7 › capture navigation (6.9s)
  ✘  524 [mobile-dark] › vue/tests/visual/capture-all.spec.ts:67:7 › capture data (8.5s)
  ✓  523 [mobile-dark] › vue/tests/visual/capture-all.spec.ts:67:7 › capture form (12.0s)
  ✓  526 [mobile-dark] › vue/tests/visual/capture-all.spec.ts:67:7 › capture feedback (3.7s)
  ✓  527 [mobile-dark] › vue/tests/visual/capture-all.spec.ts:67:7 › capture others (5.9s)
  ✓  529 [mobile-dark] › vue/tests/visual/character-challenge-conformance.spec.ts:22:5 › covers all states, alternatives, labels, focus order, and responsive raster (7.8s)
  ✓  528 [mobile-dark] › vue/tests/visual/capture-all.spec.ts:67:7 › capture icons (9.6s)
  ✓  530 [mobile-dark] › vue/tests/visual/character-challenge-conformance.spec.ts:80:5 › reduced motion preserves availability and DOM order (4.2s)
  ✓  531 [mobile-dark] › vue/tests/visual/character-challenge-conformance.spec.ts:103:5 › forced colors retains boundaries, focus, controls, and error state (4.1s)
  ✓  534 [mobile-dark] › vue/tests/visual/foundation-style-boundary.spec.ts:23:5 › keeps native and renderer-owned content outside product styling (2.9s)
  ✓  532 [mobile-dark] › vue/tests/visual/form-production.spec.ts:63:5 › keeps production form columns aligned for its project viewport and 320px (7.3s)
  ✓  535 [mobile-dark] › vue/tests/visual/foundation-style-boundary.spec.ts:63:5 › preserves external SVG paint while keeping the explicit line-icon recipe (2.9s)
  ✓  536 [mobile-dark] › vue/tests/visual/foundation-style-boundary.spec.ts:109:5 › applies editorial decoration only after fsus-prose opt-in (4.2s)
  ✘  538 [mobile-dark] › vue/tests/visual/markdown-editor-chrome.spec.ts:141:17 › markdown editor chrome variants matrix (#429) › renders framed chrome in source mode with correct geometry and semantics (5.5s)
  ✓  537 [mobile-dark] › vue/tests/visual/issue-primitives.spec.ts:33:5 › issue primitives render in the demo route (11.5s)
  ✓  533 [mobile-dark] › vue/tests/visual/form-production.spec.ts:114:5 › captures dark form role hierarchy in color and grayscale @visual-dark-only (22.8s)
  ✘  540 [mobile-dark] › vue/tests/visual/markdown-editor-chrome.spec.ts:141:17 › markdown editor chrome variants matrix (#429) › renders framed chrome in split mode with correct geometry and semantics (6.3s)
  ✘  539 [mobile-dark] › vue/tests/visual/markdown-editor-chrome.spec.ts:141:17 › markdown editor chrome variants matrix (#429) › renders framed chrome in live mode with correct geometry and semantics (6.5s)
  ✓  541 [mobile-dark] › vue/tests/visual/markdown-editor-chrome.spec.ts:141:17 › markdown editor chrome variants matrix (#429) › renders framed chrome in preview mode with correct geometry and semantics (5.4s)
  ✘  542 [mobile-dark] › vue/tests/visual/markdown-editor-chrome.spec.ts:141:17 › markdown editor chrome variants matrix (#429) › renders embedded chrome in split mode with correct geometry and semantics (10.0s)
  ✘  543 [mobile-dark] › vue/tests/visual/markdown-editor-chrome.spec.ts:141:17 › markdown editor chrome variants matrix (#429) › renders embedded chrome in live mode with correct geometry and semantics (9.9s)
  ✘  544 [mobile-dark] › vue/tests/visual/markdown-editor-chrome.spec.ts:141:17 › markdown editor chrome variants matrix (#429) › renders embedded chrome in source mode with correct geometry and semantics (10.1s)
  ✓  545 [mobile-dark] › vue/tests/visual/markdown-editor-chrome.spec.ts:141:17 › markdown editor chrome variants matrix (#429) › renders embedded chrome in preview mode with correct geometry and semantics (8.0s)
  ✘  546 [mobile-dark] › vue/tests/visual/markdown-editor-chrome.spec.ts:141:17 › markdown editor chrome variants matrix (#429) › renders minimal chrome in source mode with correct geometry and semantics (7.8s)
  ✘  547 [mobile-dark] › vue/tests/visual/markdown-editor-chrome.spec.ts:141:17 › markdown editor chrome variants matrix (#429) › renders minimal chrome in live mode with correct geometry and semantics (5.4s)
  ✘  548 [mobile-dark] › vue/tests/visual/markdown-editor-chrome.spec.ts:141:17 › markdown editor chrome variants matrix (#429) › renders minimal chrome in split mode with correct geometry and semantics (6.2s)
  ✓  549 [mobile-dark] › vue/tests/visual/markdown-editor-chrome.spec.ts:141:17 › markdown editor chrome variants matrix (#429) › renders minimal chrome in preview mode with correct geometry and semantics (4.4s)
  ✘  550 [mobile-dark] › vue/tests/visual/markdown-editor-chrome.spec.ts:186:13 › markdown editor chrome variants matrix (#429) › keeps one editor instance through rapid mode switches (11.1s)
  ✓  552 [mobile-dark] › vue/tests/visual/markdown-editor-chrome.spec.ts:277:13 › markdown editor chrome variants matrix (#429) › exposes an accessible tree without decorative chrome (9.7s)
  ✓  551 [mobile-dark] › vue/tests/visual/markdown-editor-chrome.spec.ts:240:13 › markdown editor chrome variants matrix (#429) › reaches editor controls by keyboard in every chrome (11.7s)
  ✘  553 [mobile-dark] › vue/tests/visual/markdown-editor-chrome.spec.ts:354:13 › markdown editor chrome variants matrix (#429) › stays usable at 150% and 200% zoom (4.6s)
  ✓  555 [mobile-dark] › vue/tests/visual/markdown-editor-chrome.spec.ts:379:13 › markdown editor chrome variants matrix (#429) › responds to touch activation on the mode switcher (4.2s)
  ✓  554 [mobile-dark] › vue/tests/visual/markdown-editor-chrome.spec.ts:304:13 › markdown editor chrome variants matrix (#429) › keeps geometry intact across 375/768/1366/1440 viewports (8.7s)
  ✓  558 [mobile-dark] › vue/tests/visual/markdown-editor-chrome.spec.ts:476:13 › markdown editor chrome variants matrix (#429) › falls back without WebAssembly and stays operable (4.2s)
  ✓  556 [mobile-dark] › vue/tests/visual/markdown-editor-chrome.spec.ts:430:13 › markdown editor chrome variants matrix (#429) › covers empty, disabled, loading, and readonly states (9.5s)
  ✘  559 [mobile-dark] › vue/tests/visual/markdown-editor-chrome.spec.ts:520:13 › markdown editor chrome variants matrix (#429) › keeps framed geometry under forced colors (2.7s)
  ✓  560 [mobile-dark] › vue/tests/visual/markdown-feature-smoke.spec.ts:136:5 › smoke markdown feature activation commits Mermaid, KaTeX, and Shiki (3.7s)
  ✓  561 [mobile-dark] › vue/tests/visual/material-contract.spec.ts:117:5 › paper overlays keep blur disabled (4.2s)
  ✓  562 [mobile-dark] › vue/tests/visual/material-contract.spec.ts:148:5 › dialog drawer notification keep correct overlay depth hierarchy (4.5s)
  ✓  563 [mobile-dark] › vue/tests/visual/material-contract.spec.ts:209:5 › image viewer owns the only public glass mask (4.2s)
  ✓  564 [mobile-dark] › vue/tests/visual/material-contract.spec.ts:237:5 › site and public headers keep glass opt-in (3.0s)
  ✓  565 [mobile-dark] › vue/tests/visual/metric-composition-acceptance.spec.ts:35:5 › production CSS has no card surfaces on metric primitives (2.5s)
  ✓  566 [mobile-dark] › vue/tests/visual/metric-composition-acceptance.spec.ts:77:5 › KPI primary value uses 16px (2.5s)
  ✓  567 [mobile-dark] › vue/tests/visual/metric-composition-acceptance.spec.ts:89:5 › KeyValue label uses 12px (2.1s)
  ✓  568 [mobile-dark] › vue/tests/visual/metric-composition-acceptance.spec.ts:101:5 › ordinary metric labels and values stay within the approved typography budget (2.2s)
  ✓  569 [mobile-dark] › vue/tests/visual/metric-composition-acceptance.spec.ts:141:5 › single production composition contains twenty-plus realistic entries across all seven primitives and required states (1.7s)
  ✓  570 [mobile-dark] › vue/tests/visual/metric-composition-acceptance.spec.ts:201:5 › default key labels omit punctuation and the explicit motif remains decorative gray (1.9s)
  ✓  571 [mobile-dark] › vue/tests/visual/metric-composition-acceptance.spec.ts:237:5 › CJK and RTL metric content preserve hierarchy and direction (1.8s)
  ✘  557 [mobile-dark] › vue/tests/visual/markdown-editor-chrome.spec.ts:400:13 › markdown editor chrome variants matrix (#429) › renders toolbar, status, and slot visibility contract (27.0s)
  ✓  572 [mobile-dark] › vue/tests/visual/metric-composition-acceptance.spec.ts:260:5 › long and RTL metric content reflows at 200 percent zoom (2.4s)
  ✓  573 [mobile-dark] › vue/tests/visual/metric-composition-acceptance.spec.ts:286:5 › MetricList has no card surface (2.5s)
  ✓  574 [mobile-dark] › vue/tests/visual/metric-composition-acceptance.spec.ts:316:5 › DiagnosticsItem warning uses 3px left border (2.5s)
  ✓  576 [mobile-dark] › vue/tests/visual/metric-composition-acceptance.spec.ts:333:5 › CopyableDetail button min-height >= 40px (2.6s)
  ✓  575 [mobile-dark] › vue/tests/visual/metric-composition-acceptance.spec.ts:301:5 › KeyValueGrid has no card surface (3.2s)
  ✓  577 [mobile-dark] › vue/tests/visual/metric-composition-acceptance.spec.ts:345:5 › CopyableDetail focus uses inset ring (2.5s)
  ✓  578 [mobile-dark] › vue/tests/visual/metric-composition-acceptance.spec.ts:358:5 › inline action focus, hover, selected and disabled states use standard tokens without ancestor fading (3.7s)
  ✓  580 [mobile-dark] › vue/tests/visual/metric-composition-acceptance.spec.ts:523:5 › keyboard, touch and screen-reader semantics keep status text and actions reachable (2.6s)
  ✓  579 [mobile-dark] › vue/tests/visual/metric-composition-acceptance.spec.ts:471:5 › nested, mixed, empty, loading, long, RTL and zoom states remain stable (3.2s)
  ✓  583 [mobile-dark] › vue/tests/visual/metric-composition-acceptance.spec.ts:875:5 › item rows stay flat without per-item panels (2.0s)
  ✓  582 [mobile-dark] › vue/tests/visual/metric-composition-acceptance.spec.ts:623:5 › metric variants render without visual break (3.5s)
  ✓  584 [mobile-dark] › vue/tests/visual/metric-composition-acceptance.spec.ts:885:5 › tone markers stay narrow and toned rows keep textual signals (2.5s)
  ✓  585 [mobile-dark] › vue/tests/visual/metric-composition-acceptance.spec.ts:931:5 › inline actions meet DOMRect hit targets across zoom (3.1s)
  ✓  586 [mobile-dark] › vue/tests/visual/metric-composition-acceptance.spec.ts:1004:5 › RTL diagnostics keep narrow markers and contained detail (3.3s)
  ✓  587 [mobile-dark] › vue/tests/visual/metric-composition-acceptance.spec.ts:1042:5 › surface gates kill documented regressions (4.9s)
  ✓  581 [mobile-dark] › vue/tests/visual/metric-composition-acceptance.spec.ts:564:5 › required responsive and zoom cells retain production rendered evidence (13.4s)
  ✓  588 [mobile-dark] › vue/tests/visual/motion-transition-acceptance.spec.ts:25:5 › zoom-in transitions use opacity+translate, no axis scale (6.7s)
  ✓  589 [mobile-dark] › vue/tests/visual/motion-transition-acceptance.spec.ts:50:5 › list transitions use <=8px displacement (9.2s)
  ✓  590 [mobile-dark] › vue/tests/visual/motion-transition-acceptance.spec.ts:72:5 › zoom-in overlay transitions have scale >= 0.98 (9.7s)
  ✓  591 [mobile-dark] › vue/tests/visual/motion-transition-acceptance.spec.ts:94:5 › no transition uses 500ms (8.9s)
  ✓  592 [mobile-dark] › vue/tests/visual/motion-transition-acceptance.spec.ts:106:5 › motion scss compiles without error (6.8s)
  ✓  593 [mobile-dark] › vue/tests/visual/public-shell-mobile-nav.spec.ts:57:7 › mobile menu strategy snapshot (4.8s)
  ✓  594 [mobile-dark] › vue/tests/visual/public-shell-mobile-nav.spec.ts:57:7 › mobile inline strategy snapshot (4.2s)
  ✓  596 [mobile-dark] › vue/tests/visual/public-shell-mobile-nav.spec.ts:57:7 › mobile none strategy snapshot (3.7s)
  ✓  595 [mobile-dark] › vue/tests/visual/public-shell-mobile-nav.spec.ts:57:7 › mobile bottom strategy snapshot (4.0s)
  ✓  597 [mobile-dark] › vue/tests/visual/public-shell-mobile-nav.spec.ts:66:5 › defaults to the native header menu without a bottom dock (4.2s)
  ✓  598 [mobile-dark] › vue/tests/visual/public-shell-mobile-nav.spec.ts:79:5 › keeps menu focus order and navigation semantics native (3.3s)
  ✓  600 [mobile-dark] › vue/tests/visual/public-shell-mobile-nav.spec.ts:227:7 › mobile action geometry anonymous-zh-long-brand-320 (3.0s)
  ✓  599 [mobile-dark] › vue/tests/visual/public-shell-mobile-nav.spec.ts:102:5 › uses one 44px bordered affordance language in the mobile project (3.9s)
  ✓  601 [mobile-dark] › vue/tests/visual/public-shell-mobile-nav.spec.ts:227:7 › mobile action geometry authenticated-en-375 (2.4s)
  ✓  603 [mobile-dark] › vue/tests/visual/public-shell-mobile-nav.spec.ts:227:7 › mobile action geometry anonymous-en-breakpoint-768 (2.3s)
  ✓  602 [mobile-dark] › vue/tests/visual/public-shell-mobile-nav.spec.ts:227:7 › mobile action geometry authenticated-long-copy-390 (2.7s)
  ✓  604 [mobile-dark] › vue/tests/visual/public-shell-mobile-nav.spec.ts:227:7 › mobile action geometry anonymous-zh-zoom-150 (3.0s)
  ✓  606 [mobile-dark] › vue/tests/visual/public-shell-mobile-nav.spec.ts:377:5 › keeps the default keyboard order brand, Search, Menu, then panel actions (3.0s)
  ✓  605 [mobile-dark] › vue/tests/visual/public-shell-mobile-nav.spec.ts:227:7 › mobile action geometry authenticated-long-copy-zoom-200 (3.5s)
  ✓  607 [mobile-dark] › vue/tests/visual/public-shell-mobile-nav.spec.ts:411:5 › keeps CSP-safe menu open through its class-driven leave lifecycle (3.7s)
  ✓  608 [mobile-dark] › vue/tests/visual/public-shell-mobile-nav.spec.ts:467:5 › exposes inline, bottom, and none modes without duplicate landmarks (5.3s)
  ✓  609 [mobile-dark] › vue/tests/visual/scroll-motion.spec.ts:46:5 › scroll containers expose unified motion without text blur while scrolling (5.4s)
  ✓  610 [mobile-dark] › vue/tests/visual/segmented-visual-acceptance.spec.ts:44:5 › production CSS has no legacy segmented tokens (2.9s)
  ✓  611 [mobile-dark] › vue/tests/visual/segmented-visual-acceptance.spec.ts:75:5 › RadioButton shell radius is 6px (1.9s)
  ✓  612 [mobile-dark] › vue/tests/visual/segmented-visual-acceptance.spec.ts:84:5 › RadioButton item height is 36-40px (2.1s)
  ✓  613 [mobile-dark] › vue/tests/visual/segmented-visual-acceptance.spec.ts:94:5 › CheckboxButton item height is 36-40px (2.4s)
  ✓  614 [mobile-dark] › vue/tests/visual/segmented-visual-acceptance.spec.ts:104:5 › Collection segmented item height >= 36px (2.8s)
  ✓  615 [mobile-dark] › vue/tests/visual/segmented-visual-acceptance.spec.ts:116:5 › RadioButton selected has non-neutral background (3.0s)
  ✓  616 [mobile-dark] › vue/tests/visual/segmented-visual-acceptance.spec.ts:130:5 › RadioButton focus-visible uses 2px inset ring (2.6s)
  ✓  617 [mobile-dark] › vue/tests/visual/segmented-visual-acceptance.spec.ts:142:5 › Collection segmented focus-visible uses inset ring (2.5s)
  ✓  619 [mobile-dark] › vue/tests/visual/segmented-visual-acceptance.spec.ts:164:5 › CheckboxButton disabled has opacity 1 (2.4s)
  ✓  618 [mobile-dark] › vue/tests/visual/segmented-visual-acceptance.spec.ts:156:5 › RadioButton disabled has opacity 1 (2.9s)
  ✓  620 [mobile-dark] › vue/tests/visual/segmented-visual-acceptance.spec.ts:176:5 › RadioButton uses role=radio (2.8s)
  ✓  621 [mobile-dark] › vue/tests/visual/segmented-visual-acceptance.spec.ts:184:5 › CheckboxButton uses role=checkbox (2.7s)
  ✓  622 [mobile-dark] › vue/tests/visual/segmented-visual-acceptance.spec.ts:192:5 › Collection segmented uses role=tab (3.6s)
  ✓  623 [mobile-dark] › vue/tests/visual/segmented-visual-acceptance.spec.ts:204:5 › RadioButton supports arrow key navigation (2.5s)
  ✓  624 [mobile-dark] › vue/tests/visual/segmented-visual-acceptance.spec.ts:219:5 › RadioButton renders correctly in RTL (2.3s)
  ✓  625 [mobile-dark] › vue/tests/visual/segmented-visual-acceptance.spec.ts:233:5 › CheckboxButton supports multi-selection (2.4s)
  ✓  626 [mobile-dark] › vue/tests/visual/segmented-visual-acceptance.spec.ts:247:5 › ThemeModeToggle renders in segmented mode (2.3s)
  ✓  627 [mobile-dark] › vue/tests/visual/segmented-visual-acceptance.spec.ts:254:5 › ThemeModeToggle focus-visible uses inset ring (2.5s)
  ✓  628 [mobile-dark] › vue/tests/visual/segmented-visual-acceptance.spec.ts:268:5 › RadioButton renders CJK without cutoff (2.5s)
  ✓  629 [mobile-dark] › vue/tests/visual/segmented-visual-acceptance.spec.ts:280:5 › segmented variants render without visual break (2.9s)
  ✓  631 [mobile-dark] › vue/tests/visual/settings-composition-acceptance.spec.ts:25:5 › production CSS has no card-on-card in settings (2.8s)
  ✓  630 [mobile-dark] › vue/tests/visual/segmented-visual-primitive.spec.ts:73:5 › issue #459 probe renders canonical geometry, layered states, content and RTL (3.6s)
  ✓  632 [mobile-dark] › vue/tests/visual/settings-composition-acceptance.spec.ts:58:5 › SectionNav link min-height >= 40px (2.8s)
  ✓  633 [mobile-dark] › vue/tests/visual/settings-composition-acceptance.spec.ts:66:5 › SectionNav disabled has opacity 1 (2.0s)
  ✓  634 [mobile-dark] › vue/tests/visual/settings-composition-acceptance.spec.ts:75:5 › ResourceList has no card surface (2.1s)
  ✓  635 [mobile-dark] › vue/tests/visual/settings-composition-acceptance.spec.ts:86:5 › DestructiveActionPanel has reduced danger emphasis (2.1s)
  ✓  636 [mobile-dark] › vue/tests/visual/settings-composition-acceptance.spec.ts:95:5 › RiskNotice radius is small (6px) (2.3s)
  ✓  637 [mobile-dark] › vue/tests/visual/settings-composition-acceptance.spec.ts:104:5 › TypedConfirmField input min-height >= 40px (2.3s)
  ✓  638 [mobile-dark] › vue/tests/visual/settings-composition-acceptance.spec.ts:112:5 › TypedConfirmField focus uses inset ring, not outer glow (2.7s)
  ✓  639 [mobile-dark] › vue/tests/visual/settings-composition-acceptance.spec.ts:121:5 › TypedConfirmField invalid focus uses danger ring (1.7s)
  ✓  640 [mobile-dark] › vue/tests/visual/settings-composition-acceptance.spec.ts:130:5 › settings variants render without visual break (2.8s)
  ✓  641 [mobile-dark] › vue/tests/visual/typography-real-weights.spec.ts:4:5 › CJK and Latin use real bundled weights in light and dark modes (3.0s)
  ✓  642 [mobile-dark] › vue/tests/visual/ui-audit-all.spec.ts:165:11 › ui audit buckets › ui audit / focus / bucket 1 of 6 (15.8s)
  ✓  643 [mobile-dark] › vue/tests/visual/ui-audit-all.spec.ts:165:11 › ui audit buckets › ui audit / focus / bucket 2 of 6 (14.9s)
  ✓  644 [mobile-dark] › vue/tests/visual/ui-audit-all.spec.ts:165:11 › ui audit buckets › ui audit / focus / bucket 3 of 6 (14.6s)
  ✓  646 [mobile-dark] › vue/tests/visual/ui-audit-all.spec.ts:165:11 › ui audit buckets › ui audit / focus / bucket 5 of 6 (17.5s)
  ✓  645 [mobile-dark] › vue/tests/visual/ui-audit-all.spec.ts:165:11 › ui audit buckets › ui audit / focus / bucket 4 of 6 (18.2s)
  ✓  647 [mobile-dark] › vue/tests/visual/ui-audit-all.spec.ts:165:11 › ui audit buckets › ui audit / focus / bucket 6 of 6 (16.9s)
  ✓  649 [mobile-dark] › vue/tests/visual/ui-audit-all.spec.ts:165:11 › ui audit buckets › ui audit / interaction / bucket 2 of 6 (14.6s)
  ✓  650 [mobile-dark] › vue/tests/visual/ui-audit-all.spec.ts:165:11 › ui audit buckets › ui audit / interaction / bucket 3 of 6 (15.1s)
  ✓  648 [mobile-dark] › vue/tests/visual/ui-audit-all.spec.ts:165:11 › ui audit buckets › ui audit / interaction / bucket 1 of 6 (15.6s)
  ✓  651 [mobile-dark] › vue/tests/visual/ui-audit-all.spec.ts:165:11 › ui audit buckets › ui audit / interaction / bucket 4 of 6 (14.2s)
  ✓  652 [mobile-dark] › vue/tests/visual/ui-audit-all.spec.ts:165:11 › ui audit buckets › ui audit / interaction / bucket 5 of 6 (14.5s)
  ✓  653 [mobile-dark] › vue/tests/visual/ui-audit-all.spec.ts:165:11 › ui audit buckets › ui audit / interaction / bucket 6 of 6 (14.6s)
  ✓  654 [mobile-dark] › vue/tests/visual/ui-audit-all.spec.ts:165:11 › ui audit buckets › ui audit / active / bucket 1 of 6 (14.1s)
  ✓  655 [mobile-dark] › vue/tests/visual/ui-audit-all.spec.ts:165:11 › ui audit buckets › ui audit / active / bucket 2 of 6 (14.3s)
  ✓  656 [mobile-dark] › vue/tests/visual/ui-audit-all.spec.ts:165:11 › ui audit buckets › ui audit / active / bucket 3 of 6 (16.8s)
  ✓  658 [mobile-dark] › vue/tests/visual/ui-audit-all.spec.ts:165:11 › ui audit buckets › ui audit / active / bucket 5 of 6 (17.6s)
  ✓  657 [mobile-dark] › vue/tests/visual/ui-audit-all.spec.ts:165:11 › ui audit buckets › ui audit / active / bucket 4 of 6 (18.9s)
  ✓  659 [mobile-dark] › vue/tests/visual/ui-audit-all.spec.ts:165:11 › ui audit buckets › ui audit / active / bucket 6 of 6 (18.6s)
  ✓  661 [mobile-dark] › vue/tests/visual/upload-visual-acceptance.spec.ts:86:5 › production CSS contains no giant-upload-icon (67px) (3.8s)
  ✓  660 [mobile-dark] › vue/tests/visual/upload-visual-acceptance.spec.ts:47:5 › production CSS contains no legacy motion tokens (500ms, 30px) (4.7s)
  ✓  662 [mobile-dark] › vue/tests/visual/upload-visual-acceptance.spec.ts:120:5 › dragger renders with Paper radius and thin dashed border (3.0s)
  ✓  663 [mobile-dark] › vue/tests/visual/upload-visual-acceptance.spec.ts:152:5 › dragger renders CJK text without cutoff (3.3s)
  ✓  664 [mobile-dark] › vue/tests/visual/upload-visual-acceptance.spec.ts:173:5 › dragger renders RTL text without layout break (2.9s)
  ✓  665 [mobile-dark] › vue/tests/visual/upload-visual-acceptance.spec.ts:193:5 › dragger disabled state is not interactive (4.3s)
  ✓  666 [mobile-dark] › vue/tests/visual/upload-visual-acceptance.spec.ts:212:5 › dragger focus-visible applies inset ring, not outline glow (3.9s)
  ✓  667 [mobile-dark] › vue/tests/visual/upload-visual-acceptance.spec.ts:240:5 › text list has no success ribbon (4.2s)
  ✓  669 [mobile-dark] › vue/tests/visual/upload-visual-acceptance.spec.ts:301:5 › text list actions are always visible, not hover-only (3.1s)
  ✓  668 [mobile-dark] › vue/tests/visual/upload-visual-acceptance.spec.ts:271:5 › text list items are flat rows with divider, no card surface (3.3s)
  ✓  670 [mobile-dark] › vue/tests/visual/upload-visual-acceptance.spec.ts:324:5 › text list shows status text for all states (2.8s)
  ✓  672 [mobile-dark] › vue/tests/visual/upload-visual-acceptance.spec.ts:373:5 › text list long filenames do not overflow or overlap actions (3.4s)
  ✓  671 [mobile-dark] › vue/tests/visual/upload-visual-acceptance.spec.ts:352:5 › text list items are keyboard reachable (3.7s)
  ✓  673 [mobile-dark] › vue/tests/visual/upload-visual-acceptance.spec.ts:406:5 › text list handles mixed states without layout jump (4.3s)
  ✓  675 [mobile-dark] › vue/tests/visual/upload-visual-acceptance.spec.ts:453:5 › picture list items render with thumbnail and file info (3.2s)
  ✓  674 [mobile-dark] › vue/tests/visual/upload-visual-acceptance.spec.ts:429:5 › text list disabled items use tokens, not ancestor opacity (3.4s)
  ✓  676 [mobile-dark] › vue/tests/visual/upload-visual-acceptance.spec.ts:479:5 › picture-card items have always-visible action bar, not deep hover overlay (3.5s)
  ✓  677 [mobile-dark] › vue/tests/visual/upload-visual-acceptance.spec.ts:508:5 › picture-card has no giant centered success check overlay (2.8s)
  ✓  678 [mobile-dark] › vue/tests/visual/upload-visual-acceptance.spec.ts:529:5 › picture-card focus-within shows inset ring on card (4.0s)
  ✓  679 [mobile-dark] › vue/tests/visual/upload-visual-acceptance.spec.ts:547:5 › picture-card disabled items show reduced actions (3.5s)
  ✓  680 [mobile-dark] › vue/tests/visual/upload-visual-acceptance.spec.ts:569:5 › upload list transitions use 140/220ms tokens, not 500ms (4.0s)
  ✓  681 [mobile-dark] › vue/tests/visual/upload-visual-acceptance.spec.ts:595:5 › upload list enter transition uses ≤8px displacement (3.9s)
  ✓  682 [mobile-dark] › vue/tests/visual/upload-visual-acceptance.spec.ts:626:5 › text list delete button has compliant hit target (≥32px desktop) (3.3s)
  ✓  683 [mobile-dark] › vue/tests/visual/upload-visual-acceptance.spec.ts:648:5 › picture-card action buttons have compliant hit target (2.9s)
  ✓  684 [mobile-dark] › vue/tests/visual/upload-visual-acceptance.spec.ts:672:5 › dragger drag-over changes border and background only, no glow/scale (3.2s)
  ✓  685 [mobile-dark] › vue/tests/visual/upload-visual-acceptance.spec.ts:730:5 › media field wrapper has aspect-ratio support (3.5s)
  ✓  686 [mobile-dark] › vue/tests/visual/upload-visual-acceptance.spec.ts:752:5 › upload variants render without visual break in current theme (5.4s)
  ✓  687 [mobile-dark] › vue/tests/visual/dark-form-authority-matrix.spec.ts:95:5 › covers ten controls across the seven authoritative dark states (3.5s)
  ✓  688 [mobile-dark] › vue/tests/visual/dark-form-authority-matrix.spec.ts:133:5 › enforces contrast, grayscale separation, stable geometry, and no glow (9.9s)


  1) [desktop-light] › vue/tests/visual/audit.spec.ts:4:5 › audit component styles ─────────────────

    [31mTest timeout of 60000ms exceeded.[39m

    Error: locator.evaluate: Test timeout of 60000ms exceeded.
    Call log:
    [2m  - waiting for locator('[data-testid="unique-tree-select"]').locator('.el-select__popper').locator('.el-tree-node__content').filter({ hasText: 'Level one 1' }).first()[22m


      52 |     .first()
      53 |   await treeItem.hover()
    > 54 |   await treeItem.evaluate((el) => {
         |                  ^
      55 |     el.closest<HTMLElement>('.el-tree-node')?.focus()
      56 |   })
      57 |   const treeItemStyle = await treeItem.evaluate((el) => {
        at /workspace/FsusUI/vue/tests/visual/audit.spec.ts:54:18

    attachment #1: screenshot (image/png) ──────────────────────────────────────────────────────────
    vue/test-results/profile-full/suite-preview/project-desktop-light/shard-local/audit-audit-component-styles-desktop-light/test-failed-1.png
    ────────────────────────────────────────────────────────────────────────────────────────────────

    Error Context: vue/test-results/profile-full/suite-preview/project-desktop-light/shard-local/audit-audit-component-styles-desktop-light/error-context.md

    attachment #3: trace (application/zip) ─────────────────────────────────────────────────────────
    vue/test-results/profile-full/suite-preview/project-desktop-light/shard-local/audit-audit-component-styles-desktop-light/trace.zip
    Usage:

        pnpm exec playwright show-trace vue/test-results/profile-full/suite-preview/project-desktop-light/shard-local/audit-audit-component-styles-desktop-light/trace.zip

    ────────────────────────────────────────────────────────────────────────────────────────────────

  2) [desktop-light] › vue/tests/visual/capture-all.spec.ts:67:7 › capture data ────────────────────

    Error: [2mexpect([22m[31mreceived[39m[2m).[22mtoEqual[2m([22m[32mexpected[39m[2m) // deep equality[22m

    [32m- Expected  - 1[39m
    [31m+ Received  + 6[39m

    [32m- Array [][39m
    [31m+ Array [[39m
    [31m+   "requestfailed: GET https://cube.elemecdn.com/3/7c/3ea6beec64369c2642b92c6726f1epng.png net::ERR_CERT_AUTHORITY_INVALID",[39m
    [31m+   "console.error: Failed to load resource: net::ERR_CERT_AUTHORITY_INVALID",[39m
    [31m+   "requestfailed: GET https://cube.elemecdn.com/9/c2/f0ee8a3c7c9638a54940382568c9dpng.png net::ERR_CERT_AUTHORITY_INVALID",[39m
    [31m+   "console.error: Failed to load resource: net::ERR_CERT_AUTHORITY_INVALID",[39m
    [31m+ ][39m

      35 |
      36 | test.afterEach(async ({ page }) => {
    > 37 |   expect(diagnostics.get(page) ?? []).toEqual([])
         |                                       ^
      38 | })
      39 |
      40 | const sections: VisualSection[] = [
        at /workspace/FsusUI/vue/tests/visual/capture-all.spec.ts:37:39

    attachment #1: screenshot (image/png) ──────────────────────────────────────────────────────────
    vue/test-results/profile-full/suite-preview/project-desktop-light/shard-local/capture-all-capture-data-desktop-light/test-failed-1.png
    ────────────────────────────────────────────────────────────────────────────────────────────────

    Error Context: vue/test-results/profile-full/suite-preview/project-desktop-light/shard-local/capture-all-capture-data-desktop-light/error-context.md

    attachment #3: trace (application/zip) ─────────────────────────────────────────────────────────
    vue/test-results/profile-full/suite-preview/project-desktop-light/shard-local/capture-all-capture-data-desktop-light/trace.zip
    Usage:

        pnpm exec playwright show-trace vue/test-results/profile-full/suite-preview/project-desktop-light/shard-local/capture-all-capture-data-desktop-light/trace.zip

    ────────────────────────────────────────────────────────────────────────────────────────────────

  3) [desktop-light] › vue/tests/visual/markdown-editor-chrome.spec.ts:186:13 › markdown editor chrome variants matrix (#429) › keeps one editor instance through rapid mode switches 

    Error: [2mexpect([22m[31mreceived[39m[2m).[22mtoEqual[2m([22m[32mexpected[39m[2m) // deep equality[22m

    [32m- Expected  - 1[39m
    [31m+ Received  + 4[39m

    [32m- Array [][39m
    [31m+ Array [[39m
    [31m+   "requestfailed: GET http://127.0.0.1:4173/assets/github-light-Rcb2q3L5.js net::ERR_ABORTED",[39m
    [31m+   "requestfailed: GET http://127.0.0.1:4173/assets/typescript-BqvgUolh.js net::ERR_ABORTED",[39m
    [31m+ ][39m

      133 |
      134 | test.afterEach(async ({ page }) => {
    > 135 |   expect(diagnostics.get(page) ?? []).toEqual([])
          |                                       ^
      136 | })
      137 |
      138 | test.describe('markdown editor chrome variants matrix (#429)', () => {
        at /workspace/FsusUI/vue/tests/visual/markdown-editor-chrome.spec.ts:135:39

    attachment #1: screenshot (image/png) ──────────────────────────────────────────────────────────
    vue/test-results/profile-full/suite-preview/project-desktop-light/shard-local/markdown-editor-chrome-mar-ef79c-through-rapid-mode-switches-desktop-light/test-failed-1.png
    ────────────────────────────────────────────────────────────────────────────────────────────────

    Error Context: vue/test-results/profile-full/suite-preview/project-desktop-light/shard-local/markdown-editor-chrome-mar-ef79c-through-rapid-mode-switches-desktop-light/error-context.md

    attachment #3: trace (application/zip) ─────────────────────────────────────────────────────────
    vue/test-results/profile-full/suite-preview/project-desktop-light/shard-local/markdown-editor-chrome-mar-ef79c-through-rapid-mode-switches-desktop-light/trace.zip
    Usage:

        pnpm exec playwright show-trace vue/test-results/profile-full/suite-preview/project-desktop-light/shard-local/markdown-editor-chrome-mar-ef79c-through-rapid-mode-switches-desktop-light/trace.zip

    ────────────────────────────────────────────────────────────────────────────────────────────────

  4) [desktop-light] › vue/tests/visual/markdown-editor-chrome.spec.ts:400:13 › markdown editor chrome variants matrix (#429) › renders toolbar, status, and slot visibility contract 

    Error: [2mexpect([22m[31mlocator[39m[2m).[22mtoContainText[2m([22m[32mexpected[39m[2m)[22m failed

    Locator: locator('.el-markdown-editor').getByTestId('chrome-visual-status-slot')
    Timeout: 20000ms
    [32m- Expected substring  -  1[39m
    [31m+ Received string     + 11[39m

    [32m- 已同步到草稿箱[39m
    [31m+ 227 字 · 45 词 · {[39m
    [31m+   "mode": "source",[39m
    [31m+   "readonly": false,[39m
    [31m+   "disabled": false,[39m
    [31m+   "loading": false[39m
    [31m+ } · supported{[39m
    [31m+   "mode": "source",[39m
    [31m+   "readonly": false,[39m
    [31m+   "disabled": false,[39m
    [31m+   "loading": false[39m
    [31m+ }[39m

    Call log:
    [2m  - Expect "toContainText" with timeout 20000ms[22m
    [2m  - waiting for locator('.el-markdown-editor').getByTestId('chrome-visual-status-slot')[22m
    [2m    21 × locator resolved to <span data-v-525503f0="" data-testid="chrome-visual-status-slot">227 字 · 45 词 · {↵  "mode": "source",↵  "readonly"…</span>[22m
    [2m       - unexpected value "227 字 · 45 词 · {[22m
    [2m  "mode": "source",[22m
    [2m  "readonly": false,[22m
    [2m  "disabled": false,[22m
    [2m  "loading": false[22m
    [2m} · supported{[22m
    [2m  "mode": "source",[22m
    [2m  "readonly": false,[22m
    [2m  "disabled": false,[22m
    [2m  "loading": false[22m
    [2m}"[22m


      424 |       await expect(
      425 |         slotted.getByTestId('chrome-visual-status-slot'),
    > 426 |       ).toContainText('已同步到草稿箱')
          |         ^
      427 |     },
      428 |   )
      429 |
        at /workspace/FsusUI/vue/tests/visual/markdown-editor-chrome.spec.ts:426:9

    attachment #1: screenshot (image/png) ──────────────────────────────────────────────────────────
    vue/test-results/profile-full/suite-preview/project-desktop-light/shard-local/markdown-editor-chrome-mar-33728-nd-slot-visibility-contract-desktop-light/test-failed-1.png
    ────────────────────────────────────────────────────────────────────────────────────────────────

    Error Context: vue/test-results/profile-full/suite-preview/project-desktop-light/shard-local/markdown-editor-chrome-mar-33728-nd-slot-visibility-contract-desktop-light/error-context.md

    attachment #3: trace (application/zip) ─────────────────────────────────────────────────────────
    vue/test-results/profile-full/suite-preview/project-desktop-light/shard-local/markdown-editor-chrome-mar-33728-nd-slot-visibility-contract-desktop-light/trace.zip
    Usage:

        pnpm exec playwright show-trace vue/test-results/profile-full/suite-preview/project-desktop-light/shard-local/markdown-editor-chrome-mar-33728-nd-slot-visibility-contract-desktop-light/trace.zip

    ────────────────────────────────────────────────────────────────────────────────────────────────

  5) [desktop-light] › vue/tests/visual/motion-transition-acceptance.spec.ts:25:5 › zoom-in transitions use opacity+translate, no axis scale 

    Error: [2mexpect([22m[31mreceived[39m[2m).[22mtoEqual[2m([22m[32mexpected[39m[2m) // deep equality[22m

    [32m- Expected  - 1[39m
    [31m+ Received  + 6[39m

    [32m- Array [][39m
    [31m+ Array [[39m
    [31m+   "requestfailed: GET https://cube.elemecdn.com/3/7c/3ea6beec64369c2642b92c6726f1epng.png net::ERR_CERT_AUTHORITY_INVALID",[39m
    [31m+   "console.error: Failed to load resource: net::ERR_CERT_AUTHORITY_INVALID",[39m
    [31m+   "requestfailed: GET https://cube.elemecdn.com/9/c2/f0ee8a3c7c9638a54940382568c9dpng.png net::ERR_CERT_AUTHORITY_INVALID",[39m
    [31m+   "console.error: Failed to load resource: net::ERR_CERT_AUTHORITY_INVALID",[39m
    [31m+ ][39m

      19 |
      20 | test.afterEach(async ({ page }) => {
    > 21 |   expect(diagnostics.get(page) ?? []).toEqual([])
         |                                       ^
      22 | })
      23 |
      24 | // Check compiled CSS for all zoom-in-* transitions
        at /workspace/FsusUI/vue/tests/visual/motion-transition-acceptance.spec.ts:21:39

    attachment #1: screenshot (image/png) ──────────────────────────────────────────────────────────
    vue/test-results/profile-full/suite-preview/project-desktop-light/shard-local/motion-transition-acceptan-ff12f-ity-translate-no-axis-scale-desktop-light/test-failed-1.png
    ────────────────────────────────────────────────────────────────────────────────────────────────

    Error Context: vue/test-results/profile-full/suite-preview/project-desktop-light/shard-local/motion-transition-acceptan-ff12f-ity-translate-no-axis-scale-desktop-light/error-context.md

    attachment #3: trace (application/zip) ─────────────────────────────────────────────────────────
    vue/test-results/profile-full/suite-preview/project-desktop-light/shard-local/motion-transition-acceptan-ff12f-ity-translate-no-axis-scale-desktop-light/trace.zip
    Usage:

        pnpm exec playwright show-trace vue/test-results/profile-full/suite-preview/project-desktop-light/shard-local/motion-transition-acceptan-ff12f-ity-translate-no-axis-scale-desktop-light/trace.zip

    ────────────────────────────────────────────────────────────────────────────────────────────────

  6) [desktop-light] › vue/tests/visual/motion-transition-acceptance.spec.ts:50:5 › list transitions use <=8px displacement 

    Error: [2mexpect([22m[31mreceived[39m[2m).[22mtoEqual[2m([22m[32mexpected[39m[2m) // deep equality[22m

    [32m- Expected  - 1[39m
    [31m+ Received  + 6[39m

    [32m- Array [][39m
    [31m+ Array [[39m
    [31m+   "requestfailed: GET https://cube.elemecdn.com/3/7c/3ea6beec64369c2642b92c6726f1epng.png net::ERR_CERT_AUTHORITY_INVALID",[39m
    [31m+   "console.error: Failed to load resource: net::ERR_CERT_AUTHORITY_INVALID",[39m
    [31m+   "requestfailed: GET https://cube.elemecdn.com/9/c2/f0ee8a3c7c9638a54940382568c9dpng.png net::ERR_CERT_AUTHORITY_INVALID",[39m
    [31m+   "console.error: Failed to load resource: net::ERR_CERT_AUTHORITY_INVALID",[39m
    [31m+ ][39m

      19 |
      20 | test.afterEach(async ({ page }) => {
    > 21 |   expect(diagnostics.get(page) ?? []).toEqual([])
         |                                       ^
      22 | })
      23 |
      24 | // Check compiled CSS for all zoom-in-* transitions
        at /workspace/FsusUI/vue/tests/visual/motion-transition-acceptance.spec.ts:21:39

    attachment #1: screenshot (image/png) ──────────────────────────────────────────────────────────
    vue/test-results/profile-full/suite-preview/project-desktop-light/shard-local/motion-transition-acceptan-b0716-itions-use-8px-displacement-desktop-light/test-failed-1.png
    ────────────────────────────────────────────────────────────────────────────────────────────────

    Error Context: vue/test-results/profile-full/suite-preview/project-desktop-light/shard-local/motion-transition-acceptan-b0716-itions-use-8px-displacement-desktop-light/error-context.md

    attachment #3: trace (application/zip) ─────────────────────────────────────────────────────────
    vue/test-results/profile-full/suite-preview/project-desktop-light/shard-local/motion-transition-acceptan-b0716-itions-use-8px-displacement-desktop-light/trace.zip
    Usage:

        pnpm exec playwright show-trace vue/test-results/profile-full/suite-preview/project-desktop-light/shard-local/motion-transition-acceptan-b0716-itions-use-8px-displacement-desktop-light/trace.zip

    ────────────────────────────────────────────────────────────────────────────────────────────────

  7) [desktop-light] › vue/tests/visual/motion-transition-acceptance.spec.ts:72:5 › zoom-in overlay transitions have scale >= 0.98 

    Error: [2mexpect([22m[31mreceived[39m[2m).[22mtoEqual[2m([22m[32mexpected[39m[2m) // deep equality[22m

    [32m- Expected  - 1[39m
    [31m+ Received  + 6[39m

    [32m- Array [][39m
    [31m+ Array [[39m
    [31m+   "requestfailed: GET https://cube.elemecdn.com/3/7c/3ea6beec64369c2642b92c6726f1epng.png net::ERR_CERT_AUTHORITY_INVALID",[39m
    [31m+   "console.error: Failed to load resource: net::ERR_CERT_AUTHORITY_INVALID",[39m
    [31m+   "requestfailed: GET https://cube.elemecdn.com/9/c2/f0ee8a3c7c9638a54940382568c9dpng.png net::ERR_CERT_AUTHORITY_INVALID",[39m
    [31m+   "console.error: Failed to load resource: net::ERR_CERT_AUTHORITY_INVALID",[39m
    [31m+ ][39m

      19 |
      20 | test.afterEach(async ({ page }) => {
    > 21 |   expect(diagnostics.get(page) ?? []).toEqual([])
         |                                       ^
      22 | })
      23 |
      24 | // Check compiled CSS for all zoom-in-* transitions
        at /workspace/FsusUI/vue/tests/visual/motion-transition-acceptance.spec.ts:21:39

    attachment #1: screenshot (image/png) ──────────────────────────────────────────────────────────
    vue/test-results/profile-full/suite-preview/project-desktop-light/shard-local/motion-transition-acceptan-c7dc2-transitions-have-scale-0-98-desktop-light/test-failed-1.png
    ────────────────────────────────────────────────────────────────────────────────────────────────

    Error Context: vue/test-results/profile-full/suite-preview/project-desktop-light/shard-local/motion-transition-acceptan-c7dc2-transitions-have-scale-0-98-desktop-light/error-context.md

    attachment #3: trace (application/zip) ─────────────────────────────────────────────────────────
    vue/test-results/profile-full/suite-preview/project-desktop-light/shard-local/motion-transition-acceptan-c7dc2-transitions-have-scale-0-98-desktop-light/trace.zip
    Usage:

        pnpm exec playwright show-trace vue/test-results/profile-full/suite-preview/project-desktop-light/shard-local/motion-transition-acceptan-c7dc2-transitions-have-scale-0-98-desktop-light/trace.zip

    ────────────────────────────────────────────────────────────────────────────────────────────────

  8) [desktop-light] › vue/tests/visual/motion-transition-acceptance.spec.ts:94:5 › no transition uses 500ms 

    Error: [2mexpect([22m[31mreceived[39m[2m).[22mtoEqual[2m([22m[32mexpected[39m[2m) // deep equality[22m

    [32m- Expected  - 1[39m
    [31m+ Received  + 6[39m

    [32m- Array [][39m
    [31m+ Array [[39m
    [31m+   "requestfailed: GET https://cube.elemecdn.com/3/7c/3ea6beec64369c2642b92c6726f1epng.png net::ERR_CERT_AUTHORITY_INVALID",[39m
    [31m+   "console.error: Failed to load resource: net::ERR_CERT_AUTHORITY_INVALID",[39m
    [31m+   "requestfailed: GET https://cube.elemecdn.com/9/c2/f0ee8a3c7c9638a54940382568c9dpng.png net::ERR_CERT_AUTHORITY_INVALID",[39m
    [31m+   "console.error: Failed to load resource: net::ERR_CERT_AUTHORITY_INVALID",[39m
    [31m+ ][39m

      19 |
      20 | test.afterEach(async ({ page }) => {
    > 21 |   expect(diagnostics.get(page) ?? []).toEqual([])
         |                                       ^
      22 | })
      23 |
      24 | // Check compiled CSS for all zoom-in-* transitions
        at /workspace/FsusUI/vue/tests/visual/motion-transition-acceptance.spec.ts:21:39

    attachment #1: screenshot (image/png) ──────────────────────────────────────────────────────────
    vue/test-results/profile-full/suite-preview/project-desktop-light/shard-local/motion-transition-acceptance-no-transition-uses-500ms-desktop-light/test-failed-1.png
    ────────────────────────────────────────────────────────────────────────────────────────────────

    Error Context: vue/test-results/profile-full/suite-preview/project-desktop-light/shard-local/motion-transition-acceptance-no-transition-uses-500ms-desktop-light/error-context.md

    attachment #3: trace (application/zip) ─────────────────────────────────────────────────────────
    vue/test-results/profile-full/suite-preview/project-desktop-light/shard-local/motion-transition-acceptance-no-transition-uses-500ms-desktop-light/trace.zip
    Usage:

        pnpm exec playwright show-trace vue/test-results/profile-full/suite-preview/project-desktop-light/shard-local/motion-transition-acceptance-no-transition-uses-500ms-desktop-light/trace.zip

    ────────────────────────────────────────────────────────────────────────────────────────────────

  9) [mobile-light] › vue/tests/visual/capture-all.spec.ts:67:7 › capture data ─────────────────────

    Error: [2mexpect([22m[31mreceived[39m[2m).[22mtoEqual[2m([22m[32mexpected[39m[2m) // deep equality[22m

    [32m- Expected  - 1[39m
    [31m+ Received  + 6[39m

    [32m- Array [][39m
    [31m+ Array [[39m
    [31m+   "requestfailed: GET https://cube.elemecdn.com/3/7c/3ea6beec64369c2642b92c6726f1epng.png net::ERR_CERT_AUTHORITY_INVALID",[39m
    [31m+   "console.error: Failed to load resource: net::ERR_CERT_AUTHORITY_INVALID",[39m
    [31m+   "requestfailed: GET https://cube.elemecdn.com/9/c2/f0ee8a3c7c9638a54940382568c9dpng.png net::ERR_CERT_AUTHORITY_INVALID",[39m
    [31m+   "console.error: Failed to load resource: net::ERR_CERT_AUTHORITY_INVALID",[39m
    [31m+ ][39m

      35 |
      36 | test.afterEach(async ({ page }) => {
    > 37 |   expect(diagnostics.get(page) ?? []).toEqual([])
         |                                       ^
      38 | })
      39 |
      40 | const sections: VisualSection[] = [
        at /workspace/FsusUI/vue/tests/visual/capture-all.spec.ts:37:39

    attachment #1: screenshot (image/png) ──────────────────────────────────────────────────────────
    vue/test-results/profile-full/suite-preview/project-mobile-light/shard-local/capture-all-capture-data-mobile-light/test-failed-1.png
    ────────────────────────────────────────────────────────────────────────────────────────────────

    Error Context: vue/test-results/profile-full/suite-preview/project-mobile-light/shard-local/capture-all-capture-data-mobile-light/error-context.md

    attachment #3: trace (application/zip) ─────────────────────────────────────────────────────────
    vue/test-results/profile-full/suite-preview/project-mobile-light/shard-local/capture-all-capture-data-mobile-light/trace.zip
    Usage:

        pnpm exec playwright show-trace vue/test-results/profile-full/suite-preview/project-mobile-light/shard-local/capture-all-capture-data-mobile-light/trace.zip

    ────────────────────────────────────────────────────────────────────────────────────────────────

  10) [mobile-light] › vue/tests/visual/markdown-editor-chrome.spec.ts:141:17 › markdown editor chrome variants matrix (#429) › renders framed chrome in source mode with correct geometry and semantics 

    Error: [2mexpect([22m[31mpage[39m[2m).[22mtoHaveScreenshot[2m([22m[32mexpected[39m[2m)[22m failed

      18384 pixels (ratio 0.04 of all image pixels) are different.

      Snapshot: chrome-matrix/framed-source.png

    Call log:
    [2m  - Expect "toHaveScreenshot(chrome-matrix/framed-source.png)" with timeout 20000ms[22m
    [2m    - verifying given screenshot expectation[22m
    [2m  - taking page screenshot[22m
    [2m    - disabled all CSS animations[22m
    [2m  - waiting for fonts to load...[22m
    [2m  - fonts loaded[22m
    [2m  - 18384 pixels (ratio 0.04 of all image pixels) are different.[22m
    [2m  - waiting 100ms before taking screenshot[22m
    [2m  - taking page screenshot[22m
    [2m    - disabled all CSS animations[22m
    [2m  - waiting for fonts to load...[22m
    [2m  - fonts loaded[22m
    [2m  - captured a stable screenshot[22m
    [2m  - 18384 pixels (ratio 0.04 of all image pixels) are different.[22m


      175 |           }
      176 |
    > 177 |           await expect(page).toHaveScreenshot([
          |                              ^
      178 |             'chrome-matrix',
      179 |             `${chrome}-${mode}.png`,
      180 |           ])
        at /workspace/FsusUI/vue/tests/visual/markdown-editor-chrome.spec.ts:177:30

    attachment #1: chrome-matrix/framed-source (image/png) ─────────────────────────────────────────
    Expected: vue/tests/visual/markdown-editor-chrome.spec.ts-snapshots/chrome-matrix/framed-source-mobile-light-linux.png
    Received: vue/test-results/profile-full/suite-preview/project-mobile-light/shard-local/markdown-editor-chrome-mar-cd2a8-rect-geometry-and-semantics-mobile-light/chrome-matrix/framed-source-actual.png
    Diff:     vue/test-results/profile-full/suite-preview/project-mobile-light/shard-local/markdown-editor-chrome-mar-cd2a8-rect-geometry-and-semantics-mobile-light/chrome-matrix/framed-source-diff.png
    ────────────────────────────────────────────────────────────────────────────────────────────────

    attachment #2: screenshot (image/png) ──────────────────────────────────────────────────────────
    vue/test-results/profile-full/suite-preview/project-mobile-light/shard-local/markdown-editor-chrome-mar-cd2a8-rect-geometry-and-semantics-mobile-light/test-failed-1.png
    ────────────────────────────────────────────────────────────────────────────────────────────────

    Error Context: vue/test-results/profile-full/suite-preview/project-mobile-light/shard-local/markdown-editor-chrome-mar-cd2a8-rect-geometry-and-semantics-mobile-light/error-context.md

    attachment #4: trace (application/zip) ─────────────────────────────────────────────────────────
    vue/test-results/profile-full/suite-preview/project-mobile-light/shard-local/markdown-editor-chrome-mar-cd2a8-rect-geometry-and-semantics-mobile-light/trace.zip
    Usage:

        pnpm exec playwright show-trace vue/test-results/profile-full/suite-preview/project-mobile-light/shard-local/markdown-editor-chrome-mar-cd2a8-rect-geometry-and-semantics-mobile-light/trace.zip

    ────────────────────────────────────────────────────────────────────────────────────────────────

  11) [mobile-light] › vue/tests/visual/markdown-editor-chrome.spec.ts:141:17 › markdown editor chrome variants matrix (#429) › renders framed chrome in live mode with correct geometry and semantics 

    Error: [2mexpect([22m[31mpage[39m[2m).[22mtoHaveScreenshot[2m([22m[32mexpected[39m[2m)[22m failed

      18385 pixels (ratio 0.04 of all image pixels) are different.

      Snapshot: chrome-matrix/framed-live.png

    Call log:
    [2m  - Expect "toHaveScreenshot(chrome-matrix/framed-live.png)" with timeout 20000ms[22m
    [2m    - verifying given screenshot expectation[22m
    [2m  - taking page screenshot[22m
    [2m    - disabled all CSS animations[22m
    [2m  - waiting for fonts to load...[22m
    [2m  - fonts loaded[22m
    [2m  - 18385 pixels (ratio 0.04 of all image pixels) are different.[22m
    [2m  - waiting 100ms before taking screenshot[22m
    [2m  - taking page screenshot[22m
    [2m    - disabled all CSS animations[22m
    [2m  - waiting for fonts to load...[22m
    [2m  - fonts loaded[22m
    [2m  - captured a stable screenshot[22m
    [2m  - 18385 pixels (ratio 0.04 of all image pixels) are different.[22m


      175 |           }
      176 |
    > 177 |           await expect(page).toHaveScreenshot([
          |                              ^
      178 |             'chrome-matrix',
      179 |             `${chrome}-${mode}.png`,
      180 |           ])
        at /workspace/FsusUI/vue/tests/visual/markdown-editor-chrome.spec.ts:177:30

    attachment #1: chrome-matrix/framed-live (image/png) ───────────────────────────────────────────
    Expected: vue/tests/visual/markdown-editor-chrome.spec.ts-snapshots/chrome-matrix/framed-live-mobile-light-linux.png
    Received: vue/test-results/profile-full/suite-preview/project-mobile-light/shard-local/markdown-editor-chrome-mar-03ee5-rect-geometry-and-semantics-mobile-light/chrome-matrix/framed-live-actual.png
    Diff:     vue/test-results/profile-full/suite-preview/project-mobile-light/shard-local/markdown-editor-chrome-mar-03ee5-rect-geometry-and-semantics-mobile-light/chrome-matrix/framed-live-diff.png
    ────────────────────────────────────────────────────────────────────────────────────────────────

    attachment #2: screenshot (image/png) ──────────────────────────────────────────────────────────
    vue/test-results/profile-full/suite-preview/project-mobile-light/shard-local/markdown-editor-chrome-mar-03ee5-rect-geometry-and-semantics-mobile-light/test-failed-1.png
    ────────────────────────────────────────────────────────────────────────────────────────────────

    Error Context: vue/test-results/profile-full/suite-preview/project-mobile-light/shard-local/markdown-editor-chrome-mar-03ee5-rect-geometry-and-semantics-mobile-light/error-context.md

    attachment #4: trace (application/zip) ─────────────────────────────────────────────────────────
    vue/test-results/profile-full/suite-preview/project-mobile-light/shard-local/markdown-editor-chrome-mar-03ee5-rect-geometry-and-semantics-mobile-light/trace.zip
    Usage:

        pnpm exec playwright show-trace vue/test-results/profile-full/suite-preview/project-mobile-light/shard-local/markdown-editor-chrome-mar-03ee5-rect-geometry-and-semantics-mobile-light/trace.zip

    ────────────────────────────────────────────────────────────────────────────────────────────────

  12) [mobile-light] › vue/tests/visual/markdown-editor-chrome.spec.ts:141:17 › markdown editor chrome variants matrix (#429) › renders framed chrome in split mode with correct geometry and semantics 

    Error: [2mexpect([22m[31mpage[39m[2m).[22mtoHaveScreenshot[2m([22m[32mexpected[39m[2m)[22m failed

      27136 pixels (ratio 0.06 of all image pixels) are different.

      Snapshot: chrome-matrix/framed-split.png

    Call log:
    [2m  - Expect "toHaveScreenshot(chrome-matrix/framed-split.png)" with timeout 20000ms[22m
    [2m    - verifying given screenshot expectation[22m
    [2m  - taking page screenshot[22m
    [2m    - disabled all CSS animations[22m
    [2m  - waiting for fonts to load...[22m
    [2m  - fonts loaded[22m
    [2m  - 27136 pixels (ratio 0.06 of all image pixels) are different.[22m
    [2m  - waiting 100ms before taking screenshot[22m
    [2m  - taking page screenshot[22m
    [2m    - disabled all CSS animations[22m
    [2m  - waiting for fonts to load...[22m
    [2m  - fonts loaded[22m
    [2m  - captured a stable screenshot[22m
    [2m  - 27136 pixels (ratio 0.06 of all image pixels) are different.[22m


      175 |           }
      176 |
    > 177 |           await expect(page).toHaveScreenshot([
          |                              ^
      178 |             'chrome-matrix',
      179 |             `${chrome}-${mode}.png`,
      180 |           ])
        at /workspace/FsusUI/vue/tests/visual/markdown-editor-chrome.spec.ts:177:30

    attachment #1: chrome-matrix/framed-split (image/png) ──────────────────────────────────────────
    Expected: vue/tests/visual/markdown-editor-chrome.spec.ts-snapshots/chrome-matrix/framed-split-mobile-light-linux.png
    Received: vue/test-results/profile-full/suite-preview/project-mobile-light/shard-local/markdown-editor-chrome-mar-76014-rect-geometry-and-semantics-mobile-light/chrome-matrix/framed-split-actual.png
    Diff:     vue/test-results/profile-full/suite-preview/project-mobile-light/shard-local/markdown-editor-chrome-mar-76014-rect-geometry-and-semantics-mobile-light/chrome-matrix/framed-split-diff.png
    ────────────────────────────────────────────────────────────────────────────────────────────────

    attachment #2: screenshot (image/png) ──────────────────────────────────────────────────────────
    vue/test-results/profile-full/suite-preview/project-mobile-light/shard-local/markdown-editor-chrome-mar-76014-rect-geometry-and-semantics-mobile-light/test-failed-1.png
    ────────────────────────────────────────────────────────────────────────────────────────────────

    Error Context: vue/test-results/profile-full/suite-preview/project-mobile-light/shard-local/markdown-editor-chrome-mar-76014-rect-geometry-and-semantics-mobile-light/error-context.md

    attachment #4: trace (application/zip) ─────────────────────────────────────────────────────────
    vue/test-results/profile-full/suite-preview/project-mobile-light/shard-local/markdown-editor-chrome-mar-76014-rect-geometry-and-semantics-mobile-light/trace.zip
    Usage:

        pnpm exec playwright show-trace vue/test-results/profile-full/suite-preview/project-mobile-light/shard-local/markdown-editor-chrome-mar-76014-rect-geometry-and-semantics-mobile-light/trace.zip

    ────────────────────────────────────────────────────────────────────────────────────────────────

  13) [mobile-light] › vue/tests/visual/markdown-editor-chrome.spec.ts:141:17 › markdown editor chrome variants matrix (#429) › renders embedded chrome in source mode with correct geometry and semantics 

    Error: [2mexpect([22m[31mpage[39m[2m).[22mtoHaveScreenshot[2m([22m[32mexpected[39m[2m)[22m failed

      18152 pixels (ratio 0.04 of all image pixels) are different.

      Snapshot: chrome-matrix/embedded-source.png

    Call log:
    [2m  - Expect "toHaveScreenshot(chrome-matrix/embedded-source.png)" with timeout 20000ms[22m
    [2m    - verifying given screenshot expectation[22m
    [2m  - taking page screenshot[22m
    [2m    - disabled all CSS animations[22m
    [2m  - waiting for fonts to load...[22m
    [2m  - fonts loaded[22m
    [2m  - 18152 pixels (ratio 0.04 of all image pixels) are different.[22m
    [2m  - waiting 100ms before taking screenshot[22m
    [2m  - taking page screenshot[22m
    [2m    - disabled all CSS animations[22m
    [2m  - waiting for fonts to load...[22m
    [2m  - fonts loaded[22m
    [2m  - captured a stable screenshot[22m
    [2m  - 18152 pixels (ratio 0.04 of all image pixels) are different.[22m


      175 |           }
      176 |
    > 177 |           await expect(page).toHaveScreenshot([
          |                              ^
      178 |             'chrome-matrix',
      179 |             `${chrome}-${mode}.png`,
      180 |           ])
        at /workspace/FsusUI/vue/tests/visual/markdown-editor-chrome.spec.ts:177:30

    attachment #1: chrome-matrix/embedded-source (image/png) ───────────────────────────────────────
    Expected: vue/tests/visual/markdown-editor-chrome.spec.ts-snapshots/chrome-matrix/embedded-source-mobile-light-linux.png
    Received: vue/test-results/profile-full/suite-preview/project-mobile-light/shard-local/markdown-editor-chrome-mar-40855-rect-geometry-and-semantics-mobile-light/chrome-matrix/embedded-source-actual.png
    Diff:     vue/test-results/profile-full/suite-preview/project-mobile-light/shard-local/markdown-editor-chrome-mar-40855-rect-geometry-and-semantics-mobile-light/chrome-matrix/embedded-source-diff.png
    ────────────────────────────────────────────────────────────────────────────────────────────────

    attachment #2: screenshot (image/png) ──────────────────────────────────────────────────────────
    vue/test-results/profile-full/suite-preview/project-mobile-light/shard-local/markdown-editor-chrome-mar-40855-rect-geometry-and-semantics-mobile-light/test-failed-1.png
    ────────────────────────────────────────────────────────────────────────────────────────────────

    Error Context: vue/test-results/profile-full/suite-preview/project-mobile-light/shard-local/markdown-editor-chrome-mar-40855-rect-geometry-and-semantics-mobile-light/error-context.md

    attachment #4: trace (application/zip) ─────────────────────────────────────────────────────────
    vue/test-results/profile-full/suite-preview/project-mobile-light/shard-local/markdown-editor-chrome-mar-40855-rect-geometry-and-semantics-mobile-light/trace.zip
    Usage:

        pnpm exec playwright show-trace vue/test-results/profile-full/suite-preview/project-mobile-light/shard-local/markdown-editor-chrome-mar-40855-rect-geometry-and-semantics-mobile-light/trace.zip

    ────────────────────────────────────────────────────────────────────────────────────────────────

  14) [mobile-light] › vue/tests/visual/markdown-editor-chrome.spec.ts:141:17 › markdown editor chrome variants matrix (#429) › renders embedded chrome in live mode with correct geometry and semantics 

    Error: [2mexpect([22m[31mpage[39m[2m).[22mtoHaveScreenshot[2m([22m[32mexpected[39m[2m)[22m failed

      18153 pixels (ratio 0.04 of all image pixels) are different.

      Snapshot: chrome-matrix/embedded-live.png

    Call log:
    [2m  - Expect "toHaveScreenshot(chrome-matrix/embedded-live.png)" with timeout 20000ms[22m
    [2m    - verifying given screenshot expectation[22m
    [2m  - taking page screenshot[22m
    [2m    - disabled all CSS animations[22m
    [2m  - waiting for fonts to load...[22m
    [2m  - fonts loaded[22m
    [2m  - 18153 pixels (ratio 0.04 of all image pixels) are different.[22m
    [2m  - waiting 100ms before taking screenshot[22m
    [2m  - taking page screenshot[22m
    [2m    - disabled all CSS animations[22m
    [2m  - waiting for fonts to load...[22m
    [2m  - fonts loaded[22m
    [2m  - captured a stable screenshot[22m
    [2m  - 18153 pixels (ratio 0.04 of all image pixels) are different.[22m


      175 |           }
      176 |
    > 177 |           await expect(page).toHaveScreenshot([
          |                              ^
      178 |             'chrome-matrix',
      179 |             `${chrome}-${mode}.png`,
      180 |           ])
        at /workspace/FsusUI/vue/tests/visual/markdown-editor-chrome.spec.ts:177:30

    attachment #1: chrome-matrix/embedded-live (image/png) ─────────────────────────────────────────
    Expected: vue/tests/visual/markdown-editor-chrome.spec.ts-snapshots/chrome-matrix/embedded-live-mobile-light-linux.png
    Received: vue/test-results/profile-full/suite-preview/project-mobile-light/shard-local/markdown-editor-chrome-mar-9563a-rect-geometry-and-semantics-mobile-light/chrome-matrix/embedded-live-actual.png
    Diff:     vue/test-results/profile-full/suite-preview/project-mobile-light/shard-local/markdown-editor-chrome-mar-9563a-rect-geometry-and-semantics-mobile-light/chrome-matrix/embedded-live-diff.png
    ────────────────────────────────────────────────────────────────────────────────────────────────

    attachment #2: screenshot (image/png) ──────────────────────────────────────────────────────────
    vue/test-results/profile-full/suite-preview/project-mobile-light/shard-local/markdown-editor-chrome-mar-9563a-rect-geometry-and-semantics-mobile-light/test-failed-1.png
    ────────────────────────────────────────────────────────────────────────────────────────────────

    Error Context: vue/test-results/profile-full/suite-preview/project-mobile-light/shard-local/markdown-editor-chrome-mar-9563a-rect-geometry-and-semantics-mobile-light/error-context.md

    attachment #4: trace (application/zip) ─────────────────────────────────────────────────────────
    vue/test-results/profile-full/suite-preview/project-mobile-light/shard-local/markdown-editor-chrome-mar-9563a-rect-geometry-and-semantics-mobile-light/trace.zip
    Usage:

        pnpm exec playwright show-trace vue/test-results/profile-full/suite-preview/project-mobile-light/shard-local/markdown-editor-chrome-mar-9563a-rect-geometry-and-semantics-mobile-light/trace.zip

    ────────────────────────────────────────────────────────────────────────────────────────────────

  15) [mobile-light] › vue/tests/visual/markdown-editor-chrome.spec.ts:141:17 › markdown editor chrome variants matrix (#429) › renders embedded chrome in split mode with correct geometry and semantics 

    Error: [2mexpect([22m[31mpage[39m[2m).[22mtoHaveScreenshot[2m([22m[32mexpected[39m[2m)[22m failed

      28902 pixels (ratio 0.06 of all image pixels) are different.

      Snapshot: chrome-matrix/embedded-split.png

    Call log:
    [2m  - Expect "toHaveScreenshot(chrome-matrix/embedded-split.png)" with timeout 20000ms[22m
    [2m    - verifying given screenshot expectation[22m
    [2m  - taking page screenshot[22m
    [2m    - disabled all CSS animations[22m
    [2m  - waiting for fonts to load...[22m
    [2m  - fonts loaded[22m
    [2m  - 28902 pixels (ratio 0.06 of all image pixels) are different.[22m
    [2m  - waiting 100ms before taking screenshot[22m
    [2m  - taking page screenshot[22m
    [2m    - disabled all CSS animations[22m
    [2m  - waiting for fonts to load...[22m
    [2m  - fonts loaded[22m
    [2m  - captured a stable screenshot[22m
    [2m  - 28902 pixels (ratio 0.06 of all image pixels) are different.[22m


      175 |           }
      176 |
    > 177 |           await expect(page).toHaveScreenshot([
          |                              ^
      178 |             'chrome-matrix',
      179 |             `${chrome}-${mode}.png`,
      180 |           ])
        at /workspace/FsusUI/vue/tests/visual/markdown-editor-chrome.spec.ts:177:30

    attachment #1: chrome-matrix/embedded-split (image/png) ────────────────────────────────────────
    Expected: vue/tests/visual/markdown-editor-chrome.spec.ts-snapshots/chrome-matrix/embedded-split-mobile-light-linux.png
    Received: vue/test-results/profile-full/suite-preview/project-mobile-light/shard-local/markdown-editor-chrome-mar-e19e3-rect-geometry-and-semantics-mobile-light/chrome-matrix/embedded-split-actual.png
    Diff:     vue/test-results/profile-full/suite-preview/project-mobile-light/shard-local/markdown-editor-chrome-mar-e19e3-rect-geometry-and-semantics-mobile-light/chrome-matrix/embedded-split-diff.png
    ────────────────────────────────────────────────────────────────────────────────────────────────

    attachment #2: screenshot (image/png) ──────────────────────────────────────────────────────────
    vue/test-results/profile-full/suite-preview/project-mobile-light/shard-local/markdown-editor-chrome-mar-e19e3-rect-geometry-and-semantics-mobile-light/test-failed-1.png
    ────────────────────────────────────────────────────────────────────────────────────────────────

    Error Context: vue/test-results/profile-full/suite-preview/project-mobile-light/shard-local/markdown-editor-chrome-mar-e19e3-rect-geometry-and-semantics-mobile-light/error-context.md

    attachment #4: trace (application/zip) ─────────────────────────────────────────────────────────
    vue/test-results/profile-full/suite-preview/project-mobile-light/shard-local/markdown-editor-chrome-mar-e19e3-rect-geometry-and-semantics-mobile-light/trace.zip
    Usage:

        pnpm exec playwright show-trace vue/test-results/profile-full/suite-preview/project-mobile-light/shard-local/markdown-editor-chrome-mar-e19e3-rect-geometry-and-semantics-mobile-light/trace.zip

    ────────────────────────────────────────────────────────────────────────────────────────────────

  16) [mobile-light] › vue/tests/visual/markdown-editor-chrome.spec.ts:141:17 › markdown editor chrome variants matrix (#429) › renders minimal chrome in source mode with correct geometry and semantics 

    Error: [2mexpect([22m[31mpage[39m[2m).[22mtoHaveScreenshot[2m([22m[32mexpected[39m[2m)[22m failed

      17761 pixels (ratio 0.04 of all image pixels) are different.

      Snapshot: chrome-matrix/minimal-source.png

    Call log:
    [2m  - Expect "toHaveScreenshot(chrome-matrix/minimal-source.png)" with timeout 20000ms[22m
    [2m    - verifying given screenshot expectation[22m
    [2m  - taking page screenshot[22m
    [2m    - disabled all CSS animations[22m
    [2m  - waiting for fonts to load...[22m
    [2m  - fonts loaded[22m
    [2m  - 17761 pixels (ratio 0.04 of all image pixels) are different.[22m
    [2m  - waiting 100ms before taking screenshot[22m
    [2m  - taking page screenshot[22m
    [2m    - disabled all CSS animations[22m
    [2m  - waiting for fonts to load...[22m
    [2m  - fonts loaded[22m
    [2m  - captured a stable screenshot[22m
    [2m  - 17761 pixels (ratio 0.04 of all image pixels) are different.[22m


      175 |           }
      176 |
    > 177 |           await expect(page).toHaveScreenshot([
          |                              ^
      178 |             'chrome-matrix',
      179 |             `${chrome}-${mode}.png`,
      180 |           ])
        at /workspace/FsusUI/vue/tests/visual/markdown-editor-chrome.spec.ts:177:30

    attachment #1: chrome-matrix/minimal-source (image/png) ────────────────────────────────────────
    Expected: vue/tests/visual/markdown-editor-chrome.spec.ts-snapshots/chrome-matrix/minimal-source-mobile-light-linux.png
    Received: vue/test-results/profile-full/suite-preview/project-mobile-light/shard-local/markdown-editor-chrome-mar-db242-rect-geometry-and-semantics-mobile-light/chrome-matrix/minimal-source-actual.png
    Diff:     vue/test-results/profile-full/suite-preview/project-mobile-light/shard-local/markdown-editor-chrome-mar-db242-rect-geometry-and-semantics-mobile-light/chrome-matrix/minimal-source-diff.png
    ────────────────────────────────────────────────────────────────────────────────────────────────

    attachment #2: screenshot (image/png) ──────────────────────────────────────────────────────────
    vue/test-results/profile-full/suite-preview/project-mobile-light/shard-local/markdown-editor-chrome-mar-db242-rect-geometry-and-semantics-mobile-light/test-failed-1.png
    ────────────────────────────────────────────────────────────────────────────────────────────────

    Error Context: vue/test-results/profile-full/suite-preview/project-mobile-light/shard-local/markdown-editor-chrome-mar-db242-rect-geometry-and-semantics-mobile-light/error-context.md

    attachment #4: trace (application/zip) ─────────────────────────────────────────────────────────
    vue/test-results/profile-full/suite-preview/project-mobile-light/shard-local/markdown-editor-chrome-mar-db242-rect-geometry-and-semantics-mobile-light/trace.zip
    Usage:

        pnpm exec playwright show-trace vue/test-results/profile-full/suite-preview/project-mobile-light/shard-local/markdown-editor-chrome-mar-db242-rect-geometry-and-semantics-mobile-light/trace.zip

    ────────────────────────────────────────────────────────────────────────────────────────────────

  17) [mobile-light] › vue/tests/visual/markdown-editor-chrome.spec.ts:141:17 › markdown editor chrome variants matrix (#429) › renders minimal chrome in live mode with correct geometry and semantics 

    Error: [2mexpect([22m[31mpage[39m[2m).[22mtoHaveScreenshot[2m([22m[32mexpected[39m[2m)[22m failed

      17761 pixels (ratio 0.04 of all image pixels) are different.

      Snapshot: chrome-matrix/minimal-live.png

    Call log:
    [2m  - Expect "toHaveScreenshot(chrome-matrix/minimal-live.png)" with timeout 20000ms[22m
    [2m    - verifying given screenshot expectation[22m
    [2m  - taking page screenshot[22m
    [2m    - disabled all CSS animations[22m
    [2m  - waiting for fonts to load...[22m
    [2m  - fonts loaded[22m
    [2m  - 17761 pixels (ratio 0.04 of all image pixels) are different.[22m
    [2m  - waiting 100ms before taking screenshot[22m
    [2m  - taking page screenshot[22m
    [2m    - disabled all CSS animations[22m
    [2m  - waiting for fonts to load...[22m
    [2m  - fonts loaded[22m
    [2m  - captured a stable screenshot[22m
    [2m  - 17761 pixels (ratio 0.04 of all image pixels) are different.[22m


      175 |           }
      176 |
    > 177 |           await expect(page).toHaveScreenshot([
          |                              ^
      178 |             'chrome-matrix',
      179 |             `${chrome}-${mode}.png`,
      180 |           ])
        at /workspace/FsusUI/vue/tests/visual/markdown-editor-chrome.spec.ts:177:30

    attachment #1: chrome-matrix/minimal-live (image/png) ──────────────────────────────────────────
    Expected: vue/tests/visual/markdown-editor-chrome.spec.ts-snapshots/chrome-matrix/minimal-live-mobile-light-linux.png
    Received: vue/test-results/profile-full/suite-preview/project-mobile-light/shard-local/markdown-editor-chrome-mar-82321-rect-geometry-and-semantics-mobile-light/chrome-matrix/minimal-live-actual.png
    Diff:     vue/test-results/profile-full/suite-preview/project-mobile-light/shard-local/markdown-editor-chrome-mar-82321-rect-geometry-and-semantics-mobile-light/chrome-matrix/minimal-live-diff.png
    ────────────────────────────────────────────────────────────────────────────────────────────────

    attachment #2: screenshot (image/png) ──────────────────────────────────────────────────────────
    vue/test-results/profile-full/suite-preview/project-mobile-light/shard-local/markdown-editor-chrome-mar-82321-rect-geometry-and-semantics-mobile-light/test-failed-1.png
    ────────────────────────────────────────────────────────────────────────────────────────────────

    Error Context: vue/test-results/profile-full/suite-preview/project-mobile-light/shard-local/markdown-editor-chrome-mar-82321-rect-geometry-and-semantics-mobile-light/error-context.md

    attachment #4: trace (application/zip) ─────────────────────────────────────────────────────────
    vue/test-results/profile-full/suite-preview/project-mobile-light/shard-local/markdown-editor-chrome-mar-82321-rect-geometry-and-semantics-mobile-light/trace.zip
    Usage:

        pnpm exec playwright show-trace vue/test-results/profile-full/suite-preview/project-mobile-light/shard-local/markdown-editor-chrome-mar-82321-rect-geometry-and-semantics-mobile-light/trace.zip

    ────────────────────────────────────────────────────────────────────────────────────────────────

  18) [mobile-light] › vue/tests/visual/markdown-editor-chrome.spec.ts:141:17 › markdown editor chrome variants matrix (#429) › renders minimal chrome in split mode with correct geometry and semantics 

    Error: [2mexpect([22m[31mpage[39m[2m).[22mtoHaveScreenshot[2m([22m[32mexpected[39m[2m)[22m failed

      32906 pixels (ratio 0.07 of all image pixels) are different.

      Snapshot: chrome-matrix/minimal-split.png

    Call log:
    [2m  - Expect "toHaveScreenshot(chrome-matrix/minimal-split.png)" with timeout 20000ms[22m
    [2m    - verifying given screenshot expectation[22m
    [2m  - taking page screenshot[22m
    [2m    - disabled all CSS animations[22m
    [2m  - waiting for fonts to load...[22m
    [2m  - fonts loaded[22m
    [2m  - 32906 pixels (ratio 0.07 of all image pixels) are different.[22m
    [2m  - waiting 100ms before taking screenshot[22m
    [2m  - taking page screenshot[22m
    [2m    - disabled all CSS animations[22m
    [2m  - waiting for fonts to load...[22m
    [2m  - fonts loaded[22m
    [2m  - captured a stable screenshot[22m
    [2m  - 32906 pixels (ratio 0.07 of all image pixels) are different.[22m


      175 |           }
      176 |
    > 177 |           await expect(page).toHaveScreenshot([
          |                              ^
      178 |             'chrome-matrix',
      179 |             `${chrome}-${mode}.png`,
      180 |           ])
        at /workspace/FsusUI/vue/tests/visual/markdown-editor-chrome.spec.ts:177:30

    attachment #1: chrome-matrix/minimal-split (image/png) ─────────────────────────────────────────
    Expected: vue/tests/visual/markdown-editor-chrome.spec.ts-snapshots/chrome-matrix/minimal-split-mobile-light-linux.png
    Received: vue/test-results/profile-full/suite-preview/project-mobile-light/shard-local/markdown-editor-chrome-mar-23d8b-rect-geometry-and-semantics-mobile-light/chrome-matrix/minimal-split-actual.png
    Diff:     vue/test-results/profile-full/suite-preview/project-mobile-light/shard-local/markdown-editor-chrome-mar-23d8b-rect-geometry-and-semantics-mobile-light/chrome-matrix/minimal-split-diff.png
    ────────────────────────────────────────────────────────────────────────────────────────────────

    attachment #2: screenshot (image/png) ──────────────────────────────────────────────────────────
    vue/test-results/profile-full/suite-preview/project-mobile-light/shard-local/markdown-editor-chrome-mar-23d8b-rect-geometry-and-semantics-mobile-light/test-failed-1.png
    ────────────────────────────────────────────────────────────────────────────────────────────────

    Error Context: vue/test-results/profile-full/suite-preview/project-mobile-light/shard-local/markdown-editor-chrome-mar-23d8b-rect-geometry-and-semantics-mobile-light/error-context.md

    attachment #4: trace (application/zip) ─────────────────────────────────────────────────────────
    vue/test-results/profile-full/suite-preview/project-mobile-light/shard-local/markdown-editor-chrome-mar-23d8b-rect-geometry-and-semantics-mobile-light/trace.zip
    Usage:

        pnpm exec playwright show-trace vue/test-results/profile-full/suite-preview/project-mobile-light/shard-local/markdown-editor-chrome-mar-23d8b-rect-geometry-and-semantics-mobile-light/trace.zip

    ────────────────────────────────────────────────────────────────────────────────────────────────

  19) [mobile-light] › vue/tests/visual/markdown-editor-chrome.spec.ts:354:13 › markdown editor chrome variants matrix (#429) › stays usable at 150% and 200% zoom 

    Error: [2mexpect([22m[31mpage[39m[2m).[22mtoHaveScreenshot[2m([22m[32mexpected[39m[2m)[22m failed

      26584 pixels (ratio 0.06 of all image pixels) are different.

      Snapshot: chrome-evidence/zoom-150.png

    Call log:
    [2m  - Expect "toHaveScreenshot(chrome-evidence/zoom-150.png)" with timeout 20000ms[22m
    [2m    - verifying given screenshot expectation[22m
    [2m  - taking page screenshot[22m
    [2m    - disabled all CSS animations[22m
    [2m  - waiting for fonts to load...[22m
    [2m  - fonts loaded[22m
    [2m  - 26584 pixels (ratio 0.06 of all image pixels) are different.[22m
    [2m  - waiting 100ms before taking screenshot[22m
    [2m  - taking page screenshot[22m
    [2m    - disabled all CSS animations[22m
    [2m  - waiting for fonts to load...[22m
    [2m  - fonts loaded[22m
    [2m  - captured a stable screenshot[22m
    [2m  - 26584 pixels (ratio 0.06 of all image pixels) are different.[22m


      369 |         })
      370 |         expect(overflow).toBeLessThanOrEqual(1)
    > 371 |         await expect(page).toHaveScreenshot([
          |                            ^
      372 |           'chrome-evidence',
      373 |           `zoom-${Math.round(zoom * 100)}.png`,
      374 |         ])
        at /workspace/FsusUI/vue/tests/visual/markdown-editor-chrome.spec.ts:371:28

    attachment #1: chrome-evidence/zoom-150 (image/png) ────────────────────────────────────────────
    Expected: vue/tests/visual/markdown-editor-chrome.spec.ts-snapshots/chrome-evidence/zoom-150-mobile-light-linux.png
    Received: vue/test-results/profile-full/suite-preview/project-mobile-light/shard-local/markdown-editor-chrome-mar-b0df0--usable-at-150-and-200-zoom-mobile-light/chrome-evidence/zoom-150-actual.png
    Diff:     vue/test-results/profile-full/suite-preview/project-mobile-light/shard-local/markdown-editor-chrome-mar-b0df0--usable-at-150-and-200-zoom-mobile-light/chrome-evidence/zoom-150-diff.png
    ────────────────────────────────────────────────────────────────────────────────────────────────

    attachment #2: screenshot (image/png) ──────────────────────────────────────────────────────────
    vue/test-results/profile-full/suite-preview/project-mobile-light/shard-local/markdown-editor-chrome-mar-b0df0--usable-at-150-and-200-zoom-mobile-light/test-failed-1.png
    ────────────────────────────────────────────────────────────────────────────────────────────────

    Error Context: vue/test-results/profile-full/suite-preview/project-mobile-light/shard-local/markdown-editor-chrome-mar-b0df0--usable-at-150-and-200-zoom-mobile-light/error-context.md

    attachment #4: trace (application/zip) ─────────────────────────────────────────────────────────
    vue/test-results/profile-full/suite-preview/project-mobile-light/shard-local/markdown-editor-chrome-mar-b0df0--usable-at-150-and-200-zoom-mobile-light/trace.zip
    Usage:

        pnpm exec playwright show-trace vue/test-results/profile-full/suite-preview/project-mobile-light/shard-local/markdown-editor-chrome-mar-b0df0--usable-at-150-and-200-zoom-mobile-light/trace.zip

    ────────────────────────────────────────────────────────────────────────────────────────────────

  20) [mobile-light] › vue/tests/visual/markdown-editor-chrome.spec.ts:400:13 › markdown editor chrome variants matrix (#429) › renders toolbar, status, and slot visibility contract 

    Error: [2mexpect([22m[31mlocator[39m[2m).[22mtoContainText[2m([22m[32mexpected[39m[2m)[22m failed

    Locator: locator('.el-markdown-editor').getByTestId('chrome-visual-status-slot')
    Timeout: 20000ms
    [32m- Expected substring  -  1[39m
    [31m+ Received string     + 11[39m

    [32m- 已同步到草稿箱[39m
    [31m+ 227 字 · 45 词 · {[39m
    [31m+   "mode": "source",[39m
    [31m+   "readonly": false,[39m
    [31m+   "disabled": false,[39m
    [31m+   "loading": false[39m
    [31m+ } · supported{[39m
    [31m+   "mode": "source",[39m
    [31m+   "readonly": false,[39m
    [31m+   "disabled": false,[39m
    [31m+   "loading": false[39m
    [31m+ }[39m

    Call log:
    [2m  - Expect "toContainText" with timeout 20000ms[22m
    [2m  - waiting for locator('.el-markdown-editor').getByTestId('chrome-visual-status-slot')[22m
    [2m    22 × locator resolved to <span data-v-525503f0="" data-testid="chrome-visual-status-slot">227 字 · 45 词 · {↵  "mode": "source",↵  "readonly"…</span>[22m
    [2m       - unexpected value "227 字 · 45 词 · {[22m
    [2m  "mode": "source",[22m
    [2m  "readonly": false,[22m
    [2m  "disabled": false,[22m
    [2m  "loading": false[22m
    [2m} · supported{[22m
    [2m  "mode": "source",[22m
    [2m  "readonly": false,[22m
    [2m  "disabled": false,[22m
    [2m  "loading": false[22m
    [2m}"[22m


      424 |       await expect(
      425 |         slotted.getByTestId('chrome-visual-status-slot'),
    > 426 |       ).toContainText('已同步到草稿箱')
          |         ^
      427 |     },
      428 |   )
      429 |
        at /workspace/FsusUI/vue/tests/visual/markdown-editor-chrome.spec.ts:426:9

    attachment #1: screenshot (image/png) ──────────────────────────────────────────────────────────
    vue/test-results/profile-full/suite-preview/project-mobile-light/shard-local/markdown-editor-chrome-mar-33728-nd-slot-visibility-contract-mobile-light/test-failed-1.png
    ────────────────────────────────────────────────────────────────────────────────────────────────

    Error Context: vue/test-results/profile-full/suite-preview/project-mobile-light/shard-local/markdown-editor-chrome-mar-33728-nd-slot-visibility-contract-mobile-light/error-context.md

    attachment #3: trace (application/zip) ─────────────────────────────────────────────────────────
    vue/test-results/profile-full/suite-preview/project-mobile-light/shard-local/markdown-editor-chrome-mar-33728-nd-slot-visibility-contract-mobile-light/trace.zip
    Usage:

        pnpm exec playwright show-trace vue/test-results/profile-full/suite-preview/project-mobile-light/shard-local/markdown-editor-chrome-mar-33728-nd-slot-visibility-contract-mobile-light/trace.zip

    ────────────────────────────────────────────────────────────────────────────────────────────────

  21) [mobile-light] › vue/tests/visual/markdown-editor-chrome.spec.ts:520:13 › markdown editor chrome variants matrix (#429) › keeps framed geometry under forced colors 

    Error: [2mexpect([22m[31mpage[39m[2m).[22mtoHaveScreenshot[2m([22m[32mexpected[39m[2m)[22m failed

      21484 pixels (ratio 0.05 of all image pixels) are different.

      Snapshot: chrome-evidence/forced-colors.png

    Call log:
    [2m  - Expect "toHaveScreenshot(chrome-evidence/forced-colors.png)" with timeout 20000ms[22m
    [2m    - verifying given screenshot expectation[22m
    [2m  - taking page screenshot[22m
    [2m    - disabled all CSS animations[22m
    [2m  - waiting for fonts to load...[22m
    [2m  - fonts loaded[22m
    [2m  - 21484 pixels (ratio 0.05 of all image pixels) are different.[22m
    [2m  - waiting 100ms before taking screenshot[22m
    [2m  - taking page screenshot[22m
    [2m    - disabled all CSS animations[22m
    [2m  - waiting for fonts to load...[22m
    [2m  - fonts loaded[22m
    [2m  - captured a stable screenshot[22m
    [2m  - 21484 pixels (ratio 0.05 of all image pixels) are different.[22m


      531 |       })
      532 |       expect(border.style).not.toBe('none')
    > 533 |       await expect(page).toHaveScreenshot([
          |                          ^
      534 |         'chrome-evidence',
      535 |         'forced-colors.png',
      536 |       ])
        at /workspace/FsusUI/vue/tests/visual/markdown-editor-chrome.spec.ts:533:26

    attachment #1: chrome-evidence/forced-colors (image/png) ───────────────────────────────────────
    Expected: vue/tests/visual/markdown-editor-chrome.spec.ts-snapshots/chrome-evidence/forced-colors-mobile-light-linux.png
    Received: vue/test-results/profile-full/suite-preview/project-mobile-light/shard-local/markdown-editor-chrome-mar-7ab56-eometry-under-forced-colors-mobile-light/chrome-evidence/forced-colors-actual.png
    Diff:     vue/test-results/profile-full/suite-preview/project-mobile-light/shard-local/markdown-editor-chrome-mar-7ab56-eometry-under-forced-colors-mobile-light/chrome-evidence/forced-colors-diff.png
    ────────────────────────────────────────────────────────────────────────────────────────────────

    attachment #2: screenshot (image/png) ──────────────────────────────────────────────────────────
    vue/test-results/profile-full/suite-preview/project-mobile-light/shard-local/markdown-editor-chrome-mar-7ab56-eometry-under-forced-colors-mobile-light/test-failed-1.png
    ────────────────────────────────────────────────────────────────────────────────────────────────

    Error Context: vue/test-results/profile-full/suite-preview/project-mobile-light/shard-local/markdown-editor-chrome-mar-7ab56-eometry-under-forced-colors-mobile-light/error-context.md

    attachment #4: trace (application/zip) ─────────────────────────────────────────────────────────
    vue/test-results/profile-full/suite-preview/project-mobile-light/shard-local/markdown-editor-chrome-mar-7ab56-eometry-under-forced-colors-mobile-light/trace.zip
    Usage:

        pnpm exec playwright show-trace vue/test-results/profile-full/suite-preview/project-mobile-light/shard-local/markdown-editor-chrome-mar-7ab56-eometry-under-forced-colors-mobile-light/trace.zip

    ────────────────────────────────────────────────────────────────────────────────────────────────

  22) [desktop-dark] › vue/tests/visual/capture-all.spec.ts:67:7 › capture data ────────────────────

    Error: [2mexpect([22m[31mreceived[39m[2m).[22mtoEqual[2m([22m[32mexpected[39m[2m) // deep equality[22m

    [32m- Expected  - 1[39m
    [31m+ Received  + 6[39m

    [32m- Array [][39m
    [31m+ Array [[39m
    [31m+   "requestfailed: GET https://cube.elemecdn.com/3/7c/3ea6beec64369c2642b92c6726f1epng.png net::ERR_CERT_AUTHORITY_INVALID",[39m
    [31m+   "console.error: Failed to load resource: net::ERR_CERT_AUTHORITY_INVALID",[39m
    [31m+   "requestfailed: GET https://cube.elemecdn.com/9/c2/f0ee8a3c7c9638a54940382568c9dpng.png net::ERR_CERT_AUTHORITY_INVALID",[39m
    [31m+   "console.error: Failed to load resource: net::ERR_CERT_AUTHORITY_INVALID",[39m
    [31m+ ][39m

      35 |
      36 | test.afterEach(async ({ page }) => {
    > 37 |   expect(diagnostics.get(page) ?? []).toEqual([])
         |                                       ^
      38 | })
      39 |
      40 | const sections: VisualSection[] = [
        at /workspace/FsusUI/vue/tests/visual/capture-all.spec.ts:37:39

    attachment #1: screenshot (image/png) ──────────────────────────────────────────────────────────
    vue/test-results/profile-full/suite-preview/project-desktop-dark/shard-local/capture-all-capture-data-desktop-dark/test-failed-1.png
    ────────────────────────────────────────────────────────────────────────────────────────────────

    Error Context: vue/test-results/profile-full/suite-preview/project-desktop-dark/shard-local/capture-all-capture-data-desktop-dark/error-context.md

    attachment #3: trace (application/zip) ─────────────────────────────────────────────────────────
    vue/test-results/profile-full/suite-preview/project-desktop-dark/shard-local/capture-all-capture-data-desktop-dark/trace.zip
    Usage:

        pnpm exec playwright show-trace vue/test-results/profile-full/suite-preview/project-desktop-dark/shard-local/capture-all-capture-data-desktop-dark/trace.zip

    ────────────────────────────────────────────────────────────────────────────────────────────────

  23) [desktop-dark] › vue/tests/visual/markdown-editor-chrome.spec.ts:186:13 › markdown editor chrome variants matrix (#429) › keeps one editor instance through rapid mode switches 

    Error: [2mexpect([22m[31mreceived[39m[2m).[22mtoEqual[2m([22m[32mexpected[39m[2m) // deep equality[22m

    [32m- Expected  - 1[39m
    [31m+ Received  + 9[39m

    [32m- Array [][39m
    [31m+ Array [[39m
    [31m+   "requestfailed: GET http://127.0.0.1:4173/assets/typescript-BqvgUolh.js net::ERR_ABORTED",[39m
    [31m+   "requestfailed: GET http://127.0.0.1:4173/assets/github-dark-BQV5ugrc.js net::ERR_ABORTED",[39m
    [31m+   "requestfailed: GET http://127.0.0.1:4173/assets/typescript-BqvgUolh.js net::ERR_ABORTED",[39m
    [31m+   "requestfailed: GET http://127.0.0.1:4173/assets/github-dark-BQV5ugrc.js net::ERR_ABORTED",[39m
    [31m+   "requestfailed: GET http://127.0.0.1:4173/assets/core-Cmkhzapn.js net::ERR_ABORTED",[39m
    [31m+   "requestfailed: GET http://127.0.0.1:4173/assets/engine-javascript-ZX5pI3G3.js net::ERR_ABORTED",[39m
    [31m+   "requestfailed: GET http://127.0.0.1:4173/assets/core-Cmkhzapn.js net::ERR_ABORTED",[39m
    [31m+ ][39m

      133 |
      134 | test.afterEach(async ({ page }) => {
    > 135 |   expect(diagnostics.get(page) ?? []).toEqual([])
          |                                       ^
      136 | })
      137 |
      138 | test.describe('markdown editor chrome variants matrix (#429)', () => {
        at /workspace/FsusUI/vue/tests/visual/markdown-editor-chrome.spec.ts:135:39

    attachment #1: screenshot (image/png) ──────────────────────────────────────────────────────────
    vue/test-results/profile-full/suite-preview/project-desktop-dark/shard-local/markdown-editor-chrome-mar-ef79c-through-rapid-mode-switches-desktop-dark/test-failed-1.png
    ────────────────────────────────────────────────────────────────────────────────────────────────

    Error Context: vue/test-results/profile-full/suite-preview/project-desktop-dark/shard-local/markdown-editor-chrome-mar-ef79c-through-rapid-mode-switches-desktop-dark/error-context.md

    attachment #3: trace (application/zip) ─────────────────────────────────────────────────────────
    vue/test-results/profile-full/suite-preview/project-desktop-dark/shard-local/markdown-editor-chrome-mar-ef79c-through-rapid-mode-switches-desktop-dark/trace.zip
    Usage:

        pnpm exec playwright show-trace vue/test-results/profile-full/suite-preview/project-desktop-dark/shard-local/markdown-editor-chrome-mar-ef79c-through-rapid-mode-switches-desktop-dark/trace.zip

    ────────────────────────────────────────────────────────────────────────────────────────────────

  24) [desktop-dark] › vue/tests/visual/markdown-editor-chrome.spec.ts:400:13 › markdown editor chrome variants matrix (#429) › renders toolbar, status, and slot visibility contract 

    Error: [2mexpect([22m[31mlocator[39m[2m).[22mtoContainText[2m([22m[32mexpected[39m[2m)[22m failed

    Locator: locator('.el-markdown-editor').getByTestId('chrome-visual-status-slot')
    Timeout: 20000ms
    [32m- Expected substring  -  1[39m
    [31m+ Received string     + 11[39m

    [32m- 已同步到草稿箱[39m
    [31m+ 227 字 · 45 词 · {[39m
    [31m+   "mode": "source",[39m
    [31m+   "readonly": false,[39m
    [31m+   "disabled": false,[39m
    [31m+   "loading": false[39m
    [31m+ } · supported{[39m
    [31m+   "mode": "source",[39m
    [31m+   "readonly": false,[39m
    [31m+   "disabled": false,[39m
    [31m+   "loading": false[39m
    [31m+ }[39m

    Call log:
    [2m  - Expect "toContainText" with timeout 20000ms[22m
    [2m  - waiting for locator('.el-markdown-editor').getByTestId('chrome-visual-status-slot')[22m
    [2m    22 × locator resolved to <span data-v-525503f0="" data-testid="chrome-visual-status-slot">227 字 · 45 词 · {↵  "mode": "source",↵  "readonly"…</span>[22m
    [2m       - unexpected value "227 字 · 45 词 · {[22m
    [2m  "mode": "source",[22m
    [2m  "readonly": false,[22m
    [2m  "disabled": false,[22m
    [2m  "loading": false[22m
    [2m} · supported{[22m
    [2m  "mode": "source",[22m
    [2m  "readonly": false,[22m
    [2m  "disabled": false,[22m
    [2m  "loading": false[22m
    [2m}"[22m


      424 |       await expect(
      425 |         slotted.getByTestId('chrome-visual-status-slot'),
    > 426 |       ).toContainText('已同步到草稿箱')
          |         ^
      427 |     },
      428 |   )
      429 |
        at /workspace/FsusUI/vue/tests/visual/markdown-editor-chrome.spec.ts:426:9

    attachment #1: screenshot (image/png) ──────────────────────────────────────────────────────────
    vue/test-results/profile-full/suite-preview/project-desktop-dark/shard-local/markdown-editor-chrome-mar-33728-nd-slot-visibility-contract-desktop-dark/test-failed-1.png
    ────────────────────────────────────────────────────────────────────────────────────────────────

    Error Context: vue/test-results/profile-full/suite-preview/project-desktop-dark/shard-local/markdown-editor-chrome-mar-33728-nd-slot-visibility-contract-desktop-dark/error-context.md

    attachment #3: trace (application/zip) ─────────────────────────────────────────────────────────
    vue/test-results/profile-full/suite-preview/project-desktop-dark/shard-local/markdown-editor-chrome-mar-33728-nd-slot-visibility-contract-desktop-dark/trace.zip
    Usage:

        pnpm exec playwright show-trace vue/test-results/profile-full/suite-preview/project-desktop-dark/shard-local/markdown-editor-chrome-mar-33728-nd-slot-visibility-contract-desktop-dark/trace.zip

    ────────────────────────────────────────────────────────────────────────────────────────────────

  25) [desktop-dark] › vue/tests/visual/motion-transition-acceptance.spec.ts:25:5 › zoom-in transitions use opacity+translate, no axis scale 

    Error: [2mexpect([22m[31mreceived[39m[2m).[22mtoEqual[2m([22m[32mexpected[39m[2m) // deep equality[22m

    [32m- Expected  - 1[39m
    [31m+ Received  + 6[39m

    [32m- Array [][39m
    [31m+ Array [[39m
    [31m+   "requestfailed: GET https://cube.elemecdn.com/3/7c/3ea6beec64369c2642b92c6726f1epng.png net::ERR_CERT_AUTHORITY_INVALID",[39m
    [31m+   "console.error: Failed to load resource: net::ERR_CERT_AUTHORITY_INVALID",[39m
    [31m+   "requestfailed: GET https://cube.elemecdn.com/9/c2/f0ee8a3c7c9638a54940382568c9dpng.png net::ERR_CERT_AUTHORITY_INVALID",[39m
    [31m+   "console.error: Failed to load resource: net::ERR_CERT_AUTHORITY_INVALID",[39m
    [31m+ ][39m

      19 |
      20 | test.afterEach(async ({ page }) => {
    > 21 |   expect(diagnostics.get(page) ?? []).toEqual([])
         |                                       ^
      22 | })
      23 |
      24 | // Check compiled CSS for all zoom-in-* transitions
        at /workspace/FsusUI/vue/tests/visual/motion-transition-acceptance.spec.ts:21:39

    attachment #1: screenshot (image/png) ──────────────────────────────────────────────────────────
    vue/test-results/profile-full/suite-preview/project-desktop-dark/shard-local/motion-transition-acceptan-ff12f-ity-translate-no-axis-scale-desktop-dark/test-failed-1.png
    ────────────────────────────────────────────────────────────────────────────────────────────────

    Error Context: vue/test-results/profile-full/suite-preview/project-desktop-dark/shard-local/motion-transition-acceptan-ff12f-ity-translate-no-axis-scale-desktop-dark/error-context.md

    attachment #3: trace (application/zip) ─────────────────────────────────────────────────────────
    vue/test-results/profile-full/suite-preview/project-desktop-dark/shard-local/motion-transition-acceptan-ff12f-ity-translate-no-axis-scale-desktop-dark/trace.zip
    Usage:

        pnpm exec playwright show-trace vue/test-results/profile-full/suite-preview/project-desktop-dark/shard-local/motion-transition-acceptan-ff12f-ity-translate-no-axis-scale-desktop-dark/trace.zip

    ────────────────────────────────────────────────────────────────────────────────────────────────

  26) [desktop-dark] › vue/tests/visual/motion-transition-acceptance.spec.ts:50:5 › list transitions use <=8px displacement 

    Error: [2mexpect([22m[31mreceived[39m[2m).[22mtoEqual[2m([22m[32mexpected[39m[2m) // deep equality[22m

    [32m- Expected  - 1[39m
    [31m+ Received  + 6[39m

    [32m- Array [][39m
    [31m+ Array [[39m
    [31m+   "requestfailed: GET https://cube.elemecdn.com/3/7c/3ea6beec64369c2642b92c6726f1epng.png net::ERR_CERT_AUTHORITY_INVALID",[39m
    [31m+   "console.error: Failed to load resource: net::ERR_CERT_AUTHORITY_INVALID",[39m
    [31m+   "requestfailed: GET https://cube.elemecdn.com/9/c2/f0ee8a3c7c9638a54940382568c9dpng.png net::ERR_CERT_AUTHORITY_INVALID",[39m
    [31m+   "console.error: Failed to load resource: net::ERR_CERT_AUTHORITY_INVALID",[39m
    [31m+ ][39m

      19 |
      20 | test.afterEach(async ({ page }) => {
    > 21 |   expect(diagnostics.get(page) ?? []).toEqual([])
         |                                       ^
      22 | })
      23 |
      24 | // Check compiled CSS for all zoom-in-* transitions
        at /workspace/FsusUI/vue/tests/visual/motion-transition-acceptance.spec.ts:21:39

    attachment #1: screenshot (image/png) ──────────────────────────────────────────────────────────
    vue/test-results/profile-full/suite-preview/project-desktop-dark/shard-local/motion-transition-acceptan-b0716-itions-use-8px-displacement-desktop-dark/test-failed-1.png
    ────────────────────────────────────────────────────────────────────────────────────────────────

    Error Context: vue/test-results/profile-full/suite-preview/project-desktop-dark/shard-local/motion-transition-acceptan-b0716-itions-use-8px-displacement-desktop-dark/error-context.md

    attachment #3: trace (application/zip) ─────────────────────────────────────────────────────────
    vue/test-results/profile-full/suite-preview/project-desktop-dark/shard-local/motion-transition-acceptan-b0716-itions-use-8px-displacement-desktop-dark/trace.zip
    Usage:

        pnpm exec playwright show-trace vue/test-results/profile-full/suite-preview/project-desktop-dark/shard-local/motion-transition-acceptan-b0716-itions-use-8px-displacement-desktop-dark/trace.zip

    ────────────────────────────────────────────────────────────────────────────────────────────────

  27) [desktop-dark] › vue/tests/visual/motion-transition-acceptance.spec.ts:72:5 › zoom-in overlay transitions have scale >= 0.98 

    Error: [2mexpect([22m[31mreceived[39m[2m).[22mtoEqual[2m([22m[32mexpected[39m[2m) // deep equality[22m

    [32m- Expected  - 1[39m
    [31m+ Received  + 6[39m

    [32m- Array [][39m
    [31m+ Array [[39m
    [31m+   "requestfailed: GET https://cube.elemecdn.com/3/7c/3ea6beec64369c2642b92c6726f1epng.png net::ERR_CERT_AUTHORITY_INVALID",[39m
    [31m+   "console.error: Failed to load resource: net::ERR_CERT_AUTHORITY_INVALID",[39m
    [31m+   "requestfailed: GET https://cube.elemecdn.com/9/c2/f0ee8a3c7c9638a54940382568c9dpng.png net::ERR_CERT_AUTHORITY_INVALID",[39m
    [31m+   "console.error: Failed to load resource: net::ERR_CERT_AUTHORITY_INVALID",[39m
    [31m+ ][39m

      19 |
      20 | test.afterEach(async ({ page }) => {
    > 21 |   expect(diagnostics.get(page) ?? []).toEqual([])
         |                                       ^
      22 | })
      23 |
      24 | // Check compiled CSS for all zoom-in-* transitions
        at /workspace/FsusUI/vue/tests/visual/motion-transition-acceptance.spec.ts:21:39

    attachment #1: screenshot (image/png) ──────────────────────────────────────────────────────────
    vue/test-results/profile-full/suite-preview/project-desktop-dark/shard-local/motion-transition-acceptan-c7dc2-transitions-have-scale-0-98-desktop-dark/test-failed-1.png
    ────────────────────────────────────────────────────────────────────────────────────────────────

    Error Context: vue/test-results/profile-full/suite-preview/project-desktop-dark/shard-local/motion-transition-acceptan-c7dc2-transitions-have-scale-0-98-desktop-dark/error-context.md

    attachment #3: trace (application/zip) ─────────────────────────────────────────────────────────
    vue/test-results/profile-full/suite-preview/project-desktop-dark/shard-local/motion-transition-acceptan-c7dc2-transitions-have-scale-0-98-desktop-dark/trace.zip
    Usage:

        pnpm exec playwright show-trace vue/test-results/profile-full/suite-preview/project-desktop-dark/shard-local/motion-transition-acceptan-c7dc2-transitions-have-scale-0-98-desktop-dark/trace.zip

    ────────────────────────────────────────────────────────────────────────────────────────────────

  28) [desktop-dark] › vue/tests/visual/motion-transition-acceptance.spec.ts:94:5 › no transition uses 500ms 

    Error: [2mexpect([22m[31mreceived[39m[2m).[22mtoEqual[2m([22m[32mexpected[39m[2m) // deep equality[22m

    [32m- Expected  - 1[39m
    [31m+ Received  + 6[39m

    [32m- Array [][39m
    [31m+ Array [[39m
    [31m+   "requestfailed: GET https://cube.elemecdn.com/3/7c/3ea6beec64369c2642b92c6726f1epng.png net::ERR_CERT_AUTHORITY_INVALID",[39m
    [31m+   "console.error: Failed to load resource: net::ERR_CERT_AUTHORITY_INVALID",[39m
    [31m+   "requestfailed: GET https://cube.elemecdn.com/9/c2/f0ee8a3c7c9638a54940382568c9dpng.png net::ERR_CERT_AUTHORITY_INVALID",[39m
    [31m+   "console.error: Failed to load resource: net::ERR_CERT_AUTHORITY_INVALID",[39m
    [31m+ ][39m

      19 |
      20 | test.afterEach(async ({ page }) => {
    > 21 |   expect(diagnostics.get(page) ?? []).toEqual([])
         |                                       ^
      22 | })
      23 |
      24 | // Check compiled CSS for all zoom-in-* transitions
        at /workspace/FsusUI/vue/tests/visual/motion-transition-acceptance.spec.ts:21:39

    attachment #1: screenshot (image/png) ──────────────────────────────────────────────────────────
    vue/test-results/profile-full/suite-preview/project-desktop-dark/shard-local/motion-transition-acceptance-no-transition-uses-500ms-desktop-dark/test-failed-1.png
    ────────────────────────────────────────────────────────────────────────────────────────────────

    Error Context: vue/test-results/profile-full/suite-preview/project-desktop-dark/shard-local/motion-transition-acceptance-no-transition-uses-500ms-desktop-dark/error-context.md

    attachment #3: trace (application/zip) ─────────────────────────────────────────────────────────
    vue/test-results/profile-full/suite-preview/project-desktop-dark/shard-local/motion-transition-acceptance-no-transition-uses-500ms-desktop-dark/trace.zip
    Usage:

        pnpm exec playwright show-trace vue/test-results/profile-full/suite-preview/project-desktop-dark/shard-local/motion-transition-acceptance-no-transition-uses-500ms-desktop-dark/trace.zip

    ────────────────────────────────────────────────────────────────────────────────────────────────

  29) [mobile-dark] › vue/tests/visual/capture-all.spec.ts:67:7 › capture data ─────────────────────

    Error: [2mexpect([22m[31mreceived[39m[2m).[22mtoEqual[2m([22m[32mexpected[39m[2m) // deep equality[22m

    [32m- Expected  - 1[39m
    [31m+ Received  + 6[39m

    [32m- Array [][39m
    [31m+ Array [[39m
    [31m+   "requestfailed: GET https://cube.elemecdn.com/3/7c/3ea6beec64369c2642b92c6726f1epng.png net::ERR_CERT_AUTHORITY_INVALID",[39m
    [31m+   "console.error: Failed to load resource: net::ERR_CERT_AUTHORITY_INVALID",[39m
    [31m+   "requestfailed: GET https://cube.elemecdn.com/9/c2/f0ee8a3c7c9638a54940382568c9dpng.png net::ERR_CERT_AUTHORITY_INVALID",[39m
    [31m+   "console.error: Failed to load resource: net::ERR_CERT_AUTHORITY_INVALID",[39m
    [31m+ ][39m

      35 |
      36 | test.afterEach(async ({ page }) => {
    > 37 |   expect(diagnostics.get(page) ?? []).toEqual([])
         |                                       ^
      38 | })
      39 |
      40 | const sections: VisualSection[] = [
        at /workspace/FsusUI/vue/tests/visual/capture-all.spec.ts:37:39

    attachment #1: screenshot (image/png) ──────────────────────────────────────────────────────────
    vue/test-results/profile-full/suite-preview/project-mobile-dark/shard-local/capture-all-capture-data-mobile-dark/test-failed-1.png
    ────────────────────────────────────────────────────────────────────────────────────────────────

    Error Context: vue/test-results/profile-full/suite-preview/project-mobile-dark/shard-local/capture-all-capture-data-mobile-dark/error-context.md

    attachment #3: trace (application/zip) ─────────────────────────────────────────────────────────
    vue/test-results/profile-full/suite-preview/project-mobile-dark/shard-local/capture-all-capture-data-mobile-dark/trace.zip
    Usage:

        pnpm exec playwright show-trace vue/test-results/profile-full/suite-preview/project-mobile-dark/shard-local/capture-all-capture-data-mobile-dark/trace.zip

    ────────────────────────────────────────────────────────────────────────────────────────────────

  30) [mobile-dark] › vue/tests/visual/markdown-editor-chrome.spec.ts:141:17 › markdown editor chrome variants matrix (#429) › renders framed chrome in source mode with correct geometry and semantics 

    Error: [2mexpect([22m[31mpage[39m[2m).[22mtoHaveScreenshot[2m([22m[32mexpected[39m[2m)[22m failed

      18830 pixels (ratio 0.04 of all image pixels) are different.

      Snapshot: chrome-matrix/framed-source.png

    Call log:
    [2m  - Expect "toHaveScreenshot(chrome-matrix/framed-source.png)" with timeout 20000ms[22m
    [2m    - verifying given screenshot expectation[22m
    [2m  - taking page screenshot[22m
    [2m    - disabled all CSS animations[22m
    [2m  - waiting for fonts to load...[22m
    [2m  - fonts loaded[22m
    [2m  - 18830 pixels (ratio 0.04 of all image pixels) are different.[22m
    [2m  - waiting 100ms before taking screenshot[22m
    [2m  - taking page screenshot[22m
    [2m    - disabled all CSS animations[22m
    [2m  - waiting for fonts to load...[22m
    [2m  - fonts loaded[22m
    [2m  - captured a stable screenshot[22m
    [2m  - 18830 pixels (ratio 0.04 of all image pixels) are different.[22m


      175 |           }
      176 |
    > 177 |           await expect(page).toHaveScreenshot([
          |                              ^
      178 |             'chrome-matrix',
      179 |             `${chrome}-${mode}.png`,
      180 |           ])
        at /workspace/FsusUI/vue/tests/visual/markdown-editor-chrome.spec.ts:177:30

    attachment #1: chrome-matrix/framed-source (image/png) ─────────────────────────────────────────
    Expected: vue/tests/visual/markdown-editor-chrome.spec.ts-snapshots/chrome-matrix/framed-source-mobile-dark-linux.png
    Received: vue/test-results/profile-full/suite-preview/project-mobile-dark/shard-local/markdown-editor-chrome-mar-cd2a8-rect-geometry-and-semantics-mobile-dark/chrome-matrix/framed-source-actual.png
    Diff:     vue/test-results/profile-full/suite-preview/project-mobile-dark/shard-local/markdown-editor-chrome-mar-cd2a8-rect-geometry-and-semantics-mobile-dark/chrome-matrix/framed-source-diff.png
    ────────────────────────────────────────────────────────────────────────────────────────────────

    attachment #2: screenshot (image/png) ──────────────────────────────────────────────────────────
    vue/test-results/profile-full/suite-preview/project-mobile-dark/shard-local/markdown-editor-chrome-mar-cd2a8-rect-geometry-and-semantics-mobile-dark/test-failed-1.png
    ────────────────────────────────────────────────────────────────────────────────────────────────

    Error Context: vue/test-results/profile-full/suite-preview/project-mobile-dark/shard-local/markdown-editor-chrome-mar-cd2a8-rect-geometry-and-semantics-mobile-dark/error-context.md

    attachment #4: trace (application/zip) ─────────────────────────────────────────────────────────
    vue/test-results/profile-full/suite-preview/project-mobile-dark/shard-local/markdown-editor-chrome-mar-cd2a8-rect-geometry-and-semantics-mobile-dark/trace.zip
    Usage:

        pnpm exec playwright show-trace vue/test-results/profile-full/suite-preview/project-mobile-dark/shard-local/markdown-editor-chrome-mar-cd2a8-rect-geometry-and-semantics-mobile-dark/trace.zip

    ────────────────────────────────────────────────────────────────────────────────────────────────

  31) [mobile-dark] › vue/tests/visual/markdown-editor-chrome.spec.ts:141:17 › markdown editor chrome variants matrix (#429) › renders framed chrome in live mode with correct geometry and semantics 

    Error: [2mexpect([22m[31mpage[39m[2m).[22mtoHaveScreenshot[2m([22m[32mexpected[39m[2m)[22m failed

      18830 pixels (ratio 0.04 of all image pixels) are different.

      Snapshot: chrome-matrix/framed-live.png

    Call log:
    [2m  - Expect "toHaveScreenshot(chrome-matrix/framed-live.png)" with timeout 20000ms[22m
    [2m    - verifying given screenshot expectation[22m
    [2m  - taking page screenshot[22m
    [2m    - disabled all CSS animations[22m
    [2m  - waiting for fonts to load...[22m
    [2m  - fonts loaded[22m
    [2m  - 18830 pixels (ratio 0.04 of all image pixels) are different.[22m
    [2m  - waiting 100ms before taking screenshot[22m
    [2m  - taking page screenshot[22m
    [2m    - disabled all CSS animations[22m
    [2m  - waiting for fonts to load...[22m
    [2m  - fonts loaded[22m
    [2m  - captured a stable screenshot[22m
    [2m  - 18830 pixels (ratio 0.04 of all image pixels) are different.[22m


      175 |           }
      176 |
    > 177 |           await expect(page).toHaveScreenshot([
          |                              ^
      178 |             'chrome-matrix',
      179 |             `${chrome}-${mode}.png`,
      180 |           ])
        at /workspace/FsusUI/vue/tests/visual/markdown-editor-chrome.spec.ts:177:30

    attachment #1: chrome-matrix/framed-live (image/png) ───────────────────────────────────────────
    Expected: vue/tests/visual/markdown-editor-chrome.spec.ts-snapshots/chrome-matrix/framed-live-mobile-dark-linux.png
    Received: vue/test-results/profile-full/suite-preview/project-mobile-dark/shard-local/markdown-editor-chrome-mar-03ee5-rect-geometry-and-semantics-mobile-dark/chrome-matrix/framed-live-actual.png
    Diff:     vue/test-results/profile-full/suite-preview/project-mobile-dark/shard-local/markdown-editor-chrome-mar-03ee5-rect-geometry-and-semantics-mobile-dark/chrome-matrix/framed-live-diff.png
    ────────────────────────────────────────────────────────────────────────────────────────────────

    attachment #2: screenshot (image/png) ──────────────────────────────────────────────────────────
    vue/test-results/profile-full/suite-preview/project-mobile-dark/shard-local/markdown-editor-chrome-mar-03ee5-rect-geometry-and-semantics-mobile-dark/test-failed-1.png
    ────────────────────────────────────────────────────────────────────────────────────────────────

    Error Context: vue/test-results/profile-full/suite-preview/project-mobile-dark/shard-local/markdown-editor-chrome-mar-03ee5-rect-geometry-and-semantics-mobile-dark/error-context.md

    attachment #4: trace (application/zip) ─────────────────────────────────────────────────────────
    vue/test-results/profile-full/suite-preview/project-mobile-dark/shard-local/markdown-editor-chrome-mar-03ee5-rect-geometry-and-semantics-mobile-dark/trace.zip
    Usage:

        pnpm exec playwright show-trace vue/test-results/profile-full/suite-preview/project-mobile-dark/shard-local/markdown-editor-chrome-mar-03ee5-rect-geometry-and-semantics-mobile-dark/trace.zip

    ────────────────────────────────────────────────────────────────────────────────────────────────

  32) [mobile-dark] › vue/tests/visual/markdown-editor-chrome.spec.ts:141:17 › markdown editor chrome variants matrix (#429) › renders framed chrome in split mode with correct geometry and semantics 

    Error: [2mexpect([22m[31mpage[39m[2m).[22mtoHaveScreenshot[2m([22m[32mexpected[39m[2m)[22m failed

      27594 pixels (ratio 0.06 of all image pixels) are different.

      Snapshot: chrome-matrix/framed-split.png

    Call log:
    [2m  - Expect "toHaveScreenshot(chrome-matrix/framed-split.png)" with timeout 20000ms[22m
    [2m    - verifying given screenshot expectation[22m
    [2m  - taking page screenshot[22m
    [2m    - disabled all CSS animations[22m
    [2m  - waiting for fonts to load...[22m
    [2m  - fonts loaded[22m
    [2m  - 27594 pixels (ratio 0.06 of all image pixels) are different.[22m
    [2m  - waiting 100ms before taking screenshot[22m
    [2m  - taking page screenshot[22m
    [2m    - disabled all CSS animations[22m
    [2m  - waiting for fonts to load...[22m
    [2m  - fonts loaded[22m
    [2m  - captured a stable screenshot[22m
    [2m  - 27594 pixels (ratio 0.06 of all image pixels) are different.[22m


      175 |           }
      176 |
    > 177 |           await expect(page).toHaveScreenshot([
          |                              ^
      178 |             'chrome-matrix',
      179 |             `${chrome}-${mode}.png`,
      180 |           ])
        at /workspace/FsusUI/vue/tests/visual/markdown-editor-chrome.spec.ts:177:30

    attachment #1: chrome-matrix/framed-split (image/png) ──────────────────────────────────────────
    Expected: vue/tests/visual/markdown-editor-chrome.spec.ts-snapshots/chrome-matrix/framed-split-mobile-dark-linux.png
    Received: vue/test-results/profile-full/suite-preview/project-mobile-dark/shard-local/markdown-editor-chrome-mar-76014-rect-geometry-and-semantics-mobile-dark/chrome-matrix/framed-split-actual.png
    Diff:     vue/test-results/profile-full/suite-preview/project-mobile-dark/shard-local/markdown-editor-chrome-mar-76014-rect-geometry-and-semantics-mobile-dark/chrome-matrix/framed-split-diff.png
    ────────────────────────────────────────────────────────────────────────────────────────────────

    attachment #2: screenshot (image/png) ──────────────────────────────────────────────────────────
    vue/test-results/profile-full/suite-preview/project-mobile-dark/shard-local/markdown-editor-chrome-mar-76014-rect-geometry-and-semantics-mobile-dark/test-failed-1.png
    ────────────────────────────────────────────────────────────────────────────────────────────────

    Error Context: vue/test-results/profile-full/suite-preview/project-mobile-dark/shard-local/markdown-editor-chrome-mar-76014-rect-geometry-and-semantics-mobile-dark/error-context.md

    attachment #4: trace (application/zip) ─────────────────────────────────────────────────────────
    vue/test-results/profile-full/suite-preview/project-mobile-dark/shard-local/markdown-editor-chrome-mar-76014-rect-geometry-and-semantics-mobile-dark/trace.zip
    Usage:

        pnpm exec playwright show-trace vue/test-results/profile-full/suite-preview/project-mobile-dark/shard-local/markdown-editor-chrome-mar-76014-rect-geometry-and-semantics-mobile-dark/trace.zip

    ────────────────────────────────────────────────────────────────────────────────────────────────

  33) [mobile-dark] › vue/tests/visual/markdown-editor-chrome.spec.ts:141:17 › markdown editor chrome variants matrix (#429) › renders embedded chrome in source mode with correct geometry and semantics 

    Error: [2mexpect([22m[31mpage[39m[2m).[22mtoHaveScreenshot[2m([22m[32mexpected[39m[2m)[22m failed

      18594 pixels (ratio 0.04 of all image pixels) are different.

      Snapshot: chrome-matrix/embedded-source.png

    Call log:
    [2m  - Expect "toHaveScreenshot(chrome-matrix/embedded-source.png)" with timeout 20000ms[22m
    [2m    - verifying given screenshot expectation[22m
    [2m  - taking page screenshot[22m
    [2m    - disabled all CSS animations[22m
    [2m  - waiting for fonts to load...[22m
    [2m  - fonts loaded[22m
    [2m  - 18594 pixels (ratio 0.04 of all image pixels) are different.[22m
    [2m  - waiting 100ms before taking screenshot[22m
    [2m  - taking page screenshot[22m
    [2m    - disabled all CSS animations[22m
    [2m  - waiting for fonts to load...[22m
    [2m  - fonts loaded[22m
    [2m  - captured a stable screenshot[22m
    [2m  - 18594 pixels (ratio 0.04 of all image pixels) are different.[22m


      175 |           }
      176 |
    > 177 |           await expect(page).toHaveScreenshot([
          |                              ^
      178 |             'chrome-matrix',
      179 |             `${chrome}-${mode}.png`,
      180 |           ])
        at /workspace/FsusUI/vue/tests/visual/markdown-editor-chrome.spec.ts:177:30

    attachment #1: chrome-matrix/embedded-source (image/png) ───────────────────────────────────────
    Expected: vue/tests/visual/markdown-editor-chrome.spec.ts-snapshots/chrome-matrix/embedded-source-mobile-dark-linux.png
    Received: vue/test-results/profile-full/suite-preview/project-mobile-dark/shard-local/markdown-editor-chrome-mar-40855-rect-geometry-and-semantics-mobile-dark/chrome-matrix/embedded-source-actual.png
    Diff:     vue/test-results/profile-full/suite-preview/project-mobile-dark/shard-local/markdown-editor-chrome-mar-40855-rect-geometry-and-semantics-mobile-dark/chrome-matrix/embedded-source-diff.png
    ────────────────────────────────────────────────────────────────────────────────────────────────

    attachment #2: screenshot (image/png) ──────────────────────────────────────────────────────────
    vue/test-results/profile-full/suite-preview/project-mobile-dark/shard-local/markdown-editor-chrome-mar-40855-rect-geometry-and-semantics-mobile-dark/test-failed-1.png
    ────────────────────────────────────────────────────────────────────────────────────────────────

    Error Context: vue/test-results/profile-full/suite-preview/project-mobile-dark/shard-local/markdown-editor-chrome-mar-40855-rect-geometry-and-semantics-mobile-dark/error-context.md

    attachment #4: trace (application/zip) ─────────────────────────────────────────────────────────
    vue/test-results/profile-full/suite-preview/project-mobile-dark/shard-local/markdown-editor-chrome-mar-40855-rect-geometry-and-semantics-mobile-dark/trace.zip
    Usage:

        pnpm exec playwright show-trace vue/test-results/profile-full/suite-preview/project-mobile-dark/shard-local/markdown-editor-chrome-mar-40855-rect-geometry-and-semantics-mobile-dark/trace.zip

    ────────────────────────────────────────────────────────────────────────────────────────────────

  34) [mobile-dark] › vue/tests/visual/markdown-editor-chrome.spec.ts:141:17 › markdown editor chrome variants matrix (#429) › renders embedded chrome in live mode with correct geometry and semantics 

    Error: [2mexpect([22m[31mpage[39m[2m).[22mtoHaveScreenshot[2m([22m[32mexpected[39m[2m)[22m failed

      18594 pixels (ratio 0.04 of all image pixels) are different.

      Snapshot: chrome-matrix/embedded-live.png

    Call log:
    [2m  - Expect "toHaveScreenshot(chrome-matrix/embedded-live.png)" with timeout 20000ms[22m
    [2m    - verifying given screenshot expectation[22m
    [2m  - taking page screenshot[22m
    [2m    - disabled all CSS animations[22m
    [2m  - waiting for fonts to load...[22m
    [2m  - fonts loaded[22m
    [2m  - 18594 pixels (ratio 0.04 of all image pixels) are different.[22m
    [2m  - waiting 100ms before taking screenshot[22m
    [2m  - taking page screenshot[22m
    [2m    - disabled all CSS animations[22m
    [2m  - waiting for fonts to load...[22m
    [2m  - fonts loaded[22m
    [2m  - captured a stable screenshot[22m
    [2m  - 18594 pixels (ratio 0.04 of all image pixels) are different.[22m


      175 |           }
      176 |
    > 177 |           await expect(page).toHaveScreenshot([
          |                              ^
      178 |             'chrome-matrix',
      179 |             `${chrome}-${mode}.png`,
      180 |           ])
        at /workspace/FsusUI/vue/tests/visual/markdown-editor-chrome.spec.ts:177:30

    attachment #1: chrome-matrix/embedded-live (image/png) ─────────────────────────────────────────
    Expected: vue/tests/visual/markdown-editor-chrome.spec.ts-snapshots/chrome-matrix/embedded-live-mobile-dark-linux.png
    Received: vue/test-results/profile-full/suite-preview/project-mobile-dark/shard-local/markdown-editor-chrome-mar-9563a-rect-geometry-and-semantics-mobile-dark/chrome-matrix/embedded-live-actual.png
    Diff:     vue/test-results/profile-full/suite-preview/project-mobile-dark/shard-local/markdown-editor-chrome-mar-9563a-rect-geometry-and-semantics-mobile-dark/chrome-matrix/embedded-live-diff.png
    ────────────────────────────────────────────────────────────────────────────────────────────────

    attachment #2: screenshot (image/png) ──────────────────────────────────────────────────────────
    vue/test-results/profile-full/suite-preview/project-mobile-dark/shard-local/markdown-editor-chrome-mar-9563a-rect-geometry-and-semantics-mobile-dark/test-failed-1.png
    ────────────────────────────────────────────────────────────────────────────────────────────────

    Error Context: vue/test-results/profile-full/suite-preview/project-mobile-dark/shard-local/markdown-editor-chrome-mar-9563a-rect-geometry-and-semantics-mobile-dark/error-context.md

    attachment #4: trace (application/zip) ─────────────────────────────────────────────────────────
    vue/test-results/profile-full/suite-preview/project-mobile-dark/shard-local/markdown-editor-chrome-mar-9563a-rect-geometry-and-semantics-mobile-dark/trace.zip
    Usage:

        pnpm exec playwright show-trace vue/test-results/profile-full/suite-preview/project-mobile-dark/shard-local/markdown-editor-chrome-mar-9563a-rect-geometry-and-semantics-mobile-dark/trace.zip

    ────────────────────────────────────────────────────────────────────────────────────────────────

  35) [mobile-dark] › vue/tests/visual/markdown-editor-chrome.spec.ts:141:17 › markdown editor chrome variants matrix (#429) › renders embedded chrome in split mode with correct geometry and semantics 

    Error: [2mexpect([22m[31mpage[39m[2m).[22mtoHaveScreenshot[2m([22m[32mexpected[39m[2m)[22m failed

      29465 pixels (ratio 0.06 of all image pixels) are different.

      Snapshot: chrome-matrix/embedded-split.png

    Call log:
    [2m  - Expect "toHaveScreenshot(chrome-matrix/embedded-split.png)" with timeout 20000ms[22m
    [2m    - verifying given screenshot expectation[22m
    [2m  - taking page screenshot[22m
    [2m    - disabled all CSS animations[22m
    [2m  - waiting for fonts to load...[22m
    [2m  - fonts loaded[22m
    [2m  - 29465 pixels (ratio 0.06 of all image pixels) are different.[22m
    [2m  - waiting 100ms before taking screenshot[22m
    [2m  - taking page screenshot[22m
    [2m    - disabled all CSS animations[22m
    [2m  - waiting for fonts to load...[22m
    [2m  - fonts loaded[22m
    [2m  - captured a stable screenshot[22m
    [2m  - 29465 pixels (ratio 0.06 of all image pixels) are different.[22m


      175 |           }
      176 |
    > 177 |           await expect(page).toHaveScreenshot([
          |                              ^
      178 |             'chrome-matrix',
      179 |             `${chrome}-${mode}.png`,
      180 |           ])
        at /workspace/FsusUI/vue/tests/visual/markdown-editor-chrome.spec.ts:177:30

    attachment #1: chrome-matrix/embedded-split (image/png) ────────────────────────────────────────
    Expected: vue/tests/visual/markdown-editor-chrome.spec.ts-snapshots/chrome-matrix/embedded-split-mobile-dark-linux.png
    Received: vue/test-results/profile-full/suite-preview/project-mobile-dark/shard-local/markdown-editor-chrome-mar-e19e3-rect-geometry-and-semantics-mobile-dark/chrome-matrix/embedded-split-actual.png
    Diff:     vue/test-results/profile-full/suite-preview/project-mobile-dark/shard-local/markdown-editor-chrome-mar-e19e3-rect-geometry-and-semantics-mobile-dark/chrome-matrix/embedded-split-diff.png
    ────────────────────────────────────────────────────────────────────────────────────────────────

    attachment #2: screenshot (image/png) ──────────────────────────────────────────────────────────
    vue/test-results/profile-full/suite-preview/project-mobile-dark/shard-local/markdown-editor-chrome-mar-e19e3-rect-geometry-and-semantics-mobile-dark/test-failed-1.png
    ────────────────────────────────────────────────────────────────────────────────────────────────

    Error Context: vue/test-results/profile-full/suite-preview/project-mobile-dark/shard-local/markdown-editor-chrome-mar-e19e3-rect-geometry-and-semantics-mobile-dark/error-context.md

    attachment #4: trace (application/zip) ─────────────────────────────────────────────────────────
    vue/test-results/profile-full/suite-preview/project-mobile-dark/shard-local/markdown-editor-chrome-mar-e19e3-rect-geometry-and-semantics-mobile-dark/trace.zip
    Usage:

        pnpm exec playwright show-trace vue/test-results/profile-full/suite-preview/project-mobile-dark/shard-local/markdown-editor-chrome-mar-e19e3-rect-geometry-and-semantics-mobile-dark/trace.zip

    ────────────────────────────────────────────────────────────────────────────────────────────────

  36) [mobile-dark] › vue/tests/visual/markdown-editor-chrome.spec.ts:141:17 › markdown editor chrome variants matrix (#429) › renders minimal chrome in source mode with correct geometry and semantics 

    Error: [2mexpect([22m[31mpage[39m[2m).[22mtoHaveScreenshot[2m([22m[32mexpected[39m[2m)[22m failed

      18213 pixels (ratio 0.04 of all image pixels) are different.

      Snapshot: chrome-matrix/minimal-source.png

    Call log:
    [2m  - Expect "toHaveScreenshot(chrome-matrix/minimal-source.png)" with timeout 20000ms[22m
    [2m    - verifying given screenshot expectation[22m
    [2m  - taking page screenshot[22m
    [2m    - disabled all CSS animations[22m
    [2m  - waiting for fonts to load...[22m
    [2m  - fonts loaded[22m
    [2m  - 18213 pixels (ratio 0.04 of all image pixels) are different.[22m
    [2m  - waiting 100ms before taking screenshot[22m
    [2m  - taking page screenshot[22m
    [2m    - disabled all CSS animations[22m
    [2m  - waiting for fonts to load...[22m
    [2m  - fonts loaded[22m
    [2m  - captured a stable screenshot[22m
    [2m  - 18213 pixels (ratio 0.04 of all image pixels) are different.[22m


      175 |           }
      176 |
    > 177 |           await expect(page).toHaveScreenshot([
          |                              ^
      178 |             'chrome-matrix',
      179 |             `${chrome}-${mode}.png`,
      180 |           ])
        at /workspace/FsusUI/vue/tests/visual/markdown-editor-chrome.spec.ts:177:30

    attachment #1: chrome-matrix/minimal-source (image/png) ────────────────────────────────────────
    Expected: vue/tests/visual/markdown-editor-chrome.spec.ts-snapshots/chrome-matrix/minimal-source-mobile-dark-linux.png
    Received: vue/test-results/profile-full/suite-preview/project-mobile-dark/shard-local/markdown-editor-chrome-mar-db242-rect-geometry-and-semantics-mobile-dark/chrome-matrix/minimal-source-actual.png
    Diff:     vue/test-results/profile-full/suite-preview/project-mobile-dark/shard-local/markdown-editor-chrome-mar-db242-rect-geometry-and-semantics-mobile-dark/chrome-matrix/minimal-source-diff.png
    ────────────────────────────────────────────────────────────────────────────────────────────────

    attachment #2: screenshot (image/png) ──────────────────────────────────────────────────────────
    vue/test-results/profile-full/suite-preview/project-mobile-dark/shard-local/markdown-editor-chrome-mar-db242-rect-geometry-and-semantics-mobile-dark/test-failed-1.png
    ────────────────────────────────────────────────────────────────────────────────────────────────

    Error Context: vue/test-results/profile-full/suite-preview/project-mobile-dark/shard-local/markdown-editor-chrome-mar-db242-rect-geometry-and-semantics-mobile-dark/error-context.md

    attachment #4: trace (application/zip) ─────────────────────────────────────────────────────────
    vue/test-results/profile-full/suite-preview/project-mobile-dark/shard-local/markdown-editor-chrome-mar-db242-rect-geometry-and-semantics-mobile-dark/trace.zip
    Usage:

        pnpm exec playwright show-trace vue/test-results/profile-full/suite-preview/project-mobile-dark/shard-local/markdown-editor-chrome-mar-db242-rect-geometry-and-semantics-mobile-dark/trace.zip

    ────────────────────────────────────────────────────────────────────────────────────────────────

  37) [mobile-dark] › vue/tests/visual/markdown-editor-chrome.spec.ts:141:17 › markdown editor chrome variants matrix (#429) › renders minimal chrome in live mode with correct geometry and semantics 

    Error: [2mexpect([22m[31mpage[39m[2m).[22mtoHaveScreenshot[2m([22m[32mexpected[39m[2m)[22m failed

      18213 pixels (ratio 0.04 of all image pixels) are different.

      Snapshot: chrome-matrix/minimal-live.png

    Call log:
    [2m  - Expect "toHaveScreenshot(chrome-matrix/minimal-live.png)" with timeout 20000ms[22m
    [2m    - verifying given screenshot expectation[22m
    [2m  - taking page screenshot[22m
    [2m    - disabled all CSS animations[22m
    [2m  - waiting for fonts to load...[22m
    [2m  - fonts loaded[22m
    [2m  - 18213 pixels (ratio 0.04 of all image pixels) are different.[22m
    [2m  - waiting 100ms before taking screenshot[22m
    [2m  - taking page screenshot[22m
    [2m    - disabled all CSS animations[22m
    [2m  - waiting for fonts to load...[22m
    [2m  - fonts loaded[22m
    [2m  - captured a stable screenshot[22m
    [2m  - 18213 pixels (ratio 0.04 of all image pixels) are different.[22m


      175 |           }
      176 |
    > 177 |           await expect(page).toHaveScreenshot([
          |                              ^
      178 |             'chrome-matrix',
      179 |             `${chrome}-${mode}.png`,
      180 |           ])
        at /workspace/FsusUI/vue/tests/visual/markdown-editor-chrome.spec.ts:177:30

    attachment #1: chrome-matrix/minimal-live (image/png) ──────────────────────────────────────────
    Expected: vue/tests/visual/markdown-editor-chrome.spec.ts-snapshots/chrome-matrix/minimal-live-mobile-dark-linux.png
    Received: vue/test-results/profile-full/suite-preview/project-mobile-dark/shard-local/markdown-editor-chrome-mar-82321-rect-geometry-and-semantics-mobile-dark/chrome-matrix/minimal-live-actual.png
    Diff:     vue/test-results/profile-full/suite-preview/project-mobile-dark/shard-local/markdown-editor-chrome-mar-82321-rect-geometry-and-semantics-mobile-dark/chrome-matrix/minimal-live-diff.png
    ────────────────────────────────────────────────────────────────────────────────────────────────

    attachment #2: screenshot (image/png) ──────────────────────────────────────────────────────────
    vue/test-results/profile-full/suite-preview/project-mobile-dark/shard-local/markdown-editor-chrome-mar-82321-rect-geometry-and-semantics-mobile-dark/test-failed-1.png
    ────────────────────────────────────────────────────────────────────────────────────────────────

    Error Context: vue/test-results/profile-full/suite-preview/project-mobile-dark/shard-local/markdown-editor-chrome-mar-82321-rect-geometry-and-semantics-mobile-dark/error-context.md

    attachment #4: trace (application/zip) ─────────────────────────────────────────────────────────
    vue/test-results/profile-full/suite-preview/project-mobile-dark/shard-local/markdown-editor-chrome-mar-82321-rect-geometry-and-semantics-mobile-dark/trace.zip
    Usage:

        pnpm exec playwright show-trace vue/test-results/profile-full/suite-preview/project-mobile-dark/shard-local/markdown-editor-chrome-mar-82321-rect-geometry-and-semantics-mobile-dark/trace.zip

    ────────────────────────────────────────────────────────────────────────────────────────────────

  38) [mobile-dark] › vue/tests/visual/markdown-editor-chrome.spec.ts:141:17 › markdown editor chrome variants matrix (#429) › renders minimal chrome in split mode with correct geometry and semantics 

    Error: [2mexpect([22m[31mpage[39m[2m).[22mtoHaveScreenshot[2m([22m[32mexpected[39m[2m)[22m failed

      33904 pixels (ratio 0.07 of all image pixels) are different.

      Snapshot: chrome-matrix/minimal-split.png

    Call log:
    [2m  - Expect "toHaveScreenshot(chrome-matrix/minimal-split.png)" with timeout 20000ms[22m
    [2m    - verifying given screenshot expectation[22m
    [2m  - taking page screenshot[22m
    [2m    - disabled all CSS animations[22m
    [2m  - waiting for fonts to load...[22m
    [2m  - fonts loaded[22m
    [2m  - 33904 pixels (ratio 0.07 of all image pixels) are different.[22m
    [2m  - waiting 100ms before taking screenshot[22m
    [2m  - taking page screenshot[22m
    [2m    - disabled all CSS animations[22m
    [2m  - waiting for fonts to load...[22m
    [2m  - fonts loaded[22m
    [2m  - captured a stable screenshot[22m
    [2m  - 33904 pixels (ratio 0.07 of all image pixels) are different.[22m


      175 |           }
      176 |
    > 177 |           await expect(page).toHaveScreenshot([
          |                              ^
      178 |             'chrome-matrix',
      179 |             `${chrome}-${mode}.png`,
      180 |           ])
        at /workspace/FsusUI/vue/tests/visual/markdown-editor-chrome.spec.ts:177:30

    attachment #1: chrome-matrix/minimal-split (image/png) ─────────────────────────────────────────
    Expected: vue/tests/visual/markdown-editor-chrome.spec.ts-snapshots/chrome-matrix/minimal-split-mobile-dark-linux.png
    Received: vue/test-results/profile-full/suite-preview/project-mobile-dark/shard-local/markdown-editor-chrome-mar-23d8b-rect-geometry-and-semantics-mobile-dark/chrome-matrix/minimal-split-actual.png
    Diff:     vue/test-results/profile-full/suite-preview/project-mobile-dark/shard-local/markdown-editor-chrome-mar-23d8b-rect-geometry-and-semantics-mobile-dark/chrome-matrix/minimal-split-diff.png
    ────────────────────────────────────────────────────────────────────────────────────────────────

    attachment #2: screenshot (image/png) ──────────────────────────────────────────────────────────
    vue/test-results/profile-full/suite-preview/project-mobile-dark/shard-local/markdown-editor-chrome-mar-23d8b-rect-geometry-and-semantics-mobile-dark/test-failed-1.png
    ────────────────────────────────────────────────────────────────────────────────────────────────

    Error Context: vue/test-results/profile-full/suite-preview/project-mobile-dark/shard-local/markdown-editor-chrome-mar-23d8b-rect-geometry-and-semantics-mobile-dark/error-context.md

    attachment #4: trace (application/zip) ─────────────────────────────────────────────────────────
    vue/test-results/profile-full/suite-preview/project-mobile-dark/shard-local/markdown-editor-chrome-mar-23d8b-rect-geometry-and-semantics-mobile-dark/trace.zip
    Usage:

        pnpm exec playwright show-trace vue/test-results/profile-full/suite-preview/project-mobile-dark/shard-local/markdown-editor-chrome-mar-23d8b-rect-geometry-and-semantics-mobile-dark/trace.zip

    ────────────────────────────────────────────────────────────────────────────────────────────────

  39) [mobile-dark] › vue/tests/visual/markdown-editor-chrome.spec.ts:186:13 › markdown editor chrome variants matrix (#429) › keeps one editor instance through rapid mode switches 

    Error: [2mexpect([22m[31mreceived[39m[2m).[22mtoEqual[2m([22m[32mexpected[39m[2m) // deep equality[22m

    [32m- Expected  - 1[39m
    [31m+ Received  + 6[39m

    [32m- Array [][39m
    [31m+ Array [[39m
    [31m+   "requestfailed: GET http://127.0.0.1:4173/assets/typescript-BqvgUolh.js net::ERR_ABORTED",[39m
    [31m+   "requestfailed: GET http://127.0.0.1:4173/assets/github-dark-BQV5ugrc.js net::ERR_ABORTED",[39m
    [31m+   "requestfailed: GET http://127.0.0.1:4173/assets/markdown-heavy-feature-frame-CxxpVg7i.js net::ERR_ABORTED",[39m
    [31m+   "requestfailed: GET http://127.0.0.1:4173/assets/markdown-heavy-feature-frame-CxxpVg7i.js net::ERR_ABORTED",[39m
    [31m+ ][39m

      133 |
      134 | test.afterEach(async ({ page }) => {
    > 135 |   expect(diagnostics.get(page) ?? []).toEqual([])
          |                                       ^
      136 | })
      137 |
      138 | test.describe('markdown editor chrome variants matrix (#429)', () => {
        at /workspace/FsusUI/vue/tests/visual/markdown-editor-chrome.spec.ts:135:39

    attachment #1: screenshot (image/png) ──────────────────────────────────────────────────────────
    vue/test-results/profile-full/suite-preview/project-mobile-dark/shard-local/markdown-editor-chrome-mar-ef79c-through-rapid-mode-switches-mobile-dark/test-failed-1.png
    ────────────────────────────────────────────────────────────────────────────────────────────────

    Error Context: vue/test-results/profile-full/suite-preview/project-mobile-dark/shard-local/markdown-editor-chrome-mar-ef79c-through-rapid-mode-switches-mobile-dark/error-context.md

    attachment #3: trace (application/zip) ─────────────────────────────────────────────────────────
    vue/test-results/profile-full/suite-preview/project-mobile-dark/shard-local/markdown-editor-chrome-mar-ef79c-through-rapid-mode-switches-mobile-dark/trace.zip
    Usage:

        pnpm exec playwright show-trace vue/test-results/profile-full/suite-preview/project-mobile-dark/shard-local/markdown-editor-chrome-mar-ef79c-through-rapid-mode-switches-mobile-dark/trace.zip

    ────────────────────────────────────────────────────────────────────────────────────────────────

  40) [mobile-dark] › vue/tests/visual/markdown-editor-chrome.spec.ts:354:13 › markdown editor chrome variants matrix (#429) › stays usable at 150% and 200% zoom 

    Error: [2mexpect([22m[31mpage[39m[2m).[22mtoHaveScreenshot[2m([22m[32mexpected[39m[2m)[22m failed

      26837 pixels (ratio 0.06 of all image pixels) are different.

      Snapshot: chrome-evidence/zoom-150.png

    Call log:
    [2m  - Expect "toHaveScreenshot(chrome-evidence/zoom-150.png)" with timeout 20000ms[22m
    [2m    - verifying given screenshot expectation[22m
    [2m  - taking page screenshot[22m
    [2m    - disabled all CSS animations[22m
    [2m  - waiting for fonts to load...[22m
    [2m  - fonts loaded[22m
    [2m  - 26837 pixels (ratio 0.06 of all image pixels) are different.[22m
    [2m  - waiting 100ms before taking screenshot[22m
    [2m  - taking page screenshot[22m
    [2m    - disabled all CSS animations[22m
    [2m  - waiting for fonts to load...[22m
    [2m  - fonts loaded[22m
    [2m  - captured a stable screenshot[22m
    [2m  - 26837 pixels (ratio 0.06 of all image pixels) are different.[22m


      369 |         })
      370 |         expect(overflow).toBeLessThanOrEqual(1)
    > 371 |         await expect(page).toHaveScreenshot([
          |                            ^
      372 |           'chrome-evidence',
      373 |           `zoom-${Math.round(zoom * 100)}.png`,
      374 |         ])
        at /workspace/FsusUI/vue/tests/visual/markdown-editor-chrome.spec.ts:371:28

    attachment #1: chrome-evidence/zoom-150 (image/png) ────────────────────────────────────────────
    Expected: vue/tests/visual/markdown-editor-chrome.spec.ts-snapshots/chrome-evidence/zoom-150-mobile-dark-linux.png
    Received: vue/test-results/profile-full/suite-preview/project-mobile-dark/shard-local/markdown-editor-chrome-mar-b0df0--usable-at-150-and-200-zoom-mobile-dark/chrome-evidence/zoom-150-actual.png
    Diff:     vue/test-results/profile-full/suite-preview/project-mobile-dark/shard-local/markdown-editor-chrome-mar-b0df0--usable-at-150-and-200-zoom-mobile-dark/chrome-evidence/zoom-150-diff.png
    ────────────────────────────────────────────────────────────────────────────────────────────────

    attachment #2: screenshot (image/png) ──────────────────────────────────────────────────────────
    vue/test-results/profile-full/suite-preview/project-mobile-dark/shard-local/markdown-editor-chrome-mar-b0df0--usable-at-150-and-200-zoom-mobile-dark/test-failed-1.png
    ────────────────────────────────────────────────────────────────────────────────────────────────

    Error Context: vue/test-results/profile-full/suite-preview/project-mobile-dark/shard-local/markdown-editor-chrome-mar-b0df0--usable-at-150-and-200-zoom-mobile-dark/error-context.md

    attachment #4: trace (application/zip) ─────────────────────────────────────────────────────────
    vue/test-results/profile-full/suite-preview/project-mobile-dark/shard-local/markdown-editor-chrome-mar-b0df0--usable-at-150-and-200-zoom-mobile-dark/trace.zip
    Usage:

        pnpm exec playwright show-trace vue/test-results/profile-full/suite-preview/project-mobile-dark/shard-local/markdown-editor-chrome-mar-b0df0--usable-at-150-and-200-zoom-mobile-dark/trace.zip

    ────────────────────────────────────────────────────────────────────────────────────────────────

  41) [mobile-dark] › vue/tests/visual/markdown-editor-chrome.spec.ts:400:13 › markdown editor chrome variants matrix (#429) › renders toolbar, status, and slot visibility contract 

    Error: [2mexpect([22m[31mlocator[39m[2m).[22mtoContainText[2m([22m[32mexpected[39m[2m)[22m failed

    Locator: locator('.el-markdown-editor').getByTestId('chrome-visual-status-slot')
    Timeout: 20000ms
    [32m- Expected substring  -  1[39m
    [31m+ Received string     + 11[39m

    [32m- 已同步到草稿箱[39m
    [31m+ 227 字 · 45 词 · {[39m
    [31m+   "mode": "source",[39m
    [31m+   "readonly": false,[39m
    [31m+   "disabled": false,[39m
    [31m+   "loading": false[39m
    [31m+ } · supported{[39m
    [31m+   "mode": "source",[39m
    [31m+   "readonly": false,[39m
    [31m+   "disabled": false,[39m
    [31m+   "loading": false[39m
    [31m+ }[39m

    Call log:
    [2m  - Expect "toContainText" with timeout 20000ms[22m
    [2m  - waiting for locator('.el-markdown-editor').getByTestId('chrome-visual-status-slot')[22m
    [2m    23 × locator resolved to <span data-v-525503f0="" data-testid="chrome-visual-status-slot">227 字 · 45 词 · {↵  "mode": "source",↵  "readonly"…</span>[22m
    [2m       - unexpected value "227 字 · 45 词 · {[22m
    [2m  "mode": "source",[22m
    [2m  "readonly": false,[22m
    [2m  "disabled": false,[22m
    [2m  "loading": false[22m
    [2m} · supported{[22m
    [2m  "mode": "source",[22m
    [2m  "readonly": false,[22m
    [2m  "disabled": false,[22m
    [2m  "loading": false[22m
    [2m}"[22m


      424 |       await expect(
      425 |         slotted.getByTestId('chrome-visual-status-slot'),
    > 426 |       ).toContainText('已同步到草稿箱')
          |         ^
      427 |     },
      428 |   )
      429 |
        at /workspace/FsusUI/vue/tests/visual/markdown-editor-chrome.spec.ts:426:9

    attachment #1: screenshot (image/png) ──────────────────────────────────────────────────────────
    vue/test-results/profile-full/suite-preview/project-mobile-dark/shard-local/markdown-editor-chrome-mar-33728-nd-slot-visibility-contract-mobile-dark/test-failed-1.png
    ────────────────────────────────────────────────────────────────────────────────────────────────

    Error Context: vue/test-results/profile-full/suite-preview/project-mobile-dark/shard-local/markdown-editor-chrome-mar-33728-nd-slot-visibility-contract-mobile-dark/error-context.md

    attachment #3: trace (application/zip) ─────────────────────────────────────────────────────────
    vue/test-results/profile-full/suite-preview/project-mobile-dark/shard-local/markdown-editor-chrome-mar-33728-nd-slot-visibility-contract-mobile-dark/trace.zip
    Usage:

        pnpm exec playwright show-trace vue/test-results/profile-full/suite-preview/project-mobile-dark/shard-local/markdown-editor-chrome-mar-33728-nd-slot-visibility-contract-mobile-dark/trace.zip

    ────────────────────────────────────────────────────────────────────────────────────────────────

  42) [mobile-dark] › vue/tests/visual/markdown-editor-chrome.spec.ts:520:13 › markdown editor chrome variants matrix (#429) › keeps framed geometry under forced colors 

    Error: [2mexpect([22m[31mpage[39m[2m).[22mtoHaveScreenshot[2m([22m[32mexpected[39m[2m)[22m failed

      22256 pixels (ratio 0.05 of all image pixels) are different.

      Snapshot: chrome-evidence/forced-colors.png

    Call log:
    [2m  - Expect "toHaveScreenshot(chrome-evidence/forced-colors.png)" with timeout 20000ms[22m
    [2m    - verifying given screenshot expectation[22m
    [2m  - taking page screenshot[22m
    [2m    - disabled all CSS animations[22m
    [2m  - waiting for fonts to load...[22m
    [2m  - fonts loaded[22m
    [2m  - 22256 pixels (ratio 0.05 of all image pixels) are different.[22m
    [2m  - waiting 100ms before taking screenshot[22m
    [2m  - taking page screenshot[22m
    [2m    - disabled all CSS animations[22m
    [2m  - waiting for fonts to load...[22m
    [2m  - fonts loaded[22m
    [2m  - captured a stable screenshot[22m
    [2m  - 22256 pixels (ratio 0.05 of all image pixels) are different.[22m


      531 |       })
      532 |       expect(border.style).not.toBe('none')
    > 533 |       await expect(page).toHaveScreenshot([
          |                          ^
      534 |         'chrome-evidence',
      535 |         'forced-colors.png',
      536 |       ])
        at /workspace/FsusUI/vue/tests/visual/markdown-editor-chrome.spec.ts:533:26

    attachment #1: chrome-evidence/forced-colors (image/png) ───────────────────────────────────────
    Expected: vue/tests/visual/markdown-editor-chrome.spec.ts-snapshots/chrome-evidence/forced-colors-mobile-dark-linux.png
    Received: vue/test-results/profile-full/suite-preview/project-mobile-dark/shard-local/markdown-editor-chrome-mar-7ab56-eometry-under-forced-colors-mobile-dark/chrome-evidence/forced-colors-actual.png
    Diff:     vue/test-results/profile-full/suite-preview/project-mobile-dark/shard-local/markdown-editor-chrome-mar-7ab56-eometry-under-forced-colors-mobile-dark/chrome-evidence/forced-colors-diff.png
    ────────────────────────────────────────────────────────────────────────────────────────────────

    attachment #2: screenshot (image/png) ──────────────────────────────────────────────────────────
    vue/test-results/profile-full/suite-preview/project-mobile-dark/shard-local/markdown-editor-chrome-mar-7ab56-eometry-under-forced-colors-mobile-dark/test-failed-1.png
    ────────────────────────────────────────────────────────────────────────────────────────────────

    Error Context: vue/test-results/profile-full/suite-preview/project-mobile-dark/shard-local/markdown-editor-chrome-mar-7ab56-eometry-under-forced-colors-mobile-dark/error-context.md

    attachment #4: trace (application/zip) ─────────────────────────────────────────────────────────
    vue/test-results/profile-full/suite-preview/project-mobile-dark/shard-local/markdown-editor-chrome-mar-7ab56-eometry-under-forced-colors-mobile-dark/trace.zip
    Usage:

        pnpm exec playwright show-trace vue/test-results/profile-full/suite-preview/project-mobile-dark/shard-local/markdown-editor-chrome-mar-7ab56-eometry-under-forced-colors-mobile-dark/trace.zip

    ────────────────────────────────────────────────────────────────────────────────────────────────

  42 failed
    [desktop-light] › vue/tests/visual/audit.spec.ts:4:5 › audit component styles ──────────────────
    [desktop-light] › vue/tests/visual/capture-all.spec.ts:67:7 › capture data ─────────────────────
    [desktop-light] › vue/tests/visual/markdown-editor-chrome.spec.ts:186:13 › markdown editor chrome variants matrix (#429) › keeps one editor instance through rapid mode switches 
    [desktop-light] › vue/tests/visual/markdown-editor-chrome.spec.ts:400:13 › markdown editor chrome variants matrix (#429) › renders toolbar, status, and slot visibility contract 
    [desktop-light] › vue/tests/visual/motion-transition-acceptance.spec.ts:25:5 › zoom-in transitions use opacity+translate, no axis scale 
    [desktop-light] › vue/tests/visual/motion-transition-acceptance.spec.ts:50:5 › list transitions use <=8px displacement 
    [desktop-light] › vue/tests/visual/motion-transition-acceptance.spec.ts:72:5 › zoom-in overlay transitions have scale >= 0.98 
    [desktop-light] › vue/tests/visual/motion-transition-acceptance.spec.ts:94:5 › no transition uses 500ms 
    [mobile-light] › vue/tests/visual/capture-all.spec.ts:67:7 › capture data ──────────────────────
    [mobile-light] › vue/tests/visual/markdown-editor-chrome.spec.ts:141:17 › markdown editor chrome variants matrix (#429) › renders framed chrome in source mode with correct geometry and semantics 
    [mobile-light] › vue/tests/visual/markdown-editor-chrome.spec.ts:141:17 › markdown editor chrome variants matrix (#429) › renders framed chrome in live mode with correct geometry and semantics 
    [mobile-light] › vue/tests/visual/markdown-editor-chrome.spec.ts:141:17 › markdown editor chrome variants matrix (#429) › renders framed chrome in split mode with correct geometry and semantics 
    [mobile-light] › vue/tests/visual/markdown-editor-chrome.spec.ts:141:17 › markdown editor chrome variants matrix (#429) › renders embedded chrome in source mode with correct geometry and semantics 
    [mobile-light] › vue/tests/visual/markdown-editor-chrome.spec.ts:141:17 › markdown editor chrome variants matrix (#429) › renders embedded chrome in live mode with correct geometry and semantics 
    [mobile-light] › vue/tests/visual/markdown-editor-chrome.spec.ts:141:17 › markdown editor chrome variants matrix (#429) › renders embedded chrome in split mode with correct geometry and semantics 
    [mobile-light] › vue/tests/visual/markdown-editor-chrome.spec.ts:141:17 › markdown editor chrome variants matrix (#429) › renders minimal chrome in source mode with correct geometry and semantics 
    [mobile-light] › vue/tests/visual/markdown-editor-chrome.spec.ts:141:17 › markdown editor chrome variants matrix (#429) › renders minimal chrome in live mode with correct geometry and semantics 
    [mobile-light] › vue/tests/visual/markdown-editor-chrome.spec.ts:141:17 › markdown editor chrome variants matrix (#429) › renders minimal chrome in split mode with correct geometry and semantics 
    [mobile-light] › vue/tests/visual/markdown-editor-chrome.spec.ts:354:13 › markdown editor chrome variants matrix (#429) › stays usable at 150% and 200% zoom 
    [mobile-light] › vue/tests/visual/markdown-editor-chrome.spec.ts:400:13 › markdown editor chrome variants matrix (#429) › renders toolbar, status, and slot visibility contract 
    [mobile-light] › vue/tests/visual/markdown-editor-chrome.spec.ts:520:13 › markdown editor chrome variants matrix (#429) › keeps framed geometry under forced colors 
    [desktop-dark] › vue/tests/visual/capture-all.spec.ts:67:7 › capture data ──────────────────────
    [desktop-dark] › vue/tests/visual/markdown-editor-chrome.spec.ts:186:13 › markdown editor chrome variants matrix (#429) › keeps one editor instance through rapid mode switches 
    [desktop-dark] › vue/tests/visual/markdown-editor-chrome.spec.ts:400:13 › markdown editor chrome variants matrix (#429) › renders toolbar, status, and slot visibility contract 
    [desktop-dark] › vue/tests/visual/motion-transition-acceptance.spec.ts:25:5 › zoom-in transitions use opacity+translate, no axis scale 
    [desktop-dark] › vue/tests/visual/motion-transition-acceptance.spec.ts:50:5 › list transitions use <=8px displacement 
    [desktop-dark] › vue/tests/visual/motion-transition-acceptance.spec.ts:72:5 › zoom-in overlay transitions have scale >= 0.98 
    [desktop-dark] › vue/tests/visual/motion-transition-acceptance.spec.ts:94:5 › no transition uses 500ms 
    [mobile-dark] › vue/tests/visual/capture-all.spec.ts:67:7 › capture data ───────────────────────
    [mobile-dark] › vue/tests/visual/markdown-editor-chrome.spec.ts:141:17 › markdown editor chrome variants matrix (#429) › renders framed chrome in source mode with correct geometry and semantics 
    [mobile-dark] › vue/tests/visual/markdown-editor-chrome.spec.ts:141:17 › markdown editor chrome variants matrix (#429) › renders framed chrome in live mode with correct geometry and semantics 
    [mobile-dark] › vue/tests/visual/markdown-editor-chrome.spec.ts:141:17 › markdown editor chrome variants matrix (#429) › renders framed chrome in split mode with correct geometry and semantics 
    [mobile-dark] › vue/tests/visual/markdown-editor-chrome.spec.ts:141:17 › markdown editor chrome variants matrix (#429) › renders embedded chrome in source mode with correct geometry and semantics 
    [mobile-dark] › vue/tests/visual/markdown-editor-chrome.spec.ts:141:17 › markdown editor chrome variants matrix (#429) › renders embedded chrome in live mode with correct geometry and semantics 
    [mobile-dark] › vue/tests/visual/markdown-editor-chrome.spec.ts:141:17 › markdown editor chrome variants matrix (#429) › renders embedded chrome in split mode with correct geometry and semantics 
    [mobile-dark] › vue/tests/visual/markdown-editor-chrome.spec.ts:141:17 › markdown editor chrome variants matrix (#429) › renders minimal chrome in source mode with correct geometry and semantics 
    [mobile-dark] › vue/tests/visual/markdown-editor-chrome.spec.ts:141:17 › markdown editor chrome variants matrix (#429) › renders minimal chrome in live mode with correct geometry and semantics 
    [mobile-dark] › vue/tests/visual/markdown-editor-chrome.spec.ts:141:17 › markdown editor chrome variants matrix (#429) › renders minimal chrome in split mode with correct geometry and semantics 
    [mobile-dark] › vue/tests/visual/markdown-editor-chrome.spec.ts:186:13 › markdown editor chrome variants matrix (#429) › keeps one editor instance through rapid mode switches 
    [mobile-dark] › vue/tests/visual/markdown-editor-chrome.spec.ts:354:13 › markdown editor chrome variants matrix (#429) › stays usable at 150% and 200% zoom 
    [mobile-dark] › vue/tests/visual/markdown-editor-chrome.spec.ts:400:13 › markdown editor chrome variants matrix (#429) › renders toolbar, status, and slot visibility contract 
    [mobile-dark] › vue/tests/visual/markdown-editor-chrome.spec.ts:520:13 › markdown editor chrome variants matrix (#429) › keeps framed geometry under forced colors 
  646 passed (28.1m)

Running 19 tests using 1 worker

  ✘   1 vue/tests/demo-app-dev/demo-app-dev.spec.ts:159:7 › dev server home route has no browser diagnostics (19.9s)
  ✓   2 vue/tests/demo-app-dev/demo-app-dev.spec.ts:159:7 › dev server basic route has no browser diagnostics (4.1s)
  ✓   3 vue/tests/demo-app-dev/demo-app-dev.spec.ts:159:7 › dev server form route has no browser diagnostics (7.1s)
  ✘   4 vue/tests/demo-app-dev/demo-app-dev.spec.ts:159:7 › dev server data route has no browser diagnostics (5.3s)
  ✓   5 vue/tests/demo-app-dev/demo-app-dev.spec.ts:159:7 › dev server navigation route has no browser diagnostics (4.9s)
  ✓   6 vue/tests/demo-app-dev/demo-app-dev.spec.ts:159:7 › dev server feedback route has no browser diagnostics (4.0s)
  ✓   7 vue/tests/demo-app-dev/demo-app-dev.spec.ts:159:7 › dev server others route has no browser diagnostics (5.2s)
  ✓   8 vue/tests/demo-app-dev/demo-app-dev.spec.ts:159:7 › dev server icons route has no browser diagnostics (4.8s)
  ✘   9 vue/tests/demo-app-dev/demo-app-dev.spec.ts:159:7 › dev server markdown-stress route has no browser diagnostics (1.2m)
  ✓  10 vue/tests/demo-app-dev/demo-app-dev.spec.ts:181:5 › dev server serves the current Select V2 option emphasis styles (7.5s)
  ✘  11 vue/tests/demo-app-dev/demo-app-dev.spec.ts:251:5 › default home mounts only the virtual window and navigates to sections (8.2s)
  ✘  12 vue/tests/demo-app-dev/demo-app-dev.spec.ts:269:5 › default home TreeSelect dropdown does not bleed into the next section (8.4s)
  ✓  13 vue/tests/demo-app-dev/demo-app-dev.spec.ts:323:5 › Others card header keeps title and action separated on narrow screens (4.3s)
  ✘  14 vue/tests/demo-app-dev/demo-app-dev.spec.ts:372:5 › Calendar header controls use soft segmented styling (4.2s)
  ✓  15 vue/tests/demo-app-dev/demo-app-dev.spec.ts:418:5 › Calendar title follows the browser locale in demo app (4.4s)
  ✘  16 vue/tests/demo-app-dev/demo-app-dev.spec.ts:429:5 › markdown stress route renders long raw HTML without browser diagnostics (1.2m)
  ✘  17 vue/tests/demo-app-dev/demo-app-dev.spec.ts:661:5 › markdown stress scrollbar thumb drag stays smooth without text blur (1.2m)
  ✘  18 vue/tests/demo-app-dev/demo-app-dev.spec.ts:814:5 › markdown stress preview scroll remains monotonic while renderer settles (1.2m)
  ✘  19 vue/tests/demo-app-dev/demo-app-dev.spec.ts:839:5 › markdown stress preview keeps position in narrow devtools-like viewport (1.2m)


  1) vue/tests/demo-app-dev/demo-app-dev.spec.ts:159:7 › dev server home route has no browser diagnostics 

    Error: [2mexpect([22m[31mreceived[39m[2m).[22mtoEqual[2m([22m[32mexpected[39m[2m) // deep equality[22m

    [32m- Expected  - 1[39m
    [31m+ Received  + 6[39m

    [32m- Array [][39m
    [31m+ Array [[39m
    [31m+   "requestfailed: GET https://cube.elemecdn.com/3/7c/3ea6beec64369c2642b92c6726f1epng.png net::ERR_CERT_AUTHORITY_INVALID",[39m
    [31m+   "console.error: Failed to load resource: net::ERR_CERT_AUTHORITY_INVALID",[39m
    [31m+   "requestfailed: GET https://cube.elemecdn.com/9/c2/f0ee8a3c7c9638a54940382568c9dpng.png net::ERR_CERT_AUTHORITY_INVALID",[39m
    [31m+   "console.error: Failed to load resource: net::ERR_CERT_AUTHORITY_INVALID",[39m
    [31m+ ][39m

      48 |
      49 | test.afterEach(async ({ page }) => {
    > 50 |   expect(diagnostics.get(page) ?? []).toEqual([])
         |                                       ^
      51 | })
      52 |
      53 | type MarkdownScrollSample = {
        at /workspace/FsusUI/vue/tests/demo-app-dev/demo-app-dev.spec.ts:50:39

    attachment #1: screenshot (image/png) ──────────────────────────────────────────────────────────
    vue/test-results/profile-full/suite-dev/project-default/shard-local/demo-app-dev-dev-server-ho-b234b--has-no-browser-diagnostics/test-failed-1.png
    ────────────────────────────────────────────────────────────────────────────────────────────────

    Error Context: vue/test-results/profile-full/suite-dev/project-default/shard-local/demo-app-dev-dev-server-ho-b234b--has-no-browser-diagnostics/error-context.md

    attachment #3: trace (application/zip) ─────────────────────────────────────────────────────────
    vue/test-results/profile-full/suite-dev/project-default/shard-local/demo-app-dev-dev-server-ho-b234b--has-no-browser-diagnostics/trace.zip
    Usage:

        pnpm exec playwright show-trace vue/test-results/profile-full/suite-dev/project-default/shard-local/demo-app-dev-dev-server-ho-b234b--has-no-browser-diagnostics/trace.zip

    ────────────────────────────────────────────────────────────────────────────────────────────────

  2) vue/tests/demo-app-dev/demo-app-dev.spec.ts:159:7 › dev server data route has no browser diagnostics 

    Error: [2mexpect([22m[31mreceived[39m[2m).[22mtoEqual[2m([22m[32mexpected[39m[2m) // deep equality[22m

    [32m- Expected  - 1[39m
    [31m+ Received  + 6[39m

    [32m- Array [][39m
    [31m+ Array [[39m
    [31m+   "requestfailed: GET https://cube.elemecdn.com/3/7c/3ea6beec64369c2642b92c6726f1epng.png net::ERR_CERT_AUTHORITY_INVALID",[39m
    [31m+   "console.error: Failed to load resource: net::ERR_CERT_AUTHORITY_INVALID",[39m
    [31m+   "requestfailed: GET https://cube.elemecdn.com/9/c2/f0ee8a3c7c9638a54940382568c9dpng.png net::ERR_CERT_AUTHORITY_INVALID",[39m
    [31m+   "console.error: Failed to load resource: net::ERR_CERT_AUTHORITY_INVALID",[39m
    [31m+ ][39m

      48 |
      49 | test.afterEach(async ({ page }) => {
    > 50 |   expect(diagnostics.get(page) ?? []).toEqual([])
         |                                       ^
      51 | })
      52 |
      53 | type MarkdownScrollSample = {
        at /workspace/FsusUI/vue/tests/demo-app-dev/demo-app-dev.spec.ts:50:39

    attachment #1: screenshot (image/png) ──────────────────────────────────────────────────────────
    vue/test-results/profile-full/suite-dev/project-default/shard-local/demo-app-dev-dev-server-da-951a7--has-no-browser-diagnostics/test-failed-1.png
    ────────────────────────────────────────────────────────────────────────────────────────────────

    Error Context: vue/test-results/profile-full/suite-dev/project-default/shard-local/demo-app-dev-dev-server-da-951a7--has-no-browser-diagnostics/error-context.md

    attachment #3: trace (application/zip) ─────────────────────────────────────────────────────────
    vue/test-results/profile-full/suite-dev/project-default/shard-local/demo-app-dev-dev-server-da-951a7--has-no-browser-diagnostics/trace.zip
    Usage:

        pnpm exec playwright show-trace vue/test-results/profile-full/suite-dev/project-default/shard-local/demo-app-dev-dev-server-da-951a7--has-no-browser-diagnostics/trace.zip

    ────────────────────────────────────────────────────────────────────────────────────────────────

  3) vue/tests/demo-app-dev/demo-app-dev.spec.ts:159:7 › dev server markdown-stress route has no browser diagnostics 

    [31mTest timeout of 60000ms exceeded.[39m

    Error Context: vue/test-results/profile-full/suite-dev/project-default/shard-local/demo-app-dev-dev-server-ma-dfdbb--has-no-browser-diagnostics/error-context.md

    attachment #2: trace (application/zip) ─────────────────────────────────────────────────────────
    vue/test-results/profile-full/suite-dev/project-default/shard-local/demo-app-dev-dev-server-ma-dfdbb--has-no-browser-diagnostics/trace.zip
    Usage:

        pnpm exec playwright show-trace vue/test-results/profile-full/suite-dev/project-default/shard-local/demo-app-dev-dev-server-ma-dfdbb--has-no-browser-diagnostics/trace.zip

    ────────────────────────────────────────────────────────────────────────────────────────────────

  4) vue/tests/demo-app-dev/demo-app-dev.spec.ts:251:5 › default home mounts only the virtual window and navigates to sections 

    Error: [2mexpect([22m[31mreceived[39m[2m).[22mtoEqual[2m([22m[32mexpected[39m[2m) // deep equality[22m

    [32m- Expected  - 1[39m
    [31m+ Received  + 6[39m

    [32m- Array [][39m
    [31m+ Array [[39m
    [31m+   "requestfailed: GET https://cube.elemecdn.com/3/7c/3ea6beec64369c2642b92c6726f1epng.png net::ERR_CERT_AUTHORITY_INVALID",[39m
    [31m+   "console.error: Failed to load resource: net::ERR_CERT_AUTHORITY_INVALID",[39m
    [31m+   "requestfailed: GET https://cube.elemecdn.com/9/c2/f0ee8a3c7c9638a54940382568c9dpng.png net::ERR_CERT_AUTHORITY_INVALID",[39m
    [31m+   "console.error: Failed to load resource: net::ERR_CERT_AUTHORITY_INVALID",[39m
    [31m+ ][39m

      48 |
      49 | test.afterEach(async ({ page }) => {
    > 50 |   expect(diagnostics.get(page) ?? []).toEqual([])
         |                                       ^
      51 | })
      52 |
      53 | type MarkdownScrollSample = {
        at /workspace/FsusUI/vue/tests/demo-app-dev/demo-app-dev.spec.ts:50:39

    attachment #1: screenshot (image/png) ──────────────────────────────────────────────────────────
    vue/test-results/profile-full/suite-dev/project-default/shard-local/demo-app-dev-default-home--f3454-w-and-navigates-to-sections/test-failed-1.png
    ────────────────────────────────────────────────────────────────────────────────────────────────

    Error Context: vue/test-results/profile-full/suite-dev/project-default/shard-local/demo-app-dev-default-home--f3454-w-and-navigates-to-sections/error-context.md

    attachment #3: trace (application/zip) ─────────────────────────────────────────────────────────
    vue/test-results/profile-full/suite-dev/project-default/shard-local/demo-app-dev-default-home--f3454-w-and-navigates-to-sections/trace.zip
    Usage:

        pnpm exec playwright show-trace vue/test-results/profile-full/suite-dev/project-default/shard-local/demo-app-dev-default-home--f3454-w-and-navigates-to-sections/trace.zip

    ────────────────────────────────────────────────────────────────────────────────────────────────

  5) vue/tests/demo-app-dev/demo-app-dev.spec.ts:269:5 › default home TreeSelect dropdown does not bleed into the next section 

    Error: [2mexpect([22m[31mreceived[39m[2m).[22mtoEqual[2m([22m[32mexpected[39m[2m) // deep equality[22m

    [32m- Expected  - 1[39m
    [31m+ Received  + 4[39m

    [32m- Array [][39m
    [31m+ Array [[39m
    [31m+   "requestfailed: GET https://cube.elemecdn.com/3/7c/3ea6beec64369c2642b92c6726f1epng.png net::ERR_CERT_AUTHORITY_INVALID",[39m
    [31m+   "console.error: Failed to load resource: net::ERR_CERT_AUTHORITY_INVALID",[39m
    [31m+ ][39m

      48 |
      49 | test.afterEach(async ({ page }) => {
    > 50 |   expect(diagnostics.get(page) ?? []).toEqual([])
         |                                       ^
      51 | })
      52 |
      53 | type MarkdownScrollSample = {
        at /workspace/FsusUI/vue/tests/demo-app-dev/demo-app-dev.spec.ts:50:39

    attachment #1: screenshot (image/png) ──────────────────────────────────────────────────────────
    vue/test-results/profile-full/suite-dev/project-default/shard-local/demo-app-dev-default-home--77e8c-bleed-into-the-next-section/test-failed-1.png
    ────────────────────────────────────────────────────────────────────────────────────────────────

    Error Context: vue/test-results/profile-full/suite-dev/project-default/shard-local/demo-app-dev-default-home--77e8c-bleed-into-the-next-section/error-context.md

    attachment #3: trace (application/zip) ─────────────────────────────────────────────────────────
    vue/test-results/profile-full/suite-dev/project-default/shard-local/demo-app-dev-default-home--77e8c-bleed-into-the-next-section/trace.zip
    Usage:

        pnpm exec playwright show-trace vue/test-results/profile-full/suite-dev/project-default/shard-local/demo-app-dev-default-home--77e8c-bleed-into-the-next-section/trace.zip

    ────────────────────────────────────────────────────────────────────────────────────────────────

  6) vue/tests/demo-app-dev/demo-app-dev.spec.ts:372:5 › Calendar header controls use soft segmented styling 

    Error: [2mexpect([22m[31mreceived[39m[2m).[22mtoEqual[2m([22m[32mexpected[39m[2m) // deep equality[22m

    [32m- Expected  - 1[39m
    [31m+ Received  + 6[39m

    [32m- Array [][39m
    [31m+ Array [[39m
    [31m+   "requestfailed: GET https://cube.elemecdn.com/3/7c/3ea6beec64369c2642b92c6726f1epng.png net::ERR_CERT_AUTHORITY_INVALID",[39m
    [31m+   "console.error: Failed to load resource: net::ERR_CERT_AUTHORITY_INVALID",[39m
    [31m+   "requestfailed: GET https://cube.elemecdn.com/9/c2/f0ee8a3c7c9638a54940382568c9dpng.png net::ERR_CERT_AUTHORITY_INVALID",[39m
    [31m+   "console.error: Failed to load resource: net::ERR_CERT_AUTHORITY_INVALID",[39m
    [31m+ ][39m

      48 |
      49 | test.afterEach(async ({ page }) => {
    > 50 |   expect(diagnostics.get(page) ?? []).toEqual([])
         |                                       ^
      51 | })
      52 |
      53 | type MarkdownScrollSample = {
        at /workspace/FsusUI/vue/tests/demo-app-dev/demo-app-dev.spec.ts:50:39

    attachment #1: screenshot (image/png) ──────────────────────────────────────────────────────────
    vue/test-results/profile-full/suite-dev/project-default/shard-local/demo-app-dev-Calendar-head-998cc--use-soft-segmented-styling/test-failed-1.png
    ────────────────────────────────────────────────────────────────────────────────────────────────

    Error Context: vue/test-results/profile-full/suite-dev/project-default/shard-local/demo-app-dev-Calendar-head-998cc--use-soft-segmented-styling/error-context.md

    attachment #3: trace (application/zip) ─────────────────────────────────────────────────────────
    vue/test-results/profile-full/suite-dev/project-default/shard-local/demo-app-dev-Calendar-head-998cc--use-soft-segmented-styling/trace.zip
    Usage:

        pnpm exec playwright show-trace vue/test-results/profile-full/suite-dev/project-default/shard-local/demo-app-dev-Calendar-head-998cc--use-soft-segmented-styling/trace.zip

    ────────────────────────────────────────────────────────────────────────────────────────────────

  7) vue/tests/demo-app-dev/demo-app-dev.spec.ts:429:5 › markdown stress route renders long raw HTML without browser diagnostics 

    [31mTest timeout of 60000ms exceeded.[39m

    Error: [2mexpect([22m[31mlocator[39m[2m).[22mtoHaveText[2m([22m[32mexpected[39m[2m)[22m failed

    Locator:  locator('[data-testid="markdown-stress-status"]')
    Expected: [32m"complete"[39m
    Received: [31m"rendering"[39m
    Timeout:  30000ms

    Call log:
    [2m  - Expect "toHaveText" with timeout 30000ms[22m
    [2m  - waiting for locator('[data-testid="markdown-stress-status"]')[22m
    [2m    4 × locator resolved to <strong data-testid="markdown-stress-status">rendering</strong>[22m
    [2m      - unexpected value "rendering"[22m


      445 |   await expect(
      446 |     page.locator('[data-testid="markdown-stress-status"]'),
    > 447 |   ).toHaveText('complete', { timeout: 30_000 })
          |     ^
      448 |
      449 |   const metrics = await page
      450 |     .locator('[data-testid="markdown-stress-metrics"]')
        at /workspace/FsusUI/vue/tests/demo-app-dev/demo-app-dev.spec.ts:447:5

    Error Context: vue/test-results/profile-full/suite-dev/project-default/shard-local/demo-app-dev-markdown-stre-6465b-without-browser-diagnostics/error-context.md

    attachment #2: trace (application/zip) ─────────────────────────────────────────────────────────
    vue/test-results/profile-full/suite-dev/project-default/shard-local/demo-app-dev-markdown-stre-6465b-without-browser-diagnostics/trace.zip
    Usage:

        pnpm exec playwright show-trace vue/test-results/profile-full/suite-dev/project-default/shard-local/demo-app-dev-markdown-stre-6465b-without-browser-diagnostics/trace.zip

    ────────────────────────────────────────────────────────────────────────────────────────────────

  8) vue/tests/demo-app-dev/demo-app-dev.spec.ts:661:5 › markdown stress scrollbar thumb drag stays smooth without text blur 

    [31mTest timeout of 60000ms exceeded.[39m

    Error: [2mexpect([22m[31mlocator[39m[2m).[22mtoHaveText[2m([22m[32mexpected[39m[2m)[22m failed

    Locator:  locator('[data-testid="markdown-stress-status"]')
    Expected: [32m"complete"[39m
    Received: [31m"rendering"[39m
    Timeout:  20000ms

    Call log:
    [2m  - Expect "toHaveText" with timeout 20000ms[22m
    [2m  - waiting for locator('[data-testid="markdown-stress-status"]')[22m
    [2m    2 × locator resolved to <strong data-testid="markdown-stress-status">rendering</strong>[22m
    [2m      - unexpected value "rendering"[22m


      670 |   await expect(
      671 |     page.locator('[data-testid="markdown-stress-status"]'),
    > 672 |   ).toHaveText('complete', { timeout: 20_000 })
          |     ^
      673 |
      674 |   const scrollbar = page.locator('.markdown-stress-scrollbar')
      675 |   const wrap = scrollbar.locator('.el-scrollbar__wrap').first()
        at /workspace/FsusUI/vue/tests/demo-app-dev/demo-app-dev.spec.ts:672:5

    Error Context: vue/test-results/profile-full/suite-dev/project-default/shard-local/demo-app-dev-markdown-stre-918da-ys-smooth-without-text-blur/error-context.md

    attachment #2: trace (application/zip) ─────────────────────────────────────────────────────────
    vue/test-results/profile-full/suite-dev/project-default/shard-local/demo-app-dev-markdown-stre-918da-ys-smooth-without-text-blur/trace.zip
    Usage:

        pnpm exec playwright show-trace vue/test-results/profile-full/suite-dev/project-default/shard-local/demo-app-dev-markdown-stre-918da-ys-smooth-without-text-blur/trace.zip

    ────────────────────────────────────────────────────────────────────────────────────────────────

  9) vue/tests/demo-app-dev/demo-app-dev.spec.ts:814:5 › markdown stress preview scroll remains monotonic while renderer settles 

    [31mTest timeout of 60000ms exceeded.[39m

    Error: page.evaluate: Test timeout of 60000ms exceeded.

      64 |   const { steps = 80, delta = 900, delayMs = 8 } = options
      65 |
    > 66 |   return page.evaluate(
         |               ^
      67 |     async ({ delta, delayMs, steps }) => {
      68 |       const wrap = document.querySelector<HTMLElement>(
      69 |         '.markdown-stress-scrollbar .el-scrollbar__wrap',
        at sampleMarkdownStressScroll (/workspace/FsusUI/vue/tests/demo-app-dev/demo-app-dev.spec.ts:66:15)
        at /workspace/FsusUI/vue/tests/demo-app-dev/demo-app-dev.spec.ts:828:25

    Error Context: vue/test-results/profile-full/suite-dev/project-default/shard-local/demo-app-dev-markdown-stre-9cf08-onic-while-renderer-settles/error-context.md

    attachment #2: trace (application/zip) ─────────────────────────────────────────────────────────
    vue/test-results/profile-full/suite-dev/project-default/shard-local/demo-app-dev-markdown-stre-9cf08-onic-while-renderer-settles/trace.zip
    Usage:

        pnpm exec playwright show-trace vue/test-results/profile-full/suite-dev/project-default/shard-local/demo-app-dev-markdown-stre-9cf08-onic-while-renderer-settles/trace.zip

    ────────────────────────────────────────────────────────────────────────────────────────────────

  10) vue/tests/demo-app-dev/demo-app-dev.spec.ts:839:5 › markdown stress preview keeps position in narrow devtools-like viewport 

    [31mTest timeout of 60000ms exceeded.[39m

    Error: [2mexpect([22m[31mlocator[39m[2m).[22mtoHaveText[2m([22m[32mexpected[39m[2m)[22m failed

    Locator:  locator('[data-testid="markdown-stress-status"]')
    Expected: [32m"complete"[39m
    Received: [31m"rendering"[39m
    Timeout:  20000ms

    Call log:
    [2m  - Expect "toHaveText" with timeout 20000ms[22m
    [2m  - waiting for locator('[data-testid="markdown-stress-status"]')[22m
    [2m    3 × locator resolved to <strong data-testid="markdown-stress-status">rendering</strong>[22m
    [2m      - unexpected value "rendering"[22m


      848 |   await expect(
      849 |     page.locator('[data-testid="markdown-stress-status"]'),
    > 850 |   ).toHaveText('complete', { timeout: 20_000 })
          |     ^
      851 |
      852 |   const samples = await sampleMarkdownStressScroll(page, {
      853 |     delayMs: 8,
        at /workspace/FsusUI/vue/tests/demo-app-dev/demo-app-dev.spec.ts:850:5

    Error Context: vue/test-results/profile-full/suite-dev/project-default/shard-local/demo-app-dev-markdown-stre-fdf27-rrow-devtools-like-viewport/error-context.md

    attachment #2: trace (application/zip) ─────────────────────────────────────────────────────────
    vue/test-results/profile-full/suite-dev/project-default/shard-local/demo-app-dev-markdown-stre-fdf27-rrow-devtools-like-viewport/trace.zip
    Usage:

        pnpm exec playwright show-trace vue/test-results/profile-full/suite-dev/project-default/shard-local/demo-app-dev-markdown-stre-fdf27-rrow-devtools-like-viewport/trace.zip

    ────────────────────────────────────────────────────────────────────────────────────────────────

  10 failed
    vue/tests/demo-app-dev/demo-app-dev.spec.ts:159:7 › dev server home route has no browser diagnostics 
    vue/tests/demo-app-dev/demo-app-dev.spec.ts:159:7 › dev server data route has no browser diagnostics 
    vue/tests/demo-app-dev/demo-app-dev.spec.ts:159:7 › dev server markdown-stress route has no browser diagnostics 
    vue/tests/demo-app-dev/demo-app-dev.spec.ts:251:5 › default home mounts only the virtual window and navigates to sections 
    vue/tests/demo-app-dev/demo-app-dev.spec.ts:269:5 › default home TreeSelect dropdown does not bleed into the next section 
    vue/tests/demo-app-dev/demo-app-dev.spec.ts:372:5 › Calendar header controls use soft segmented styling 
    vue/tests/demo-app-dev/demo-app-dev.spec.ts:429:5 › markdown stress route renders long raw HTML without browser diagnostics 
    vue/tests/demo-app-dev/demo-app-dev.spec.ts:661:5 › markdown stress scrollbar thumb drag stays smooth without text blur 
    vue/tests/demo-app-dev/demo-app-dev.spec.ts:814:5 › markdown stress preview scroll remains monotonic while renderer settles 
    vue/tests/demo-app-dev/demo-app-dev.spec.ts:839:5 › markdown stress preview keeps position in narrow devtools-like viewport 
  9 passed (7.9m)
 ELIFECYCLE  Command failed with exit code 1.
