2026-10-09T07:55:17.6285202Z Current runner version: '2.337.0'
2026-10-09T07:55:17.6311995Z ##[group]Runner Image Provisioner
2026-10-09T07:55:17.6312971Z Hosted Compute Agent
2026-10-09T07:55:17.6313568Z Version: 20261002.596
2026-10-09T07:55:17.6314197Z Commit: c3d12f3313a95f25162a1503be624f3b0617f8c0
2026-10-09T07:55:17.6315042Z Build Date: 2026-10-02T22:28:27Z
2026-10-09T07:55:17.6315736Z Worker ID: {2ed7a339-b0ca-4e0e-8804-186b0fd69edd}
2026-10-09T07:55:17.6316511Z Region: eastus2
2026-10-09T07:55:17.6317176Z Cloud: Azure
2026-10-09T07:55:17.6317713Z ##[endgroup]
2026-10-09T07:55:17.6319722Z ##[group]Operating System
2026-10-09T07:55:17.6320421Z Ubuntu
2026-10-09T07:55:17.6320996Z 24.04.5
2026-10-09T07:55:17.6321522Z LTS
2026-10-09T07:55:17.6322067Z ##[endgroup]
2026-10-09T07:55:17.6322660Z ##[group]Runner Image
2026-10-09T07:55:17.6323265Z Image: ubuntu-24.04
2026-10-09T07:55:17.6323815Z Version: 20261004.327.1
2026-10-09T07:55:17.6325139Z Included Software: https://github.com/actions/runner-images/blob/ubuntu24/20261004.327/images/ubuntu/Ubuntu2404-Readme.md
2026-10-09T07:55:17.6326841Z Image Release: https://github.com/actions/runner-images/releases/tag/ubuntu24%2F20261004.327
2026-10-09T07:55:17.6327957Z ##[endgroup]
2026-10-09T07:55:17.6329641Z ##[group]GITHUB_TOKEN Permissions
2026-10-09T07:55:17.6331843Z Contents: read
2026-10-09T07:55:17.6332479Z Metadata: read
2026-10-09T07:55:17.6333146Z Packages: read
2026-10-09T07:55:17.6333693Z ##[endgroup]
2026-10-09T07:55:17.6336430Z Secret source: Actions
2026-10-09T07:55:17.6337505Z Cache mode: write
2026-10-09T07:55:17.6338942Z Prepare workflow directory
2026-10-09T07:55:17.6915826Z Prepare all required actions
2026-10-09T07:55:17.6966962Z Getting action download info
2026-10-09T07:55:17.9856703Z Download action repository 'actions/checkout@v4' (SHA:11d5960a326750d5838078e36cf38b85af677262)
2026-10-09T07:55:18.1971394Z Download action repository 'pnpm/action-setup@v4' (SHA:b906affcce14559ad1aafd4ab0e942779e9f58b1)
2026-10-09T07:55:18.4423658Z Download action repository 'actions/setup-node@v4' (SHA:49933ea5288caeca8642d1e84afbd3f7d6820020)
2026-10-09T07:55:18.5281447Z Download action repository 'emscripten-core/setup-emsdk@v15' (SHA:667eb33f24e84e7f362c16d8d7fff0629a73e15e)
2026-10-09T07:55:18.6890816Z Download action repository 'actions/cache@v4' (SHA:0057852bfaa89a56745cba8c7296529d2fc39830)
2026-10-09T07:55:18.7822487Z Download action repository 'actions/download-artifact@v4' (SHA:d3f86a106a0bac45b974a628896c90dbdf5c8093)
2026-10-09T07:55:18.9848081Z Download action repository 'actions/upload-artifact@v4' (SHA:ea165f8d65b6e75b540449e92b4886f43607fa02)
2026-10-09T07:55:19.2591279Z Uses: Ozwasyd/FsusUI/.github/workflows/_quality-playwright.yml@refs/pull/882/merge (ba90d4df9b0b76e3c8cf7b4a57ceab08ded13990)
2026-10-09T07:55:19.2597248Z ##[group] Inputs
2026-10-09T07:55:19.2598148Z   group: pr
2026-10-09T07:55:19.2599226Z ##[endgroup]
2026-10-09T07:55:19.2600366Z Complete job name: premerge-playwright / playwright-conformance
2026-10-09T07:55:19.3655740Z ##[group]Run actions/checkout@v4
2026-10-09T07:55:19.3657160Z with:
2026-10-09T07:55:19.3658000Z   repository: Ozwasyd/FsusUI
2026-10-09T07:55:19.3667015Z   token: ***
2026-10-09T07:55:19.3667835Z   ssh-strict: true
2026-10-09T07:55:19.3668818Z   ssh-user: git
2026-10-09T07:55:19.3669679Z   persist-credentials: true
2026-10-09T07:55:19.3670622Z   clean: true
2026-10-09T07:55:19.3671496Z   sparse-checkout-cone-mode: true
2026-10-09T07:55:19.3672496Z   fetch-depth: 1
2026-10-09T07:55:19.3673310Z   fetch-tags: false
2026-10-09T07:55:19.3674161Z   show-progress: true
2026-10-09T07:55:19.3675006Z   lfs: false
2026-10-09T07:55:19.3675789Z   submodules: false
2026-10-09T07:55:19.3676648Z   set-safe-directory: true
2026-10-09T07:55:19.3677647Z   allow-unsafe-pr-checkout: false
2026-10-09T07:55:19.3679100Z env:
2026-10-09T07:55:19.3680377Z   PLAYWRIGHT_BROWSERS_PATH: /home/runner/work/FsusUI/FsusUI/.tmp/playwright-browsers
2026-10-09T07:55:19.3681925Z ##[endgroup]
2026-10-09T07:55:19.4757483Z Syncing repository: Ozwasyd/FsusUI
2026-10-09T07:55:19.4761859Z ##[group]Getting Git version info
2026-10-09T07:55:19.4763814Z Working directory is '/home/runner/work/FsusUI/FsusUI'
2026-10-09T07:55:19.4766820Z [command]/usr/bin/git version
2026-10-09T07:55:19.4851490Z git version 2.55.0
2026-10-09T07:55:19.4881736Z ##[endgroup]
2026-10-09T07:55:19.4892050Z Temporarily overriding HOME='/home/runner/work/_temp/7efa7a4d-f4b8-4145-805b-8a8d6c1a8944' before making global git config changes
2026-10-09T07:55:19.4896614Z Adding repository directory to the temporary git global config as a safe directory
2026-10-09T07:55:19.4900529Z [command]/usr/bin/git config --global --add safe.directory /home/runner/work/FsusUI/FsusUI
2026-10-09T07:55:19.4957239Z Deleting the contents of '/home/runner/work/FsusUI/FsusUI'
2026-10-09T07:55:19.4970917Z ##[group]Initializing the repository
2026-10-09T07:55:19.4973713Z [command]/usr/bin/git init /home/runner/work/FsusUI/FsusUI
2026-10-09T07:55:19.5094748Z hint: Using 'master' as the name for the initial branch. This default branch name
2026-10-09T07:55:19.5098598Z hint: will change to "main" in Git 3.0. To configure the initial branch name
2026-10-09T07:55:19.5102037Z hint: to use in all of your new repositories, which will suppress this warning,
2026-10-09T07:55:19.5104380Z hint: call:
2026-10-09T07:55:19.5105513Z hint:
2026-10-09T07:55:19.5106968Z hint: 	git config --global init.defaultBranch <name>
2026-10-09T07:55:19.5109026Z hint:
2026-10-09T07:55:19.5110768Z hint: Names commonly chosen instead of 'master' are 'main', 'trunk' and
2026-10-09T07:55:19.5113759Z hint: 'development'. The just-created branch can be renamed via this command:
2026-10-09T07:55:19.5116337Z hint:
2026-10-09T07:55:19.5117574Z hint: 	git branch -m <name>
2026-10-09T07:55:19.5119516Z hint:
2026-10-09T07:55:19.5121597Z hint: Disable this message with "git config set advice.defaultBranchName false"
2026-10-09T07:55:19.5124786Z Initialized empty Git repository in /home/runner/work/FsusUI/FsusUI/.git/
2026-10-09T07:55:19.5129927Z [command]/usr/bin/git remote add origin https://github.com/Ozwasyd/FsusUI
2026-10-09T07:55:19.5186723Z ##[endgroup]
2026-10-09T07:55:19.5189391Z ##[group]Disabling automatic garbage collection
2026-10-09T07:55:19.5191326Z [command]/usr/bin/git config --local gc.auto 0
2026-10-09T07:55:19.5226687Z ##[endgroup]
2026-10-09T07:55:19.5229026Z ##[group]Setting up auth
2026-10-09T07:55:19.5231232Z [command]/usr/bin/git config --local --name-only --get-regexp core\.sshCommand
2026-10-09T07:55:19.5272748Z [command]/usr/bin/git submodule foreach --recursive sh -c "git config --local --name-only --get-regexp 'core\.sshCommand' && git config --local --unset-all 'core.sshCommand' || :"
2026-10-09T07:55:19.5681192Z [command]/usr/bin/git config --local --name-only --get-regexp http\.https\:\/\/github\.com\/\.extraheader
2026-10-09T07:55:19.5721917Z [command]/usr/bin/git submodule foreach --recursive sh -c "git config --local --name-only --get-regexp 'http\.https\:\/\/github\.com\/\.extraheader' && git config --local --unset-all 'http.https://github.com/.extraheader' || :"
2026-10-09T07:55:19.5952548Z [command]/usr/bin/git config --local --name-only --get-regexp ^includeIf\.gitdir:
2026-10-09T07:55:19.5994566Z [command]/usr/bin/git submodule foreach --recursive git config --local --show-origin --name-only --get-regexp remote.origin.url
2026-10-09T07:55:19.6233886Z [command]/usr/bin/git config --local http.https://github.com/.extraheader AUTHORIZATION: basic ***
2026-10-09T07:55:19.6280592Z ##[endgroup]
2026-10-09T07:55:19.6301296Z ##[group]Fetching the repository
2026-10-09T07:55:19.6305932Z [command]/usr/bin/git -c protocol.version=2 fetch --no-tags --prune --no-recurse-submodules --depth=1 origin +ba90d4df9b0b76e3c8cf7b4a57ceab08ded13990:refs/remotes/pull/882/merge
2026-10-09T07:55:20.9347590Z From https://github.com/Ozwasyd/FsusUI
2026-10-09T07:55:20.9349516Z  * [new ref]         ba90d4df9b0b76e3c8cf7b4a57ceab08ded13990 -> pull/882/merge
2026-10-09T07:55:20.9352526Z ##[endgroup]
2026-10-09T07:55:20.9353431Z ##[group]Determining the checkout info
2026-10-09T07:55:20.9355333Z ##[endgroup]
2026-10-09T07:55:20.9361557Z [command]/usr/bin/git sparse-checkout disable
2026-10-09T07:55:20.9456169Z [command]/usr/bin/git config --local --unset-all extensions.worktreeConfig
2026-10-09T07:55:20.9489938Z ##[group]Checking out the ref
2026-10-09T07:55:20.9493797Z [command]/usr/bin/git checkout --progress --force refs/remotes/pull/882/merge
2026-10-09T07:55:21.3448037Z Note: switching to 'refs/remotes/pull/882/merge'.
2026-10-09T07:55:21.3448981Z 
2026-10-09T07:55:21.3449558Z You are in 'detached HEAD' state. You can look around, make experimental
2026-10-09T07:55:21.3450462Z changes and commit them, and you can discard any commits you make in this
2026-10-09T07:55:21.3451382Z state without impacting any branches by switching back to a branch.
2026-10-09T07:55:21.3451921Z 
2026-10-09T07:55:21.3452295Z If you want to create a new branch to retain commits you create, you may
2026-10-09T07:55:21.3453199Z do so (now or later) by using -c with the switch command. Example:
2026-10-09T07:55:21.3453706Z 
2026-10-09T07:55:21.3453949Z   git switch -c <new-branch-name>
2026-10-09T07:55:21.3454304Z 
2026-10-09T07:55:21.3454528Z Or undo this operation with:
2026-10-09T07:55:21.3454843Z 
2026-10-09T07:55:21.3455035Z   git switch -
2026-10-09T07:55:21.3455325Z 
2026-10-09T07:55:21.3455775Z Turn off this advice by setting config variable advice.detachedHead to false
2026-10-09T07:55:21.3456419Z 
2026-10-09T07:55:21.3457067Z HEAD is now at ba90d4d Merge 07386a74f507d9a6e28559e2f9bea90bab81a00d into 8db0ac8f49749e3e5f28be5051bb3d3ed71ada71
2026-10-09T07:55:21.3478893Z ##[endgroup]
2026-10-09T07:55:21.3530224Z [command]/usr/bin/git log -1 --format=%H
2026-10-09T07:55:21.3558566Z ba90d4df9b0b76e3c8cf7b4a57ceab08ded13990
2026-10-09T07:55:21.3809005Z ##[group]Run pnpm/action-setup@v4
2026-10-09T07:55:21.3809345Z with:
2026-10-09T07:55:21.3809556Z   version: 10.33.0
2026-10-09T07:55:21.3809773Z   dest: ~/setup-pnpm
2026-10-09T07:55:21.3809990Z   run_install: null
2026-10-09T07:55:21.3810193Z   cache: false
2026-10-09T07:55:21.3810436Z   cache_dependency_path: pnpm-lock.yaml
2026-10-09T07:55:21.3810757Z   package_json_file: package.json
2026-10-09T07:55:21.3811010Z   standalone: false
2026-10-09T07:55:21.3811207Z env:
2026-10-09T07:55:21.3811548Z   PLAYWRIGHT_BROWSERS_PATH: /home/runner/work/FsusUI/FsusUI/.tmp/playwright-browsers
2026-10-09T07:55:21.3811970Z ##[endgroup]
2026-10-09T07:55:21.5322663Z ##[group]Running self-installer...
2026-10-09T07:55:21.9830397Z (node:2333) [DEP0169] DeprecationWarning: `url.parse()` behavior is not standardized and prone to errors that have security implications. Use the WHATWG URL API instead. CVEs are not issued for `url.parse()` vulnerabilities.
2026-10-09T07:55:21.9832274Z (Use `node --trace-deprecation ...` to show where the warning was created)
2026-10-09T07:55:22.1416060Z Progress: resolved 1, reused 0, downloaded 0, added 0
2026-10-09T07:55:22.4792942Z 
2026-10-09T07:55:22.4793464Z dependencies:
2026-10-09T07:55:22.4793915Z + pnpm 10.33.0
2026-10-09T07:55:22.4794152Z 
2026-10-09T07:55:22.4909222Z Packages: +1
2026-10-09T07:55:22.4951479Z +
2026-10-09T07:55:22.5595372Z Progress: resolved 1, reused 0, downloaded 1, added 1, done
2026-10-09T07:55:22.5815436Z Done in 837ms
2026-10-09T07:55:22.5971869Z ##[endgroup]
2026-10-09T07:55:22.5972289Z Installation Completed!
2026-10-09T07:55:22.6159700Z ##[group]Run actions/setup-node@v4
2026-10-09T07:55:22.6160039Z with:
2026-10-09T07:55:22.6160244Z   node-version: 22
2026-10-09T07:55:22.6160452Z   cache: pnpm
2026-10-09T07:55:22.6160677Z   cache-dependency-path: pnpm-lock.yaml
2026-10-09T07:55:22.6160947Z   always-auth: false
2026-10-09T07:55:22.6161162Z   check-latest: false
2026-10-09T07:55:22.6163737Z   token: ***
2026-10-09T07:55:22.6163930Z env:
2026-10-09T07:55:22.6164264Z   PLAYWRIGHT_BROWSERS_PATH: /home/runner/work/FsusUI/FsusUI/.tmp/playwright-browsers
2026-10-09T07:55:22.6164745Z   PNPM_HOME: /home/runner/setup-pnpm/node_modules/.bin
2026-10-09T07:55:22.6165044Z ##[endgroup]
2026-10-09T07:55:22.7644438Z (node:2346) [DEP0040] DeprecationWarning: The `punycode` module is deprecated. Please use a userland alternative instead.
2026-10-09T07:55:22.7661343Z (Use `node --trace-deprecation ...` to show where the warning was created)
2026-10-09T07:55:22.7662171Z Found in cache @ /opt/hostedtoolcache/node/22.23.3/x64
2026-10-09T07:55:22.7663219Z ##[group]Environment details
2026-10-09T07:55:23.1950047Z node: v22.23.3
2026-10-09T07:55:23.1950529Z npm: 10.9.9
2026-10-09T07:55:23.1950927Z yarn: 1.22.22
2026-10-09T07:55:23.1951719Z ##[endgroup]
2026-10-09T07:55:23.1976533Z [command]/home/runner/setup-pnpm/node_modules/.bin/pnpm store path --silent
2026-10-09T07:55:23.6180339Z /home/runner/setup-pnpm/node_modules/.bin/store/v10
2026-10-09T07:55:23.7494192Z Cache hit for: node-cache-Linux-x64-pnpm-6488f186c6e4d670f8d817ffdc3198dfda2e2a93c1c69fad45acdcee91a9fe09
2026-10-09T07:55:23.7608886Z (node:2346) [DEP0169] DeprecationWarning: `url.parse()` behavior is not standardized and prone to errors that have security implications. Use the WHATWG URL API instead. CVEs are not issued for `url.parse()` vulnerabilities.
2026-10-09T07:55:24.7734199Z Received 222137478 of 222137478 (100.0%), 217.1 MBs/sec
2026-10-09T07:55:24.7735546Z Cache Size: ~212 MB (222137478 B)
2026-10-09T07:55:24.7772235Z [command]/usr/bin/tar -xf /home/runner/work/_temp/45852ed9-1b7a-4e64-b907-8e6eef542c0c/cache.tzst -P -C /home/runner/work/FsusUI/FsusUI --use-compress-program unzstd
2026-10-09T07:55:27.0716419Z Cache restored successfully
2026-10-09T07:55:27.0819730Z Cache restored from key: node-cache-Linux-x64-pnpm-6488f186c6e4d670f8d817ffdc3198dfda2e2a93c1c69fad45acdcee91a9fe09
2026-10-09T07:55:27.1054059Z ##[group]Run emscripten-core/setup-emsdk@v15
2026-10-09T07:55:27.1054390Z with:
2026-10-09T07:55:27.1054590Z   version: 5.0.4
2026-10-09T07:55:27.1054823Z   actions-cache-folder: emsdk-cache
2026-10-09T07:55:27.1055092Z   no-install: false
2026-10-09T07:55:27.1055313Z   no-cache: false
2026-10-09T07:55:27.1055513Z   update: false
2026-10-09T07:55:27.1055714Z   update-tags: false
2026-10-09T07:55:27.1055940Z env:
2026-10-09T07:55:27.1056294Z   PLAYWRIGHT_BROWSERS_PATH: /home/runner/work/FsusUI/FsusUI/.tmp/playwright-browsers
2026-10-09T07:55:27.1056771Z   PNPM_HOME: /home/runner/setup-pnpm/node_modules/.bin
2026-10-09T07:55:27.1057088Z ##[endgroup]
2026-10-09T07:55:27.2920112Z Cache hit for: Quality Gates-5.0.4-linux-x64
2026-10-09T07:55:28.3595721Z Received 243269632 of 531478605 (45.8%), 231.5 MBs/sec
2026-10-09T07:55:29.3649862Z Received 469762048 of 531478605 (88.4%), 223.4 MBs/sec
2026-10-09T07:55:29.5751007Z Received 531478605 of 531478605 (100.0%), 228.6 MBs/sec
2026-10-09T07:55:29.5753587Z Cache Size: ~507 MB (531478605 B)
2026-10-09T07:55:29.5866762Z [command]/usr/bin/tar -xf /home/runner/work/_temp/ebba86d3-cd62-42fd-8236-aec21b38f28f/cache.tzst -P -C /home/runner/work/FsusUI/FsusUI --use-compress-program unzstd
2026-10-09T07:55:33.2862825Z Cache restored successfully
2026-10-09T07:55:33.4870982Z [command]/home/runner/work/FsusUI/FsusUI/emsdk-cache/emsdk-main/emsdk activate 5.0.4
2026-10-09T07:55:33.6960219Z Resolving SDK version '5.0.4' to 'sdk-releases-54d45123d7ad4aa96ce57e74a1f3f9d1c54e6402-64bit'
2026-10-09T07:55:33.6961649Z Setting the following tools as active:
2026-10-09T07:55:33.6962179Z    node-22.16.0-64bit
2026-10-09T07:55:33.6962636Z    releases-54d45123d7ad4aa96ce57e74a1f3f9d1c54e6402-64bit
2026-10-09T07:55:33.6962967Z 
2026-10-09T07:55:33.6963081Z Next steps:
2026-10-09T07:55:33.6963518Z - To conveniently access emsdk tools from the command line,
2026-10-09T07:55:33.6964097Z   consider adding the following directories to your PATH:
2026-10-09T07:55:33.6964667Z     /home/runner/work/FsusUI/FsusUI/emsdk-cache/emsdk-main
2026-10-09T07:55:33.6965280Z     /home/runner/work/FsusUI/FsusUI/emsdk-cache/emsdk-main/upstream/emscripten
2026-10-09T07:55:33.6965908Z - This can be done for the current shell by running:
2026-10-09T07:55:33.6966539Z     source "/home/runner/work/FsusUI/FsusUI/emsdk-cache/emsdk-main/emsdk_env.sh"
2026-10-09T07:55:33.6967269Z - Configure emsdk in your shell startup scripts by running:
2026-10-09T07:55:33.6968646Z     echo 'source "/home/runner/work/FsusUI/FsusUI/emsdk-cache/emsdk-main/emsdk_env.sh"' >> $HOME/.bash_profile
2026-10-09T07:55:33.7087187Z [command]/home/runner/work/FsusUI/FsusUI/emsdk-cache/emsdk-main/emsdk construct_env
2026-10-09T07:55:33.8248552Z Setting up EMSDK environment (suppress these messages with EMSDK_QUIET=1)
2026-10-09T07:55:33.8249511Z Adding directories to PATH:
2026-10-09T07:55:33.8250180Z PATH += /home/runner/work/FsusUI/FsusUI/emsdk-cache/emsdk-main
2026-10-09T07:55:33.8251160Z PATH += /home/runner/work/FsusUI/FsusUI/emsdk-cache/emsdk-main/upstream/emscripten
2026-10-09T07:55:33.8258832Z 
2026-10-09T07:55:33.8259474Z Setting environment variables:
2026-10-09T07:55:33.8263220Z PATH = /home/runner/work/FsusUI/FsusUI/emsdk-cache/emsdk-main:/home/runner/work/FsusUI/FsusUI/emsdk-cache/emsdk-main/upstream/emscripten:/opt/hostedtoolcache/node/22.23.3/x64/bin:/home/runner/setup-pnpm/node_modules/.bin:/snap/bin:/home/runner/.local/bin:/opt/pipx_bin:/home/runner/.cargo/bin:/home/runner/.config/composer/vendor/bin:/usr/local/.ghcup/bin:/home/runner/.dotnet/tools:/usr/local/sbin:/usr/local/bin:/usr/sbin:/usr/bin:/sbin:/bin:/usr/games:/usr/local/games
2026-10-09T07:55:33.8289758Z EMSDK = /home/runner/work/FsusUI/FsusUI/emsdk-cache/emsdk-main
2026-10-09T07:55:33.8292896Z EMSDK_NODE = /home/runner/work/FsusUI/FsusUI/emsdk-cache/emsdk-main/node/22.16.0_64bit/bin/node
2026-10-09T07:55:33.8297711Z export PATH="/home/runner/work/FsusUI/FsusUI/emsdk-cache/emsdk-main:/home/runner/work/FsusUI/FsusUI/emsdk-cache/emsdk-main/upstream/emscripten:/opt/hostedtoolcache/node/22.23.3/x64/bin:/home/runner/setup-pnpm/node_modules/.bin:/snap/bin:/home/runner/.local/bin:/opt/pipx_bin:/home/runner/.cargo/bin:/home/runner/.config/composer/vendor/bin:/usr/local/.ghcup/bin:/home/runner/.dotnet/tools:/usr/local/sbin:/usr/local/bin:/usr/sbin:/usr/bin:/sbin:/bin:/usr/games:/usr/local/games";
2026-10-09T07:55:33.8301388Z export EMSDK="/home/runner/work/FsusUI/FsusUI/emsdk-cache/emsdk-main";
2026-10-09T07:55:33.8302887Z export EMSDK_NODE="/home/runner/work/FsusUI/FsusUI/emsdk-cache/emsdk-main/node/22.16.0_64bit/bin/node";
2026-10-09T07:55:33.8561406Z ##[group]Run pnpm install --frozen-lockfile
2026-10-09T07:55:33.8561860Z [36;1mpnpm install --frozen-lockfile[0m
2026-10-09T07:55:33.8864573Z shell: /usr/bin/bash -e {0}
2026-10-09T07:55:33.8864905Z env:
2026-10-09T07:55:33.8865362Z   PLAYWRIGHT_BROWSERS_PATH: /home/runner/work/FsusUI/FsusUI/.tmp/playwright-browsers
2026-10-09T07:55:33.8865988Z   PNPM_HOME: /home/runner/setup-pnpm/node_modules/.bin
2026-10-09T07:55:33.8868157Z   PATH: /home/runner/work/FsusUI/FsusUI/emsdk-cache/emsdk-main:/home/runner/work/FsusUI/FsusUI/emsdk-cache/emsdk-main/upstream/emscripten:/opt/hostedtoolcache/node/22.23.3/x64/bin:/home/runner/setup-pnpm/node_modules/.bin:/snap/bin:/home/runner/.local/bin:/opt/pipx_bin:/home/runner/.cargo/bin:/home/runner/.config/composer/vendor/bin:/usr/local/.ghcup/bin:/home/runner/.dotnet/tools:/usr/local/sbin:/usr/local/bin:/usr/sbin:/usr/bin:/sbin:/bin:/usr/games:/usr/local/games
2026-10-09T07:55:33.8870656Z   EMSDK: /home/runner/work/FsusUI/FsusUI/emsdk-cache/emsdk-main
2026-10-09T07:55:33.8871303Z   EMSDK_NODE: /home/runner/work/FsusUI/FsusUI/emsdk-cache/emsdk-main/node/22.16.0_64bit/bin/node
2026-10-09T07:55:33.8871854Z ##[endgroup]
2026-10-09T07:55:34.2199967Z Scope: all 20 workspace projects
2026-10-09T07:55:34.3199164Z Lockfile is up to date, resolution step is skipped
2026-10-09T07:55:34.6755715Z Packages: +1697
2026-10-09T07:55:34.6756456Z ++++++++++++++++++++++++++++++++++++++++++++++++++++++++++++++++++++++++++++++++
2026-10-09T07:55:34.6796798Z Progress: resolved 0, reused 1, downloaded 0, added 0
2026-10-09T07:55:35.6814662Z Progress: resolved 0, reused 1547, downloaded 0, added 607
2026-10-09T07:55:36.4783057Z Progress: resolved 0, reused 1547, downloaded 0, added 1697, done
2026-10-09T07:55:36.7961353Z 
2026-10-09T07:55:36.7961882Z dependencies:
2026-10-09T07:55:36.7962540Z + @element-plus/components 0.0.5 <- vue/packages/components
2026-10-09T07:55:36.7963383Z + @element-plus/constants <- vue/packages/constants
2026-10-09T07:55:36.7963867Z + @element-plus/directives 0.0.5 <- vue/packages/directives
2026-10-09T07:55:36.7964308Z + @element-plus/hooks 0.0.5 <- vue/packages/hooks
2026-10-09T07:55:36.7964745Z + @element-plus/icons-vue 2.3.2 <- vue/packages/icons-vue
2026-10-09T07:55:36.7965170Z + @element-plus/locale 0.0.5 <- vue/packages/locale
2026-10-09T07:55:36.7965622Z + @element-plus/test-utils 0.0.5 <- vue/packages/test-utils
2026-10-09T07:55:36.7966103Z + @element-plus/theme-chalk 0.1.0 <- vue/packages/theme-chalk
2026-10-09T07:55:36.7966521Z + @element-plus/utils <- vue/packages/utils
2026-10-09T07:55:36.7967185Z + @element-plus/wasm 1.0.0 <- vue/packages/wasm
2026-10-09T07:55:36.7967609Z 
2026-10-09T07:55:36.7967754Z devDependencies:
2026-10-09T07:55:36.7968094Z + @element-plus/build 0.0.1 <- vue/internal/build
2026-10-09T07:55:36.7968917Z + @element-plus/build-utils 0.0.1 <- vue/internal/build-utils
2026-10-09T07:55:36.7969456Z + @element-plus/eslint-config 0.0.1 <- vue/internal/eslint-config
2026-10-09T07:55:36.7969957Z + @element-plus/icons-svg 2.3.2 <- vue/packages/icons-svg
2026-10-09T07:55:36.7970209Z 
2026-10-09T07:55:37.0300716Z . postinstall$ pnpm stub
2026-10-09T07:55:37.3314565Z . postinstall: > @ stub /home/runner/work/FsusUI/FsusUI
2026-10-09T07:55:37.3329630Z . postinstall: > node ./scripts/with-node-heap.mjs pnpm run -r --parallel stub
2026-10-09T07:55:37.8939682Z . postinstall: Scope: 19 of 20 workspace projects
2026-10-09T07:55:37.8996428Z . postinstall: vue/internal/build stub$ unbuild --stub
2026-10-09T07:55:37.8997708Z . postinstall: vue/internal/build-constants stub$ node ../../../scripts/with-node-heap.mjs unbuild --stub
2026-10-09T07:55:37.9009701Z . postinstall: vue/internal/build-utils stub$ node ../../../scripts/with-node-heap.mjs unbuild --stub
2026-10-09T07:55:37.9045359Z . postinstall: vue/packages/wasm stub$ node ../../../scripts/with-node-heap.mjs unbuild --stub
2026-10-09T07:55:39.2844006Z . postinstall: vue/internal/build stub: Browserslist: browsers data (caniuse-lite) is 7 months old. Please run:
2026-10-09T07:55:39.2900443Z . postinstall: vue/internal/build stub:   npx update-browserslist-db@latest
2026-10-09T07:55:39.2929910Z . postinstall: vue/internal/build stub:   Why you should do it regularly: https://github.com/browserslist/update-db#readme
2026-10-09T07:55:39.4294330Z . postinstall: vue/packages/wasm stub: Browserslist: browsers data (caniuse-lite) is 7 months old. Please run:
2026-10-09T07:55:39.4369669Z . postinstall: vue/packages/wasm stub:   npx update-browserslist-db@latest
2026-10-09T07:55:39.4413929Z . postinstall: vue/packages/wasm stub:   Why you should do it regularly: https://github.com/browserslist/update-db#readme
2026-10-09T07:55:39.4910206Z . postinstall: vue/internal/build-utils stub: Browserslist: browsers data (caniuse-lite) is 7 months old. Please run:
2026-10-09T07:55:39.4939397Z . postinstall: vue/internal/build-utils stub:   npx update-browserslist-db@latest
2026-10-09T07:55:39.4949749Z . postinstall: vue/internal/build-utils stub:   Why you should do it regularly: https://github.com/browserslist/update-db#readme
2026-10-09T07:55:39.4969653Z . postinstall: vue/internal/build-constants stub: Browserslist: browsers data (caniuse-lite) is 7 months old. Please run:
2026-10-09T07:55:39.4999371Z . postinstall: vue/internal/build-constants stub:   npx update-browserslist-db@latest
2026-10-09T07:55:39.5001177Z . postinstall: vue/internal/build-constants stub:   Why you should do it regularly: https://github.com/browserslist/update-db#readme
2026-10-09T07:55:39.9661098Z . postinstall: vue/internal/build stub: [info] [36mStubbing build[39m
2026-10-09T07:55:39.9689441Z . postinstall: vue/internal/build stub: [info] Cleaning dist directory: `./dist`
2026-10-09T07:55:40.0870233Z . postinstall: vue/packages/wasm stub: [info] [36mStubbing wasm[39m
2026-10-09T07:55:40.1669674Z . postinstall: vue/internal/build stub: Done
2026-10-09T07:55:40.1671121Z . postinstall: vue/internal/build-utils stub: [info] [36mStubbing build-utils[39m
2026-10-09T07:55:40.1672829Z . postinstall: vue/internal/build-utils stub: [info] Cleaning dist directory: `./dist`
2026-10-09T07:55:40.1892816Z . postinstall: vue/internal/build-constants stub: [info] [36mStubbing build-constants[39m
2026-10-09T07:55:40.1909563Z . postinstall: vue/internal/build-constants stub: [info] Cleaning dist directory: `./dist`
2026-10-09T07:55:40.2385172Z . postinstall: vue/internal/build-constants stub: Done
2026-10-09T07:55:40.2522003Z . postinstall: vue/packages/wasm stub: Done
2026-10-09T07:55:40.2546469Z . postinstall: vue/internal/build-utils stub: Done
2026-10-09T07:55:40.2769029Z . postinstall: Done
2026-10-09T07:55:40.2773625Z . prepare$ husky
2026-10-09T07:55:40.3209584Z . prepare: Done
2026-10-09T07:55:40.3242867Z ╭ Warning ─────────────────────────────────────────────────────────────────────╮
2026-10-09T07:55:40.3243482Z │                                                                              │
2026-10-09T07:55:40.3244133Z │   Ignored build scripts: @parcel/watcher@2.5.6, esbuild@0.18.20,             │
2026-10-09T07:55:40.3244799Z │   esbuild@0.25.12, esbuild@0.27.7, esbuild@0.28.0.                           │
2026-10-09T07:55:40.3245441Z │   Run "pnpm approve-builds" to pick which dependencies should be allowed     │
2026-10-09T07:55:40.3246065Z │   to run scripts.                                                            │
2026-10-09T07:55:40.3246576Z │                                                                              │
2026-10-09T07:55:40.3247124Z ╰──────────────────────────────────────────────────────────────────────────────╯
2026-10-09T07:55:40.3518653Z Done in 6.4s using pnpm v10.33.0
2026-10-09T07:55:40.4416336Z ##[group]Run actions/cache@v4
2026-10-09T07:55:40.4416624Z with:
2026-10-09T07:55:40.4416843Z   path: .tmp/playwright-browsers
2026-10-09T07:55:40.4417361Z   key: Linux-playwright-browsers-791f9120f08141036bec66ee7f70abb878a23c771f035a63e9b5dd6b3f153594
2026-10-09T07:55:40.4417898Z   enableCrossOsArchive: false
2026-10-09T07:55:40.4418184Z   fail-on-cache-miss: false
2026-10-09T07:55:40.4418740Z   lookup-only: false
2026-10-09T07:55:40.4418973Z   save-always: false
2026-10-09T07:55:40.4419174Z env:
2026-10-09T07:55:40.4419518Z   PLAYWRIGHT_BROWSERS_PATH: /home/runner/work/FsusUI/FsusUI/.tmp/playwright-browsers
2026-10-09T07:55:40.4420002Z   PNPM_HOME: /home/runner/setup-pnpm/node_modules/.bin
2026-10-09T07:55:40.4421785Z   PATH: /home/runner/work/FsusUI/FsusUI/emsdk-cache/emsdk-main:/home/runner/work/FsusUI/FsusUI/emsdk-cache/emsdk-main/upstream/emscripten:/opt/hostedtoolcache/node/22.23.3/x64/bin:/home/runner/setup-pnpm/node_modules/.bin:/snap/bin:/home/runner/.local/bin:/opt/pipx_bin:/home/runner/.cargo/bin:/home/runner/.config/composer/vendor/bin:/usr/local/.ghcup/bin:/home/runner/.dotnet/tools:/usr/local/sbin:/usr/local/bin:/usr/sbin:/usr/bin:/sbin:/bin:/usr/games:/usr/local/games
2026-10-09T07:55:40.4423573Z   EMSDK: /home/runner/work/FsusUI/FsusUI/emsdk-cache/emsdk-main
2026-10-09T07:55:40.4424110Z   EMSDK_NODE: /home/runner/work/FsusUI/FsusUI/emsdk-cache/emsdk-main/node/22.16.0_64bit/bin/node
2026-10-09T07:55:40.4424554Z ##[endgroup]
2026-10-09T07:55:40.5536150Z (node:2556) [DEP0040] DeprecationWarning: The `punycode` module is deprecated. Please use a userland alternative instead.
2026-10-09T07:55:40.5537075Z (Use `node --trace-deprecation ...` to show where the warning was created)
2026-10-09T07:55:40.6388103Z Cache hit for: Linux-playwright-browsers-791f9120f08141036bec66ee7f70abb878a23c771f035a63e9b5dd6b3f153594
2026-10-09T07:55:40.6499548Z (node:2556) [DEP0169] DeprecationWarning: `url.parse()` behavior is not standardized and prone to errors that have security implications. Use the WHATWG URL API instead. CVEs are not issued for `url.parse()` vulnerabilities.
2026-10-09T07:55:41.6796142Z Received 222298112 of 465349576 (47.8%), 210.3 MBs/sec
2026-10-09T07:55:42.5248758Z Received 465349576 of 465349576 (100.0%), 239.5 MBs/sec
2026-10-09T07:55:42.5251342Z Cache Size: ~444 MB (465349576 B)
2026-10-09T07:55:42.5299809Z [command]/usr/bin/tar -xf /home/runner/work/_temp/b17dd322-476f-4e54-b299-f42f5cf468d7/cache.tzst -P -C /home/runner/work/FsusUI/FsusUI --use-compress-program unzstd
2026-10-09T07:55:44.6547573Z Cache restored successfully
2026-10-09T07:55:44.9019586Z Cache restored from key: Linux-playwright-browsers-791f9120f08141036bec66ee7f70abb878a23c771f035a63e9b5dd6b3f153594
2026-10-09T07:55:45.3877598Z ##[group]Run actions/cache@v4
2026-10-09T07:55:45.3878054Z with:
2026-10-09T07:55:45.3878646Z   path: vue/packages/icons-vue/dist
2026-10-09T07:55:45.3879631Z   key: Linux-fsusui-test-artifacts-icons-ca973adedbfae2d959cd5814052293a2707667114d5eeda9610a68f1fe53e468
2026-10-09T07:55:45.3880644Z   enableCrossOsArchive: false
2026-10-09T07:55:45.3881088Z   fail-on-cache-miss: false
2026-10-09T07:55:45.3881505Z   lookup-only: false
2026-10-09T07:55:45.3881885Z   save-always: false
2026-10-09T07:55:45.3882239Z env:
2026-10-09T07:55:45.3882829Z   PLAYWRIGHT_BROWSERS_PATH: /home/runner/work/FsusUI/FsusUI/.tmp/playwright-browsers
2026-10-09T07:55:45.3883688Z   PNPM_HOME: /home/runner/setup-pnpm/node_modules/.bin
2026-10-09T07:55:45.3886866Z   PATH: /home/runner/work/FsusUI/FsusUI/emsdk-cache/emsdk-main:/home/runner/work/FsusUI/FsusUI/emsdk-cache/emsdk-main/upstream/emscripten:/opt/hostedtoolcache/node/22.23.3/x64/bin:/home/runner/setup-pnpm/node_modules/.bin:/snap/bin:/home/runner/.local/bin:/opt/pipx_bin:/home/runner/.cargo/bin:/home/runner/.config/composer/vendor/bin:/usr/local/.ghcup/bin:/home/runner/.dotnet/tools:/usr/local/sbin:/usr/local/bin:/usr/sbin:/usr/bin:/sbin:/bin:/usr/games:/usr/local/games
2026-10-09T07:55:45.3890465Z   EMSDK: /home/runner/work/FsusUI/FsusUI/emsdk-cache/emsdk-main
2026-10-09T07:55:45.3891375Z   EMSDK_NODE: /home/runner/work/FsusUI/FsusUI/emsdk-cache/emsdk-main/node/22.16.0_64bit/bin/node
2026-10-09T07:55:45.3892159Z ##[endgroup]
2026-10-09T07:55:45.5199805Z (node:2585) [DEP0040] DeprecationWarning: The `punycode` module is deprecated. Please use a userland alternative instead.
2026-10-09T07:55:45.5202010Z (Use `node --trace-deprecation ...` to show where the warning was created)
2026-10-09T07:55:45.5942634Z Cache hit for: Linux-fsusui-test-artifacts-icons-ca973adedbfae2d959cd5814052293a2707667114d5eeda9610a68f1fe53e468
2026-10-09T07:55:45.6044992Z (node:2585) [DEP0169] DeprecationWarning: `url.parse()` behavior is not standardized and prone to errors that have security implications. Use the WHATWG URL API instead. CVEs are not issued for `url.parse()` vulnerabilities.
2026-10-09T07:55:45.6756771Z Received 104386 of 104386 (100.0%), 3.6 MBs/sec
2026-10-09T07:55:45.6757764Z Cache Size: ~0 MB (104386 B)
2026-10-09T07:55:45.6806330Z [command]/usr/bin/tar -xf /home/runner/work/_temp/980439fd-10b4-4d47-b55a-6b96c33c8af4/cache.tzst -P -C /home/runner/work/FsusUI/FsusUI --use-compress-program unzstd
2026-10-09T07:55:45.7042792Z Cache restored successfully
2026-10-09T07:55:45.7121932Z Cache restored from key: Linux-fsusui-test-artifacts-icons-ca973adedbfae2d959cd5814052293a2707667114d5eeda9610a68f1fe53e468
2026-10-09T07:55:45.9071010Z ##[group]Run actions/cache@v4
2026-10-09T07:55:45.9071346Z with:
2026-10-09T07:55:45.9071585Z   path: vue/packages/wasm/dist
2026-10-09T07:55:45.9072176Z   key: Linux-fsusui-test-artifacts-wasm-bb3f82e823bb57bd28bd3015042d8ee3cc0ccfd58ccc5ff2f93a2fd4eb7d2733
2026-10-09T07:55:45.9072786Z   enableCrossOsArchive: false
2026-10-09T07:55:45.9073070Z   fail-on-cache-miss: false
2026-10-09T07:55:45.9073329Z   lookup-only: false
2026-10-09T07:55:45.9073560Z   save-always: false
2026-10-09T07:55:45.9073777Z env:
2026-10-09T07:55:45.9074150Z   PLAYWRIGHT_BROWSERS_PATH: /home/runner/work/FsusUI/FsusUI/.tmp/playwright-browsers
2026-10-09T07:55:45.9074669Z   PNPM_HOME: /home/runner/setup-pnpm/node_modules/.bin
2026-10-09T07:55:45.9076513Z   PATH: /home/runner/work/FsusUI/FsusUI/emsdk-cache/emsdk-main:/home/runner/work/FsusUI/FsusUI/emsdk-cache/emsdk-main/upstream/emscripten:/opt/hostedtoolcache/node/22.23.3/x64/bin:/home/runner/setup-pnpm/node_modules/.bin:/snap/bin:/home/runner/.local/bin:/opt/pipx_bin:/home/runner/.cargo/bin:/home/runner/.config/composer/vendor/bin:/usr/local/.ghcup/bin:/home/runner/.dotnet/tools:/usr/local/sbin:/usr/local/bin:/usr/sbin:/usr/bin:/sbin:/bin:/usr/games:/usr/local/games
2026-10-09T07:55:45.9080177Z   EMSDK: /home/runner/work/FsusUI/FsusUI/emsdk-cache/emsdk-main
2026-10-09T07:55:45.9081141Z   EMSDK_NODE: /home/runner/work/FsusUI/FsusUI/emsdk-cache/emsdk-main/node/22.16.0_64bit/bin/node
2026-10-09T07:55:45.9081972Z ##[endgroup]
2026-10-09T07:55:46.0428766Z (node:2613) [DEP0040] DeprecationWarning: The `punycode` module is deprecated. Please use a userland alternative instead.
2026-10-09T07:55:46.0430298Z (Use `node --trace-deprecation ...` to show where the warning was created)
2026-10-09T07:55:46.1230483Z Cache hit for: Linux-fsusui-test-artifacts-wasm-bb3f82e823bb57bd28bd3015042d8ee3cc0ccfd58ccc5ff2f93a2fd4eb7d2733
2026-10-09T07:55:46.1349432Z (node:2613) [DEP0169] DeprecationWarning: `url.parse()` behavior is not standardized and prone to errors that have security implications. Use the WHATWG URL API instead. CVEs are not issued for `url.parse()` vulnerabilities.
2026-10-09T07:55:46.1939291Z Received 3256 of 3256 (100.0%), 0.2 MBs/sec
2026-10-09T07:55:46.1940034Z Cache Size: ~0 MB (3256 B)
2026-10-09T07:55:46.1973699Z [command]/usr/bin/tar -xf /home/runner/work/_temp/2124e646-246e-4207-bb28-38a31c0971f7/cache.tzst -P -C /home/runner/work/FsusUI/FsusUI --use-compress-program unzstd
2026-10-09T07:55:46.2030078Z Cache restored successfully
2026-10-09T07:55:46.2109627Z Cache restored from key: Linux-fsusui-test-artifacts-wasm-bb3f82e823bb57bd28bd3015042d8ee3cc0ccfd58ccc5ff2f93a2fd4eb7d2733
2026-10-09T07:55:46.2202630Z ##[group]Run pnpm exec playwright install --with-deps chromium
2026-10-09T07:55:46.2203176Z [36;1mpnpm exec playwright install --with-deps chromium[0m
2026-10-09T07:55:46.2270048Z shell: /usr/bin/bash -e {0}
2026-10-09T07:55:46.2270343Z env:
2026-10-09T07:55:46.2270730Z   PLAYWRIGHT_BROWSERS_PATH: /home/runner/work/FsusUI/FsusUI/.tmp/playwright-browsers
2026-10-09T07:55:46.2271273Z   PNPM_HOME: /home/runner/setup-pnpm/node_modules/.bin
2026-10-09T07:55:46.2273061Z   PATH: /home/runner/work/FsusUI/FsusUI/emsdk-cache/emsdk-main:/home/runner/work/FsusUI/FsusUI/emsdk-cache/emsdk-main/upstream/emscripten:/opt/hostedtoolcache/node/22.23.3/x64/bin:/home/runner/setup-pnpm/node_modules/.bin:/snap/bin:/home/runner/.local/bin:/opt/pipx_bin:/home/runner/.cargo/bin:/home/runner/.config/composer/vendor/bin:/usr/local/.ghcup/bin:/home/runner/.dotnet/tools:/usr/local/sbin:/usr/local/bin:/usr/sbin:/usr/bin:/sbin:/bin:/usr/games:/usr/local/games
2026-10-09T07:55:46.2274908Z   EMSDK: /home/runner/work/FsusUI/FsusUI/emsdk-cache/emsdk-main
2026-10-09T07:55:46.2275459Z   EMSDK_NODE: /home/runner/work/FsusUI/FsusUI/emsdk-cache/emsdk-main/node/22.16.0_64bit/bin/node
2026-10-09T07:55:46.2275925Z ##[endgroup]
2026-10-09T07:55:46.7997640Z Installing dependencies...
2026-10-09T07:55:46.8079817Z Switching to root user to install dependencies...
2026-10-09T07:55:46.9101724Z Get:1 file:/etc/apt/apt-mirrors.txt Mirrorlist [144 B]
2026-10-09T07:55:46.9561472Z Hit:2 http://azure.archive.ubuntu.com/ubuntu noble InRelease
2026-10-09T07:55:46.9599132Z Get:6 https://packages.microsoft.com/ubuntu/24.04/prod noble InRelease [3600 B]
2026-10-09T07:55:46.9619955Z Get:3 http://azure.archive.ubuntu.com/ubuntu noble-updates InRelease [126 kB]
2026-10-09T07:55:46.9621479Z Get:4 http://azure.archive.ubuntu.com/ubuntu noble-backports InRelease [126 kB]
2026-10-09T07:55:46.9642832Z Get:5 http://azure.archive.ubuntu.com/ubuntu noble-security InRelease [126 kB]
2026-10-09T07:55:47.1332999Z Get:7 https://packages.microsoft.com/ubuntu/24.04/prod noble/main all Packages [640 B]
2026-10-09T07:55:47.1512834Z Get:8 https://packages.microsoft.com/ubuntu/24.04/prod noble/main amd64 Packages [531 kB]
2026-10-09T07:55:47.1622877Z Get:9 https://packages.microsoft.com/ubuntu/24.04/prod noble/main arm64 Packages [475 kB]
2026-10-09T07:55:47.1741970Z Get:10 https://packages.microsoft.com/ubuntu/24.04/prod noble/main armhf Packages [12.3 kB]
2026-10-09T07:55:47.1839900Z Get:11 http://azure.archive.ubuntu.com/ubuntu noble-updates/main amd64 Packages [1375 kB]
2026-10-09T07:55:47.1919883Z Get:12 http://azure.archive.ubuntu.com/ubuntu noble-updates/main Translation-en [306 kB]
2026-10-09T07:55:47.1929975Z Get:13 http://azure.archive.ubuntu.com/ubuntu noble-updates/universe amd64 Packages [1702 kB]
2026-10-09T07:55:47.2080229Z Get:14 http://azure.archive.ubuntu.com/ubuntu noble-updates/universe Translation-en [342 kB]
2026-10-09T07:55:47.2109769Z Get:15 http://azure.archive.ubuntu.com/ubuntu noble-updates/restricted amd64 Packages [1761 kB]
2026-10-09T07:55:47.2209905Z Get:16 http://azure.archive.ubuntu.com/ubuntu noble-updates/restricted Translation-en [401 kB]
2026-10-09T07:55:47.2220274Z Get:17 http://azure.archive.ubuntu.com/ubuntu noble-updates/multiverse amd64 Packages [55.0 kB]
2026-10-09T07:55:47.2239777Z Get:18 http://azure.archive.ubuntu.com/ubuntu noble-updates/multiverse Translation-en [14.3 kB]
2026-10-09T07:55:47.3331140Z Get:19 http://azure.archive.ubuntu.com/ubuntu noble-security/main amd64 Packages [1118 kB]
2026-10-09T07:55:47.3397546Z Get:20 http://azure.archive.ubuntu.com/ubuntu noble-security/main Translation-en [228 kB]
2026-10-09T07:55:47.3831331Z Get:21 http://azure.archive.ubuntu.com/ubuntu noble-security/universe amd64 Packages [1220 kB]
2026-10-09T07:55:47.3900553Z Get:22 http://azure.archive.ubuntu.com/ubuntu noble-security/universe Translation-en [245 kB]
2026-10-09T07:55:47.3931612Z Get:23 http://azure.archive.ubuntu.com/ubuntu noble-security/restricted amd64 Packages [1667 kB]
2026-10-09T07:55:47.4071257Z Get:24 http://azure.archive.ubuntu.com/ubuntu noble-security/restricted Translation-en [383 kB]
2026-10-09T07:55:47.4130330Z Get:25 http://azure.archive.ubuntu.com/ubuntu noble-security/multiverse amd64 Packages [49.8 kB]
2026-10-09T07:55:47.4159726Z Get:26 http://azure.archive.ubuntu.com/ubuntu noble-security/multiverse Translation-en [12.4 kB]
2026-10-09T07:55:50.6412638Z Fetched 12.3 MB in 1s (8803 kB/s)
2026-10-09T07:55:51.5585411Z Reading package lists...
2026-10-09T07:55:51.6357061Z Reading package lists...
2026-10-09T07:55:51.8612000Z Building dependency tree...
2026-10-09T07:55:51.8619475Z Reading state information...
2026-10-09T07:55:52.0334234Z libasound2t64 is already the newest version (1.2.11-1ubuntu0.3).
2026-10-09T07:55:52.0335314Z libasound2t64 set to manually installed.
2026-10-09T07:55:52.0336113Z libatk-bridge2.0-0t64 is already the newest version (2.52.0-1build1).
2026-10-09T07:55:52.0336774Z libatk-bridge2.0-0t64 set to manually installed.
2026-10-09T07:55:52.0337452Z libatk1.0-0t64 is already the newest version (2.52.0-1build1).
2026-10-09T07:55:52.0338152Z libatk1.0-0t64 set to manually installed.
2026-10-09T07:55:52.0339510Z libatspi2.0-0t64 is already the newest version (2.52.0-1build1).
2026-10-09T07:55:52.0340465Z libatspi2.0-0t64 set to manually installed.
2026-10-09T07:55:52.0341369Z libcairo2 is already the newest version (1.18.0-3build1).
2026-10-09T07:55:52.0342074Z libcairo2 set to manually installed.
2026-10-09T07:55:52.0342841Z libcups2t64 is already the newest version (2.4.7-1.2ubuntu7.14).
2026-10-09T07:55:52.0343382Z libcups2t64 set to manually installed.
2026-10-09T07:55:52.0343855Z libdbus-1-3 is already the newest version (1.14.10-4ubuntu4.1).
2026-10-09T07:55:52.0344302Z libdbus-1-3 set to manually installed.
2026-10-09T07:55:52.0344773Z libdrm2 is already the newest version (2.4.125-1ubuntu0.1~24.04.2).
2026-10-09T07:55:52.0345222Z libdrm2 set to manually installed.
2026-10-09T07:55:52.0345681Z libgbm1 is already the newest version (25.2.8-0ubuntu0.24.04.4).
2026-10-09T07:55:52.0346128Z libgbm1 set to manually installed.
2026-10-09T07:55:52.0346593Z libglib2.0-0t64 is already the newest version (2.80.0-6ubuntu3.9).
2026-10-09T07:55:52.0347064Z libglib2.0-0t64 set to manually installed.
2026-10-09T07:55:52.0347579Z libnspr4 is already the newest version (2:4.35-1.1build1).
2026-10-09T07:55:52.0348012Z libnspr4 set to manually installed.
2026-10-09T07:55:52.0349016Z libnss3 is already the newest version (2:3.98-1ubuntu0.2).
2026-10-09T07:55:52.0349444Z libnss3 set to manually installed.
2026-10-09T07:55:52.0349944Z libpango-1.0-0 is already the newest version (1.52.1+ds-1build1).
2026-10-09T07:55:52.0350409Z libpango-1.0-0 set to manually installed.
2026-10-09T07:55:52.0350852Z libx11-6 is already the newest version (2:1.8.7-1build1).
2026-10-09T07:55:52.0351273Z libx11-6 set to manually installed.
2026-10-09T07:55:52.0351681Z libxcb1 is already the newest version (1.15-1ubuntu2).
2026-10-09T07:55:52.0352085Z libxcb1 set to manually installed.
2026-10-09T07:55:52.0352547Z libxcomposite1 is already the newest version (1:0.4.5-1build3).
2026-10-09T07:55:52.0353002Z libxcomposite1 set to manually installed.
2026-10-09T07:55:52.0353466Z libxdamage1 is already the newest version (1:1.1.6-1build1).
2026-10-09T07:55:52.0353888Z libxdamage1 set to manually installed.
2026-10-09T07:55:52.0354305Z libxext6 is already the newest version (2:1.3.4-1build2).
2026-10-09T07:55:52.0354707Z libxext6 set to manually installed.
2026-10-09T07:55:52.0355126Z libxfixes3 is already the newest version (1:6.0.0-2build1).
2026-10-09T07:55:52.0355539Z libxfixes3 set to manually installed.
2026-10-09T07:55:52.0355964Z libxkbcommon0 is already the newest version (1.6.0-1build1).
2026-10-09T07:55:52.0356376Z libxkbcommon0 set to manually installed.
2026-10-09T07:55:52.0356804Z libxrandr2 is already the newest version (2:1.5.2-2build1).
2026-10-09T07:55:52.0357207Z libxrandr2 set to manually installed.
2026-10-09T07:55:52.0357626Z xvfb is already the newest version (2:21.1.12-1ubuntu1.8).
2026-10-09T07:55:52.0358546Z fonts-noto-color-emoji is already the newest version (2.047-0ubuntu0.24.04.1).
2026-10-09T07:55:52.0359178Z libfontconfig1 is already the newest version (2.15.0-1.1ubuntu2).
2026-10-09T07:55:52.0359621Z libfontconfig1 set to manually installed.
2026-10-09T07:55:52.0360065Z fonts-liberation is already the newest version (1:2.1.5-3).
2026-10-09T07:55:52.0360490Z fonts-liberation set to manually installed.
2026-10-09T07:55:52.0360926Z The following additional packages will be installed:
2026-10-09T07:55:52.0361321Z   xfonts-encodings xfonts-utils
2026-10-09T07:55:52.0361629Z Recommended packages:
2026-10-09T07:55:52.0361927Z   fonts-ipafont-mincho fonts-tlwg-loma
2026-10-09T07:55:52.0526488Z The following NEW packages will be installed:
2026-10-09T07:55:52.0527506Z   fonts-freefont-ttf fonts-ipafont-gothic fonts-tlwg-loma-otf fonts-unifont
2026-10-09T07:55:52.0533437Z   fonts-wqy-zenhei xfonts-cyrillic xfonts-encodings xfonts-scalable
2026-10-09T07:55:52.0534161Z   xfonts-utils
2026-10-09T07:55:52.0537896Z The following packages will be upgraded:
2026-10-09T07:55:52.0542904Z   libfreetype6
2026-10-09T07:55:52.0710366Z 1 upgraded, 9 newly installed, 0 to remove and 22 not upgraded.
2026-10-09T07:55:52.0711148Z Need to get 21.5 MB of archives.
2026-10-09T07:55:52.0711938Z After this operation, 79.5 MB of additional disk space will be used.
2026-10-09T07:55:52.0712817Z Get:1 file:/etc/apt/apt-mirrors.txt Mirrorlist [144 B]
2026-10-09T07:55:52.1910209Z Get:2 http://azure.archive.ubuntu.com/ubuntu noble/universe amd64 fonts-ipafont-gothic all 00303-21ubuntu1 [3513 kB]
2026-10-09T07:55:52.3682206Z Get:3 http://azure.archive.ubuntu.com/ubuntu noble/main amd64 fonts-freefont-ttf all 20211204+svn4273-2 [5641 kB]
2026-10-09T07:55:52.6383078Z Get:4 http://azure.archive.ubuntu.com/ubuntu noble/universe amd64 fonts-tlwg-loma-otf all 1:0.7.3-1 [107 kB]
2026-10-09T07:55:52.7274844Z Get:5 http://azure.archive.ubuntu.com/ubuntu noble/universe amd64 fonts-unifont all 1:15.1.01-1build1 [2993 kB]
2026-10-09T07:55:52.8932073Z Get:6 http://azure.archive.ubuntu.com/ubuntu noble/universe amd64 fonts-wqy-zenhei all 0.9.45-8 [7472 kB]
2026-10-09T07:55:53.1879669Z Get:7 http://azure.archive.ubuntu.com/ubuntu noble-updates/main amd64 libfreetype6 amd64 2.13.2+dfsg-1ubuntu0.2 [403 kB]
2026-10-09T07:55:53.2854029Z Get:8 http://azure.archive.ubuntu.com/ubuntu noble/main amd64 xfonts-encodings all 1:1.0.5-0ubuntu2 [578 kB]
2026-10-09T07:55:53.3871174Z Get:9 http://azure.archive.ubuntu.com/ubuntu noble/main amd64 xfonts-utils amd64 1:7.7+6build3 [94.4 kB]
2026-10-09T07:55:53.4756996Z Get:10 http://azure.archive.ubuntu.com/ubuntu noble/universe amd64 xfonts-cyrillic all 1:1.0.5+nmu1 [384 kB]
2026-10-09T07:55:53.5748156Z Get:11 http://azure.archive.ubuntu.com/ubuntu noble/main amd64 xfonts-scalable all 1:1.0.3-1.3 [304 kB]
2026-10-09T07:55:53.8526280Z Fetched 21.5 MB in 2s (14.1 MB/s)
2026-10-09T07:55:53.8788042Z Selecting previously unselected package fonts-ipafont-gothic.
2026-10-09T07:55:53.9101618Z (Reading database ... 
2026-10-09T07:55:53.9102250Z (Reading database ... 5%
2026-10-09T07:55:53.9102573Z (Reading database ... 10%
2026-10-09T07:55:53.9102876Z (Reading database ... 15%
2026-10-09T07:55:53.9103303Z (Reading database ... 20%
2026-10-09T07:55:53.9103704Z (Reading database ... 25%
2026-10-09T07:55:53.9104310Z (Reading database ... 30%
2026-10-09T07:55:53.9104991Z (Reading database ... 35%
2026-10-09T07:55:53.9105798Z (Reading database ... 40%
2026-10-09T07:55:53.9106245Z (Reading database ... 45%
2026-10-09T07:55:53.9106722Z (Reading database ... 50%
2026-10-09T07:55:53.9169365Z (Reading database ... 55%
2026-10-09T07:55:54.0497668Z (Reading database ... 60%
2026-10-09T07:55:54.2379710Z (Reading database ... 65%
2026-10-09T07:55:54.4427838Z (Reading database ... 70%
2026-10-09T07:55:54.6406158Z (Reading database ... 75%
2026-10-09T07:55:54.7880745Z (Reading database ... 80%
2026-10-09T07:55:54.9933434Z (Reading database ... 85%
2026-10-09T07:55:55.2393680Z (Reading database ... 90%
2026-10-09T07:55:55.3920472Z (Reading database ... 95%
2026-10-09T07:55:55.3921459Z (Reading database ... 100%
2026-10-09T07:55:55.3922015Z (Reading database ... 203191 files and directories currently installed.)
2026-10-09T07:55:55.3965469Z Preparing to unpack .../0-fonts-ipafont-gothic_00303-21ubuntu1_all.deb ...
2026-10-09T07:55:55.4062974Z Unpacking fonts-ipafont-gothic (00303-21ubuntu1) ...
2026-10-09T07:55:55.6391445Z Selecting previously unselected package fonts-freefont-ttf.
2026-10-09T07:55:55.6515834Z Preparing to unpack .../1-fonts-freefont-ttf_20211204+svn4273-2_all.deb ...
2026-10-09T07:55:55.6524171Z Unpacking fonts-freefont-ttf (20211204+svn4273-2) ...
2026-10-09T07:55:55.7350325Z Selecting previously unselected package fonts-tlwg-loma-otf.
2026-10-09T07:55:55.7477931Z Preparing to unpack .../2-fonts-tlwg-loma-otf_1%3a0.7.3-1_all.deb ...
2026-10-09T07:55:55.7485327Z Unpacking fonts-tlwg-loma-otf (1:0.7.3-1) ...
2026-10-09T07:55:55.7709555Z Selecting previously unselected package fonts-unifont.
2026-10-09T07:55:55.7835951Z Preparing to unpack .../3-fonts-unifont_1%3a15.1.01-1build1_all.deb ...
2026-10-09T07:55:55.7843466Z Unpacking fonts-unifont (1:15.1.01-1build1) ...
2026-10-09T07:55:55.9474803Z Selecting previously unselected package fonts-wqy-zenhei.
2026-10-09T07:55:55.9603254Z Preparing to unpack .../4-fonts-wqy-zenhei_0.9.45-8_all.deb ...
2026-10-09T07:55:55.9709651Z Unpacking fonts-wqy-zenhei (0.9.45-8) ...
2026-10-09T07:55:56.4597972Z Preparing to unpack .../5-libfreetype6_2.13.2+dfsg-1ubuntu0.2_amd64.deb ...
2026-10-09T07:55:56.4628075Z Unpacking libfreetype6:amd64 (2.13.2+dfsg-1ubuntu0.2) over (2.13.2+dfsg-1ubuntu0.1) ...
2026-10-09T07:55:56.4882033Z Selecting previously unselected package xfonts-encodings.
2026-10-09T07:55:56.5009955Z Preparing to unpack .../6-xfonts-encodings_1%3a1.0.5-0ubuntu2_all.deb ...
2026-10-09T07:55:56.5017723Z Unpacking xfonts-encodings (1:1.0.5-0ubuntu2) ...
2026-10-09T07:55:56.5316384Z Selecting previously unselected package xfonts-utils.
2026-10-09T07:55:56.5450724Z Preparing to unpack .../7-xfonts-utils_1%3a7.7+6build3_amd64.deb ...
2026-10-09T07:55:56.5459606Z Unpacking xfonts-utils (1:7.7+6build3) ...
2026-10-09T07:55:56.5981589Z Selecting previously unselected package xfonts-cyrillic.
2026-10-09T07:55:56.6107184Z Preparing to unpack .../8-xfonts-cyrillic_1%3a1.0.5+nmu1_all.deb ...
2026-10-09T07:55:56.6115584Z Unpacking xfonts-cyrillic (1:1.0.5+nmu1) ...
2026-10-09T07:55:56.6478559Z Selecting previously unselected package xfonts-scalable.
2026-10-09T07:55:56.6611176Z Preparing to unpack .../9-xfonts-scalable_1%3a1.0.3-1.3_all.deb ...
2026-10-09T07:55:56.6618371Z Unpacking xfonts-scalable (1:1.0.3-1.3) ...
2026-10-09T07:55:56.7053945Z Setting up fonts-wqy-zenhei (0.9.45-8) ...
2026-10-09T07:55:56.7170250Z Setting up fonts-freefont-ttf (20211204+svn4273-2) ...
2026-10-09T07:55:56.7187426Z Setting up fonts-tlwg-loma-otf (1:0.7.3-1) ...
2026-10-09T07:55:56.7207666Z Setting up libfreetype6:amd64 (2.13.2+dfsg-1ubuntu0.2) ...
2026-10-09T07:55:56.7225841Z Setting up xfonts-encodings (1:1.0.5-0ubuntu2) ...
2026-10-09T07:55:56.7243197Z Setting up fonts-ipafont-gothic (00303-21ubuntu1) ...
2026-10-09T07:55:56.7310359Z update-alternatives: using /usr/share/fonts/opentype/ipafont-gothic/ipag.ttf to provide /usr/share/fonts/truetype/fonts-japanese-gothic.ttf (fonts-japanese-gothic.ttf) in auto mode
2026-10-09T07:55:56.7326278Z Setting up fonts-unifont (1:15.1.01-1build1) ...
2026-10-09T07:55:56.7343338Z Setting up xfonts-utils (1:7.7+6build3) ...
2026-10-09T07:55:56.7382651Z Setting up xfonts-cyrillic (1:1.0.5+nmu1) ...
2026-10-09T07:55:56.7718406Z Setting up xfonts-scalable (1:1.0.3-1.3) ...
2026-10-09T07:55:56.8033671Z Processing triggers for libc-bin (2.39-0ubuntu8.9) ...
2026-10-09T07:55:56.8427971Z Processing triggers for man-db (2.12.0-4build2) ...
2026-10-09T07:55:56.8452345Z Not building database; man-db/auto-update is not 'true'.
2026-10-09T07:55:56.8465149Z Processing triggers for fontconfig (2.15.0-1.1ubuntu2) ...
2026-10-09T07:55:57.6262641Z 
2026-10-09T07:55:57.6263390Z Running kernel seems to be up-to-date.
2026-10-09T07:55:57.6263717Z 
2026-10-09T07:55:57.6264443Z Restarting services...
2026-10-09T07:55:57.6340819Z  systemctl restart php8.3-fpm.service
2026-10-09T07:55:57.7429857Z 
2026-10-09T07:55:57.7439760Z No containers need to be restarted.
2026-10-09T07:55:57.7440176Z 
2026-10-09T07:55:57.7440525Z No user sessions are running outdated binaries.
2026-10-09T07:55:57.7440918Z 
2026-10-09T07:55:57.7441470Z No VM guests are running outdated hypervisor (qemu) binaries on this host.
2026-10-09T07:55:58.8083841Z ##[group]Run pnpm exec playwright install --with-deps firefox
2026-10-09T07:55:58.8084371Z [36;1mpnpm exec playwright install --with-deps firefox[0m
2026-10-09T07:55:58.8147795Z shell: /usr/bin/bash -e {0}
2026-10-09T07:55:58.8148122Z env:
2026-10-09T07:55:58.8148823Z   PLAYWRIGHT_BROWSERS_PATH: /home/runner/work/FsusUI/FsusUI/.tmp/playwright-browsers
2026-10-09T07:55:58.8149333Z   PNPM_HOME: /home/runner/setup-pnpm/node_modules/.bin
2026-10-09T07:55:58.8151136Z   PATH: /home/runner/work/FsusUI/FsusUI/emsdk-cache/emsdk-main:/home/runner/work/FsusUI/FsusUI/emsdk-cache/emsdk-main/upstream/emscripten:/opt/hostedtoolcache/node/22.23.3/x64/bin:/home/runner/setup-pnpm/node_modules/.bin:/snap/bin:/home/runner/.local/bin:/opt/pipx_bin:/home/runner/.cargo/bin:/home/runner/.config/composer/vendor/bin:/usr/local/.ghcup/bin:/home/runner/.dotnet/tools:/usr/local/sbin:/usr/local/bin:/usr/sbin:/usr/bin:/sbin:/bin:/usr/games:/usr/local/games
2026-10-09T07:55:58.8153044Z   EMSDK: /home/runner/work/FsusUI/FsusUI/emsdk-cache/emsdk-main
2026-10-09T07:55:58.8153593Z   EMSDK_NODE: /home/runner/work/FsusUI/FsusUI/emsdk-cache/emsdk-main/node/22.16.0_64bit/bin/node
2026-10-09T07:55:58.8154062Z ##[endgroup]
2026-10-09T07:55:59.4053996Z Installing dependencies...
2026-10-09T07:55:59.4137176Z Switching to root user to install dependencies...
2026-10-09T07:55:59.4910840Z Get:1 file:/etc/apt/apt-mirrors.txt Mirrorlist [144 B]
2026-10-09T07:55:59.5224336Z Hit:2 http://azure.archive.ubuntu.com/ubuntu noble InRelease
2026-10-09T07:55:59.5231010Z Hit:6 https://packages.microsoft.com/ubuntu/24.04/prod noble InRelease
2026-10-09T07:55:59.5251359Z Hit:3 http://azure.archive.ubuntu.com/ubuntu noble-updates InRelease
2026-10-09T07:55:59.5257234Z Hit:4 http://azure.archive.ubuntu.com/ubuntu noble-backports InRelease
2026-10-09T07:55:59.5263284Z Hit:5 http://azure.archive.ubuntu.com/ubuntu noble-security InRelease
2026-10-09T07:56:00.8289537Z Reading package lists...
2026-10-09T07:56:00.8511579Z Reading package lists...
2026-10-09T07:56:01.0576478Z Building dependency tree...
2026-10-09T07:56:01.0583547Z Reading state information...
2026-10-09T07:56:01.2296384Z libasound2t64 is already the newest version (1.2.11-1ubuntu0.3).
2026-10-09T07:56:01.2297412Z libatk1.0-0t64 is already the newest version (2.52.0-1build1).
2026-10-09T07:56:01.2298782Z libcairo-gobject2 is already the newest version (1.18.0-3build1).
2026-10-09T07:56:01.2299789Z libcairo-gobject2 set to manually installed.
2026-10-09T07:56:01.2300492Z libcairo2 is already the newest version (1.18.0-3build1).
2026-10-09T07:56:01.2301124Z libdbus-1-3 is already the newest version (1.14.10-4ubuntu4.1).
2026-10-09T07:56:01.2301793Z libfontconfig1 is already the newest version (2.15.0-1.1ubuntu2).
2026-10-09T07:56:01.2302790Z libfreetype6 is already the newest version (2.13.2+dfsg-1ubuntu0.2).
2026-10-09T07:56:01.2303391Z libfreetype6 set to manually installed.
2026-10-09T07:56:01.2304004Z libgdk-pixbuf-2.0-0 is already the newest version (2.42.10+dfsg-3ubuntu3.3).
2026-10-09T07:56:01.2304589Z libgdk-pixbuf-2.0-0 set to manually installed.
2026-10-09T07:56:01.2305145Z libglib2.0-0t64 is already the newest version (2.80.0-6ubuntu3.9).
2026-10-09T07:56:01.2305753Z libgtk-3-0t64 is already the newest version (3.24.41-4ubuntu1.3).
2026-10-09T07:56:01.2306251Z libgtk-3-0t64 set to manually installed.
2026-10-09T07:56:01.2306763Z libpango-1.0-0 is already the newest version (1.52.1+ds-1build1).
2026-10-09T07:56:01.2307388Z libpangocairo-1.0-0 is already the newest version (1.52.1+ds-1build1).
2026-10-09T07:56:01.2307931Z libpangocairo-1.0-0 set to manually installed.
2026-10-09T07:56:01.2308663Z libx11-6 is already the newest version (2:1.8.7-1build1).
2026-10-09T07:56:01.2309217Z libx11-xcb1 is already the newest version (2:1.8.7-1build1).
2026-10-09T07:56:01.2309682Z libx11-xcb1 set to manually installed.
2026-10-09T07:56:01.2310458Z libxcb-shm0 is already the newest version (1.15-1ubuntu2).
2026-10-09T07:56:01.2311012Z libxcb-shm0 set to manually installed.
2026-10-09T07:56:01.2311888Z libxcb1 is already the newest version (1.15-1ubuntu2).
2026-10-09T07:56:01.2312461Z libxcomposite1 is already the newest version (1:0.4.5-1build3).
2026-10-09T07:56:01.2313047Z libxcursor1 is already the newest version (1:1.2.1-1build1).
2026-10-09T07:56:01.2313516Z libxcursor1 set to manually installed.
2026-10-09T07:56:01.2313973Z libxdamage1 is already the newest version (1:1.1.6-1build1).
2026-10-09T07:56:01.2314447Z libxext6 is already the newest version (2:1.3.4-1build2).
2026-10-09T07:56:01.2314909Z libxfixes3 is already the newest version (1:6.0.0-2build1).
2026-10-09T07:56:01.2315374Z libxi6 is already the newest version (2:1.8.1-1build1).
2026-10-09T07:56:01.2315763Z libxi6 set to manually installed.
2026-10-09T07:56:01.2316177Z libxrandr2 is already the newest version (2:1.5.2-2build1).
2026-10-09T07:56:01.2316675Z libxrender1 is already the newest version (1:0.9.10-1.1build1).
2026-10-09T07:56:01.2317107Z libxrender1 set to manually installed.
2026-10-09T07:56:01.2317531Z xvfb is already the newest version (2:21.1.12-1ubuntu1.8).
2026-10-09T07:56:01.2318093Z fonts-noto-color-emoji is already the newest version (2.047-0ubuntu0.24.04.1).
2026-10-09T07:56:01.2318922Z fonts-unifont is already the newest version (1:15.1.01-1build1).
2026-10-09T07:56:01.2319431Z xfonts-cyrillic is already the newest version (1:1.0.5+nmu1).
2026-10-09T07:56:01.2319927Z xfonts-scalable is already the newest version (1:1.0.3-1.3).
2026-10-09T07:56:01.2320405Z fonts-liberation is already the newest version (1:2.1.5-3).
2026-10-09T07:56:01.2320936Z fonts-ipafont-gothic is already the newest version (00303-21ubuntu1).
2026-10-09T07:56:01.2321453Z fonts-wqy-zenhei is already the newest version (0.9.45-8).
2026-10-09T07:56:01.2321944Z fonts-tlwg-loma-otf is already the newest version (1:0.7.3-1).
2026-10-09T07:56:01.2322484Z fonts-freefont-ttf is already the newest version (20211204+svn4273-2).
2026-10-09T07:56:01.2323002Z The following additional packages will be installed:
2026-10-09T07:56:01.2323750Z   libavutil58 libcodec2-1.2 libdav1d7 libgsm1 libhwy1t64 libjxl0.7 libmp3lame0
2026-10-09T07:56:01.2324365Z   libopus0 librav1e0 librsvg2-2 libshine3 libsoxr0 libspeex1 libsvtav1enc1d1
2026-10-09T07:56:01.2324919Z   libswresample4 libtheora0 libtwolame0 libva-drm2 libva-x11-2 libva2
2026-10-09T07:56:01.2325482Z   libvdpau1 libvorbisenc2 libvpl2 libvpx9 libx264-164 libx265-199 libxvidcore4
2026-10-09T07:56:01.2325969Z   libzvbi-common libzvbi0t64 ocl-icd-libopencl1
2026-10-09T07:56:01.2326311Z Suggested packages:
2026-10-09T07:56:01.2326709Z   libcuda1 libnvcuvid1 libnvidia-encode1 opus-tools librsvg2-bin speex
2026-10-09T07:56:01.2327109Z   opencl-icd
2026-10-09T07:56:01.2327351Z Recommended packages:
2026-10-09T07:56:01.2327774Z   librsvg2-common va-driver-all | va-driver vdpau-driver-all | vdpau-driver
2026-10-09T07:56:01.2604538Z The following NEW packages will be installed:
2026-10-09T07:56:01.2606434Z   libavcodec60 libavutil58 libcodec2-1.2 libdav1d7 libgsm1 libhwy1t64
2026-10-09T07:56:01.2611433Z   libjxl0.7 libmp3lame0 libopus0 librav1e0 librsvg2-2 libshine3 libsoxr0
2026-10-09T07:56:01.2612635Z   libspeex1 libsvtav1enc1d1 libswresample4 libtheora0 libtwolame0 libva-drm2
2026-10-09T07:56:01.2613797Z   libva-x11-2 libva2 libvdpau1 libvorbisenc2 libvpl2 libvpx9 libx264-164
2026-10-09T07:56:01.2620003Z   libx265-199 libxvidcore4 libzvbi-common libzvbi0t64 ocl-icd-libopencl1
2026-10-09T07:56:01.2848022Z 0 upgraded, 31 newly installed, 0 to remove and 22 not upgraded.
2026-10-09T07:56:01.2849209Z Need to get 27.7 MB of archives.
2026-10-09T07:56:01.2850075Z After this operation, 88.1 MB of additional disk space will be used.
2026-10-09T07:56:01.2851121Z Get:1 file:/etc/apt/apt-mirrors.txt Mirrorlist [144 B]
2026-10-09T07:56:01.4733519Z Get:2 http://azure.archive.ubuntu.com/ubuntu noble-updates/universe amd64 libva2 amd64 2.20.0-2ubuntu0.2 [66.4 kB]
2026-10-09T07:56:01.7680608Z Get:3 http://azure.archive.ubuntu.com/ubuntu noble-updates/universe amd64 libva-drm2 amd64 2.20.0-2ubuntu0.2 [7124 B]
2026-10-09T07:56:01.8589150Z Get:4 http://azure.archive.ubuntu.com/ubuntu noble-updates/universe amd64 libva-x11-2 amd64 2.20.0-2ubuntu0.2 [12.0 kB]
2026-10-09T07:56:01.9522266Z Get:5 http://azure.archive.ubuntu.com/ubuntu noble/main amd64 libvdpau1 amd64 1.5-2build1 [27.8 kB]
2026-10-09T07:56:02.0617509Z Get:6 http://azure.archive.ubuntu.com/ubuntu noble/universe amd64 libvpl2 amd64 2023.3.0-1build1 [99.8 kB]
2026-10-09T07:56:02.2388710Z Get:7 http://azure.archive.ubuntu.com/ubuntu noble/universe amd64 ocl-icd-libopencl1 amd64 2.3.2-1build1 [38.5 kB]
2026-10-09T07:56:02.3369794Z Get:8 http://azure.archive.ubuntu.com/ubuntu noble/universe amd64 libavutil58 amd64 7:6.1.1-3ubuntu5 [401 kB]
2026-10-09T07:56:02.5734058Z Get:9 http://azure.archive.ubuntu.com/ubuntu noble/universe amd64 libcodec2-1.2 amd64 1.2.0-2build1 [8998 kB]
2026-10-09T07:56:03.0905139Z Get:10 http://azure.archive.ubuntu.com/ubuntu noble/universe amd64 libdav1d7 amd64 1.4.1-1build1 [604 kB]
2026-10-09T07:56:03.1908508Z Get:11 http://azure.archive.ubuntu.com/ubuntu noble/universe amd64 libgsm1 amd64 1.0.22-1build1 [27.8 kB]
2026-10-09T07:56:03.2773036Z Get:12 http://azure.archive.ubuntu.com/ubuntu noble/universe amd64 libhwy1t64 amd64 1.0.7-8.1build1 [584 kB]
2026-10-09T07:56:03.3742531Z Get:13 http://azure.archive.ubuntu.com/ubuntu noble-updates/universe amd64 libjxl0.7 amd64 0.7.0-10.2ubuntu6.1 [1001 kB]
2026-10-09T07:56:03.4845469Z Get:14 http://azure.archive.ubuntu.com/ubuntu noble/main amd64 libmp3lame0 amd64 3.100-6build1 [142 kB]
2026-10-09T07:56:03.5731336Z Get:15 http://azure.archive.ubuntu.com/ubuntu noble/main amd64 libopus0 amd64 1.4-1build1 [208 kB]
2026-10-09T07:56:03.6651654Z Get:16 http://azure.archive.ubuntu.com/ubuntu noble/universe amd64 librav1e0 amd64 0.7.1-2 [1022 kB]
2026-10-09T07:56:03.7695453Z Get:17 http://azure.archive.ubuntu.com/ubuntu noble-updates/main amd64 librsvg2-2 amd64 2.58.0+dfsg-1ubuntu0.1 [2141 kB]
2026-10-09T07:56:03.9542907Z Get:18 http://azure.archive.ubuntu.com/ubuntu noble/universe amd64 libshine3 amd64 3.1.1-2build1 [23.2 kB]
2026-10-09T07:56:04.0406375Z Get:19 http://azure.archive.ubuntu.com/ubuntu noble-updates/main amd64 libspeex1 amd64 1.2.1-2ubuntu2.24.04.1 [59.6 kB]
2026-10-09T07:56:04.1274589Z Get:20 http://azure.archive.ubuntu.com/ubuntu noble/universe amd64 libsvtav1enc1d1 amd64 1.7.0+dfsg-2build1 [2425 kB]
2026-10-09T07:56:04.2539454Z Get:21 http://azure.archive.ubuntu.com/ubuntu noble/universe amd64 libsoxr0 amd64 0.1.3-4build3 [80.0 kB]
2026-10-09T07:56:04.3417401Z Get:22 http://azure.archive.ubuntu.com/ubuntu noble/universe amd64 libswresample4 amd64 7:6.1.1-3ubuntu5 [63.8 kB]
2026-10-09T07:56:04.4305597Z Get:23 http://azure.archive.ubuntu.com/ubuntu noble/main amd64 libtheora0 amd64 1.1.1+dfsg.1-16.1build3 [211 kB]
2026-10-09T07:56:04.5215451Z Get:24 http://azure.archive.ubuntu.com/ubuntu noble/main amd64 libtwolame0 amd64 0.4.0-2build3 [52.3 kB]
2026-10-09T07:56:04.6082815Z Get:25 http://azure.archive.ubuntu.com/ubuntu noble/main amd64 libvorbisenc2 amd64 1.3.7-1build3 [80.8 kB]
2026-10-09T07:56:04.6959861Z Get:26 http://azure.archive.ubuntu.com/ubuntu noble-updates/main amd64 libvpx9 amd64 1.14.0-1ubuntu2.3 [1143 kB]
2026-10-09T07:56:04.7918098Z Get:27 http://azure.archive.ubuntu.com/ubuntu noble/universe amd64 libx264-164 amd64 2:0.164.3108+git31e19f9-1 [604 kB]
2026-10-09T07:56:04.8831484Z Get:28 http://azure.archive.ubuntu.com/ubuntu noble/universe amd64 libx265-199 amd64 3.5-2build1 [1226 kB]
2026-10-09T07:56:04.9802219Z Get:29 http://azure.archive.ubuntu.com/ubuntu noble/universe amd64 libxvidcore4 amd64 2:1.3.7-1build1 [219 kB]
2026-10-09T07:56:05.0677025Z Get:30 http://azure.archive.ubuntu.com/ubuntu noble/universe amd64 libzvbi-common all 0.2.42-2 [42.4 kB]
2026-10-09T07:56:05.1541821Z Get:31 http://azure.archive.ubuntu.com/ubuntu noble/universe amd64 libzvbi0t64 amd64 0.2.42-2 [261 kB]
2026-10-09T07:56:05.2421052Z Get:32 http://azure.archive.ubuntu.com/ubuntu noble/universe amd64 libavcodec60 amd64 7:6.1.1-3ubuntu5 [5851 kB]
2026-10-09T07:56:05.6366978Z Fetched 27.7 MB in 4s (6796 kB/s)
2026-10-09T07:56:05.6573827Z Selecting previously unselected package libva2:amd64.
2026-10-09T07:56:05.6631300Z (Reading database ... 
2026-10-09T07:56:05.6631979Z (Reading database ... 5%
2026-10-09T07:56:05.6632436Z (Reading database ... 10%
2026-10-09T07:56:05.6632858Z (Reading database ... 15%
2026-10-09T07:56:05.6633285Z (Reading database ... 20%
2026-10-09T07:56:05.6633707Z (Reading database ... 25%
2026-10-09T07:56:05.6634114Z (Reading database ... 30%
2026-10-09T07:56:05.6634533Z (Reading database ... 35%
2026-10-09T07:56:05.6634940Z (Reading database ... 40%
2026-10-09T07:56:05.6635311Z (Reading database ... 45%
2026-10-09T07:56:05.6635729Z (Reading database ... 50%
2026-10-09T07:56:05.6653366Z (Reading database ... 55%
2026-10-09T07:56:05.6767077Z (Reading database ... 60%
2026-10-09T07:56:05.6798533Z (Reading database ... 65%
2026-10-09T07:56:05.6821183Z (Reading database ... 70%
2026-10-09T07:56:05.6862657Z (Reading database ... 75%
2026-10-09T07:56:05.6891208Z (Reading database ... 80%
2026-10-09T07:56:05.7055072Z (Reading database ... 85%
2026-10-09T07:56:05.7138168Z (Reading database ... 90%
2026-10-09T07:56:05.7410265Z (Reading database ... 95%
2026-10-09T07:56:05.7410728Z (Reading database ... 100%
2026-10-09T07:56:05.7411327Z (Reading database ... 203458 files and directories currently installed.)
2026-10-09T07:56:05.7453639Z Preparing to unpack .../00-libva2_2.20.0-2ubuntu0.2_amd64.deb ...
2026-10-09T07:56:05.7468838Z Unpacking libva2:amd64 (2.20.0-2ubuntu0.2) ...
2026-10-09T07:56:05.7693225Z Selecting previously unselected package libva-drm2:amd64.
2026-10-09T07:56:05.7821728Z Preparing to unpack .../01-libva-drm2_2.20.0-2ubuntu0.2_amd64.deb ...
2026-10-09T07:56:05.7830920Z Unpacking libva-drm2:amd64 (2.20.0-2ubuntu0.2) ...
2026-10-09T07:56:05.8048108Z Selecting previously unselected package libva-x11-2:amd64.
2026-10-09T07:56:05.8186197Z Preparing to unpack .../02-libva-x11-2_2.20.0-2ubuntu0.2_amd64.deb ...
2026-10-09T07:56:05.8195054Z Unpacking libva-x11-2:amd64 (2.20.0-2ubuntu0.2) ...
2026-10-09T07:56:05.8417754Z Selecting previously unselected package libvdpau1:amd64.
2026-10-09T07:56:05.8546229Z Preparing to unpack .../03-libvdpau1_1.5-2build1_amd64.deb ...
2026-10-09T07:56:05.8553754Z Unpacking libvdpau1:amd64 (1.5-2build1) ...
2026-10-09T07:56:05.8774612Z Selecting previously unselected package libvpl2.
2026-10-09T07:56:05.8900568Z Preparing to unpack .../04-libvpl2_2023.3.0-1build1_amd64.deb ...
2026-10-09T07:56:05.8907744Z Unpacking libvpl2 (2023.3.0-1build1) ...
2026-10-09T07:56:05.9128626Z Selecting previously unselected package ocl-icd-libopencl1:amd64.
2026-10-09T07:56:05.9254459Z Preparing to unpack .../05-ocl-icd-libopencl1_2.3.2-1build1_amd64.deb ...
2026-10-09T07:56:05.9261795Z Unpacking ocl-icd-libopencl1:amd64 (2.3.2-1build1) ...
2026-10-09T07:56:05.9516791Z Selecting previously unselected package libavutil58:amd64.
2026-10-09T07:56:05.9644550Z Preparing to unpack .../06-libavutil58_7%3a6.1.1-3ubuntu5_amd64.deb ...
2026-10-09T07:56:05.9652045Z Unpacking libavutil58:amd64 (7:6.1.1-3ubuntu5) ...
2026-10-09T07:56:05.9927079Z Selecting previously unselected package libcodec2-1.2:amd64.
2026-10-09T07:56:06.0060217Z Preparing to unpack .../07-libcodec2-1.2_1.2.0-2build1_amd64.deb ...
2026-10-09T07:56:06.0073933Z Unpacking libcodec2-1.2:amd64 (1.2.0-2build1) ...
2026-10-09T07:56:06.0852226Z Selecting previously unselected package libdav1d7:amd64.
2026-10-09T07:56:06.0984598Z Preparing to unpack .../08-libdav1d7_1.4.1-1build1_amd64.deb ...
2026-10-09T07:56:06.0992068Z Unpacking libdav1d7:amd64 (1.4.1-1build1) ...
2026-10-09T07:56:06.1280961Z Selecting previously unselected package libgsm1:amd64.
2026-10-09T07:56:06.1413710Z Preparing to unpack .../09-libgsm1_1.0.22-1build1_amd64.deb ...
2026-10-09T07:56:06.1423026Z Unpacking libgsm1:amd64 (1.0.22-1build1) ...
2026-10-09T07:56:06.1650391Z Selecting previously unselected package libhwy1t64:amd64.
2026-10-09T07:56:06.1783159Z Preparing to unpack .../10-libhwy1t64_1.0.7-8.1build1_amd64.deb ...
2026-10-09T07:56:06.1804216Z Unpacking libhwy1t64:amd64 (1.0.7-8.1build1) ...
2026-10-09T07:56:06.2151918Z Selecting previously unselected package libjxl0.7:amd64.
2026-10-09T07:56:06.2279940Z Preparing to unpack .../11-libjxl0.7_0.7.0-10.2ubuntu6.1_amd64.deb ...
2026-10-09T07:56:06.2289762Z Unpacking libjxl0.7:amd64 (0.7.0-10.2ubuntu6.1) ...
2026-10-09T07:56:06.2643699Z Selecting previously unselected package libmp3lame0:amd64.
2026-10-09T07:56:06.2772227Z Preparing to unpack .../12-libmp3lame0_3.100-6build1_amd64.deb ...
2026-10-09T07:56:06.2780336Z Unpacking libmp3lame0:amd64 (3.100-6build1) ...
2026-10-09T07:56:06.3025963Z Selecting previously unselected package libopus0:amd64.
2026-10-09T07:56:06.3156037Z Preparing to unpack .../13-libopus0_1.4-1build1_amd64.deb ...
2026-10-09T07:56:06.3165315Z Unpacking libopus0:amd64 (1.4-1build1) ...
2026-10-09T07:56:06.3404706Z Selecting previously unselected package librav1e0:amd64.
2026-10-09T07:56:06.3535029Z Preparing to unpack .../14-librav1e0_0.7.1-2_amd64.deb ...
2026-10-09T07:56:06.3543042Z Unpacking librav1e0:amd64 (0.7.1-2) ...
2026-10-09T07:56:06.3890769Z Selecting previously unselected package librsvg2-2:amd64.
2026-10-09T07:56:06.4028742Z Preparing to unpack .../15-librsvg2-2_2.58.0+dfsg-1ubuntu0.1_amd64.deb ...
2026-10-09T07:56:06.4038033Z Unpacking librsvg2-2:amd64 (2.58.0+dfsg-1ubuntu0.1) ...
2026-10-09T07:56:06.4523886Z Selecting previously unselected package libshine3:amd64.
2026-10-09T07:56:06.4658639Z Preparing to unpack .../16-libshine3_3.1.1-2build1_amd64.deb ...
2026-10-09T07:56:06.4666342Z Unpacking libshine3:amd64 (3.1.1-2build1) ...
2026-10-09T07:56:06.4885876Z Selecting previously unselected package libspeex1:amd64.
2026-10-09T07:56:06.5015228Z Preparing to unpack .../17-libspeex1_1.2.1-2ubuntu2.24.04.1_amd64.deb ...
2026-10-09T07:56:06.5023533Z Unpacking libspeex1:amd64 (1.2.1-2ubuntu2.24.04.1) ...
2026-10-09T07:56:06.5260498Z Selecting previously unselected package libsvtav1enc1d1:amd64.
2026-10-09T07:56:06.5390256Z Preparing to unpack .../18-libsvtav1enc1d1_1.7.0+dfsg-2build1_amd64.deb ...
2026-10-09T07:56:06.5399200Z Unpacking libsvtav1enc1d1:amd64 (1.7.0+dfsg-2build1) ...
2026-10-09T07:56:06.5916426Z Selecting previously unselected package libsoxr0:amd64.
2026-10-09T07:56:06.6047030Z Preparing to unpack .../19-libsoxr0_0.1.3-4build3_amd64.deb ...
2026-10-09T07:56:06.6054789Z Unpacking libsoxr0:amd64 (0.1.3-4build3) ...
2026-10-09T07:56:06.6312151Z Selecting previously unselected package libswresample4:amd64.
2026-10-09T07:56:06.6442051Z Preparing to unpack .../20-libswresample4_7%3a6.1.1-3ubuntu5_amd64.deb ...
2026-10-09T07:56:06.6449090Z Unpacking libswresample4:amd64 (7:6.1.1-3ubuntu5) ...
2026-10-09T07:56:06.6685689Z Selecting previously unselected package libtheora0:amd64.
2026-10-09T07:56:06.6816295Z Preparing to unpack .../21-libtheora0_1.1.1+dfsg.1-16.1build3_amd64.deb ...
2026-10-09T07:56:06.6825076Z Unpacking libtheora0:amd64 (1.1.1+dfsg.1-16.1build3) ...
2026-10-09T07:56:06.7091353Z Selecting previously unselected package libtwolame0:amd64.
2026-10-09T07:56:06.7223570Z Preparing to unpack .../22-libtwolame0_0.4.0-2build3_amd64.deb ...
2026-10-09T07:56:06.7231742Z Unpacking libtwolame0:amd64 (0.4.0-2build3) ...
2026-10-09T07:56:06.7488544Z Selecting previously unselected package libvorbisenc2:amd64.
2026-10-09T07:56:06.7621645Z Preparing to unpack .../23-libvorbisenc2_1.3.7-1build3_amd64.deb ...
2026-10-09T07:56:06.7632209Z Unpacking libvorbisenc2:amd64 (1.3.7-1build3) ...
2026-10-09T07:56:06.7901962Z Selecting previously unselected package libvpx9:amd64.
2026-10-09T07:56:06.8064136Z Preparing to unpack .../24-libvpx9_1.14.0-1ubuntu2.3_amd64.deb ...
2026-10-09T07:56:06.8072755Z Unpacking libvpx9:amd64 (1.14.0-1ubuntu2.3) ...
2026-10-09T07:56:06.8436776Z Selecting previously unselected package libx264-164:amd64.
2026-10-09T07:56:06.8565087Z Preparing to unpack .../25-libx264-164_2%3a0.164.3108+git31e19f9-1_amd64.deb ...
2026-10-09T07:56:06.8572745Z Unpacking libx264-164:amd64 (2:0.164.3108+git31e19f9-1) ...
2026-10-09T07:56:06.8868950Z Selecting previously unselected package libx265-199:amd64.
2026-10-09T07:56:06.8997433Z Preparing to unpack .../26-libx265-199_3.5-2build1_amd64.deb ...
2026-10-09T07:56:06.9005785Z Unpacking libx265-199:amd64 (3.5-2build1) ...
2026-10-09T07:56:06.9671332Z Selecting previously unselected package libxvidcore4:amd64.
2026-10-09T07:56:06.9800368Z Preparing to unpack .../27-libxvidcore4_2%3a1.3.7-1build1_amd64.deb ...
2026-10-09T07:56:06.9807962Z Unpacking libxvidcore4:amd64 (2:1.3.7-1build1) ...
2026-10-09T07:56:07.0054756Z Selecting previously unselected package libzvbi-common.
2026-10-09T07:56:07.0184634Z Preparing to unpack .../28-libzvbi-common_0.2.42-2_all.deb ...
2026-10-09T07:56:07.0192424Z Unpacking libzvbi-common (0.2.42-2) ...
2026-10-09T07:56:07.0787465Z Selecting previously unselected package libzvbi0t64:amd64.
2026-10-09T07:56:07.0920643Z Preparing to unpack .../29-libzvbi0t64_0.2.42-2_amd64.deb ...
2026-10-09T07:56:07.0928842Z Unpacking libzvbi0t64:amd64 (0.2.42-2) ...
2026-10-09T07:56:07.1201358Z Selecting previously unselected package libavcodec60:amd64.
2026-10-09T07:56:07.1334525Z Preparing to unpack .../30-libavcodec60_7%3a6.1.1-3ubuntu5_amd64.deb ...
2026-10-09T07:56:07.1343445Z Unpacking libavcodec60:amd64 (7:6.1.1-3ubuntu5) ...
2026-10-09T07:56:07.2521084Z Setting up libhwy1t64:amd64 (1.0.7-8.1build1) ...
2026-10-09T07:56:07.2540932Z Setting up libspeex1:amd64 (1.2.1-2ubuntu2.24.04.1) ...
2026-10-09T07:56:07.2557297Z Setting up libshine3:amd64 (3.1.1-2build1) ...
2026-10-09T07:56:07.2573780Z Setting up libvpl2 (2023.3.0-1build1) ...
2026-10-09T07:56:07.2591088Z Setting up libx264-164:amd64 (2:0.164.3108+git31e19f9-1) ...
2026-10-09T07:56:07.2607921Z Setting up libtwolame0:amd64 (0.4.0-2build3) ...
2026-10-09T07:56:07.2628504Z Setting up libgsm1:amd64 (1.0.22-1build1) ...
2026-10-09T07:56:07.2646811Z Setting up libsoxr0:amd64 (0.1.3-4build3) ...
2026-10-09T07:56:07.2663771Z Setting up libcodec2-1.2:amd64 (1.2.0-2build1) ...
2026-10-09T07:56:07.2680827Z Setting up libsvtav1enc1d1:amd64 (1.7.0+dfsg-2build1) ...
2026-10-09T07:56:07.2697723Z Setting up libxvidcore4:amd64 (2:1.3.7-1build1) ...
2026-10-09T07:56:07.2715482Z Setting up librav1e0:amd64 (0.7.1-2) ...
2026-10-09T07:56:07.2734122Z Setting up librsvg2-2:amd64 (2.58.0+dfsg-1ubuntu0.1) ...
2026-10-09T07:56:07.2752951Z Setting up libva2:amd64 (2.20.0-2ubuntu0.2) ...
2026-10-09T07:56:07.2770269Z Setting up libopus0:amd64 (1.4-1build1) ...
2026-10-09T07:56:07.2812179Z Setting up libjxl0.7:amd64 (0.7.0-10.2ubuntu6.1) ...
2026-10-09T07:56:07.2829441Z Setting up libx265-199:amd64 (3.5-2build1) ...
2026-10-09T07:56:07.2847032Z Setting up libvpx9:amd64 (1.14.0-1ubuntu2.3) ...
2026-10-09T07:56:07.2865325Z Setting up libdav1d7:amd64 (1.4.1-1build1) ...
2026-10-09T07:56:07.2882856Z Setting up libva-drm2:amd64 (2.20.0-2ubuntu0.2) ...
2026-10-09T07:56:07.2901261Z Setting up ocl-icd-libopencl1:amd64 (2.3.2-1build1) ...
2026-10-09T07:56:07.2919363Z Setting up libvdpau1:amd64 (1.5-2build1) ...
2026-10-09T07:56:07.2945201Z Setting up libtheora0:amd64 (1.1.1+dfsg.1-16.1build3) ...
2026-10-09T07:56:07.2963838Z Setting up libva-x11-2:amd64 (2.20.0-2ubuntu0.2) ...
2026-10-09T07:56:07.2980500Z Setting up libzvbi-common (0.2.42-2) ...
2026-10-09T07:56:07.2999495Z Setting up libmp3lame0:amd64 (3.100-6build1) ...
2026-10-09T07:56:07.3018543Z Setting up libvorbisenc2:amd64 (1.3.7-1build3) ...
2026-10-09T07:56:07.3035814Z Setting up libzvbi0t64:amd64 (0.2.42-2) ...
2026-10-09T07:56:07.3054617Z Setting up libavutil58:amd64 (7:6.1.1-3ubuntu5) ...
2026-10-09T07:56:07.3072489Z Setting up libswresample4:amd64 (7:6.1.1-3ubuntu5) ...
2026-10-09T07:56:07.3092434Z Setting up libavcodec60:amd64 (7:6.1.1-3ubuntu5) ...
2026-10-09T07:56:07.3115789Z Processing triggers for man-db (2.12.0-4build2) ...
2026-10-09T07:56:07.3134847Z Not building database; man-db/auto-update is not 'true'.
2026-10-09T07:56:07.3148839Z Processing triggers for libc-bin (2.39-0ubuntu8.9) ...
2026-10-09T07:56:07.9025822Z 
2026-10-09T07:56:07.9026764Z Running kernel seems to be up-to-date.
2026-10-09T07:56:07.9027139Z 
2026-10-09T07:56:07.9027393Z No services need to be restarted.
2026-10-09T07:56:07.9028069Z 
2026-10-09T07:56:07.9028640Z No containers need to be restarted.
2026-10-09T07:56:07.9029090Z 
2026-10-09T07:56:07.9029328Z No user sessions are running outdated binaries.
2026-10-09T07:56:07.9029595Z 
2026-10-09T07:56:07.9029932Z No VM guests are running outdated hypervisor (qemu) binaries on this host.
2026-10-09T07:56:09.0435304Z ##[group]Run pnpm exec playwright install --with-deps webkit
2026-10-09T07:56:09.0435811Z [36;1mpnpm exec playwright install --with-deps webkit[0m
2026-10-09T07:56:09.0501046Z shell: /usr/bin/bash -e {0}
2026-10-09T07:56:09.0501333Z env:
2026-10-09T07:56:09.0501713Z   PLAYWRIGHT_BROWSERS_PATH: /home/runner/work/FsusUI/FsusUI/.tmp/playwright-browsers
2026-10-09T07:56:09.0502233Z   PNPM_HOME: /home/runner/setup-pnpm/node_modules/.bin
2026-10-09T07:56:09.0504010Z   PATH: /home/runner/work/FsusUI/FsusUI/emsdk-cache/emsdk-main:/home/runner/work/FsusUI/FsusUI/emsdk-cache/emsdk-main/upstream/emscripten:/opt/hostedtoolcache/node/22.23.3/x64/bin:/home/runner/setup-pnpm/node_modules/.bin:/snap/bin:/home/runner/.local/bin:/opt/pipx_bin:/home/runner/.cargo/bin:/home/runner/.config/composer/vendor/bin:/usr/local/.ghcup/bin:/home/runner/.dotnet/tools:/usr/local/sbin:/usr/local/bin:/usr/sbin:/usr/bin:/sbin:/bin:/usr/games:/usr/local/games
2026-10-09T07:56:09.0505900Z   EMSDK: /home/runner/work/FsusUI/FsusUI/emsdk-cache/emsdk-main
2026-10-09T07:56:09.0506461Z   EMSDK_NODE: /home/runner/work/FsusUI/FsusUI/emsdk-cache/emsdk-main/node/22.16.0_64bit/bin/node
2026-10-09T07:56:09.0506929Z ##[endgroup]
2026-10-09T07:56:09.6120837Z Installing dependencies...
2026-10-09T07:56:09.6203972Z Switching to root user to install dependencies...
2026-10-09T07:56:09.7020821Z Get:1 file:/etc/apt/apt-mirrors.txt Mirrorlist [144 B]
2026-10-09T07:56:09.7346687Z Hit:2 http://azure.archive.ubuntu.com/ubuntu noble InRelease
2026-10-09T07:56:09.7353287Z Hit:3 http://azure.archive.ubuntu.com/ubuntu noble-updates InRelease
2026-10-09T07:56:09.7358092Z Hit:4 http://azure.archive.ubuntu.com/ubuntu noble-backports InRelease
2026-10-09T07:56:09.7361339Z Hit:5 http://azure.archive.ubuntu.com/ubuntu noble-security InRelease
2026-10-09T07:56:09.7562920Z Hit:6 https://packages.microsoft.com/ubuntu/24.04/prod noble InRelease
2026-10-09T07:56:11.0836941Z Reading package lists...
2026-10-09T07:56:11.1060566Z Reading package lists...
2026-10-09T07:56:11.3311580Z Building dependency tree...
2026-10-09T07:56:11.3319471Z Reading state information...
2026-10-09T07:56:11.4946744Z libicu74 is already the newest version (74.2-1ubuntu3.1).
2026-10-09T07:56:11.4947869Z libatomic1 is already the newest version (14.2.0-4ubuntu2~24.04.1).
2026-10-09T07:56:11.4951070Z libatomic1 set to manually installed.
2026-10-09T07:56:11.4951932Z libatk-bridge2.0-0t64 is already the newest version (2.52.0-1build1).
2026-10-09T07:56:11.4952940Z libatk1.0-0t64 is already the newest version (2.52.0-1build1).
2026-10-09T07:56:11.4953921Z libcairo-gobject2 is already the newest version (1.18.0-3build1).
2026-10-09T07:56:11.4954894Z libcairo2 is already the newest version (1.18.0-3build1).
2026-10-09T07:56:11.4955756Z libdbus-1-3 is already the newest version (1.14.10-4ubuntu4.1).
2026-10-09T07:56:11.4956677Z libdrm2 is already the newest version (2.4.125-1ubuntu0.1~24.04.2).
2026-10-09T07:56:11.4957562Z libenchant-2-2 is already the newest version (2.3.3-2build2).
2026-10-09T07:56:11.4958751Z libenchant-2-2 set to manually installed.
2026-10-09T07:56:11.4959624Z libepoxy0 is already the newest version (1.5.10-1build1).
2026-10-09T07:56:11.4960349Z libepoxy0 set to manually installed.
2026-10-09T07:56:11.4961270Z libfontconfig1 is already the newest version (2.15.0-1.1ubuntu2).
2026-10-09T07:56:11.4962243Z libfreetype6 is already the newest version (2.13.2+dfsg-1ubuntu0.2).
2026-10-09T07:56:11.4963226Z libgbm1 is already the newest version (25.2.8-0ubuntu0.24.04.4).
2026-10-09T07:56:11.4964133Z libgdk-pixbuf-2.0-0 is already the newest version (2.42.10+dfsg-3ubuntu3.3).
2026-10-09T07:56:11.4965110Z libglib2.0-0t64 is already the newest version (2.80.0-6ubuntu3.9).
2026-10-09T07:56:11.4966066Z libgstreamer1.0-0 is already the newest version (1.24.2-1ubuntu0.1).
2026-10-09T07:56:11.4966884Z libgstreamer1.0-0 set to manually installed.
2026-10-09T07:56:11.4967692Z libharfbuzz0b is already the newest version (8.3.0-2build2).
2026-10-09T07:56:11.4969562Z libharfbuzz0b set to manually installed.
2026-10-09T07:56:11.4970575Z libjpeg-turbo8 is already the newest version (2.1.5-2ubuntu2).
2026-10-09T07:56:11.4971408Z libjpeg-turbo8 set to manually installed.
2026-10-09T07:56:11.4972216Z liblcms2-2 is already the newest version (2.14-2ubuntu0.1).
2026-10-09T07:56:11.4972988Z liblcms2-2 set to manually installed.
2026-10-09T07:56:11.4973720Z libopus0 is already the newest version (1.4-1build1).
2026-10-09T07:56:11.4974407Z libopus0 set to manually installed.
2026-10-09T07:56:11.4975195Z libpango-1.0-0 is already the newest version (1.52.1+ds-1build1).
2026-10-09T07:56:11.4976160Z libpangocairo-1.0-0 is already the newest version (1.52.1+ds-1build1).
2026-10-09T07:56:11.4977094Z libvpx9 is already the newest version (1.14.0-1ubuntu2.3).
2026-10-09T07:56:11.4977805Z libvpx9 set to manually installed.
2026-10-09T07:56:11.4978875Z libwayland-client0 is already the newest version (1.22.0-2.1build1).
2026-10-09T07:56:11.4979724Z libwayland-client0 set to manually installed.
2026-10-09T07:56:11.4980582Z libwayland-egl1 is already the newest version (1.22.0-2.1build1).
2026-10-09T07:56:11.4981369Z libwayland-egl1 set to manually installed.
2026-10-09T07:56:11.4982133Z libwebp7 is already the newest version (1.3.2-0.4build3).
2026-10-09T07:56:11.4982841Z libwebp7 set to manually installed.
2026-10-09T07:56:11.4983607Z libwebpdemux2 is already the newest version (1.3.2-0.4build3).
2026-10-09T07:56:11.4984366Z libwebpdemux2 set to manually installed.
2026-10-09T07:56:11.4985124Z libx11-6 is already the newest version (2:1.8.7-1build1).
2026-10-09T07:56:11.4985973Z libxkbcommon0 is already the newest version (1.6.0-1build1).
2026-10-09T07:56:11.4987178Z libxslt1.1 is already the newest version (1.1.39-0exp1ubuntu0.24.04.3).
2026-10-09T07:56:11.4987990Z libxslt1.1 set to manually installed.
2026-10-09T07:56:11.4989135Z libx264-164 is already the newest version (2:0.164.3108+git31e19f9-1).
2026-10-09T07:56:11.4989949Z libx264-164 set to manually installed.
2026-10-09T07:56:11.4990733Z xvfb is already the newest version (2:21.1.12-1ubuntu1.8).
2026-10-09T07:56:11.4991734Z fonts-noto-color-emoji is already the newest version (2.047-0ubuntu0.24.04.1).
2026-10-09T07:56:11.4992759Z fonts-unifont is already the newest version (1:15.1.01-1build1).
2026-10-09T07:56:11.4993673Z xfonts-cyrillic is already the newest version (1:1.0.5+nmu1).
2026-10-09T07:56:11.4994558Z xfonts-scalable is already the newest version (1:1.0.3-1.3).
2026-10-09T07:56:11.4995427Z fonts-liberation is already the newest version (1:2.1.5-3).
2026-10-09T07:56:11.4996384Z fonts-ipafont-gothic is already the newest version (00303-21ubuntu1).
2026-10-09T07:56:11.4997306Z fonts-wqy-zenhei is already the newest version (0.9.45-8).
2026-10-09T07:56:11.4998192Z fonts-tlwg-loma-otf is already the newest version (1:0.7.3-1).
2026-10-09T07:56:11.4999382Z fonts-freefont-ttf is already the newest version (20211204+svn4273-2).
2026-10-09T07:56:11.5000267Z The following additional packages will be installed:
2026-10-09T07:56:11.5001130Z   glib-networking glib-networking-common glib-networking-services
2026-10-09T07:56:11.5002115Z   gsettings-desktop-schemas libaa1 libabsl20220623t64 libass9 libasyncns0
2026-10-09T07:56:11.5003052Z   libavc1394-0 libavfilter9 libavformat60 libavtp0 libblas3 libbluray2
2026-10-09T07:56:11.5003814Z   libbs2b0 libcaca0 libcairo-script-interpreter2 libcdparanoia0
2026-10-09T07:56:11.5004595Z   libchromaprint1 libcjson1 libdc1394-25 libdca0 libde265-0 libdecor-0-0
2026-10-09T07:56:11.5005402Z   libdirectfb-1.7-7t64 libdv4t64 libdvdnav4 libdvdread8t64 libegl-mesa0
2026-10-09T07:56:11.5006306Z   libegl1 libfaad2 libflac12t64 libfluidsynth3 libfreeaptx0 libgav1-1 libgme0
2026-10-09T07:56:11.5007140Z   libgraphene-1.0-0 libgssdp-1.6-0 libgstreamer-plugins-good1.0-0
2026-10-09T07:56:11.5007891Z   libgtk-4-common libgupnp-1.6-0 libgupnp-igd-1.6-0 libiec61883-0
2026-10-09T07:56:11.5008879Z   libimath-3-1-29t64 libinstpatch-1.0-2 libjack-jackd2-0 liblapack3 liblc3-1
2026-10-09T07:56:11.5009964Z   libldacbt-enc2 liblilv-0-0 liblrdf0 libltc11 libmbedcrypto7t64 libmfx1
2026-10-09T07:56:11.5010789Z   libmjpegutils-2.1-0t64 libmodplug1 libmpcdec6 libmpeg2encpp-2.1-0t64
2026-10-09T07:56:11.5011575Z   libmpg123-0t64 libmplex2-2.1-0t64 libmysofa1 libneon27t64 libnice10
2026-10-09T07:56:11.5012378Z   libopenal-data libopenal1 libopenexr-3-1-30 libopenh264-7 libopenmpt0t64
2026-10-09T07:56:11.5013177Z   libopenni2-0 liborc-0.4-0t64 libpipewire-0.3-0t64 libplacebo338
2026-10-09T07:56:11.5013932Z   libpocketsphinx3 libpostproc57 libproxy1v5 libpulse0 libqrencode4
2026-10-09T07:56:11.5014795Z   libraptor2-0 libraw1394-11 librist4 librubberband2 libsamplerate0 libsbc1
2026-10-09T07:56:11.5015666Z   libsdl2-2.0-0 libsecret-common libserd-0-0 libshout3 libsndfile1 libsndio7.0
2026-10-09T07:56:11.5016448Z   libsord-0-0 libsoundtouch1 libsoup-3.0-0 libsoup-3.0-common
2026-10-09T07:56:11.5017163Z   libspa-0.2-modules libspandsp2t64 libsphinxbase3t64 libsratom-0-0
2026-10-09T07:56:11.5017936Z   libsrt1.5-gnutls libsrtp2-1 libssh-gcrypt-4 libswscale7 libtag1v5
2026-10-09T07:56:11.5018943Z   libtag1v5-vanilla libudfread0 libunibreak5 libv4l-0t64 libv4lconvert0t64
2026-10-09T07:56:11.5019799Z   libvidstab1.1 libvisual-0.4-0 libvo-aacenc0 libvo-amrwbenc0 libwavpack1
2026-10-09T07:56:11.5020639Z   libwebrtc-audio-processing1 libwildmidi2 libxcb-xkb1 libxkbcommon-x11-0
2026-10-09T07:56:11.5021420Z   libxml2-dev libyuv0 libzbar0t64 libzimg2 libzix-0-0 libzxing3
2026-10-09T07:56:11.5022027Z   session-migration timgm6mb-soundfont
2026-10-09T07:56:11.5022508Z Suggested packages:
2026-10-09T07:56:11.5023104Z   frei0r-plugins gvfs libbluray-bdj libdirectfb-extra libdv-bin oss-compat
2026-10-09T07:56:11.5024163Z   libdvdcss2 libvisual-0.4-plugins jackd2 liblrdf0-dev libportaudio2 pipewire
2026-10-09T07:56:11.5024951Z   pulseaudio raptor2-utils libraw1394-doc serdi sndiod sordi
2026-10-09T07:56:11.5025547Z   libwildmidi-config fluid-soundfont-gm
2026-10-09T07:56:11.5026012Z Recommended packages:
2026-10-09T07:56:11.5026631Z   gstreamer1.0-x libaacs0 default-libdecor-0-plugin-1 | libdecor-0-plugin-1
2026-10-09T07:56:11.5027473Z   gstreamer1.0-gl libgtk-4-bin librsvg2-common libgtk-4-media-gstreamer
2026-10-09T07:56:11.5028479Z   libpipewire-0.3-common pocketsphinx-en-us libmagickcore-6.q16-7-extra
2026-10-09T07:56:11.5519585Z The following NEW packages will be installed:
2026-10-09T07:56:11.5520568Z   glib-networking glib-networking-common glib-networking-services
2026-10-09T07:56:11.5521658Z   gsettings-desktop-schemas gstreamer1.0-libav gstreamer1.0-plugins-bad
2026-10-09T07:56:11.5522801Z   gstreamer1.0-plugins-base gstreamer1.0-plugins-good libaa1
2026-10-09T07:56:11.5523892Z   libabsl20220623t64 libass9 libasyncns0 libavc1394-0 libavfilter9
2026-10-09T07:56:11.5524961Z   libavformat60 libavif16 libavtp0 libblas3 libbluray2 libbs2b0 libcaca0
2026-10-09T07:56:11.5526174Z   libcairo-script-interpreter2 libcdparanoia0 libchromaprint1 libcjson1
2026-10-09T07:56:11.5527313Z   libdc1394-25 libdca0 libde265-0 libdecor-0-0 libdirectfb-1.7-7t64 libdv4t64
2026-10-09T07:56:11.5528744Z   libdvdnav4 libdvdread8t64 libegl-mesa0 libegl1 libevent-2.1-7t64 libfaad2
2026-10-09T07:56:11.5529818Z   libflac12t64 libflite1 libfluidsynth3 libfreeaptx0 libgav1-1 libgles2
2026-10-09T07:56:11.5530744Z   libgme0 libgraphene-1.0-0 libgssdp-1.6-0 libgstreamer-gl1.0-0
2026-10-09T07:56:11.5531685Z   libgstreamer-plugins-bad1.0-0 libgstreamer-plugins-base1.0-0
2026-10-09T07:56:11.5532771Z   libgstreamer-plugins-good1.0-0 libgtk-4-1 libgtk-4-common libgupnp-1.6-0
2026-10-09T07:56:11.5533766Z   libgupnp-igd-1.6-0 libharfbuzz-icu0 libhyphen0 libiec61883-0
2026-10-09T07:56:11.5534766Z   libimath-3-1-29t64 libinstpatch-1.0-2 libjack-jackd2-0 liblapack3 liblc3-1
2026-10-09T07:56:11.5535784Z   libldacbt-enc2 liblilv-0-0 liblrdf0 libltc11 libmanette-0.2-0
2026-10-09T07:56:11.5536768Z   libmbedcrypto7t64 libmfx1 libmjpegutils-2.1-0t64 libmodplug1 libmpcdec6
2026-10-09T07:56:11.5537788Z   libmpeg2encpp-2.1-0t64 libmpg123-0t64 libmplex2-2.1-0t64 libmysofa1
2026-10-09T07:56:11.5539775Z   libneon27t64 libnice10 libopenal-data libopenal1 libopenexr-3-1-30
2026-10-09T07:56:11.5540782Z   libopenh264-7 libopenmpt0t64 libopenni2-0 liborc-0.4-0t64
2026-10-09T07:56:11.5541779Z   libpipewire-0.3-0t64 libplacebo338 libpocketsphinx3 libpostproc57
2026-10-09T07:56:11.5542756Z   libproxy1v5 libpulse0 libqrencode4 libraptor2-0 libraw1394-11 librist4
2026-10-09T07:56:11.5543731Z   librubberband2 libsamplerate0 libsbc1 libsdl2-2.0-0 libsecret-1-0
2026-10-09T07:56:11.5544826Z   libsecret-common libserd-0-0 libshout3 libsndfile1 libsndio7.0 libsord-0-0
2026-10-09T07:56:11.5545865Z   libsoundtouch1 libsoup-3.0-0 libsoup-3.0-common libspa-0.2-modules
2026-10-09T07:56:11.5546962Z   libspandsp2t64 libsphinxbase3t64 libsratom-0-0 libsrt1.5-gnutls libsrtp2-1
2026-10-09T07:56:11.5548179Z   libssh-gcrypt-4 libswscale7 libtag1v5 libtag1v5-vanilla libudfread0
2026-10-09T07:56:11.5549469Z   libunibreak5 libv4l-0t64 libv4lconvert0t64 libvidstab1.1 libvisual-0.4-0
2026-10-09T07:56:11.5550410Z   libvo-aacenc0 libvo-amrwbenc0 libwavpack1 libwayland-server0
2026-10-09T07:56:11.5551321Z   libwebrtc-audio-processing1 libwildmidi2 libwoff1 libxcb-xkb1
2026-10-09T07:56:11.5552349Z   libxkbcommon-x11-0 libyuv0 libzbar0t64 libzimg2 libzix-0-0 libzxing3
2026-10-09T07:56:11.5553212Z   session-migration timgm6mb-soundfont
2026-10-09T07:56:11.5553986Z The following packages will be upgraded:
2026-10-09T07:56:11.5554675Z   libpng16-16t64 libxml2 libxml2-dev
2026-10-09T07:56:11.5765678Z 3 upgraded, 141 newly installed, 0 to remove and 19 not upgraded.
2026-10-09T07:56:11.5766500Z Need to get 67.1 MB of archives.
2026-10-09T07:56:11.5767308Z After this operation, 196 MB of additional disk space will be used.
2026-10-09T07:56:11.5768849Z Get:1 file:/etc/apt/apt-mirrors.txt Mirrorlist [144 B]
2026-10-09T07:56:11.6208186Z Get:2 http://azure.archive.ubuntu.com/ubuntu noble-updates/main amd64 libxml2-dev amd64 2.9.14+dfsg-1.3ubuntu3.10 [781 kB]
2026-10-09T07:56:11.6592512Z Get:3 http://azure.archive.ubuntu.com/ubuntu noble-updates/main amd64 libxml2 amd64 2.9.14+dfsg-1.3ubuntu3.10 [764 kB]
2026-10-09T07:56:11.6962530Z Get:4 http://azure.archive.ubuntu.com/ubuntu noble-updates/main amd64 libpng16-16t64 amd64 1.6.43-5ubuntu0.7 [189 kB]
2026-10-09T07:56:11.7179949Z Get:5 http://azure.archive.ubuntu.com/ubuntu noble/main amd64 libproxy1v5 amd64 0.5.4-4build1 [26.5 kB]
2026-10-09T07:56:11.7376850Z Get:6 http://azure.archive.ubuntu.com/ubuntu noble/main amd64 glib-networking-common all 2.80.0-1build1 [6702 B]
2026-10-09T07:56:11.7565940Z Get:7 http://azure.archive.ubuntu.com/ubuntu noble/main amd64 glib-networking-services amd64 2.80.0-1build1 [12.8 kB]
2026-10-09T07:56:11.7753029Z Get:8 http://azure.archive.ubuntu.com/ubuntu noble/main amd64 session-migration amd64 0.3.9build1 [9034 B]
2026-10-09T07:56:11.7939275Z Get:9 http://azure.archive.ubuntu.com/ubuntu noble-updates/main amd64 gsettings-desktop-schemas all 46.1-0ubuntu1 [35.6 kB]
2026-10-09T07:56:11.8122407Z Get:10 http://azure.archive.ubuntu.com/ubuntu noble/main amd64 glib-networking amd64 2.80.0-1build1 [64.1 kB]
2026-10-09T07:56:11.8308542Z Get:11 http://azure.archive.ubuntu.com/ubuntu noble/universe amd64 libunibreak5 amd64 5.1-2build1 [25.0 kB]
2026-10-09T07:56:11.8491346Z Get:12 http://azure.archive.ubuntu.com/ubuntu noble/universe amd64 libass9 amd64 1:0.17.1-2build1 [104 kB]
2026-10-09T07:56:11.8679292Z Get:13 http://azure.archive.ubuntu.com/ubuntu noble/universe amd64 libudfread0 amd64 1.1.2-1build1 [19.0 kB]
2026-10-09T07:56:11.8860233Z Get:14 http://azure.archive.ubuntu.com/ubuntu noble/universe amd64 libbluray2 amd64 1:1.3.4-1build1 [159 kB]
2026-10-09T07:56:11.9052280Z Get:15 http://azure.archive.ubuntu.com/ubuntu noble/universe amd64 libchromaprint1 amd64 1.5.1-5 [30.5 kB]
2026-10-09T07:56:11.9233366Z Get:16 http://azure.archive.ubuntu.com/ubuntu noble/universe amd64 libgme0 amd64 0.6.3-7build1 [134 kB]
2026-10-09T07:56:11.9427436Z Get:17 http://azure.archive.ubuntu.com/ubuntu noble-updates/main amd64 libmpg123-0t64 amd64 1.32.5-1ubuntu1.1 [169 kB]
2026-10-09T07:56:11.9638802Z Get:18 http://azure.archive.ubuntu.com/ubuntu noble/universe amd64 libopenmpt0t64 amd64 0.7.3-1.1build3 [647 kB]
2026-10-09T07:56:11.9920655Z Get:19 http://azure.archive.ubuntu.com/ubuntu noble/universe amd64 libcjson1 amd64 1.7.17-1 [24.8 kB]
2026-10-09T07:56:12.0596588Z Get:20 http://azure.archive.ubuntu.com/ubuntu noble/universe amd64 libmbedcrypto7t64 amd64 2.28.8-1 [209 kB]
2026-10-09T07:56:12.0797787Z Get:21 http://azure.archive.ubuntu.com/ubuntu noble/universe amd64 librist4 amd64 0.2.10+dfsg-2 [74.9 kB]
2026-10-09T07:56:12.0995875Z Get:22 http://azure.archive.ubuntu.com/ubuntu noble/universe amd64 libsrt1.5-gnutls amd64 1.5.3-1build2 [316 kB]
2026-10-09T07:56:12.1233571Z Get:23 http://azure.archive.ubuntu.com/ubuntu noble-updates/main amd64 libssh-gcrypt-4 amd64 0.10.6-2ubuntu0.5 [226 kB]
2026-10-09T07:56:12.1431710Z Get:24 http://azure.archive.ubuntu.com/ubuntu noble/universe amd64 libavformat60 amd64 7:6.1.1-3ubuntu5 [1153 kB]
2026-10-09T07:56:12.1736238Z Get:25 http://azure.archive.ubuntu.com/ubuntu noble/universe amd64 libbs2b0 amd64 3.1.0+dfsg-7build1 [10.6 kB]
2026-10-09T07:56:12.1918614Z Get:26 http://azure.archive.ubuntu.com/ubuntu noble/universe amd64 libflite1 amd64 2.2-6build3 [13.6 MB]
2026-10-09T07:56:12.3736193Z Get:27 http://azure.archive.ubuntu.com/ubuntu noble/universe amd64 libserd-0-0 amd64 0.32.2-1 [43.6 kB]
2026-10-09T07:56:12.3921530Z Get:28 http://azure.archive.ubuntu.com/ubuntu noble/universe amd64 libzix-0-0 amd64 0.4.2-2build1 [23.6 kB]
2026-10-09T07:56:12.4102936Z Get:29 http://azure.archive.ubuntu.com/ubuntu noble/universe amd64 libsord-0-0 amd64 0.16.16-2build1 [15.8 kB]
2026-10-09T07:56:12.4284198Z Get:30 http://azure.archive.ubuntu.com/ubuntu noble/universe amd64 libsratom-0-0 amd64 0.6.16-1build1 [17.3 kB]
2026-10-09T07:56:12.4481512Z Get:31 http://azure.archive.ubuntu.com/ubuntu noble/universe amd64 liblilv-0-0 amd64 0.24.22-1build1 [41.0 kB]
2026-10-09T07:56:12.4674680Z Get:32 http://azure.archive.ubuntu.com/ubuntu noble/universe amd64 libmysofa1 amd64 1.3.2+dfsg-2ubuntu2 [1158 kB]
2026-10-09T07:56:12.5006818Z Get:33 http://azure.archive.ubuntu.com/ubuntu noble/universe amd64 libplacebo338 amd64 6.338.2-2build1 [2654 kB]
2026-10-09T07:56:12.5536621Z Get:34 http://azure.archive.ubuntu.com/ubuntu noble-updates/main amd64 libblas3 amd64 3.12.0-3build1.1 [238 kB]
2026-10-09T07:56:12.5750839Z Get:35 http://azure.archive.ubuntu.com/ubuntu noble-updates/main amd64 liblapack3 amd64 3.12.0-3build1.1 [2646 kB]
2026-10-09T07:56:12.6405072Z Get:36 http://azure.archive.ubuntu.com/ubuntu noble/main amd64 libasyncns0 amd64 0.8-6build4 [11.3 kB]
2026-10-09T07:56:12.6595574Z Get:37 http://azure.archive.ubuntu.com/ubuntu noble/main amd64 libflac12t64 amd64 1.4.3+ds-2.1ubuntu2 [197 kB]
2026-10-09T07:56:12.6813781Z Get:38 http://azure.archive.ubuntu.com/ubuntu noble-updates/main amd64 libsndfile1 amd64 1.2.2-1ubuntu5.24.04.1 [209 kB]
2026-10-09T07:56:12.7479924Z Get:39 http://azure.archive.ubuntu.com/ubuntu noble-updates/main amd64 libpulse0 amd64 1:16.1+dfsg1-2ubuntu10.1 [292 kB]
2026-10-09T07:56:12.7713138Z Get:40 http://azure.archive.ubuntu.com/ubuntu noble/universe amd64 libsphinxbase3t64 amd64 0.8+5prealpha+1-17build2 [126 kB]
2026-10-09T07:56:12.7910152Z Get:41 http://azure.archive.ubuntu.com/ubuntu noble/universe amd64 libpocketsphinx3 amd64 0.8.0+real5prealpha+1-15ubuntu5 [133 kB]
2026-10-09T07:56:12.8110588Z Get:42 http://azure.archive.ubuntu.com/ubuntu noble/universe amd64 libpostproc57 amd64 7:6.1.1-3ubuntu5 [49.9 kB]
2026-10-09T07:56:12.8292623Z Get:43 http://azure.archive.ubuntu.com/ubuntu noble/main amd64 libsamplerate0 amd64 0.2.2-4build1 [1344 kB]
2026-10-09T07:56:12.8561486Z Get:44 http://azure.archive.ubuntu.com/ubuntu noble/universe amd64 librubberband2 amd64 3.3.0+dfsg-2build1 [130 kB]
2026-10-09T07:56:12.8753098Z Get:45 http://azure.archive.ubuntu.com/ubuntu noble/universe amd64 libswscale7 amd64 7:6.1.1-3ubuntu5 [193 kB]
2026-10-09T07:56:12.8953807Z Get:46 http://azure.archive.ubuntu.com/ubuntu noble/universe amd64 libvidstab1.1 amd64 1.1.0-2build1 [38.5 kB]
2026-10-09T07:56:12.9135357Z Get:47 http://azure.archive.ubuntu.com/ubuntu noble/universe amd64 libzimg2 amd64 3.0.5+ds1-1build1 [254 kB]
2026-10-09T07:56:12.9329887Z Get:48 http://azure.archive.ubuntu.com/ubuntu noble/universe amd64 libavfilter9 amd64 7:6.1.1-3ubuntu5 [4235 kB]
2026-10-09T07:56:12.9803711Z Get:49 http://azure.archive.ubuntu.com/ubuntu noble-updates/main amd64 liborc-0.4-0t64 amd64 1:0.4.38-1ubuntu0.1 [207 kB]
2026-10-09T07:56:13.0000776Z Get:50 http://azure.archive.ubuntu.com/ubuntu noble-updates/main amd64 libgstreamer-plugins-base1.0-0 amd64 1.24.2-1ubuntu0.5 [862 kB]
2026-10-09T07:56:13.0256119Z Get:51 http://azure.archive.ubuntu.com/ubuntu noble/universe amd64 gstreamer1.0-libav amd64 1.24.1-1build1 [103 kB]
2026-10-09T07:56:13.0441764Z Get:52 http://azure.archive.ubuntu.com/ubuntu noble/main amd64 libcdparanoia0 amd64 3.10.2+debian-14build3 [48.5 kB]
2026-10-09T07:56:13.0624392Z Get:53 http://azure.archive.ubuntu.com/ubuntu noble/main amd64 libvisual-0.4-0 amd64 0.4.2-2build1 [115 kB]
2026-10-09T07:56:13.0812059Z Get:54 http://azure.archive.ubuntu.com/ubuntu noble-updates/main amd64 gstreamer1.0-plugins-base amd64 1.24.2-1ubuntu0.5 [721 kB]
2026-10-09T07:56:13.1045256Z Get:55 http://azure.archive.ubuntu.com/ubuntu noble/main amd64 libaa1 amd64 1.4p5-51.1 [49.9 kB]
2026-10-09T07:56:13.1226838Z Get:56 http://azure.archive.ubuntu.com/ubuntu noble/main amd64 libraw1394-11 amd64 2.1.2-2build3 [26.2 kB]
2026-10-09T07:56:13.1871418Z Get:57 http://azure.archive.ubuntu.com/ubuntu noble/main amd64 libavc1394-0 amd64 0.5.4-5build3 [15.4 kB]
2026-10-09T07:56:13.2074336Z Get:58 http://azure.archive.ubuntu.com/ubuntu noble-updates/main amd64 libcaca0 amd64 0.99.beta20-4ubuntu0.2 [209 kB]
2026-10-09T07:56:13.2287383Z Get:59 http://azure.archive.ubuntu.com/ubuntu noble/main amd64 libdv4t64 amd64 1.0.0-17.1build1 [63.2 kB]
2026-10-09T07:56:13.2483884Z Get:60 http://azure.archive.ubuntu.com/ubuntu noble-updates/main amd64 libgstreamer-plugins-good1.0-0 amd64 1.24.2-1ubuntu1.8 [34.3 kB]
2026-10-09T07:56:13.2680586Z Get:61 http://azure.archive.ubuntu.com/ubuntu noble/main amd64 libiec61883-0 amd64 1.2.0-6build1 [24.5 kB]
2026-10-09T07:56:13.2881247Z Get:62 http://azure.archive.ubuntu.com/ubuntu noble/main amd64 libshout3 amd64 2.4.6-1build2 [50.3 kB]
2026-10-09T07:56:13.3083544Z Get:63 http://azure.archive.ubuntu.com/ubuntu noble/main amd64 libtag1v5-vanilla amd64 1.13.1-1build1 [326 kB]
2026-10-09T07:56:13.3344236Z Get:64 http://azure.archive.ubuntu.com/ubuntu noble/main amd64 libtag1v5 amd64 1.13.1-1build1 [11.7 kB]
2026-10-09T07:56:13.3540912Z Get:65 http://azure.archive.ubuntu.com/ubuntu noble/main amd64 libv4lconvert0t64 amd64 1.26.1-4build3 [87.6 kB]
2026-10-09T07:56:13.3748724Z Get:66 http://azure.archive.ubuntu.com/ubuntu noble/main amd64 libv4l-0t64 amd64 1.26.1-4build3 [46.9 kB]
2026-10-09T07:56:13.3945066Z Get:67 http://azure.archive.ubuntu.com/ubuntu noble/main amd64 libwavpack1 amd64 5.6.0-1build1 [84.6 kB]
2026-10-09T07:56:13.4163776Z Get:68 http://azure.archive.ubuntu.com/ubuntu noble-updates/main amd64 libsoup-3.0-common all 3.4.4-5ubuntu0.9 [12.3 kB]
2026-10-09T07:56:13.4355310Z Get:69 http://azure.archive.ubuntu.com/ubuntu noble-updates/main amd64 libsoup-3.0-0 amd64 3.4.4-5ubuntu0.9 [291 kB]
2026-10-09T07:56:13.4573192Z Get:70 http://azure.archive.ubuntu.com/ubuntu noble-updates/main amd64 gstreamer1.0-plugins-good amd64 1.24.2-1ubuntu1.8 [2236 kB]
2026-10-09T07:56:13.5390913Z Get:71 http://azure.archive.ubuntu.com/ubuntu noble-updates/main amd64 libabsl20220623t64 amd64 20220623.1-3.1ubuntu3.2 [423 kB]
2026-10-09T07:56:13.5676355Z Get:72 http://azure.archive.ubuntu.com/ubuntu noble/universe amd64 libgav1-1 amd64 0.18.0-1build3 [357 kB]
2026-10-09T07:56:13.5939733Z Get:73 http://azure.archive.ubuntu.com/ubuntu noble/universe amd64 libyuv0 amd64 0.0~git202401110.af6ac82-1 [178 kB]
2026-10-09T07:56:13.6243908Z Get:74 http://azure.archive.ubuntu.com/ubuntu noble/universe amd64 libavif16 amd64 1.0.4-1ubuntu3 [91.2 kB]
2026-10-09T07:56:13.6902773Z Get:75 http://azure.archive.ubuntu.com/ubuntu noble/universe amd64 libavtp0 amd64 0.2.0-1build1 [6414 B]
2026-10-09T07:56:13.7086230Z Get:76 http://azure.archive.ubuntu.com/ubuntu noble/main amd64 libcairo-script-interpreter2 amd64 1.18.0-3build1 [60.3 kB]
2026-10-09T07:56:13.7285696Z Get:77 http://azure.archive.ubuntu.com/ubuntu noble/universe amd64 libdc1394-25 amd64 2.2.6-4build1 [90.1 kB]
2026-10-09T07:56:13.7494101Z Get:78 http://azure.archive.ubuntu.com/ubuntu noble-updates/main amd64 libde265-0 amd64 1.0.15-1ubuntu0.2 [167 kB]
2026-10-09T07:56:13.7719563Z Get:79 http://azure.archive.ubuntu.com/ubuntu noble/main amd64 libdecor-0-0 amd64 0.2.2-1build2 [16.5 kB]
2026-10-09T07:56:13.7906193Z Get:80 http://azure.archive.ubuntu.com/ubuntu noble/main amd64 libgles2 amd64 1.7.0-1build1 [17.1 kB]
2026-10-09T07:56:13.8093297Z Get:81 http://azure.archive.ubuntu.com/ubuntu noble/universe amd64 libdirectfb-1.7-7t64 amd64 1.7.7-11.1ubuntu2 [1035 kB]
2026-10-09T07:56:13.8573384Z Get:82 http://azure.archive.ubuntu.com/ubuntu noble/universe amd64 libdvdread8t64 amd64 6.1.3-1.1build1 [54.7 kB]
2026-10-09T07:56:13.8777276Z Get:83 http://azure.archive.ubuntu.com/ubuntu noble/universe amd64 libdvdnav4 amd64 6.1.1-3build1 [39.5 kB]
2026-10-09T07:56:13.8973030Z Get:84 http://azure.archive.ubuntu.com/ubuntu noble-updates/main amd64 libegl-mesa0 amd64 25.2.8-0ubuntu0.24.04.4 [117 kB]
2026-10-09T07:56:13.9210432Z Get:85 http://azure.archive.ubuntu.com/ubuntu noble-updates/main amd64 libevent-2.1-7t64 amd64 2.1.12-stable-9ubuntu2.2 [146 kB]
2026-10-09T07:56:13.9448782Z Get:86 http://azure.archive.ubuntu.com/ubuntu noble/universe amd64 libfaad2 amd64 2.11.1-1build1 [207 kB]
2026-10-09T07:56:13.9697772Z Get:87 http://azure.archive.ubuntu.com/ubuntu noble/universe amd64 libinstpatch-1.0-2 amd64 1.1.6-1build2 [251 kB]
2026-10-09T07:56:13.9973275Z Get:88 http://azure.archive.ubuntu.com/ubuntu noble/main amd64 libjack-jackd2-0 amd64 1.9.21~dfsg-3ubuntu3 [289 kB]
2026-10-09T07:56:14.0243012Z Get:89 http://azure.archive.ubuntu.com/ubuntu noble/main amd64 libwebrtc-audio-processing1 amd64 0.3.1-0ubuntu6 [290 kB]
2026-10-09T07:56:14.0493100Z Get:90 http://azure.archive.ubuntu.com/ubuntu noble-updates/main amd64 libspa-0.2-modules amd64 1.0.5-1ubuntu3.3 [628 kB]
2026-10-09T07:56:14.0828699Z Get:91 http://azure.archive.ubuntu.com/ubuntu noble-updates/main amd64 libpipewire-0.3-0t64 amd64 1.0.5-1ubuntu3.3 [252 kB]
2026-10-09T07:56:14.1104545Z Get:92 http://azure.archive.ubuntu.com/ubuntu noble-updates/main amd64 libsdl2-2.0-0 amd64 2.30.0+dfsg-1ubuntu3.1 [686 kB]
2026-10-09T07:56:14.1517246Z Get:93 http://azure.archive.ubuntu.com/ubuntu noble/universe amd64 timgm6mb-soundfont all 1.3-5 [5427 kB]
2026-10-09T07:56:14.3983242Z Get:94 http://azure.archive.ubuntu.com/ubuntu noble/universe amd64 libfluidsynth3 amd64 2.3.4-1build3 [249 kB]
2026-10-09T07:56:14.4248632Z Get:95 http://azure.archive.ubuntu.com/ubuntu noble/main amd64 libfreeaptx0 amd64 0.1.1-2build1 [13.5 kB]
2026-10-09T07:56:14.4431563Z Get:96 http://azure.archive.ubuntu.com/ubuntu noble/main amd64 libgraphene-1.0-0 amd64 1.10.8-3build2 [46.2 kB]
2026-10-09T07:56:14.4620557Z Get:97 http://azure.archive.ubuntu.com/ubuntu noble/main amd64 libgssdp-1.6-0 amd64 1.6.3-1build3 [40.4 kB]
2026-10-09T07:56:14.4810092Z Get:98 http://azure.archive.ubuntu.com/ubuntu noble/main amd64 libegl1 amd64 1.7.0-1build1 [28.7 kB]
2026-10-09T07:56:14.5007291Z Get:99 http://azure.archive.ubuntu.com/ubuntu noble-updates/main amd64 libgstreamer-gl1.0-0 amd64 1.24.2-1ubuntu0.5 [214 kB]
2026-10-09T07:56:14.5230276Z Get:100 http://azure.archive.ubuntu.com/ubuntu noble-updates/main amd64 libgtk-4-common all 4.14.5+ds-0ubuntu0.10 [1497 kB]
2026-10-09T07:56:14.5751039Z Get:101 http://azure.archive.ubuntu.com/ubuntu noble-updates/main amd64 libgtk-4-1 amd64 4.14.5+ds-0ubuntu0.10 [3295 kB]
2026-10-09T07:56:14.6532404Z Get:102 http://azure.archive.ubuntu.com/ubuntu noble/main amd64 libgupnp-1.6-0 amd64 1.6.6-1build3 [92.7 kB]
2026-10-09T07:56:14.7427057Z Get:103 http://azure.archive.ubuntu.com/ubuntu noble/universe amd64 libgupnp-igd-1.6-0 amd64 1.6.0-3build3 [16.5 kB]
2026-10-09T07:56:14.8291505Z Get:104 http://azure.archive.ubuntu.com/ubuntu noble/main amd64 libharfbuzz-icu0 amd64 8.3.0-2build2 [13.3 kB]
2026-10-09T07:56:14.9149231Z Get:105 http://azure.archive.ubuntu.com/ubuntu noble/main amd64 libhyphen0 amd64 2.8.8-7build3 [26.5 kB]
2026-10-09T07:56:15.0015681Z Get:106 http://azure.archive.ubuntu.com/ubuntu noble/universe amd64 libimath-3-1-29t64 amd64 3.1.9-3.1ubuntu2 [72.2 kB]
2026-10-09T07:56:15.0903630Z Get:107 http://azure.archive.ubuntu.com/ubuntu noble/main amd64 liblc3-1 amd64 1.0.4-3build1 [69.7 kB]
2026-10-09T07:56:15.1801624Z Get:108 http://azure.archive.ubuntu.com/ubuntu noble/main amd64 libldacbt-enc2 amd64 2.0.2.3+git20200429+ed310a0-4ubuntu2 [27.1 kB]
2026-10-09T07:56:15.2666309Z Get:109 http://azure.archive.ubuntu.com/ubuntu noble-updates/main amd64 libraptor2-0 amd64 2.0.16-3ubuntu0.1 [165 kB]
2026-10-09T07:56:15.3612498Z Get:110 http://azure.archive.ubuntu.com/ubuntu noble/universe amd64 liblrdf0 amd64 0.6.1-4build1 [18.5 kB]
2026-10-09T07:56:15.4471440Z Get:111 http://azure.archive.ubuntu.com/ubuntu noble/universe amd64 libltc11 amd64 1.3.2-1build1 [13.0 kB]
2026-10-09T07:56:15.5341161Z Get:112 http://azure.archive.ubuntu.com/ubuntu noble/main amd64 libmanette-0.2-0 amd64 0.2.7-1build2 [30.6 kB]
2026-10-09T07:56:15.6207150Z Get:113 http://azure.archive.ubuntu.com/ubuntu noble/universe amd64 libmfx1 amd64 22.5.4-1 [3124 kB]
2026-10-09T07:56:15.8808572Z Get:114 http://azure.archive.ubuntu.com/ubuntu noble/universe amd64 libmjpegutils-2.1-0t64 amd64 1:2.1.0+debian-8.1build1 [25.5 kB]
2026-10-09T07:56:15.9667105Z Get:115 http://azure.archive.ubuntu.com/ubuntu noble/universe amd64 libmodplug1 amd64 1:0.8.9.0-3build1 [166 kB]
2026-10-09T07:56:16.0555626Z Get:116 http://azure.archive.ubuntu.com/ubuntu noble/universe amd64 libmpcdec6 amd64 2:0.1~r495-2build1 [32.7 kB]
2026-10-09T07:56:16.1417267Z Get:117 http://azure.archive.ubuntu.com/ubuntu noble/universe amd64 libmpeg2encpp-2.1-0t64 amd64 1:2.1.0+debian-8.1build1 [75.6 kB]
2026-10-09T07:56:16.2279698Z Get:118 http://azure.archive.ubuntu.com/ubuntu noble/universe amd64 libmplex2-2.1-0t64 amd64 1:2.1.0+debian-8.1build1 [46.1 kB]
2026-10-09T07:56:16.3145183Z Get:119 http://azure.archive.ubuntu.com/ubuntu noble/universe amd64 libneon27t64 amd64 0.33.0-1.1build3 [102 kB]
2026-10-09T07:56:16.4017887Z Get:120 http://azure.archive.ubuntu.com/ubuntu noble/universe amd64 libnice10 amd64 0.1.21-2build3 [157 kB]
2026-10-09T07:56:16.4899267Z Get:121 http://azure.archive.ubuntu.com/ubuntu noble/universe amd64 libopenal-data all 1:1.23.1-4build1 [161 kB]
2026-10-09T07:56:16.5772881Z Get:122 http://azure.archive.ubuntu.com/ubuntu noble/universe amd64 libopenexr-3-1-30 amd64 3.1.5-5.1build3 [1004 kB]
2026-10-09T07:56:16.6810842Z Get:123 http://azure.archive.ubuntu.com/ubuntu noble/universe amd64 libopenh264-7 amd64 2.4.1+dfsg-1 [409 kB]
2026-10-09T07:56:16.7735390Z Get:124 http://azure.archive.ubuntu.com/ubuntu noble/universe amd64 libopenni2-0 amd64 2.2.0.33+dfsg-18 [370 kB]
2026-10-09T07:56:16.8652814Z Get:125 http://azure.archive.ubuntu.com/ubuntu noble/universe amd64 libqrencode4 amd64 4.1.1-1build2 [25.0 kB]
2026-10-09T07:56:16.9517647Z Get:126 http://azure.archive.ubuntu.com/ubuntu noble/main amd64 libsecret-common all 0.21.4-1build3 [4962 B]
2026-10-09T07:56:17.0379049Z Get:127 http://azure.archive.ubuntu.com/ubuntu noble/main amd64 libsecret-1-0 amd64 0.21.4-1build3 [116 kB]
2026-10-09T07:56:17.1297959Z Get:128 http://azure.archive.ubuntu.com/ubuntu noble/universe amd64 libsndio7.0 amd64 1.9.0-0.3build3 [29.6 kB]
2026-10-09T07:56:17.2208008Z Get:129 http://azure.archive.ubuntu.com/ubuntu noble/universe amd64 libsoundtouch1 amd64 2.3.2+ds1-1build1 [60.5 kB]
2026-10-09T07:56:17.3081473Z Get:130 http://azure.archive.ubuntu.com/ubuntu noble/universe amd64 libspandsp2t64 amd64 0.0.6+dfsg-2.1build1 [311 kB]
2026-10-09T07:56:17.3978793Z Get:131 http://azure.archive.ubuntu.com/ubuntu noble/universe amd64 libsrtp2-1 amd64 2.5.0-3build1 [41.9 kB]
2026-10-09T07:56:17.4864398Z Get:132 http://azure.archive.ubuntu.com/ubuntu noble/main amd64 libwayland-server0 amd64 1.22.0-2.1build1 [33.9 kB]
2026-10-09T07:56:17.5725436Z Get:133 http://azure.archive.ubuntu.com/ubuntu noble/universe amd64 libwildmidi2 amd64 0.4.3-1build3 [68.5 kB]
2026-10-09T07:56:17.6590484Z Get:134 http://azure.archive.ubuntu.com/ubuntu noble/main amd64 libwoff1 amd64 1.0.2-2build1 [45.3 kB]
2026-10-09T07:56:17.7469473Z Get:135 http://azure.archive.ubuntu.com/ubuntu noble/main amd64 libxcb-xkb1 amd64 1.15-1ubuntu2 [32.3 kB]
2026-10-09T07:56:17.9184847Z Get:136 http://azure.archive.ubuntu.com/ubuntu noble/main amd64 libxkbcommon-x11-0 amd64 1.6.0-1build1 [14.5 kB]
2026-10-09T07:56:18.0906269Z Get:137 http://azure.archive.ubuntu.com/ubuntu noble/universe amd64 libzbar0t64 amd64 0.23.93-4build3 [123 kB]
2026-10-09T07:56:18.3894999Z Get:138 http://azure.archive.ubuntu.com/ubuntu noble/universe amd64 libzxing3 amd64 2.2.1-3 [583 kB]
2026-10-09T07:56:18.4855582Z Get:139 http://azure.archive.ubuntu.com/ubuntu noble/universe amd64 libgstreamer-plugins-bad1.0-0 amd64 1.24.2-1ubuntu4 [797 kB]
2026-10-09T07:56:18.5856231Z Get:140 http://azure.archive.ubuntu.com/ubuntu noble/universe amd64 libdca0 amd64 0.0.7-2build1 [93.8 kB]
2026-10-09T07:56:18.6752602Z Get:141 http://azure.archive.ubuntu.com/ubuntu noble/universe amd64 libopenal1 amd64 1:1.23.1-4build1 [540 kB]
2026-10-09T07:56:18.7696040Z Get:142 http://azure.archive.ubuntu.com/ubuntu noble/main amd64 libsbc1 amd64 2.0-1build1 [33.9 kB]
2026-10-09T07:56:18.8560096Z Get:143 http://azure.archive.ubuntu.com/ubuntu noble/universe amd64 libvo-aacenc0 amd64 0.1.3-2build1 [67.8 kB]
2026-10-09T07:56:18.9433106Z Get:144 http://azure.archive.ubuntu.com/ubuntu noble/universe amd64 libvo-amrwbenc0 amd64 0.1.3-2build1 [76.7 kB]
2026-10-09T07:56:19.0305902Z Get:145 http://azure.archive.ubuntu.com/ubuntu noble/universe amd64 gstreamer1.0-plugins-bad amd64 1.24.2-1ubuntu4 [3081 kB]
2026-10-09T07:56:19.4525267Z Fetched 67.1 MB in 8s (8920 kB/s)
2026-10-09T07:56:19.4790988Z (Reading database ... 
2026-10-09T07:56:19.4791667Z (Reading database ... 5%
2026-10-09T07:56:19.4792160Z (Reading database ... 10%
2026-10-09T07:56:19.4792687Z (Reading database ... 15%
2026-10-09T07:56:19.4793147Z (Reading database ... 20%
2026-10-09T07:56:19.4793609Z (Reading database ... 25%
2026-10-09T07:56:19.4794067Z (Reading database ... 30%
2026-10-09T07:56:19.4794520Z (Reading database ... 35%
2026-10-09T07:56:19.4794972Z (Reading database ... 40%
2026-10-09T07:56:19.4795422Z (Reading database ... 45%
2026-10-09T07:56:19.4795866Z (Reading database ... 50%
2026-10-09T07:56:19.4807209Z (Reading database ... 55%
2026-10-09T07:56:19.4934915Z (Reading database ... 60%
2026-10-09T07:56:19.4967900Z (Reading database ... 65%
2026-10-09T07:56:19.4991514Z (Reading database ... 70%
2026-10-09T07:56:19.5035475Z (Reading database ... 75%
2026-10-09T07:56:19.5070556Z (Reading database ... 80%
2026-10-09T07:56:19.5221174Z (Reading database ... 85%
2026-10-09T07:56:19.5438289Z (Reading database ... 90%
2026-10-09T07:56:19.5526855Z (Reading database ... 95%
2026-10-09T07:56:19.5527583Z (Reading database ... 100%
2026-10-09T07:56:19.5529036Z (Reading database ... 203665 files and directories currently installed.)
2026-10-09T07:56:19.5569657Z Preparing to unpack .../000-libxml2-dev_2.9.14+dfsg-1.3ubuntu3.10_amd64.deb ...
2026-10-09T07:56:19.5593750Z Unpacking libxml2-dev:amd64 (2.9.14+dfsg-1.3ubuntu3.10) over (2.9.14+dfsg-1.3ubuntu3.9) ...
2026-10-09T07:56:19.6289483Z Preparing to unpack .../001-libxml2_2.9.14+dfsg-1.3ubuntu3.10_amd64.deb ...
2026-10-09T07:56:19.6359790Z Unpacking libxml2:amd64 (2.9.14+dfsg-1.3ubuntu3.10) over (2.9.14+dfsg-1.3ubuntu3.9) ...
2026-10-09T07:56:19.6799876Z Preparing to unpack .../002-libpng16-16t64_1.6.43-5ubuntu0.7_amd64.deb ...
2026-10-09T07:56:19.6823104Z Unpacking libpng16-16t64:amd64 (1.6.43-5ubuntu0.7) over (1.6.43-5ubuntu0.6) ...
2026-10-09T07:56:19.7112373Z Selecting previously unselected package libproxy1v5:amd64.
2026-10-09T07:56:19.7243527Z Preparing to unpack .../003-libproxy1v5_0.5.4-4build1_amd64.deb ...
2026-10-09T07:56:19.7252041Z Unpacking libproxy1v5:amd64 (0.5.4-4build1) ...
2026-10-09T07:56:19.7452791Z Selecting previously unselected package glib-networking-common.
2026-10-09T07:56:19.7580483Z Preparing to unpack .../004-glib-networking-common_2.80.0-1build1_all.deb ...
2026-10-09T07:56:19.7587217Z Unpacking glib-networking-common (2.80.0-1build1) ...
2026-10-09T07:56:19.7780697Z Selecting previously unselected package glib-networking-services.
2026-10-09T07:56:19.7913848Z Preparing to unpack .../005-glib-networking-services_2.80.0-1build1_amd64.deb ...
2026-10-09T07:56:19.7921079Z Unpacking glib-networking-services (2.80.0-1build1) ...
2026-10-09T07:56:19.8135203Z Selecting previously unselected package session-migration.
2026-10-09T07:56:19.8263048Z Preparing to unpack .../006-session-migration_0.3.9build1_amd64.deb ...
2026-10-09T07:56:19.8270486Z Unpacking session-migration (0.3.9build1) ...
2026-10-09T07:56:19.8483042Z Selecting previously unselected package gsettings-desktop-schemas.
2026-10-09T07:56:19.8615725Z Preparing to unpack .../007-gsettings-desktop-schemas_46.1-0ubuntu1_all.deb ...
2026-10-09T07:56:19.8624727Z Unpacking gsettings-desktop-schemas (46.1-0ubuntu1) ...
2026-10-09T07:56:19.8986697Z Selecting previously unselected package glib-networking:amd64.
2026-10-09T07:56:19.9115530Z Preparing to unpack .../008-glib-networking_2.80.0-1build1_amd64.deb ...
2026-10-09T07:56:19.9122923Z Unpacking glib-networking:amd64 (2.80.0-1build1) ...
2026-10-09T07:56:19.9343649Z Selecting previously unselected package libunibreak5:amd64.
2026-10-09T07:56:19.9470384Z Preparing to unpack .../009-libunibreak5_5.1-2build1_amd64.deb ...
2026-10-09T07:56:19.9477799Z Unpacking libunibreak5:amd64 (5.1-2build1) ...
2026-10-09T07:56:19.9684878Z Selecting previously unselected package libass9:amd64.
2026-10-09T07:56:19.9812924Z Preparing to unpack .../010-libass9_1%3a0.17.1-2build1_amd64.deb ...
2026-10-09T07:56:19.9821509Z Unpacking libass9:amd64 (1:0.17.1-2build1) ...
2026-10-09T07:56:20.0044044Z Selecting previously unselected package libudfread0:amd64.
2026-10-09T07:56:20.0172980Z Preparing to unpack .../011-libudfread0_1.1.2-1build1_amd64.deb ...
2026-10-09T07:56:20.0180858Z Unpacking libudfread0:amd64 (1.1.2-1build1) ...
2026-10-09T07:56:20.0399157Z Selecting previously unselected package libbluray2:amd64.
2026-10-09T07:56:20.0526880Z Preparing to unpack .../012-libbluray2_1%3a1.3.4-1build1_amd64.deb ...
2026-10-09T07:56:20.0534239Z Unpacking libbluray2:amd64 (1:1.3.4-1build1) ...
2026-10-09T07:56:20.0763239Z Selecting previously unselected package libchromaprint1:amd64.
2026-10-09T07:56:20.0891227Z Preparing to unpack .../013-libchromaprint1_1.5.1-5_amd64.deb ...
2026-10-09T07:56:20.0899475Z Unpacking libchromaprint1:amd64 (1.5.1-5) ...
2026-10-09T07:56:20.1107619Z Selecting previously unselected package libgme0:amd64.
2026-10-09T07:56:20.1233561Z Preparing to unpack .../014-libgme0_0.6.3-7build1_amd64.deb ...
2026-10-09T07:56:20.1240079Z Unpacking libgme0:amd64 (0.6.3-7build1) ...
2026-10-09T07:56:20.1470168Z Selecting previously unselected package libmpg123-0t64:amd64.
2026-10-09T07:56:20.1596267Z Preparing to unpack .../015-libmpg123-0t64_1.32.5-1ubuntu1.1_amd64.deb ...
2026-10-09T07:56:20.1606682Z Unpacking libmpg123-0t64:amd64 (1.32.5-1ubuntu1.1) ...
2026-10-09T07:56:20.1835799Z Selecting previously unselected package libopenmpt0t64:amd64.
2026-10-09T07:56:20.1970180Z Preparing to unpack .../016-libopenmpt0t64_0.7.3-1.1build3_amd64.deb ...
2026-10-09T07:56:20.1978684Z Unpacking libopenmpt0t64:amd64 (0.7.3-1.1build3) ...
2026-10-09T07:56:20.2279581Z Selecting previously unselected package libcjson1:amd64.
2026-10-09T07:56:20.2408670Z Preparing to unpack .../017-libcjson1_1.7.17-1_amd64.deb ...
2026-10-09T07:56:20.2417474Z Unpacking libcjson1:amd64 (1.7.17-1) ...
2026-10-09T07:56:20.2648536Z Selecting previously unselected package libmbedcrypto7t64:amd64.
2026-10-09T07:56:20.2774611Z Preparing to unpack .../018-libmbedcrypto7t64_2.28.8-1_amd64.deb ...
2026-10-09T07:56:20.2782462Z Unpacking libmbedcrypto7t64:amd64 (2.28.8-1) ...
2026-10-09T07:56:20.3012095Z Selecting previously unselected package librist4:amd64.
2026-10-09T07:56:20.3140831Z Preparing to unpack .../019-librist4_0.2.10+dfsg-2_amd64.deb ...
2026-10-09T07:56:20.3148918Z Unpacking librist4:amd64 (0.2.10+dfsg-2) ...
2026-10-09T07:56:20.3364697Z Selecting previously unselected package libsrt1.5-gnutls:amd64.
2026-10-09T07:56:20.3497064Z Preparing to unpack .../020-libsrt1.5-gnutls_1.5.3-1build2_amd64.deb ...
2026-10-09T07:56:20.3507079Z Unpacking libsrt1.5-gnutls:amd64 (1.5.3-1build2) ...
2026-10-09T07:56:20.3762058Z Selecting previously unselected package libssh-gcrypt-4:amd64.
2026-10-09T07:56:20.3894234Z Preparing to unpack .../021-libssh-gcrypt-4_0.10.6-2ubuntu0.5_amd64.deb ...
2026-10-09T07:56:20.3902629Z Unpacking libssh-gcrypt-4:amd64 (0.10.6-2ubuntu0.5) ...
2026-10-09T07:56:20.4158988Z Selecting previously unselected package libavformat60:amd64.
2026-10-09T07:56:20.4285171Z Preparing to unpack .../022-libavformat60_7%3a6.1.1-3ubuntu5_amd64.deb ...
2026-10-09T07:56:20.4294469Z Unpacking libavformat60:amd64 (7:6.1.1-3ubuntu5) ...
2026-10-09T07:56:20.4622927Z Selecting previously unselected package libbs2b0:amd64.
2026-10-09T07:56:20.4754554Z Preparing to unpack .../023-libbs2b0_3.1.0+dfsg-7build1_amd64.deb ...
2026-10-09T07:56:20.4765170Z Unpacking libbs2b0:amd64 (3.1.0+dfsg-7build1) ...
2026-10-09T07:56:20.5003021Z Selecting previously unselected package libflite1:amd64.
2026-10-09T07:56:20.5130940Z Preparing to unpack .../024-libflite1_2.2-6build3_amd64.deb ...
2026-10-09T07:56:20.5139071Z Unpacking libflite1:amd64 (2.2-6build3) ...
2026-10-09T07:56:20.6230827Z Selecting previously unselected package libserd-0-0:amd64.
2026-10-09T07:56:20.6359020Z Preparing to unpack .../025-libserd-0-0_0.32.2-1_amd64.deb ...
2026-10-09T07:56:20.6406902Z Unpacking libserd-0-0:amd64 (0.32.2-1) ...
2026-10-09T07:56:20.6613958Z Selecting previously unselected package libzix-0-0:amd64.
2026-10-09T07:56:20.6741651Z Preparing to unpack .../026-libzix-0-0_0.4.2-2build1_amd64.deb ...
2026-10-09T07:56:20.6749481Z Unpacking libzix-0-0:amd64 (0.4.2-2build1) ...
2026-10-09T07:56:20.6954383Z Selecting previously unselected package libsord-0-0:amd64.
2026-10-09T07:56:20.7081513Z Preparing to unpack .../027-libsord-0-0_0.16.16-2build1_amd64.deb ...
2026-10-09T07:56:20.7088710Z Unpacking libsord-0-0:amd64 (0.16.16-2build1) ...
2026-10-09T07:56:20.7289680Z Selecting previously unselected package libsratom-0-0:amd64.
2026-10-09T07:56:20.7416515Z Preparing to unpack .../028-libsratom-0-0_0.6.16-1build1_amd64.deb ...
2026-10-09T07:56:20.7424153Z Unpacking libsratom-0-0:amd64 (0.6.16-1build1) ...
2026-10-09T07:56:20.7677202Z Selecting previously unselected package liblilv-0-0:amd64.
2026-10-09T07:56:20.7804508Z Preparing to unpack .../029-liblilv-0-0_0.24.22-1build1_amd64.deb ...
2026-10-09T07:56:20.7812408Z Unpacking liblilv-0-0:amd64 (0.24.22-1build1) ...
2026-10-09T07:56:20.8019907Z Selecting previously unselected package libmysofa1:amd64.
2026-10-09T07:56:20.8148064Z Preparing to unpack .../030-libmysofa1_1.3.2+dfsg-2ubuntu2_amd64.deb ...
2026-10-09T07:56:20.8156226Z Unpacking libmysofa1:amd64 (1.3.2+dfsg-2ubuntu2) ...
2026-10-09T07:56:20.8399577Z Selecting previously unselected package libplacebo338:amd64.
2026-10-09T07:56:20.8526274Z Preparing to unpack .../031-libplacebo338_6.338.2-2build1_amd64.deb ...
2026-10-09T07:56:20.8533749Z Unpacking libplacebo338:amd64 (6.338.2-2build1) ...
2026-10-09T07:56:20.9051834Z Selecting previously unselected package libblas3:amd64.
2026-10-09T07:56:20.9180284Z Preparing to unpack .../032-libblas3_3.12.0-3build1.1_amd64.deb ...
2026-10-09T07:56:20.9211398Z Unpacking libblas3:amd64 (3.12.0-3build1.1) ...
2026-10-09T07:56:20.9449175Z Selecting previously unselected package liblapack3:amd64.
2026-10-09T07:56:20.9576283Z Preparing to unpack .../033-liblapack3_3.12.0-3build1.1_amd64.deb ...
2026-10-09T07:56:20.9608745Z Unpacking liblapack3:amd64 (3.12.0-3build1.1) ...
2026-10-09T07:56:21.0066867Z Selecting previously unselected package libasyncns0:amd64.
2026-10-09T07:56:21.0195953Z Preparing to unpack .../034-libasyncns0_0.8-6build4_amd64.deb ...
2026-10-09T07:56:21.0205060Z Unpacking libasyncns0:amd64 (0.8-6build4) ...
2026-10-09T07:56:21.0414548Z Selecting previously unselected package libflac12t64:amd64.
2026-10-09T07:56:21.0543209Z Preparing to unpack .../035-libflac12t64_1.4.3+ds-2.1ubuntu2_amd64.deb ...
2026-10-09T07:56:21.0550924Z Unpacking libflac12t64:amd64 (1.4.3+ds-2.1ubuntu2) ...
2026-10-09T07:56:21.0782048Z Selecting previously unselected package libsndfile1:amd64.
2026-10-09T07:56:21.0909967Z Preparing to unpack .../036-libsndfile1_1.2.2-1ubuntu5.24.04.1_amd64.deb ...
2026-10-09T07:56:21.0917152Z Unpacking libsndfile1:amd64 (1.2.2-1ubuntu5.24.04.1) ...
2026-10-09T07:56:21.1163576Z Selecting previously unselected package libpulse0:amd64.
2026-10-09T07:56:21.1291177Z Preparing to unpack .../037-libpulse0_1%3a16.1+dfsg1-2ubuntu10.1_amd64.deb ...
2026-10-09T07:56:21.1357728Z Unpacking libpulse0:amd64 (1:16.1+dfsg1-2ubuntu10.1) ...
2026-10-09T07:56:21.1599019Z Selecting previously unselected package libsphinxbase3t64:amd64.
2026-10-09T07:56:21.1726336Z Preparing to unpack .../038-libsphinxbase3t64_0.8+5prealpha+1-17build2_amd64.deb ...
2026-10-09T07:56:21.1734492Z Unpacking libsphinxbase3t64:amd64 (0.8+5prealpha+1-17build2) ...
2026-10-09T07:56:21.1950209Z Selecting previously unselected package libpocketsphinx3:amd64.
2026-10-09T07:56:21.2077326Z Preparing to unpack .../039-libpocketsphinx3_0.8.0+real5prealpha+1-15ubuntu5_amd64.deb ...
2026-10-09T07:56:21.2085597Z Unpacking libpocketsphinx3:amd64 (0.8.0+real5prealpha+1-15ubuntu5) ...
2026-10-09T07:56:21.2309105Z Selecting previously unselected package libpostproc57:amd64.
2026-10-09T07:56:21.2438858Z Preparing to unpack .../040-libpostproc57_7%3a6.1.1-3ubuntu5_amd64.deb ...
2026-10-09T07:56:21.2446369Z Unpacking libpostproc57:amd64 (7:6.1.1-3ubuntu5) ...
2026-10-09T07:56:21.2664456Z Selecting previously unselected package libsamplerate0:amd64.
2026-10-09T07:56:21.2794878Z Preparing to unpack .../041-libsamplerate0_0.2.2-4build1_amd64.deb ...
2026-10-09T07:56:21.2803119Z Unpacking libsamplerate0:amd64 (0.2.2-4build1) ...
2026-10-09T07:56:21.3081275Z Selecting previously unselected package librubberband2:amd64.
2026-10-09T07:56:21.3209198Z Preparing to unpack .../042-librubberband2_3.3.0+dfsg-2build1_amd64.deb ...
2026-10-09T07:56:21.3216919Z Unpacking librubberband2:amd64 (3.3.0+dfsg-2build1) ...
2026-10-09T07:56:21.3440780Z Selecting previously unselected package libswscale7:amd64.
2026-10-09T07:56:21.3569764Z Preparing to unpack .../043-libswscale7_7%3a6.1.1-3ubuntu5_amd64.deb ...
2026-10-09T07:56:21.4424277Z Unpacking libswscale7:amd64 (7:6.1.1-3ubuntu5) ...
2026-10-09T07:56:21.7558670Z Selecting previously unselected package libvidstab1.1:amd64.
2026-10-09T07:56:21.7688047Z Preparing to unpack .../044-libvidstab1.1_1.1.0-2build1_amd64.deb ...
2026-10-09T07:56:21.7695722Z Unpacking libvidstab1.1:amd64 (1.1.0-2build1) ...
2026-10-09T07:56:21.7904321Z Selecting previously unselected package libzimg2:amd64.
2026-10-09T07:56:21.8035213Z Preparing to unpack .../045-libzimg2_3.0.5+ds1-1build1_amd64.deb ...
2026-10-09T07:56:21.8047495Z Unpacking libzimg2:amd64 (3.0.5+ds1-1build1) ...
2026-10-09T07:56:21.8289212Z Selecting previously unselected package libavfilter9:amd64.
2026-10-09T07:56:21.8419011Z Preparing to unpack .../046-libavfilter9_7%3a6.1.1-3ubuntu5_amd64.deb ...
2026-10-09T07:56:21.8428067Z Unpacking libavfilter9:amd64 (7:6.1.1-3ubuntu5) ...
2026-10-09T07:56:21.9176477Z Selecting previously unselected package liborc-0.4-0t64:amd64.
2026-10-09T07:56:21.9308640Z Preparing to unpack .../047-liborc-0.4-0t64_1%3a0.4.38-1ubuntu0.1_amd64.deb ...
2026-10-09T07:56:21.9316477Z Unpacking liborc-0.4-0t64:amd64 (1:0.4.38-1ubuntu0.1) ...
2026-10-09T07:56:21.9564306Z Selecting previously unselected package libgstreamer-plugins-base1.0-0:amd64.
2026-10-09T07:56:21.9698915Z Preparing to unpack .../048-libgstreamer-plugins-base1.0-0_1.24.2-1ubuntu0.5_amd64.deb ...
2026-10-09T07:56:21.9708695Z Unpacking libgstreamer-plugins-base1.0-0:amd64 (1.24.2-1ubuntu0.5) ...
2026-10-09T07:56:22.0032821Z Selecting previously unselected package gstreamer1.0-libav:amd64.
2026-10-09T07:56:22.0160789Z Preparing to unpack .../049-gstreamer1.0-libav_1.24.1-1build1_amd64.deb ...
2026-10-09T07:56:22.0170815Z Unpacking gstreamer1.0-libav:amd64 (1.24.1-1build1) ...
2026-10-09T07:56:22.0398200Z Selecting previously unselected package libcdparanoia0:amd64.
2026-10-09T07:56:22.0525274Z Preparing to unpack .../050-libcdparanoia0_3.10.2+debian-14build3_amd64.deb ...
2026-10-09T07:56:22.0532491Z Unpacking libcdparanoia0:amd64 (3.10.2+debian-14build3) ...
2026-10-09T07:56:22.0772821Z Selecting previously unselected package libvisual-0.4-0:amd64.
2026-10-09T07:56:22.0900437Z Preparing to unpack .../051-libvisual-0.4-0_0.4.2-2build1_amd64.deb ...
2026-10-09T07:56:22.0907225Z Unpacking libvisual-0.4-0:amd64 (0.4.2-2build1) ...
2026-10-09T07:56:22.1130541Z Selecting previously unselected package gstreamer1.0-plugins-base:amd64.
2026-10-09T07:56:22.1257352Z Preparing to unpack .../052-gstreamer1.0-plugins-base_1.24.2-1ubuntu0.5_amd64.deb ...
2026-10-09T07:56:22.1265098Z Unpacking gstreamer1.0-plugins-base:amd64 (1.24.2-1ubuntu0.5) ...
2026-10-09T07:56:22.1601975Z Selecting previously unselected package libaa1:amd64.
2026-10-09T07:56:22.1736766Z Preparing to unpack .../053-libaa1_1.4p5-51.1_amd64.deb ...
2026-10-09T07:56:22.1744964Z Unpacking libaa1:amd64 (1.4p5-51.1) ...
2026-10-09T07:56:22.2009858Z Selecting previously unselected package libraw1394-11:amd64.
2026-10-09T07:56:22.2140517Z Preparing to unpack .../054-libraw1394-11_2.1.2-2build3_amd64.deb ...
2026-10-09T07:56:22.2148397Z Unpacking libraw1394-11:amd64 (2.1.2-2build3) ...
2026-10-09T07:56:22.2361353Z Selecting previously unselected package libavc1394-0:amd64.
2026-10-09T07:56:22.2490428Z Preparing to unpack .../055-libavc1394-0_0.5.4-5build3_amd64.deb ...
2026-10-09T07:56:22.2499164Z Unpacking libavc1394-0:amd64 (0.5.4-5build3) ...
2026-10-09T07:56:22.2706835Z Selecting previously unselected package libcaca0:amd64.
2026-10-09T07:56:22.2832787Z Preparing to unpack .../056-libcaca0_0.99.beta20-4ubuntu0.2_amd64.deb ...
2026-10-09T07:56:22.2840598Z Unpacking libcaca0:amd64 (0.99.beta20-4ubuntu0.2) ...
2026-10-09T07:56:22.3097989Z Selecting previously unselected package libdv4t64:amd64.
2026-10-09T07:56:22.3223257Z Preparing to unpack .../057-libdv4t64_1.0.0-17.1build1_amd64.deb ...
2026-10-09T07:56:22.3230273Z Unpacking libdv4t64:amd64 (1.0.0-17.1build1) ...
2026-10-09T07:56:22.3452079Z Selecting previously unselected package libgstreamer-plugins-good1.0-0:amd64.
2026-10-09T07:56:22.3579309Z Preparing to unpack .../058-libgstreamer-plugins-good1.0-0_1.24.2-1ubuntu1.8_amd64.deb ...
2026-10-09T07:56:22.3590238Z Unpacking libgstreamer-plugins-good1.0-0:amd64 (1.24.2-1ubuntu1.8) ...
2026-10-09T07:56:22.3806963Z Selecting previously unselected package libiec61883-0:amd64.
2026-10-09T07:56:22.3931730Z Preparing to unpack .../059-libiec61883-0_1.2.0-6build1_amd64.deb ...
2026-10-09T07:56:22.3939315Z Unpacking libiec61883-0:amd64 (1.2.0-6build1) ...
2026-10-09T07:56:22.4156620Z Selecting previously unselected package libshout3:amd64.
2026-10-09T07:56:22.4282254Z Preparing to unpack .../060-libshout3_2.4.6-1build2_amd64.deb ...
2026-10-09T07:56:22.4289396Z Unpacking libshout3:amd64 (2.4.6-1build2) ...
2026-10-09T07:56:22.4504485Z Selecting previously unselected package libtag1v5-vanilla:amd64.
2026-10-09T07:56:22.4629577Z Preparing to unpack .../061-libtag1v5-vanilla_1.13.1-1build1_amd64.deb ...
2026-10-09T07:56:22.4637334Z Unpacking libtag1v5-vanilla:amd64 (1.13.1-1build1) ...
2026-10-09T07:56:22.4874109Z Selecting previously unselected package libtag1v5:amd64.
2026-10-09T07:56:22.5000594Z Preparing to unpack .../062-libtag1v5_1.13.1-1build1_amd64.deb ...
2026-10-09T07:56:22.5015648Z Unpacking libtag1v5:amd64 (1.13.1-1build1) ...
2026-10-09T07:56:22.5228030Z Selecting previously unselected package libv4lconvert0t64:amd64.
2026-10-09T07:56:22.5359080Z Preparing to unpack .../063-libv4lconvert0t64_1.26.1-4build3_amd64.deb ...
2026-10-09T07:56:22.5367138Z Unpacking libv4lconvert0t64:amd64 (1.26.1-4build3) ...
2026-10-09T07:56:22.5604466Z Selecting previously unselected package libv4l-0t64:amd64.
2026-10-09T07:56:22.5732808Z Preparing to unpack .../064-libv4l-0t64_1.26.1-4build3_amd64.deb ...
2026-10-09T07:56:22.5743338Z Unpacking libv4l-0t64:amd64 (1.26.1-4build3) ...
2026-10-09T07:56:22.5986027Z Selecting previously unselected package libwavpack1:amd64.
2026-10-09T07:56:22.6113972Z Preparing to unpack .../065-libwavpack1_5.6.0-1build1_amd64.deb ...
2026-10-09T07:56:22.6122516Z Unpacking libwavpack1:amd64 (5.6.0-1build1) ...
2026-10-09T07:56:22.6332553Z Selecting previously unselected package libsoup-3.0-common.
2026-10-09T07:56:22.6462985Z Preparing to unpack .../066-libsoup-3.0-common_3.4.4-5ubuntu0.9_all.deb ...
2026-10-09T07:56:22.6470558Z Unpacking libsoup-3.0-common (3.4.4-5ubuntu0.9) ...
2026-10-09T07:56:22.6674896Z Selecting previously unselected package libsoup-3.0-0:amd64.
2026-10-09T07:56:22.6802144Z Preparing to unpack .../067-libsoup-3.0-0_3.4.4-5ubuntu0.9_amd64.deb ...
2026-10-09T07:56:22.6811024Z Unpacking libsoup-3.0-0:amd64 (3.4.4-5ubuntu0.9) ...
2026-10-09T07:56:22.7042908Z Selecting previously unselected package gstreamer1.0-plugins-good:amd64.
2026-10-09T07:56:22.7173130Z Preparing to unpack .../068-gstreamer1.0-plugins-good_1.24.2-1ubuntu1.8_amd64.deb ...
2026-10-09T07:56:22.7180894Z Unpacking gstreamer1.0-plugins-good:amd64 (1.24.2-1ubuntu1.8) ...
2026-10-09T07:56:22.7756488Z Selecting previously unselected package libabsl20220623t64:amd64.
2026-10-09T07:56:22.7885573Z Preparing to unpack .../069-libabsl20220623t64_20220623.1-3.1ubuntu3.2_amd64.deb ...
2026-10-09T07:56:22.7893297Z Unpacking libabsl20220623t64:amd64 (20220623.1-3.1ubuntu3.2) ...
2026-10-09T07:56:22.8313471Z Selecting previously unselected package libgav1-1:amd64.
2026-10-09T07:56:22.8445417Z Preparing to unpack .../070-libgav1-1_0.18.0-1build3_amd64.deb ...
2026-10-09T07:56:22.8453212Z Unpacking libgav1-1:amd64 (0.18.0-1build3) ...
2026-10-09T07:56:22.8695488Z Selecting previously unselected package libyuv0:amd64.
2026-10-09T07:56:22.8824032Z Preparing to unpack .../071-libyuv0_0.0~git202401110.af6ac82-1_amd64.deb ...
2026-10-09T07:56:22.8831103Z Unpacking libyuv0:amd64 (0.0~git202401110.af6ac82-1) ...
2026-10-09T07:56:22.9059358Z Selecting previously unselected package libavif16:amd64.
2026-10-09T07:56:22.9190624Z Preparing to unpack .../072-libavif16_1.0.4-1ubuntu3_amd64.deb ...
2026-10-09T07:56:22.9197659Z Unpacking libavif16:amd64 (1.0.4-1ubuntu3) ...
2026-10-09T07:56:22.9415839Z Selecting previously unselected package libavtp0:amd64.
2026-10-09T07:56:22.9545453Z Preparing to unpack .../073-libavtp0_0.2.0-1build1_amd64.deb ...
2026-10-09T07:56:22.9552948Z Unpacking libavtp0:amd64 (0.2.0-1build1) ...
2026-10-09T07:56:22.9765689Z Selecting previously unselected package libcairo-script-interpreter2:amd64.
2026-10-09T07:56:22.9893975Z Preparing to unpack .../074-libcairo-script-interpreter2_1.18.0-3build1_amd64.deb ...
2026-10-09T07:56:22.9903449Z Unpacking libcairo-script-interpreter2:amd64 (1.18.0-3build1) ...
2026-10-09T07:56:23.0126169Z Selecting previously unselected package libdc1394-25:amd64.
2026-10-09T07:56:23.0253507Z Preparing to unpack .../075-libdc1394-25_2.2.6-4build1_amd64.deb ...
2026-10-09T07:56:23.0261426Z Unpacking libdc1394-25:amd64 (2.2.6-4build1) ...
2026-10-09T07:56:23.0484987Z Selecting previously unselected package libde265-0:amd64.
2026-10-09T07:56:23.0619335Z Preparing to unpack .../076-libde265-0_1.0.15-1ubuntu0.2_amd64.deb ...
2026-10-09T07:56:23.0629281Z Unpacking libde265-0:amd64 (1.0.15-1ubuntu0.2) ...
2026-10-09T07:56:23.0869574Z Selecting previously unselected package libdecor-0-0:amd64.
2026-10-09T07:56:23.0999135Z Preparing to unpack .../077-libdecor-0-0_0.2.2-1build2_amd64.deb ...
2026-10-09T07:56:23.1008199Z Unpacking libdecor-0-0:amd64 (0.2.2-1build2) ...
2026-10-09T07:56:23.1219440Z Selecting previously unselected package libgles2:amd64.
2026-10-09T07:56:23.1347330Z Preparing to unpack .../078-libgles2_1.7.0-1build1_amd64.deb ...
2026-10-09T07:56:23.1354888Z Unpacking libgles2:amd64 (1.7.0-1build1) ...
2026-10-09T07:56:23.1832752Z Selecting previously unselected package libdirectfb-1.7-7t64:amd64.
2026-10-09T07:56:23.1959049Z Preparing to unpack .../079-libdirectfb-1.7-7t64_1.7.7-11.1ubuntu2_amd64.deb ...
2026-10-09T07:56:23.1966008Z Unpacking libdirectfb-1.7-7t64:amd64 (1.7.7-11.1ubuntu2) ...
2026-10-09T07:56:23.2380910Z Selecting previously unselected package libdvdread8t64:amd64.
2026-10-09T07:56:23.2512171Z Preparing to unpack .../080-libdvdread8t64_6.1.3-1.1build1_amd64.deb ...
2026-10-09T07:56:23.2520162Z Unpacking libdvdread8t64:amd64 (6.1.3-1.1build1) ...
2026-10-09T07:56:23.2751542Z Selecting previously unselected package libdvdnav4:amd64.
2026-10-09T07:56:23.2882192Z Preparing to unpack .../081-libdvdnav4_6.1.1-3build1_amd64.deb ...
2026-10-09T07:56:23.2890112Z Unpacking libdvdnav4:amd64 (6.1.1-3build1) ...
2026-10-09T07:56:23.3139281Z Selecting previously unselected package libegl-mesa0:amd64.
2026-10-09T07:56:23.3267457Z Preparing to unpack .../082-libegl-mesa0_25.2.8-0ubuntu0.24.04.4_amd64.deb ...
2026-10-09T07:56:23.3274933Z Unpacking libegl-mesa0:amd64 (25.2.8-0ubuntu0.24.04.4) ...
2026-10-09T07:56:23.3507707Z Selecting previously unselected package libevent-2.1-7t64:amd64.
2026-10-09T07:56:23.3634349Z Preparing to unpack .../083-libevent-2.1-7t64_2.1.12-stable-9ubuntu2.2_amd64.deb ...
2026-10-09T07:56:23.3642622Z Unpacking libevent-2.1-7t64:amd64 (2.1.12-stable-9ubuntu2.2) ...
2026-10-09T07:56:23.3869240Z Selecting previously unselected package libfaad2:amd64.
2026-10-09T07:56:23.3998599Z Preparing to unpack .../084-libfaad2_2.11.1-1build1_amd64.deb ...
2026-10-09T07:56:23.4029043Z Unpacking libfaad2:amd64 (2.11.1-1build1) ...
2026-10-09T07:56:23.4275266Z Selecting previously unselected package libinstpatch-1.0-2:amd64.
2026-10-09T07:56:23.4405221Z Preparing to unpack .../085-libinstpatch-1.0-2_1.1.6-1build2_amd64.deb ...
2026-10-09T07:56:23.4414078Z Unpacking libinstpatch-1.0-2:amd64 (1.1.6-1build2) ...
2026-10-09T07:56:23.4674378Z Selecting previously unselected package libjack-jackd2-0:amd64.
2026-10-09T07:56:23.4807462Z Preparing to unpack .../086-libjack-jackd2-0_1.9.21~dfsg-3ubuntu3_amd64.deb ...
2026-10-09T07:56:23.4816232Z Unpacking libjack-jackd2-0:amd64 (1.9.21~dfsg-3ubuntu3) ...
2026-10-09T07:56:23.5093257Z Selecting previously unselected package libwebrtc-audio-processing1:amd64.
2026-10-09T07:56:23.5223690Z Preparing to unpack .../087-libwebrtc-audio-processing1_0.3.1-0ubuntu6_amd64.deb ...
2026-10-09T07:56:23.5234745Z Unpacking libwebrtc-audio-processing1:amd64 (0.3.1-0ubuntu6) ...
2026-10-09T07:56:23.5472473Z Selecting previously unselected package libspa-0.2-modules:amd64.
2026-10-09T07:56:23.5601443Z Preparing to unpack .../088-libspa-0.2-modules_1.0.5-1ubuntu3.3_amd64.deb ...
2026-10-09T07:56:23.5611239Z Unpacking libspa-0.2-modules:amd64 (1.0.5-1ubuntu3.3) ...
2026-10-09T07:56:23.5942952Z Selecting previously unselected package libpipewire-0.3-0t64:amd64.
2026-10-09T07:56:23.6070902Z Preparing to unpack .../089-libpipewire-0.3-0t64_1.0.5-1ubuntu3.3_amd64.deb ...
2026-10-09T07:56:23.6077490Z Unpacking libpipewire-0.3-0t64:amd64 (1.0.5-1ubuntu3.3) ...
2026-10-09T07:56:23.6343116Z Selecting previously unselected package libsdl2-2.0-0:amd64.
2026-10-09T07:56:23.6471901Z Preparing to unpack .../090-libsdl2-2.0-0_2.30.0+dfsg-1ubuntu3.1_amd64.deb ...
2026-10-09T07:56:23.6480660Z Unpacking libsdl2-2.0-0:amd64 (2.30.0+dfsg-1ubuntu3.1) ...
2026-10-09T07:56:23.6771988Z Selecting previously unselected package timgm6mb-soundfont.
2026-10-09T07:56:23.6902067Z Preparing to unpack .../091-timgm6mb-soundfont_1.3-5_all.deb ...
2026-10-09T07:56:23.6916113Z Unpacking timgm6mb-soundfont (1.3-5) ...
2026-10-09T07:56:24.0309529Z Selecting previously unselected package libfluidsynth3:amd64.
2026-10-09T07:56:24.0437736Z Preparing to unpack .../092-libfluidsynth3_2.3.4-1build3_amd64.deb ...
2026-10-09T07:56:24.0450672Z Unpacking libfluidsynth3:amd64 (2.3.4-1build3) ...
2026-10-09T07:56:24.0704846Z Selecting previously unselected package libfreeaptx0:amd64.
2026-10-09T07:56:24.0835509Z Preparing to unpack .../093-libfreeaptx0_0.1.1-2build1_amd64.deb ...
2026-10-09T07:56:24.0845039Z Unpacking libfreeaptx0:amd64 (0.1.1-2build1) ...
2026-10-09T07:56:24.1062531Z Selecting previously unselected package libgraphene-1.0-0:amd64.
2026-10-09T07:56:24.1190738Z Preparing to unpack .../094-libgraphene-1.0-0_1.10.8-3build2_amd64.deb ...
2026-10-09T07:56:24.1199157Z Unpacking libgraphene-1.0-0:amd64 (1.10.8-3build2) ...
2026-10-09T07:56:24.1416773Z Selecting previously unselected package libgssdp-1.6-0:amd64.
2026-10-09T07:56:24.1546260Z Preparing to unpack .../095-libgssdp-1.6-0_1.6.3-1build3_amd64.deb ...
2026-10-09T07:56:24.1553145Z Unpacking libgssdp-1.6-0:amd64 (1.6.3-1build3) ...
2026-10-09T07:56:24.1784724Z Selecting previously unselected package libegl1:amd64.
2026-10-09T07:56:24.1914383Z Preparing to unpack .../096-libegl1_1.7.0-1build1_amd64.deb ...
2026-10-09T07:56:24.1922020Z Unpacking libegl1:amd64 (1.7.0-1build1) ...
2026-10-09T07:56:24.2146045Z Selecting previously unselected package libgstreamer-gl1.0-0:amd64.
2026-10-09T07:56:24.2274362Z Preparing to unpack .../097-libgstreamer-gl1.0-0_1.24.2-1ubuntu0.5_amd64.deb ...
2026-10-09T07:56:24.2281732Z Unpacking libgstreamer-gl1.0-0:amd64 (1.24.2-1ubuntu0.5) ...
2026-10-09T07:56:24.2516403Z Selecting previously unselected package libgtk-4-common.
2026-10-09T07:56:24.2643133Z Preparing to unpack .../098-libgtk-4-common_4.14.5+ds-0ubuntu0.10_all.deb ...
2026-10-09T07:56:24.2650735Z Unpacking libgtk-4-common (4.14.5+ds-0ubuntu0.10) ...
2026-10-09T07:56:24.3142078Z Selecting previously unselected package libgtk-4-1:amd64.
2026-10-09T07:56:24.3272643Z Preparing to unpack .../099-libgtk-4-1_4.14.5+ds-0ubuntu0.10_amd64.deb ...
2026-10-09T07:56:24.3280488Z Unpacking libgtk-4-1:amd64 (4.14.5+ds-0ubuntu0.10) ...
2026-10-09T07:56:24.3939308Z Selecting previously unselected package libgupnp-1.6-0:amd64.
2026-10-09T07:56:24.4067619Z Preparing to unpack .../100-libgupnp-1.6-0_1.6.6-1build3_amd64.deb ...
2026-10-09T07:56:24.4075488Z Unpacking libgupnp-1.6-0:amd64 (1.6.6-1build3) ...
2026-10-09T07:56:24.4301384Z Selecting previously unselected package libgupnp-igd-1.6-0:amd64.
2026-10-09T07:56:24.4428003Z Preparing to unpack .../101-libgupnp-igd-1.6-0_1.6.0-3build3_amd64.deb ...
2026-10-09T07:56:24.4435166Z Unpacking libgupnp-igd-1.6-0:amd64 (1.6.0-3build3) ...
2026-10-09T07:56:24.4646596Z Selecting previously unselected package libharfbuzz-icu0:amd64.
2026-10-09T07:56:24.4773743Z Preparing to unpack .../102-libharfbuzz-icu0_8.3.0-2build2_amd64.deb ...
2026-10-09T07:56:24.4781505Z Unpacking libharfbuzz-icu0:amd64 (8.3.0-2build2) ...
2026-10-09T07:56:24.4990177Z Selecting previously unselected package libhyphen0:amd64.
2026-10-09T07:56:24.5118955Z Preparing to unpack .../103-libhyphen0_2.8.8-7build3_amd64.deb ...
2026-10-09T07:56:24.5127557Z Unpacking libhyphen0:amd64 (2.8.8-7build3) ...
2026-10-09T07:56:24.5344199Z Selecting previously unselected package libimath-3-1-29t64:amd64.
2026-10-09T07:56:24.5474850Z Preparing to unpack .../104-libimath-3-1-29t64_3.1.9-3.1ubuntu2_amd64.deb ...
2026-10-09T07:56:24.5482804Z Unpacking libimath-3-1-29t64:amd64 (3.1.9-3.1ubuntu2) ...
2026-10-09T07:56:24.5735593Z Selecting previously unselected package liblc3-1:amd64.
2026-10-09T07:56:24.5868871Z Preparing to unpack .../105-liblc3-1_1.0.4-3build1_amd64.deb ...
2026-10-09T07:56:24.5880979Z Unpacking liblc3-1:amd64 (1.0.4-3build1) ...
2026-10-09T07:56:24.6102639Z Selecting previously unselected package libldacbt-enc2:amd64.
2026-10-09T07:56:24.6231508Z Preparing to unpack .../106-libldacbt-enc2_2.0.2.3+git20200429+ed310a0-4ubuntu2_amd64.deb ...
2026-10-09T07:56:24.6241235Z Unpacking libldacbt-enc2:amd64 (2.0.2.3+git20200429+ed310a0-4ubuntu2) ...
2026-10-09T07:56:24.6459311Z Selecting previously unselected package libraptor2-0:amd64.
2026-10-09T07:56:24.6586225Z Preparing to unpack .../107-libraptor2-0_2.0.16-3ubuntu0.1_amd64.deb ...
2026-10-09T07:56:24.6593849Z Unpacking libraptor2-0:amd64 (2.0.16-3ubuntu0.1) ...
2026-10-09T07:56:24.6835562Z Selecting previously unselected package liblrdf0:amd64.
2026-10-09T07:56:24.6963385Z Preparing to unpack .../108-liblrdf0_0.6.1-4build1_amd64.deb ...
2026-10-09T07:56:24.6975158Z Unpacking liblrdf0:amd64 (0.6.1-4build1) ...
2026-10-09T07:56:24.7197687Z Selecting previously unselected package libltc11:amd64.
2026-10-09T07:56:24.7327258Z Preparing to unpack .../109-libltc11_1.3.2-1build1_amd64.deb ...
2026-10-09T07:56:24.7334899Z Unpacking libltc11:amd64 (1.3.2-1build1) ...
2026-10-09T07:56:24.7545915Z Selecting previously unselected package libmanette-0.2-0:amd64.
2026-10-09T07:56:24.7675285Z Preparing to unpack .../110-libmanette-0.2-0_0.2.7-1build2_amd64.deb ...
2026-10-09T07:56:24.7682454Z Unpacking libmanette-0.2-0:amd64 (0.2.7-1build2) ...
2026-10-09T07:56:24.7903902Z Selecting previously unselected package libmfx1:amd64.
2026-10-09T07:56:24.8033095Z Preparing to unpack .../111-libmfx1_22.5.4-1_amd64.deb ...
2026-10-09T07:56:24.8041046Z Unpacking libmfx1:amd64 (22.5.4-1) ...
2026-10-09T07:56:24.8951599Z Selecting previously unselected package libmjpegutils-2.1-0t64:amd64.
2026-10-09T07:56:24.9077651Z Preparing to unpack .../112-libmjpegutils-2.1-0t64_1%3a2.1.0+debian-8.1build1_amd64.deb ...
2026-10-09T07:56:24.9087551Z Unpacking libmjpegutils-2.1-0t64:amd64 (1:2.1.0+debian-8.1build1) ...
2026-10-09T07:56:24.9300557Z Selecting previously unselected package libmodplug1:amd64.
2026-10-09T07:56:24.9429750Z Preparing to unpack .../113-libmodplug1_1%3a0.8.9.0-3build1_amd64.deb ...
2026-10-09T07:56:24.9437227Z Unpacking libmodplug1:amd64 (1:0.8.9.0-3build1) ...
2026-10-09T07:56:24.9694631Z Selecting previously unselected package libmpcdec6:amd64.
2026-10-09T07:56:24.9828447Z Preparing to unpack .../114-libmpcdec6_2%3a0.1~r495-2build1_amd64.deb ...
2026-10-09T07:56:24.9840889Z Unpacking libmpcdec6:amd64 (2:0.1~r495-2build1) ...
2026-10-09T07:56:25.0054150Z Selecting previously unselected package libmpeg2encpp-2.1-0t64:amd64.
2026-10-09T07:56:25.0182561Z Preparing to unpack .../115-libmpeg2encpp-2.1-0t64_1%3a2.1.0+debian-8.1build1_amd64.deb ...
2026-10-09T07:56:25.0190338Z Unpacking libmpeg2encpp-2.1-0t64:amd64 (1:2.1.0+debian-8.1build1) ...
2026-10-09T07:56:25.0405971Z Selecting previously unselected package libmplex2-2.1-0t64:amd64.
2026-10-09T07:56:25.0535097Z Preparing to unpack .../116-libmplex2-2.1-0t64_1%3a2.1.0+debian-8.1build1_amd64.deb ...
2026-10-09T07:56:25.0542999Z Unpacking libmplex2-2.1-0t64:amd64 (1:2.1.0+debian-8.1build1) ...
2026-10-09T07:56:25.0766877Z Selecting previously unselected package libneon27t64:amd64.
2026-10-09T07:56:25.0893439Z Preparing to unpack .../117-libneon27t64_0.33.0-1.1build3_amd64.deb ...
2026-10-09T07:56:25.0903652Z Unpacking libneon27t64:amd64 (0.33.0-1.1build3) ...
2026-10-09T07:56:25.1122634Z Selecting previously unselected package libnice10:amd64.
2026-10-09T07:56:25.1251763Z Preparing to unpack .../118-libnice10_0.1.21-2build3_amd64.deb ...
2026-10-09T07:56:25.1260907Z Unpacking libnice10:amd64 (0.1.21-2build3) ...
2026-10-09T07:56:25.1485156Z Selecting previously unselected package libopenal-data.
2026-10-09T07:56:25.1613931Z Preparing to unpack .../119-libopenal-data_1%3a1.23.1-4build1_all.deb ...
2026-10-09T07:56:25.1622487Z Unpacking libopenal-data (1:1.23.1-4build1) ...
2026-10-09T07:56:25.1863878Z Selecting previously unselected package libopenexr-3-1-30:amd64.
2026-10-09T07:56:25.1992789Z Preparing to unpack .../120-libopenexr-3-1-30_3.1.5-5.1build3_amd64.deb ...
2026-10-09T07:56:25.2000860Z Unpacking libopenexr-3-1-30:amd64 (3.1.5-5.1build3) ...
2026-10-09T07:56:25.2376745Z Selecting previously unselected package libopenh264-7:amd64.
2026-10-09T07:56:25.2504401Z Preparing to unpack .../121-libopenh264-7_2.4.1+dfsg-1_amd64.deb ...
2026-10-09T07:56:25.2512809Z Unpacking libopenh264-7:amd64 (2.4.1+dfsg-1) ...
2026-10-09T07:56:25.2770886Z Selecting previously unselected package libopenni2-0:amd64.
2026-10-09T07:56:25.2899998Z Preparing to unpack .../122-libopenni2-0_2.2.0.33+dfsg-18_amd64.deb ...
2026-10-09T07:56:25.2934671Z Unpacking libopenni2-0:amd64 (2.2.0.33+dfsg-18) ...
2026-10-09T07:56:25.3214507Z Selecting previously unselected package libqrencode4:amd64.
2026-10-09T07:56:25.3344873Z Preparing to unpack .../123-libqrencode4_4.1.1-1build2_amd64.deb ...
2026-10-09T07:56:25.3352704Z Unpacking libqrencode4:amd64 (4.1.1-1build2) ...
2026-10-09T07:56:25.3568089Z Selecting previously unselected package libsecret-common.
2026-10-09T07:56:25.3703292Z Preparing to unpack .../124-libsecret-common_0.21.4-1build3_all.deb ...
2026-10-09T07:56:25.3711428Z Unpacking libsecret-common (0.21.4-1build3) ...
2026-10-09T07:56:25.3931715Z Selecting previously unselected package libsecret-1-0:amd64.
2026-10-09T07:56:25.4065701Z Preparing to unpack .../125-libsecret-1-0_0.21.4-1build3_amd64.deb ...
2026-10-09T07:56:25.4076909Z Unpacking libsecret-1-0:amd64 (0.21.4-1build3) ...
2026-10-09T07:56:25.4314242Z Selecting previously unselected package libsndio7.0:amd64.
2026-10-09T07:56:25.4441908Z Preparing to unpack .../126-libsndio7.0_1.9.0-0.3build3_amd64.deb ...
2026-10-09T07:56:25.4447914Z Unpacking libsndio7.0:amd64 (1.9.0-0.3build3) ...
2026-10-09T07:56:25.4656677Z Selecting previously unselected package libsoundtouch1:amd64.
2026-10-09T07:56:25.4783219Z Preparing to unpack .../127-libsoundtouch1_2.3.2+ds1-1build1_amd64.deb ...
2026-10-09T07:56:25.4791298Z Unpacking libsoundtouch1:amd64 (2.3.2+ds1-1build1) ...
2026-10-09T07:56:25.5014112Z Selecting previously unselected package libspandsp2t64:amd64.
2026-10-09T07:56:25.5140587Z Preparing to unpack .../128-libspandsp2t64_0.0.6+dfsg-2.1build1_amd64.deb ...
2026-10-09T07:56:25.5149604Z Unpacking libspandsp2t64:amd64 (0.0.6+dfsg-2.1build1) ...
2026-10-09T07:56:25.5400387Z Selecting previously unselected package libsrtp2-1:amd64.
2026-10-09T07:56:25.5527970Z Preparing to unpack .../129-libsrtp2-1_2.5.0-3build1_amd64.deb ...
2026-10-09T07:56:25.5535539Z Unpacking libsrtp2-1:amd64 (2.5.0-3build1) ...
2026-10-09T07:56:25.5753840Z Selecting previously unselected package libwayland-server0:amd64.
2026-10-09T07:56:25.5879459Z Preparing to unpack .../130-libwayland-server0_1.22.0-2.1build1_amd64.deb ...
2026-10-09T07:56:25.5888773Z Unpacking libwayland-server0:amd64 (1.22.0-2.1build1) ...
2026-10-09T07:56:25.6098557Z Selecting previously unselected package libwildmidi2:amd64.
2026-10-09T07:56:25.6225185Z Preparing to unpack .../131-libwildmidi2_0.4.3-1build3_amd64.deb ...
2026-10-09T07:56:25.6235387Z Unpacking libwildmidi2:amd64 (0.4.3-1build3) ...
2026-10-09T07:56:25.6445187Z Selecting previously unselected package libwoff1:amd64.
2026-10-09T07:56:25.6570984Z Preparing to unpack .../132-libwoff1_1.0.2-2build1_amd64.deb ...
2026-10-09T07:56:25.6578515Z Unpacking libwoff1:amd64 (1.0.2-2build1) ...
2026-10-09T07:56:25.6792105Z Selecting previously unselected package libxcb-xkb1:amd64.
2026-10-09T07:56:25.6917518Z Preparing to unpack .../133-libxcb-xkb1_1.15-1ubuntu2_amd64.deb ...
2026-10-09T07:56:25.6925050Z Unpacking libxcb-xkb1:amd64 (1.15-1ubuntu2) ...
2026-10-09T07:56:25.7132069Z Selecting previously unselected package libxkbcommon-x11-0:amd64.
2026-10-09T07:56:25.7257560Z Preparing to unpack .../134-libxkbcommon-x11-0_1.6.0-1build1_amd64.deb ...
2026-10-09T07:56:25.7274771Z Unpacking libxkbcommon-x11-0:amd64 (1.6.0-1build1) ...
2026-10-09T07:56:25.7475160Z Selecting previously unselected package libzbar0t64:amd64.
2026-10-09T07:56:25.7601286Z Preparing to unpack .../135-libzbar0t64_0.23.93-4build3_amd64.deb ...
2026-10-09T07:56:25.7611228Z Unpacking libzbar0t64:amd64 (0.23.93-4build3) ...
2026-10-09T07:56:25.7842575Z Selecting previously unselected package libzxing3:amd64.
2026-10-09T07:56:25.7969132Z Preparing to unpack .../136-libzxing3_2.2.1-3_amd64.deb ...
2026-10-09T07:56:25.7976615Z Unpacking libzxing3:amd64 (2.2.1-3) ...
2026-10-09T07:56:25.8236403Z Selecting previously unselected package libgstreamer-plugins-bad1.0-0:amd64.
2026-10-09T07:56:25.8365629Z Preparing to unpack .../137-libgstreamer-plugins-bad1.0-0_1.24.2-1ubuntu4_amd64.deb ...
2026-10-09T07:56:25.8387119Z Unpacking libgstreamer-plugins-bad1.0-0:amd64 (1.24.2-1ubuntu4) ...
2026-10-09T07:56:25.8772760Z Selecting previously unselected package libdca0:amd64.
2026-10-09T07:56:25.8902560Z Preparing to unpack .../138-libdca0_0.0.7-2build1_amd64.deb ...
2026-10-09T07:56:25.8912746Z Unpacking libdca0:amd64 (0.0.7-2build1) ...
2026-10-09T07:56:25.9142469Z Selecting previously unselected package libopenal1:amd64.
2026-10-09T07:56:25.9277255Z Preparing to unpack .../139-libopenal1_1%3a1.23.1-4build1_amd64.deb ...
2026-10-09T07:56:25.9287374Z Unpacking libopenal1:amd64 (1:1.23.1-4build1) ...
2026-10-09T07:56:25.9566089Z Selecting previously unselected package libsbc1:amd64.
2026-10-09T07:56:25.9695998Z Preparing to unpack .../140-libsbc1_2.0-1build1_amd64.deb ...
2026-10-09T07:56:25.9706452Z Unpacking libsbc1:amd64 (2.0-1build1) ...
2026-10-09T07:56:25.9918896Z Selecting previously unselected package libvo-aacenc0:amd64.
2026-10-09T07:56:26.0045636Z Preparing to unpack .../141-libvo-aacenc0_0.1.3-2build1_amd64.deb ...
2026-10-09T07:56:26.0054451Z Unpacking libvo-aacenc0:amd64 (0.1.3-2build1) ...
2026-10-09T07:56:26.0274577Z Selecting previously unselected package libvo-amrwbenc0:amd64.
2026-10-09T07:56:26.0401422Z Preparing to unpack .../142-libvo-amrwbenc0_0.1.3-2build1_amd64.deb ...
2026-10-09T07:56:26.0419264Z Unpacking libvo-amrwbenc0:amd64 (0.1.3-2build1) ...
2026-10-09T07:56:26.0639694Z Selecting previously unselected package gstreamer1.0-plugins-bad:amd64.
2026-10-09T07:56:26.0770020Z Preparing to unpack .../143-gstreamer1.0-plugins-bad_1.24.2-1ubuntu4_amd64.deb ...
2026-10-09T07:56:26.0778262Z Unpacking gstreamer1.0-plugins-bad:amd64 (1.24.2-1ubuntu4) ...
2026-10-09T07:56:26.2855442Z Setting up libgme0:amd64 (0.6.3-7build1) ...
2026-10-09T07:56:26.2880519Z Setting up libchromaprint1:amd64 (1.5.1-5) ...
2026-10-09T07:56:26.2900420Z Setting up libssh-gcrypt-4:amd64 (0.10.6-2ubuntu0.5) ...
2026-10-09T07:56:26.2916522Z Setting up libcairo-script-interpreter2:amd64 (1.18.0-3build1) ...
2026-10-09T07:56:26.2937974Z Setting up libfreeaptx0:amd64 (0.1.1-2build1) ...
2026-10-09T07:56:26.2958085Z Setting up libdvdread8t64:amd64 (6.1.3-1.1build1) ...
2026-10-09T07:56:26.2975050Z Setting up libudfread0:amd64 (1.1.2-1build1) ...
2026-10-09T07:56:26.2995143Z Setting up libmodplug1:amd64 (1:0.8.9.0-3build1) ...
2026-10-09T07:56:26.3013950Z Setting up libcdparanoia0:amd64 (3.10.2+debian-14build3) ...
2026-10-09T07:56:26.3035267Z Setting up libwayland-server0:amd64 (1.22.0-2.1build1) ...
2026-10-09T07:56:26.3054408Z Setting up libvo-amrwbenc0:amd64 (0.1.3-2build1) ...
2026-10-09T07:56:26.3073618Z Setting up session-migration (0.3.9build1) ...
2026-10-09T07:56:26.4391860Z Created symlink /etc/systemd/user/graphical-session-pre.target.wants/session-migration.service → /usr/lib/systemd/user/session-migration.service.
2026-10-09T07:56:26.4392887Z 
2026-10-09T07:56:26.4420686Z Setting up libraw1394-11:amd64 (2.1.2-2build3) ...
2026-10-09T07:56:26.4440911Z Setting up libsbc1:amd64 (2.0-1build1) ...
2026-10-09T07:56:26.4459791Z Setting up libproxy1v5:amd64 (0.5.4-4build1) ...
2026-10-09T07:56:26.4476648Z Setting up libtag1v5-vanilla:amd64 (1.13.1-1build1) ...
2026-10-09T07:56:26.4495211Z Setting up libharfbuzz-icu0:amd64 (8.3.0-2build2) ...
2026-10-09T07:56:26.4516453Z Setting up libopenni2-0:amd64 (2.2.0.33+dfsg-18) ...
2026-10-09T07:56:26.4758670Z Setting up libcaca0:amd64 (0.99.beta20-4ubuntu0.2) ...
2026-10-09T07:56:26.4776578Z Setting up libv4lconvert0t64:amd64 (1.26.1-4build3) ...
2026-10-09T07:56:26.4794110Z Setting up libmbedcrypto7t64:amd64 (2.28.8-1) ...
2026-10-09T07:56:26.4810459Z Setting up libwoff1:amd64 (1.0.2-2build1) ...
2026-10-09T07:56:26.4832225Z Setting up liblc3-1:amd64 (1.0.4-3build1) ...
2026-10-09T07:56:26.4849161Z Setting up libqrencode4:amd64 (4.1.1-1build2) ...
2026-10-09T07:56:26.4869226Z Setting up libhyphen0:amd64 (2.8.8-7build3) ...
2026-10-09T07:56:26.4885944Z Setting up libvisual-0.4-0:amd64 (0.4.2-2build1) ...
2026-10-09T07:56:26.4906798Z Setting up libzix-0-0:amd64 (0.4.2-2build1) ...
2026-10-09T07:56:26.4925172Z Setting up libmanette-0.2-0:amd64 (0.2.7-1build2) ...
2026-10-09T07:56:26.4943029Z Setting up libsrtp2-1:amd64 (2.5.0-3build1) ...
2026-10-09T07:56:26.4962037Z Setting up libmysofa1:amd64 (1.3.2+dfsg-2ubuntu2) ...
2026-10-09T07:56:26.5000298Z Setting up libldacbt-enc2:amd64 (2.0.2.3+git20200429+ed310a0-4ubuntu2) ...
2026-10-09T07:56:26.5017414Z Setting up libwebrtc-audio-processing1:amd64 (0.3.1-0ubuntu6) ...
2026-10-09T07:56:26.5038781Z Setting up libevent-2.1-7t64:amd64 (2.1.12-stable-9ubuntu2.2) ...
2026-10-09T07:56:26.5054851Z Setting up libsoup-3.0-common (3.4.4-5ubuntu0.9) ...
2026-10-09T07:56:26.5072254Z Setting up libmpg123-0t64:amd64 (1.32.5-1ubuntu1.1) ...
2026-10-09T07:56:26.5090061Z Setting up libcjson1:amd64 (1.7.17-1) ...
2026-10-09T07:56:26.5108513Z Setting up libmpcdec6:amd64 (2:0.1~r495-2build1) ...
2026-10-09T07:56:26.5127246Z Setting up libmjpegutils-2.1-0t64:amd64 (1:2.1.0+debian-8.1build1) ...
2026-10-09T07:56:26.5145089Z Setting up liborc-0.4-0t64:amd64 (1:0.4.38-1ubuntu0.1) ...
2026-10-09T07:56:26.5165405Z Setting up libxcb-xkb1:amd64 (1.15-1ubuntu2) ...
2026-10-09T07:56:26.5182783Z Setting up libvo-aacenc0:amd64 (0.1.3-2build1) ...
2026-10-09T07:56:26.5202826Z Setting up librist4:amd64 (0.2.10+dfsg-2) ...
2026-10-09T07:56:26.5220707Z Setting up libblas3:amd64 (3.12.0-3build1.1) ...
2026-10-09T07:56:26.5281434Z update-alternatives: using /usr/lib/x86_64-linux-gnu/blas/libblas.so.3 to provide /usr/lib/x86_64-linux-gnu/libblas.so.3 (libblas.so.3-x86_64-linux-gnu) in auto mode
2026-10-09T07:56:26.5303039Z Setting up libegl-mesa0:amd64 (25.2.8-0ubuntu0.24.04.4) ...
2026-10-09T07:56:26.5321084Z Setting up libsoundtouch1:amd64 (2.3.2+ds1-1build1) ...
2026-10-09T07:56:26.5340595Z Setting up libplacebo338:amd64 (6.338.2-2build1) ...
2026-10-09T07:56:26.5359086Z Setting up libgles2:amd64 (1.7.0-1build1) ...
2026-10-09T07:56:26.5377206Z Setting up libspa-0.2-modules:amd64 (1.0.5-1ubuntu3.3) ...
2026-10-09T07:56:26.5395907Z Setting up libzxing3:amd64 (2.2.1-3) ...
2026-10-09T07:56:26.5416321Z Setting up libfaad2:amd64 (2.11.1-1build1) ...
2026-10-09T07:56:26.5435872Z Setting up libxkbcommon-x11-0:amd64 (1.6.0-1build1) ...
2026-10-09T07:56:26.5454337Z Setting up libdc1394-25:amd64 (2.2.6-4build1) ...
2026-10-09T07:56:26.5471901Z Setting up libshout3:amd64 (2.4.6-1build2) ...
2026-10-09T07:56:26.5493533Z Setting up libpng16-16t64:amd64 (1.6.43-5ubuntu0.7) ...
2026-10-09T07:56:26.5510732Z Setting up libimath-3-1-29t64:amd64 (3.1.9-3.1ubuntu2) ...
2026-10-09T07:56:26.5528580Z Setting up libunibreak5:amd64 (5.1-2build1) ...
2026-10-09T07:56:26.5548986Z Setting up libdv4t64:amd64 (1.0.0-17.1build1) ...
2026-10-09T07:56:26.5565812Z Setting up libopenh264-7:amd64 (2.4.1+dfsg-1) ...
2026-10-09T07:56:26.5582549Z Setting up libltc11:amd64 (1.3.2-1build1) ...
2026-10-09T07:56:26.5600520Z Setting up libv4l-0t64:amd64 (1.26.1-4build3) ...
2026-10-09T07:56:26.5620997Z Setting up libavtp0:amd64 (0.2.0-1build1) ...
2026-10-09T07:56:26.5641162Z Setting up libsndio7.0:amd64 (1.9.0-0.3build3) ...
2026-10-09T07:56:26.5659212Z Setting up libdirectfb-1.7-7t64:amd64 (1.7.7-11.1ubuntu2) ...
2026-10-09T07:56:26.5677612Z Setting up libspandsp2t64:amd64 (0.0.6+dfsg-2.1build1) ...
2026-10-09T07:56:26.5698667Z Setting up libvidstab1.1:amd64 (1.1.0-2build1) ...
2026-10-09T07:56:26.5717333Z Setting up libsrt1.5-gnutls:amd64 (1.5.3-1build2) ...
2026-10-09T07:56:26.5739981Z Setting up libtag1v5:amd64 (1.13.1-1build1) ...
2026-10-09T07:56:26.5757584Z Setting up libflite1:amd64 (2.2-6build3) ...
2026-10-09T07:56:26.5779180Z Setting up libasyncns0:amd64 (0.8-6build4) ...
2026-10-09T07:56:26.5805066Z Setting up libwildmidi2:amd64 (0.4.3-1build3) ...
2026-10-09T07:56:26.5826383Z Setting up libwavpack1:amd64 (5.6.0-1build1) ...
2026-10-09T07:56:26.5849475Z Setting up libbs2b0:amd64 (3.1.0+dfsg-7build1) ...
2026-10-09T07:56:26.5868685Z Setting up libpostproc57:amd64 (7:6.1.1-3ubuntu5) ...
2026-10-09T07:56:26.5887909Z Setting up libegl1:amd64 (1.7.0-1build1) ...
2026-10-09T07:56:26.5909714Z Setting up libdecor-0-0:amd64 (0.2.2-1build2) ...
2026-10-09T07:56:26.5931771Z Setting up libdca0:amd64 (0.0.7-2build1) ...
2026-10-09T07:56:26.5953016Z Setting up libzimg2:amd64 (3.0.5+ds1-1build1) ...
2026-10-09T07:56:26.5972165Z Setting up libopenal-data (1:1.23.1-4build1) ...
2026-10-09T07:56:26.5999129Z Setting up libabsl20220623t64:amd64 (20220623.1-3.1ubuntu3.2) ...
2026-10-09T07:56:26.6017211Z Setting up libflac12t64:amd64 (1.4.3+ds-2.1ubuntu2) ...
2026-10-09T07:56:26.6035659Z Setting up libsndfile1:amd64 (1.2.2-1ubuntu5.24.04.1) ...
2026-10-09T07:56:26.6057570Z Setting up libgtk-4-common (4.14.5+ds-0ubuntu0.10) ...
2026-10-09T07:56:26.6075970Z Setting up libmpeg2encpp-2.1-0t64:amd64 (1:2.1.0+debian-8.1build1) ...
2026-10-09T07:56:26.6366952Z Setting up glib-networking-common (2.80.0-1build1) ...
2026-10-09T07:56:26.6386927Z Setting up libmfx1:amd64 (22.5.4-1) ...
2026-10-09T07:56:26.6409459Z Setting up libde265-0:amd64 (1.0.15-1ubuntu0.2) ...
2026-10-09T07:56:26.6431807Z Setting up libsamplerate0:amd64 (0.2.2-4build1) ...
2026-10-09T07:56:26.6450888Z Setting up timgm6mb-soundfont (1.3-5) ...
2026-10-09T07:56:26.6536697Z update-alternatives: using /usr/share/sounds/sf2/TimGM6mb.sf2 to provide /usr/share/sounds/sf2/default-GM.sf2 (default-GM.sf2) in auto mode
2026-10-09T07:56:26.6581824Z update-alternatives: using /usr/share/sounds/sf2/TimGM6mb.sf2 to provide /usr/share/sounds/sf3/default-GM.sf3 (default-GM.sf3) in auto mode
2026-10-09T07:56:26.6599684Z Setting up libyuv0:amd64 (0.0~git202401110.af6ac82-1) ...
2026-10-09T07:56:26.6622105Z Setting up libmplex2-2.1-0t64:amd64 (1:2.1.0+debian-8.1build1) ...
2026-10-09T07:56:26.6641163Z Setting up libpipewire-0.3-0t64:amd64 (1.0.5-1ubuntu3.3) ...
2026-10-09T07:56:26.6660126Z Setting up libxml2:amd64 (2.9.14+dfsg-1.3ubuntu3.10) ...
2026-10-09T07:56:26.6679790Z Setting up libinstpatch-1.0-2:amd64 (1.1.6-1build2) ...
2026-10-09T07:56:26.6699593Z Setting up libopenmpt0t64:amd64 (0.7.3-1.1build3) ...
2026-10-09T07:56:26.6720772Z Setting up libsecret-common (0.21.4-1build3) ...
2026-10-09T07:56:26.6737891Z Setting up libgraphene-1.0-0:amd64 (1.10.8-3build2) ...
2026-10-09T07:56:26.6756540Z Setting up libswscale7:amd64 (7:6.1.1-3ubuntu5) ...
2026-10-09T07:56:26.6782218Z Setting up libdvdnav4:amd64 (6.1.1-3build1) ...
2026-10-09T07:56:26.6800943Z Setting up libaa1:amd64 (1.4p5-51.1) ...
2026-10-09T07:56:26.6825264Z Setting up libiec61883-0:amd64 (1.2.0-6build1) ...
2026-10-09T07:56:26.6846990Z Setting up libserd-0-0:amd64 (0.32.2-1) ...
2026-10-09T07:56:26.6869293Z Setting up libavc1394-0:amd64 (0.5.4-5build3) ...
2026-10-09T07:56:26.6896985Z Setting up gsettings-desktop-schemas (46.1-0ubuntu1) ...
2026-10-09T07:56:26.6914530Z Setting up glib-networking-services (2.80.0-1build1) ...
2026-10-09T07:56:26.6933315Z Setting up liblapack3:amd64 (3.12.0-3build1.1) ...
2026-10-09T07:56:26.6999909Z update-alternatives: using /usr/lib/x86_64-linux-gnu/lapack/liblapack.so.3 to provide /usr/lib/x86_64-linux-gnu/liblapack.so.3 (liblapack.so.3-x86_64-linux-gnu) in auto mode
2026-10-09T07:56:26.7017855Z Setting up libneon27t64:amd64 (0.33.0-1.1build3) ...
2026-10-09T07:56:26.7036949Z Setting up libpulse0:amd64 (1:16.1+dfsg1-2ubuntu10.1) ...
2026-10-09T07:56:26.7109526Z Setting up libraptor2-0:amd64 (2.0.16-3ubuntu0.1) ...
2026-10-09T07:56:26.7128977Z Setting up libzbar0t64:amd64 (0.23.93-4build3) ...
2026-10-09T07:56:26.7153464Z Setting up libgstreamer-plugins-base1.0-0:amd64 (1.24.2-1ubuntu0.5) ...
2026-10-09T07:56:26.7169311Z Setting up libopenal1:amd64 (1:1.23.1-4build1) ...
2026-10-09T07:56:26.7204724Z Setting up libsphinxbase3t64:amd64 (0.8+5prealpha+1-17build2) ...
2026-10-09T07:56:26.7235052Z Setting up libxml2-dev:amd64 (2.9.14+dfsg-1.3ubuntu3.10) ...
2026-10-09T07:56:26.7253677Z Setting up libsecret-1-0:amd64 (0.21.4-1build3) ...
2026-10-09T07:56:26.7274485Z Setting up libgstreamer-plugins-good1.0-0:amd64 (1.24.2-1ubuntu1.8) ...
2026-10-09T07:56:26.7292748Z Setting up libgstreamer-gl1.0-0:amd64 (1.24.2-1ubuntu0.5) ...
2026-10-09T07:56:26.7314151Z Setting up gstreamer1.0-plugins-base:amd64 (1.24.2-1ubuntu0.5) ...
2026-10-09T07:56:26.7333768Z Setting up libass9:amd64 (1:0.17.1-2build1) ...
2026-10-09T07:56:26.7367013Z Setting up libopenexr-3-1-30:amd64 (3.1.5-5.1build3) ...
2026-10-09T07:56:26.7387265Z Setting up libgav1-1:amd64 (0.18.0-1build3) ...
2026-10-09T07:56:26.7407207Z Setting up librubberband2:amd64 (3.3.0+dfsg-2build1) ...
2026-10-09T07:56:26.7428978Z Setting up libjack-jackd2-0:amd64 (1.9.21~dfsg-3ubuntu3) ...
2026-10-09T07:56:26.7447170Z Setting up libsord-0-0:amd64 (0.16.16-2build1) ...
2026-10-09T07:56:26.7466711Z Setting up libsratom-0-0:amd64 (0.6.16-1build1) ...
2026-10-09T07:56:26.7487370Z Setting up libbluray2:amd64 (1:1.3.4-1build1) ...
2026-10-09T07:56:26.7510720Z Setting up libsdl2-2.0-0:amd64 (2.30.0+dfsg-1ubuntu3.1) ...
2026-10-09T07:56:26.7535291Z Setting up liblilv-0-0:amd64 (0.24.22-1build1) ...
2026-10-09T07:56:26.7555264Z Setting up libfluidsynth3:amd64 (2.3.4-1build3) ...
2026-10-09T07:56:26.7575259Z Setting up libavif16:amd64 (1.0.4-1ubuntu3) ...
2026-10-09T07:56:26.7596750Z Setting up liblrdf0:amd64 (0.6.1-4build1) ...
2026-10-09T07:56:26.7615803Z Setting up libavformat60:amd64 (7:6.1.1-3ubuntu5) ...
2026-10-09T07:56:26.7637951Z Setting up libpocketsphinx3:amd64 (0.8.0+real5prealpha+1-15ubuntu5) ...
2026-10-09T07:56:26.7658684Z Setting up libavfilter9:amd64 (7:6.1.1-3ubuntu5) ...
2026-10-09T07:56:26.7681905Z Setting up gstreamer1.0-libav:amd64 (1.24.1-1build1) ...
2026-10-09T07:56:26.8025546Z Processing triggers for libc-bin (2.39-0ubuntu8.9) ...
2026-10-09T07:56:26.8291917Z Processing triggers for man-db (2.12.0-4build2) ...
2026-10-09T07:56:26.8332170Z Not building database; man-db/auto-update is not 'true'.
2026-10-09T07:56:26.8358156Z Processing triggers for libglib2.0-0t64:amd64 (2.80.0-6ubuntu3.9) ...
2026-10-09T07:56:26.8790983Z Setting up libgtk-4-1:amd64 (4.14.5+ds-0ubuntu0.10) ...
2026-10-09T07:56:27.1902656Z Setting up glib-networking:amd64 (2.80.0-1build1) ...
2026-10-09T07:56:27.1942531Z Setting up libsoup-3.0-0:amd64 (3.4.4-5ubuntu0.9) ...
2026-10-09T07:56:27.1980620Z Setting up libgssdp-1.6-0:amd64 (1.6.3-1build3) ...
2026-10-09T07:56:27.2049489Z Setting up gstreamer1.0-plugins-good:amd64 (1.24.2-1ubuntu1.8) ...
2026-10-09T07:56:27.2080390Z Setting up libgupnp-1.6-0:amd64 (1.6.6-1build3) ...
2026-10-09T07:56:27.2142033Z Setting up libgupnp-igd-1.6-0:amd64 (1.6.0-3build3) ...
2026-10-09T07:56:27.2184987Z Setting up libnice10:amd64 (0.1.21-2build3) ...
2026-10-09T07:56:27.2234955Z Setting up libgstreamer-plugins-bad1.0-0:amd64 (1.24.2-1ubuntu4) ...
2026-10-09T07:56:27.2280979Z Setting up gstreamer1.0-plugins-bad:amd64 (1.24.2-1ubuntu4) ...
2026-10-09T07:56:27.2304396Z Processing triggers for libc-bin (2.39-0ubuntu8.9) ...
2026-10-09T07:56:27.8132836Z 
2026-10-09T07:56:27.8133820Z Running kernel seems to be up-to-date.
2026-10-09T07:56:27.8134381Z 
2026-10-09T07:56:27.8134559Z Restarting services...
2026-10-09T07:56:27.8312426Z  systemctl restart packagekit.service php8.3-fpm.service
2026-10-09T07:56:27.9439662Z 
2026-10-09T07:56:27.9440415Z No containers need to be restarted.
2026-10-09T07:56:27.9440937Z 
2026-10-09T07:56:27.9441574Z No user sessions are running outdated binaries.
2026-10-09T07:56:27.9442093Z 
2026-10-09T07:56:27.9442667Z No VM guests are running outdated hypervisor (qemu) binaries on this host.
2026-10-09T07:56:29.1816672Z ##[group]Run node scripts/check-playwright-conformance-owner-policy.mjs
2026-10-09T07:56:29.1817295Z [36;1mnode scripts/check-playwright-conformance-owner-policy.mjs[0m
2026-10-09T07:56:29.1882091Z shell: /usr/bin/bash -e {0}
2026-10-09T07:56:29.1882387Z env:
2026-10-09T07:56:29.1882769Z   PLAYWRIGHT_BROWSERS_PATH: /home/runner/work/FsusUI/FsusUI/.tmp/playwright-browsers
2026-10-09T07:56:29.1883294Z   PNPM_HOME: /home/runner/setup-pnpm/node_modules/.bin
2026-10-09T07:56:29.1885096Z   PATH: /home/runner/work/FsusUI/FsusUI/emsdk-cache/emsdk-main:/home/runner/work/FsusUI/FsusUI/emsdk-cache/emsdk-main/upstream/emscripten:/opt/hostedtoolcache/node/22.23.3/x64/bin:/home/runner/setup-pnpm/node_modules/.bin:/snap/bin:/home/runner/.local/bin:/opt/pipx_bin:/home/runner/.cargo/bin:/home/runner/.config/composer/vendor/bin:/usr/local/.ghcup/bin:/home/runner/.dotnet/tools:/usr/local/sbin:/usr/local/bin:/usr/sbin:/usr/bin:/sbin:/bin:/usr/games:/usr/local/games
2026-10-09T07:56:29.1886956Z   EMSDK: /home/runner/work/FsusUI/FsusUI/emsdk-cache/emsdk-main
2026-10-09T07:56:29.1887513Z   EMSDK_NODE: /home/runner/work/FsusUI/FsusUI/emsdk-cache/emsdk-main/node/22.16.0_64bit/bin/node
2026-10-09T07:56:29.1887984Z ##[endgroup]
2026-10-09T07:56:29.6723897Z [check-playwright-conformance-owner-policy] passed
2026-10-09T07:56:29.6888663Z ##[group]Run actions/download-artifact@v4
2026-10-09T07:56:29.6889032Z with:
2026-10-09T07:56:29.6889272Z   name: playwright-pr-impact-plan
2026-10-09T07:56:29.6889582Z   path: .tmp/playwright-impact
2026-10-09T07:56:29.6889864Z   merge-multiple: false
2026-10-09T07:56:29.6890118Z   repository: Ozwasyd/FsusUI
2026-10-09T07:56:29.6890392Z   run-id: 37899305543
2026-10-09T07:56:29.6890614Z env:
2026-10-09T07:56:29.6890977Z   PLAYWRIGHT_BROWSERS_PATH: /home/runner/work/FsusUI/FsusUI/.tmp/playwright-browsers
2026-10-09T07:56:29.6891500Z   PNPM_HOME: /home/runner/setup-pnpm/node_modules/.bin
2026-10-09T07:56:29.6893322Z   PATH: /home/runner/work/FsusUI/FsusUI/emsdk-cache/emsdk-main:/home/runner/work/FsusUI/FsusUI/emsdk-cache/emsdk-main/upstream/emscripten:/opt/hostedtoolcache/node/22.23.3/x64/bin:/home/runner/setup-pnpm/node_modules/.bin:/snap/bin:/home/runner/.local/bin:/opt/pipx_bin:/home/runner/.cargo/bin:/home/runner/.config/composer/vendor/bin:/usr/local/.ghcup/bin:/home/runner/.dotnet/tools:/usr/local/sbin:/usr/local/bin:/usr/sbin:/usr/bin:/sbin:/bin:/usr/games:/usr/local/games
2026-10-09T07:56:29.6895127Z   EMSDK: /home/runner/work/FsusUI/FsusUI/emsdk-cache/emsdk-main
2026-10-09T07:56:29.6895673Z   EMSDK_NODE: /home/runner/work/FsusUI/FsusUI/emsdk-cache/emsdk-main/node/22.16.0_64bit/bin/node
2026-10-09T07:56:29.6896139Z ##[endgroup]
2026-10-09T07:56:29.8430138Z Downloading single artifact
2026-10-09T07:56:29.8582551Z (node:5734) [DEP0040] DeprecationWarning: The `punycode` module is deprecated. Please use a userland alternative instead.
2026-10-09T07:56:29.8583447Z (Use `node --trace-deprecation ...` to show where the warning was created)
2026-10-09T07:56:29.9603833Z Preparing to download the following artifacts:
2026-10-09T07:56:29.9605559Z - playwright-pr-impact-plan (ID: 11602970728, Size: 1076, Expected Digest: sha256:5474ce495b00eeee52ff11ad3f8bd5e0154a66a9a3c9a33c7a71fa1db6ffb851)
2026-10-09T07:56:30.0990461Z Redirecting to blob download url: https://productionresultssa11.blob.core.windows.net/actions-results/d026a2ad-cfca-8ce6-904a-b4b18006a410/workflow-job-run-3f0d7d00-250f-5aa8-b131-24bdfc6ad48d/artifacts/b161bee786190710a9616c30d4727b3450e9dec4fd4e02b7d20907e0b7b7afcf.zip
2026-10-09T07:56:30.0999683Z Starting download of artifact to: /home/runner/work/FsusUI/FsusUI/.tmp/playwright-impact
2026-10-09T07:56:30.1407698Z (node:5734) [DEP0005] DeprecationWarning: Buffer() is deprecated due to security and usability issues. Please use the Buffer.alloc(), Buffer.allocUnsafe(), or Buffer.from() methods instead.
2026-10-09T07:56:30.1446353Z SHA256 digest of downloaded artifact is 5474ce495b00eeee52ff11ad3f8bd5e0154a66a9a3c9a33c7a71fa1db6ffb851
2026-10-09T07:56:30.1447621Z Artifact download completed successfully.
2026-10-09T07:56:30.1448603Z Total of 1 artifact(s) downloaded
2026-10-09T07:56:30.1453643Z Download artifact has finished successfully
2026-10-09T07:56:30.1592324Z ##[group]Run node scripts/conformance-playwright-owner-run.mjs --owner playwright-conformance --group pr --impact-plan .tmp/playwright-impact/receipt.json --evidence-dir .tmp/playwright-conformance
2026-10-09T07:56:30.1593889Z [36;1mnode scripts/conformance-playwright-owner-run.mjs --owner playwright-conformance --group pr --impact-plan .tmp/playwright-impact/receipt.json --evidence-dir .tmp/playwright-conformance[0m
2026-10-09T07:56:30.1659467Z shell: /usr/bin/bash -e {0}
2026-10-09T07:56:30.1659777Z env:
2026-10-09T07:56:30.1660176Z   PLAYWRIGHT_BROWSERS_PATH: /home/runner/work/FsusUI/FsusUI/.tmp/playwright-browsers
2026-10-09T07:56:30.1660701Z   PNPM_HOME: /home/runner/setup-pnpm/node_modules/.bin
2026-10-09T07:56:30.1662530Z   PATH: /home/runner/work/FsusUI/FsusUI/emsdk-cache/emsdk-main:/home/runner/work/FsusUI/FsusUI/emsdk-cache/emsdk-main/upstream/emscripten:/opt/hostedtoolcache/node/22.23.3/x64/bin:/home/runner/setup-pnpm/node_modules/.bin:/snap/bin:/home/runner/.local/bin:/opt/pipx_bin:/home/runner/.cargo/bin:/home/runner/.config/composer/vendor/bin:/usr/local/.ghcup/bin:/home/runner/.dotnet/tools:/usr/local/sbin:/usr/local/bin:/usr/sbin:/usr/bin:/sbin:/bin:/usr/games:/usr/local/games
2026-10-09T07:56:30.1664378Z   EMSDK: /home/runner/work/FsusUI/FsusUI/emsdk-cache/emsdk-main
2026-10-09T07:56:30.1664939Z   EMSDK_NODE: /home/runner/work/FsusUI/FsusUI/emsdk-cache/emsdk-main/node/22.16.0_64bit/bin/node
2026-10-09T07:56:30.1665413Z ##[endgroup]
2026-10-09T07:56:30.5686056Z [playwright-conformance] owner=playwright-conformance group=pr cells=3 commit=ba90d4df9b0b76e3c8cf7b4a57ceab08ded13990 digest=0f392705938f3884d30771f8aebf74a71cf0a5bd3748c6b350aef5c796edc7f8
2026-10-09T07:57:37.0775847Z [playwright-conformance] web-interaction-conformance/chromium failed: cell web-interaction-conformance/chromium produced no real interaction trace attachments
2026-10-09T07:58:19.1912491Z [playwright-conformance] web-interaction-conformance/firefox failed: cell web-interaction-conformance/firefox produced no real interaction trace attachments
2026-10-09T07:59:01.3013581Z [playwright-conformance] web-interaction-conformance/webkit failed: cell web-interaction-conformance/webkit produced no real interaction trace attachments
2026-10-09T07:59:01.3049618Z [playwright-conformance] invalid receipt web-interaction-conformance/chromium: cell web-interaction-conformance/chromium status=failure
2026-10-09T07:59:01.3054914Z [playwright-conformance] invalid receipt web-interaction-conformance/firefox: cell web-interaction-conformance/firefox status=failure
2026-10-09T07:59:01.3065524Z [playwright-conformance] invalid receipt web-interaction-conformance/webkit: cell web-interaction-conformance/webkit status=failure
2026-10-09T07:59:01.3067316Z [playwright-conformance] owner=playwright-conformance group=pr status=failure cells=3
2026-10-09T07:59:01.3334231Z ##[error]Process completed with exit code 1.
2026-10-09T07:59:01.3407461Z ##[group]Run actions/upload-artifact@v4
2026-10-09T07:59:01.3407804Z with:
2026-10-09T07:59:01.3408065Z   name: playwright-conformance-evidence-pr
2026-10-09T07:59:01.3408926Z   path: .tmp/playwright-conformance
.readiness/receipts/playwright-conformance

2026-10-09T07:59:01.3409396Z   retention-days: 14
2026-10-09T07:59:01.3409654Z   if-no-files-found: warn
2026-10-09T07:59:01.3409921Z   compression-level: 6
2026-10-09T07:59:01.3410166Z   overwrite: false
2026-10-09T07:59:01.3410411Z   include-hidden-files: false
2026-10-09T07:59:01.3410673Z env:
2026-10-09T07:59:01.3411067Z   PLAYWRIGHT_BROWSERS_PATH: /home/runner/work/FsusUI/FsusUI/.tmp/playwright-browsers
2026-10-09T07:59:01.3411577Z   PNPM_HOME: /home/runner/setup-pnpm/node_modules/.bin
2026-10-09T07:59:01.3413442Z   PATH: /home/runner/work/FsusUI/FsusUI/emsdk-cache/emsdk-main:/home/runner/work/FsusUI/FsusUI/emsdk-cache/emsdk-main/upstream/emscripten:/opt/hostedtoolcache/node/22.23.3/x64/bin:/home/runner/setup-pnpm/node_modules/.bin:/snap/bin:/home/runner/.local/bin:/opt/pipx_bin:/home/runner/.cargo/bin:/home/runner/.config/composer/vendor/bin:/usr/local/.ghcup/bin:/home/runner/.dotnet/tools:/usr/local/sbin:/usr/local/bin:/usr/sbin:/usr/bin:/sbin:/bin:/usr/games:/usr/local/games
2026-10-09T07:59:01.3415281Z   EMSDK: /home/runner/work/FsusUI/FsusUI/emsdk-cache/emsdk-main
2026-10-09T07:59:01.3415847Z   EMSDK_NODE: /home/runner/work/FsusUI/FsusUI/emsdk-cache/emsdk-main/node/22.16.0_64bit/bin/node
2026-10-09T07:59:01.3416329Z ##[endgroup]
2026-10-09T07:59:01.5225285Z (node:6876) [DEP0040] DeprecationWarning: The `punycode` module is deprecated. Please use a userland alternative instead.
2026-10-09T07:59:01.5226207Z (Use `node --trace-deprecation ...` to show where the warning was created)
2026-10-09T07:59:01.5419892Z Multiple search paths detected. Calculating the least common ancestor of all paths
2026-10-09T07:59:01.5423397Z The least common ancestor is /home/runner/work/FsusUI/FsusUI. This will be the root directory of the artifact
2026-10-09T07:59:01.5424669Z With the provided path, there will be 10 files uploaded
2026-10-09T07:59:01.5432428Z Artifact name is valid!
2026-10-09T07:59:01.5433245Z Root directory input is valid!
2026-10-09T07:59:01.7641024Z Beginning upload of artifact content to blob storage
2026-10-09T07:59:01.8176926Z (node:6876) [DEP0169] DeprecationWarning: `url.parse()` behavior is not standardized and prone to errors that have security implications. Use the WHATWG URL API instead. CVEs are not issued for `url.parse()` vulnerabilities.
2026-10-09T07:59:01.8778167Z Uploaded bytes 161923
2026-10-09T07:59:01.8965411Z Finished uploading artifact content to blob storage!
2026-10-09T07:59:01.8966881Z SHA256 digest of uploaded artifact zip is 2b449f445e0300e15937872c875b74b60e1d643664f4cb4dc0edb8fc733308b7
2026-10-09T07:59:01.8968000Z Finalizing artifact upload
2026-10-09T07:59:02.1045473Z Artifact playwright-conformance-evidence-pr.zip successfully finalized. Artifact ID 11602569153
2026-10-09T07:59:02.1047222Z Artifact playwright-conformance-evidence-pr has been successfully uploaded! Final size is 161923 bytes. Artifact ID is 11602569153
2026-10-09T07:59:02.1053226Z Artifact download URL: https://github.com/Ozwasyd/FsusUI/actions/runs/37899305543/artifacts/11602569153
2026-10-09T07:59:02.1325405Z Prepare all required actions
2026-10-09T07:59:02.1326032Z Getting action download info
2026-10-09T07:59:02.2501280Z ##[group]Run ./.github/actions/readiness-manifest
2026-10-09T07:59:02.2501645Z with:
2026-10-09T07:59:02.2501885Z   gate: playwright-conformance
2026-10-09T07:59:02.2502190Z   group: pr
2026-10-09T07:59:02.2502626Z   status: failure
2026-10-09T07:59:02.2502992Z   playwright-receipts: .readiness/receipts/playwright-conformance
2026-10-09T07:59:02.2503473Z   playwright-plan: .tmp/playwright-impact/receipt.json
2026-10-09T07:59:02.2503844Z   artifact-suffix: single
2026-10-09T07:59:02.2504107Z env:
2026-10-09T07:59:02.2504482Z   PLAYWRIGHT_BROWSERS_PATH: /home/runner/work/FsusUI/FsusUI/.tmp/playwright-browsers
2026-10-09T07:59:02.2504996Z   PNPM_HOME: /home/runner/setup-pnpm/node_modules/.bin
2026-10-09T07:59:02.2506855Z   PATH: /home/runner/work/FsusUI/FsusUI/emsdk-cache/emsdk-main:/home/runner/work/FsusUI/FsusUI/emsdk-cache/emsdk-main/upstream/emscripten:/opt/hostedtoolcache/node/22.23.3/x64/bin:/home/runner/setup-pnpm/node_modules/.bin:/snap/bin:/home/runner/.local/bin:/opt/pipx_bin:/home/runner/.cargo/bin:/home/runner/.config/composer/vendor/bin:/usr/local/.ghcup/bin:/home/runner/.dotnet/tools:/usr/local/sbin:/usr/local/bin:/usr/sbin:/usr/bin:/sbin:/bin:/usr/games:/usr/local/games
2026-10-09T07:59:02.2508897Z   EMSDK: /home/runner/work/FsusUI/FsusUI/emsdk-cache/emsdk-main
2026-10-09T07:59:02.2509475Z   EMSDK_NODE: /home/runner/work/FsusUI/FsusUI/emsdk-cache/emsdk-main/node/22.16.0_64bit/bin/node
2026-10-09T07:59:02.2509960Z ##[endgroup]
2026-10-09T07:59:02.2576215Z ##[start-action display=Emit structured leaf manifest;id=__self.__run]
2026-10-09T07:59:02.2605870Z ##[group]Run args=(emit --gate "$READINESS_GATE" --group "$READINESS_GROUP" --status "$READINESS_STATUS")
2026-10-09T07:59:02.2606661Z [36;1margs=(emit --gate "$READINESS_GATE" --group "$READINESS_GROUP" --status "$READINESS_STATUS")[0m
2026-10-09T07:59:02.2607249Z [36;1mif [ -n "$READINESS_PLAYWRIGHT_RECEIPTS" ]; then[0m
2026-10-09T07:59:02.2607731Z [36;1m  args+=(--playwright-receipts "$READINESS_PLAYWRIGHT_RECEIPTS")[0m
2026-10-09T07:59:02.2608144Z [36;1mfi[0m
2026-10-09T07:59:02.2608647Z [36;1mif [ -n "$READINESS_PLAYWRIGHT_PLAN" ]; then[0m
2026-10-09T07:59:02.2609077Z [36;1m  args+=(--playwright-plan "$READINESS_PLAYWRIGHT_PLAN")[0m
2026-10-09T07:59:02.2609462Z [36;1mfi[0m
2026-10-09T07:59:02.2609773Z [36;1mIFS=',' read -ra dimensions <<< "$READINESS_DIMENSIONS"[0m
2026-10-09T07:59:02.2610186Z [36;1mfor dimension in "${dimensions[@]}"; do[0m
2026-10-09T07:59:02.2610611Z [36;1m  test -z "$dimension" || args+=(--dimension "$dimension")[0m
2026-10-09T07:59:02.2610975Z [36;1mdone[0m
2026-10-09T07:59:02.2611227Z [36;1mwhile IFS= read -r artifact; do[0m
2026-10-09T07:59:02.2611608Z [36;1m  test -z "$artifact" || args+=(--artifact "$artifact")[0m
2026-10-09T07:59:02.2611982Z [36;1mdone <<< "$READINESS_ARTIFACTS"[0m
2026-10-09T07:59:02.2612341Z [36;1mnode scripts/ci-readiness.mjs "${args[@]}"[0m
2026-10-09T07:59:02.2679767Z shell: /usr/bin/bash --noprofile --norc -e -o pipefail {0}
2026-10-09T07:59:02.2680178Z env:
2026-10-09T07:59:02.2680592Z   PLAYWRIGHT_BROWSERS_PATH: /home/runner/work/FsusUI/FsusUI/.tmp/playwright-browsers
2026-10-09T07:59:02.2681119Z   PNPM_HOME: /home/runner/setup-pnpm/node_modules/.bin
2026-10-09T07:59:02.2682955Z   PATH: /home/runner/work/FsusUI/FsusUI/emsdk-cache/emsdk-main:/home/runner/work/FsusUI/FsusUI/emsdk-cache/emsdk-main/upstream/emscripten:/opt/hostedtoolcache/node/22.23.3/x64/bin:/home/runner/setup-pnpm/node_modules/.bin:/snap/bin:/home/runner/.local/bin:/opt/pipx_bin:/home/runner/.cargo/bin:/home/runner/.config/composer/vendor/bin:/usr/local/.ghcup/bin:/home/runner/.dotnet/tools:/usr/local/sbin:/usr/local/bin:/usr/sbin:/usr/bin:/sbin:/bin:/usr/games:/usr/local/games
2026-10-09T07:59:02.2684812Z   EMSDK: /home/runner/work/FsusUI/FsusUI/emsdk-cache/emsdk-main
2026-10-09T07:59:02.2685705Z   EMSDK_NODE: /home/runner/work/FsusUI/FsusUI/emsdk-cache/emsdk-main/node/22.16.0_64bit/bin/node
2026-10-09T07:59:02.2686251Z   READINESS_GATE: playwright-conformance
2026-10-09T07:59:02.2686572Z   READINESS_GROUP: pr
2026-10-09T07:59:02.2686831Z   READINESS_STATUS: failure
2026-10-09T07:59:02.2687108Z   READINESS_DIMENSIONS: 
2026-10-09T07:59:02.2687376Z   READINESS_ARTIFACTS: 
2026-10-09T07:59:02.2687764Z   READINESS_PLAYWRIGHT_RECEIPTS: .readiness/receipts/playwright-conformance
2026-10-09T07:59:02.2688740Z   READINESS_PLAYWRIGHT_PLAN: .tmp/playwright-impact/receipt.json
2026-10-09T07:59:02.2689129Z ##[endgroup]
2026-10-09T07:59:02.3271635Z file:///home/runner/work/FsusUI/FsusUI/scripts/ci-readiness.mjs:175
2026-10-09T07:59:02.3272544Z       throw new Error(
2026-10-09T07:59:02.3274107Z             ^
2026-10-09T07:59:02.3274493Z 
2026-10-09T07:59:02.3275251Z Error: playwright receipt web-interaction-conformance/chromium status is failure.
2026-10-09T07:59:02.3276408Z     at emitPlaywright (file:///home/runner/work/FsusUI/FsusUI/scripts/ci-readiness.mjs:175:13)
2026-10-09T07:59:02.3277533Z     at file:///home/runner/work/FsusUI/FsusUI/scripts/ci-readiness.mjs:363:5
2026-10-09T07:59:02.3278644Z     at ModuleJob.run (node:internal/modules/esm/module_job:343:25)
2026-10-09T07:59:02.3279602Z     at async onImport.tracePromise.__proto__ (node:internal/modules/esm/loader:681:26)
2026-10-09T07:59:02.3280630Z     at async asyncRunEntryPointWithESMLoader (node:internal/modules/run_main:117:5)
2026-10-09T07:59:02.3281219Z 
2026-10-09T07:59:02.3281390Z Node.js v22.23.3
2026-10-09T07:59:02.3312820Z ##[error]Process completed with exit code 1.
2026-10-09T07:59:02.3325887Z ##[end-action id=__self.__run;outcome=failure;conclusion=failure;duration_ms=74]
2026-10-09T07:59:02.3329196Z ##[start-action display=Upload structured leaf manifest;id=__self.__actions_upload-artifact]
2026-10-09T07:59:02.3369462Z ##[group]Run actions/upload-artifact@v4
2026-10-09T07:59:02.3369783Z with:
2026-10-09T07:59:02.3370103Z   name: readiness-manifest-playwright-conformance-single
2026-10-09T07:59:02.3370507Z   path: .readiness
2026-10-09T07:59:02.3370768Z   include-hidden-files: true
2026-10-09T07:59:02.3371054Z   if-no-files-found: warn
2026-10-09T07:59:02.3371315Z   overwrite: true
2026-10-09T07:59:02.3371549Z   retention-days: 7
2026-10-09T07:59:02.3371794Z   compression-level: 6
2026-10-09T07:59:02.3372039Z env:
2026-10-09T07:59:02.3372412Z   PLAYWRIGHT_BROWSERS_PATH: /home/runner/work/FsusUI/FsusUI/.tmp/playwright-browsers
2026-10-09T07:59:02.3372936Z   PNPM_HOME: /home/runner/setup-pnpm/node_modules/.bin
2026-10-09T07:59:02.3374736Z   PATH: /home/runner/work/FsusUI/FsusUI/emsdk-cache/emsdk-main:/home/runner/work/FsusUI/FsusUI/emsdk-cache/emsdk-main/upstream/emscripten:/opt/hostedtoolcache/node/22.23.3/x64/bin:/home/runner/setup-pnpm/node_modules/.bin:/snap/bin:/home/runner/.local/bin:/opt/pipx_bin:/home/runner/.cargo/bin:/home/runner/.config/composer/vendor/bin:/usr/local/.ghcup/bin:/home/runner/.dotnet/tools:/usr/local/sbin:/usr/local/bin:/usr/sbin:/usr/bin:/sbin:/bin:/usr/games:/usr/local/games
2026-10-09T07:59:02.3376591Z   EMSDK: /home/runner/work/FsusUI/FsusUI/emsdk-cache/emsdk-main
2026-10-09T07:59:02.3377152Z   EMSDK_NODE: /home/runner/work/FsusUI/FsusUI/emsdk-cache/emsdk-main/node/22.16.0_64bit/bin/node
2026-10-09T07:59:02.3377633Z ##[endgroup]
2026-10-09T07:59:02.5182270Z (node:6899) [DEP0040] DeprecationWarning: The `punycode` module is deprecated. Please use a userland alternative instead.
2026-10-09T07:59:02.5183203Z (Use `node --trace-deprecation ...` to show where the warning was created)
2026-10-09T07:59:02.5265673Z With the provided path, there will be 3 files uploaded
2026-10-09T07:59:02.6409208Z Artifact name is valid!
2026-10-09T07:59:02.6429122Z Root directory input is valid!
2026-10-09T07:59:02.8054669Z Beginning upload of artifact content to blob storage
2026-10-09T07:59:02.8328205Z (node:6899) [DEP0169] DeprecationWarning: `url.parse()` behavior is not standardized and prone to errors that have security implications. Use the WHATWG URL API instead. CVEs are not issued for `url.parse()` vulnerabilities.
2026-10-09T07:59:02.8785289Z Uploaded bytes 26871
2026-10-09T07:59:02.8972601Z Finished uploading artifact content to blob storage!
2026-10-09T07:59:02.8973669Z SHA256 digest of uploaded artifact zip is c148f366f6c95c39c0e259b39ffb149a1908dacedb7a1a5fed7358afb31a2f06
2026-10-09T07:59:02.8977352Z Finalizing artifact upload
2026-10-09T07:59:03.1100386Z Artifact readiness-manifest-playwright-conformance-single.zip successfully finalized. Artifact ID 11603110267
2026-10-09T07:59:03.1102049Z Artifact readiness-manifest-playwright-conformance-single has been successfully uploaded! Final size is 26871 bytes. Artifact ID is 11603110267
2026-10-09T07:59:03.1106782Z Artifact download URL: https://github.com/Ozwasyd/FsusUI/actions/runs/37899305543/artifacts/11603110267
2026-10-09T07:59:03.1204336Z ##[end-action id=__self.__actions_upload-artifact;outcome=success;conclusion=success;duration_ms=787]
2026-10-09T07:59:03.1316516Z Post job cleanup.
2026-10-09T07:59:03.2807858Z Pruning is unnecessary.
2026-10-09T07:59:03.3017434Z Post job cleanup.
2026-10-09T07:59:03.3978678Z [command]/usr/bin/git version
2026-10-09T07:59:03.4022375Z git version 2.55.0
2026-10-09T07:59:03.4068100Z Temporarily overriding HOME='/home/runner/work/_temp/7a44fcf5-eb9e-4152-b37b-b81389a163b3' before making global git config changes
2026-10-09T07:59:03.4069922Z Adding repository directory to the temporary git global config as a safe directory
2026-10-09T07:59:03.4074097Z [command]/usr/bin/git config --global --add safe.directory /home/runner/work/FsusUI/FsusUI
2026-10-09T07:59:03.4116946Z [command]/usr/bin/git config --local --name-only --get-regexp core\.sshCommand
2026-10-09T07:59:03.4153014Z [command]/usr/bin/git submodule foreach --recursive sh -c "git config --local --name-only --get-regexp 'core\.sshCommand' && git config --local --unset-all 'core.sshCommand' || :"
2026-10-09T07:59:03.4425311Z [command]/usr/bin/git config --local --name-only --get-regexp http\.https\:\/\/github\.com\/\.extraheader
2026-10-09T07:59:03.4453815Z http.https://github.com/.extraheader
2026-10-09T07:59:03.4465891Z [command]/usr/bin/git config --local --unset-all http.https://github.com/.extraheader
2026-10-09T07:59:03.4502832Z [command]/usr/bin/git submodule foreach --recursive sh -c "git config --local --name-only --get-regexp 'http\.https\:\/\/github\.com\/\.extraheader' && git config --local --unset-all 'http.https://github.com/.extraheader' || :"
2026-10-09T07:59:03.4776846Z [command]/usr/bin/git config --local --name-only --get-regexp ^includeIf\.gitdir:
2026-10-09T07:59:03.4818962Z [command]/usr/bin/git submodule foreach --recursive git config --local --show-origin --name-only --get-regexp remote.origin.url
2026-10-09T07:59:03.5246608Z Cleaning up orphan processes
2026-10-09T07:59:03.5625685Z ##[warning]Node.js 20 is deprecated. The following actions target Node.js 20 but are being forced to run on Node.js 24: actions/cache@v4, actions/checkout@v4, actions/download-artifact@v4, actions/setup-node@v4, actions/upload-artifact@v4, pnpm/action-setup@v4. For more information see: https://github.blog/changelog/2025-09-19-deprecation-of-node-20-on-github-actions-runners/

