2026-10-08T15:12:27.5479545Z Current runner version: '2.337.0'
2026-10-08T15:12:27.5516657Z ##[group]Runner Image Provisioner
2026-10-08T15:12:27.5517235Z Hosted Compute Agent
2026-10-08T15:12:27.5517575Z Version: 20261002.596
2026-10-08T15:12:27.5518046Z Commit: c3d12f3313a95f25162a1503be624f3b0617f8c0
2026-10-08T15:12:27.5518609Z Build Date: 2026-10-02T22:28:27Z
2026-10-08T15:12:27.5519057Z Worker ID: {fddcd030-04e1-4dd1-9771-6592a9072fda}
2026-10-08T15:12:27.5519486Z Region: centralus
2026-10-08T15:12:27.5519822Z Cloud: Azure
2026-10-08T15:12:27.5520213Z ##[endgroup]
2026-10-08T15:12:27.5520999Z ##[group]Operating System
2026-10-08T15:12:27.5521351Z Ubuntu
2026-10-08T15:12:27.5521768Z 24.04.5
2026-10-08T15:12:27.5522076Z LTS
2026-10-08T15:12:27.5522450Z ##[endgroup]
2026-10-08T15:12:27.5522784Z ##[group]Runner Image
2026-10-08T15:12:27.5523149Z Image: ubuntu-24.04
2026-10-08T15:12:27.5523538Z Version: 20261004.327.1
2026-10-08T15:12:27.5524315Z Included Software: https://github.com/actions/runner-images/blob/ubuntu24/20261004.327/images/ubuntu/Ubuntu2404-Readme.md
2026-10-08T15:12:27.5525229Z Image Release: https://github.com/actions/runner-images/releases/tag/ubuntu24%2F20261004.327
2026-10-08T15:12:27.5525776Z ##[endgroup]
2026-10-08T15:12:27.5526536Z ##[group]GITHUB_TOKEN Permissions
2026-10-08T15:12:27.5527683Z Contents: read
2026-10-08T15:12:27.5528088Z Metadata: read
2026-10-08T15:12:27.5528692Z Packages: read
2026-10-08T15:12:27.5529076Z ##[endgroup]
2026-10-08T15:12:27.5530507Z Secret source: Actions
2026-10-08T15:12:27.5531097Z Cache mode: write
2026-10-08T15:12:27.5531534Z Prepare workflow directory
2026-10-08T15:12:27.5955999Z Prepare all required actions
2026-10-08T15:12:27.5992545Z Getting action download info
2026-10-08T15:12:27.8967065Z Download action repository 'actions/checkout@v4' (SHA:11d5960a326750d5838078e36cf38b85af677262)
2026-10-08T15:12:28.0810514Z Download action repository 'pnpm/action-setup@v4' (SHA:b906affcce14559ad1aafd4ab0e942779e9f58b1)
2026-10-08T15:12:28.8520864Z Download action repository 'actions/setup-node@v4' (SHA:49933ea5288caeca8642d1e84afbd3f7d6820020)
2026-10-08T15:12:29.1702563Z Download action repository 'emscripten-core/setup-emsdk@v15' (SHA:667eb33f24e84e7f362c16d8d7fff0629a73e15e)
2026-10-08T15:12:29.6380157Z Download action repository 'actions/cache@v4' (SHA:0057852bfaa89a56745cba8c7296529d2fc39830)
2026-10-08T15:12:29.8976430Z Download action repository 'actions/download-artifact@v4' (SHA:d3f86a106a0bac45b974a628896c90dbdf5c8093)
2026-10-08T15:12:30.9577993Z Download action repository 'actions/upload-artifact@v4' (SHA:ea165f8d65b6e75b540449e92b4886f43607fa02)
2026-10-08T15:12:31.5381122Z Uses: Ozwasyd/FsusUI/.github/workflows/_quality-playwright.yml@refs/pull/861/merge (e36ce622a4a99fa21ab0f85fa2170499c2d3bd70)
2026-10-08T15:12:31.5384028Z ##[group] Inputs
2026-10-08T15:12:31.5384179Z   group: pr
2026-10-08T15:12:31.5384297Z ##[endgroup]
2026-10-08T15:12:31.5384470Z Complete job name: premerge-playwright / playwright-conformance
2026-10-08T15:12:31.5862622Z ##[group]Run actions/checkout@v4
2026-10-08T15:12:31.5862941Z with:
2026-10-08T15:12:31.5863089Z   repository: Ozwasyd/FsusUI
2026-10-08T15:12:31.5864405Z   token: ***
2026-10-08T15:12:31.5864525Z   ssh-strict: true
2026-10-08T15:12:31.5864655Z   ssh-user: git
2026-10-08T15:12:31.5864777Z   persist-credentials: true
2026-10-08T15:12:31.5864909Z   clean: true
2026-10-08T15:12:31.5865038Z   sparse-checkout-cone-mode: true
2026-10-08T15:12:31.5865183Z   fetch-depth: 1
2026-10-08T15:12:31.5865296Z   fetch-tags: false
2026-10-08T15:12:31.5865413Z   show-progress: true
2026-10-08T15:12:31.5865528Z   lfs: false
2026-10-08T15:12:31.5865634Z   submodules: false
2026-10-08T15:12:31.5865753Z   set-safe-directory: true
2026-10-08T15:12:31.5865893Z   allow-unsafe-pr-checkout: false
2026-10-08T15:12:31.5866101Z env:
2026-10-08T15:12:31.5866296Z   PLAYWRIGHT_BROWSERS_PATH: /home/runner/work/FsusUI/FsusUI/.tmp/playwright-browsers
2026-10-08T15:12:31.5866529Z ##[endgroup]
2026-10-08T15:12:31.6603666Z Syncing repository: Ozwasyd/FsusUI
2026-10-08T15:12:31.6605765Z ##[group]Getting Git version info
2026-10-08T15:12:31.6606072Z Working directory is '/home/runner/work/FsusUI/FsusUI'
2026-10-08T15:12:31.6606526Z [command]/usr/bin/git version
2026-10-08T15:12:31.6704718Z git version 2.55.0
2026-10-08T15:12:31.6759000Z ##[endgroup]
2026-10-08T15:12:31.6790170Z Temporarily overriding HOME='/home/runner/work/_temp/a4e8db5f-76ac-4202-8020-2fc5e611acf7' before making global git config changes
2026-10-08T15:12:31.6796360Z Adding repository directory to the temporary git global config as a safe directory
2026-10-08T15:12:31.6820163Z [command]/usr/bin/git config --global --add safe.directory /home/runner/work/FsusUI/FsusUI
2026-10-08T15:12:31.6861144Z Deleting the contents of '/home/runner/work/FsusUI/FsusUI'
2026-10-08T15:12:31.6864979Z ##[group]Initializing the repository
2026-10-08T15:12:31.6868925Z [command]/usr/bin/git init /home/runner/work/FsusUI/FsusUI
2026-10-08T15:12:31.7030473Z hint: Using 'master' as the name for the initial branch. This default branch name
2026-10-08T15:12:31.7032066Z hint: will change to "main" in Git 3.0. To configure the initial branch name
2026-10-08T15:12:31.7032519Z hint: to use in all of your new repositories, which will suppress this warning,
2026-10-08T15:12:31.7033705Z hint: call:
2026-10-08T15:12:31.7033905Z hint:
2026-10-08T15:12:31.7034195Z hint: 	git config --global init.defaultBranch <name>
2026-10-08T15:12:31.7035364Z hint:
2026-10-08T15:12:31.7035627Z hint: Names commonly chosen instead of 'master' are 'main', 'trunk' and
2026-10-08T15:12:31.7036077Z hint: 'development'. The just-created branch can be renamed via this command:
2026-10-08T15:12:31.7036608Z hint:
2026-10-08T15:12:31.7036785Z hint: 	git branch -m <name>
2026-10-08T15:12:31.7037332Z hint:
2026-10-08T15:12:31.7038181Z hint: Disable this message with "git config set advice.defaultBranchName false"
2026-10-08T15:12:31.7060475Z Initialized empty Git repository in /home/runner/work/FsusUI/FsusUI/.git/
2026-10-08T15:12:31.7065694Z [command]/usr/bin/git remote add origin https://github.com/Ozwasyd/FsusUI
2026-10-08T15:12:31.7166601Z ##[endgroup]
2026-10-08T15:12:31.7167092Z ##[group]Disabling automatic garbage collection
2026-10-08T15:12:31.7178887Z [command]/usr/bin/git config --local gc.auto 0
2026-10-08T15:12:31.7258752Z ##[endgroup]
2026-10-08T15:12:31.7259005Z ##[group]Setting up auth
2026-10-08T15:12:31.7272622Z [command]/usr/bin/git config --local --name-only --get-regexp core\.sshCommand
2026-10-08T15:12:31.7326265Z [command]/usr/bin/git submodule foreach --recursive sh -c "git config --local --name-only --get-regexp 'core\.sshCommand' && git config --local --unset-all 'core.sshCommand' || :"
2026-10-08T15:12:31.7641879Z [command]/usr/bin/git config --local --name-only --get-regexp http\.https\:\/\/github\.com\/\.extraheader
2026-10-08T15:12:31.7671582Z [command]/usr/bin/git submodule foreach --recursive sh -c "git config --local --name-only --get-regexp 'http\.https\:\/\/github\.com\/\.extraheader' && git config --local --unset-all 'http.https://github.com/.extraheader' || :"
2026-10-08T15:12:31.7843115Z [command]/usr/bin/git config --local --name-only --get-regexp ^includeIf\.gitdir:
2026-10-08T15:12:31.7872562Z [command]/usr/bin/git submodule foreach --recursive git config --local --show-origin --name-only --get-regexp remote.origin.url
2026-10-08T15:12:31.8046922Z [command]/usr/bin/git config --local http.https://github.com/.extraheader AUTHORIZATION: basic ***
2026-10-08T15:12:31.8082206Z ##[endgroup]
2026-10-08T15:12:31.8082599Z ##[group]Fetching the repository
2026-10-08T15:12:31.8089088Z [command]/usr/bin/git -c protocol.version=2 fetch --no-tags --prune --no-recurse-submodules --depth=1 origin +e36ce622a4a99fa21ab0f85fa2170499c2d3bd70:refs/remotes/pull/861/merge
2026-10-08T15:12:33.0505761Z From https://github.com/Ozwasyd/FsusUI
2026-10-08T15:12:33.0506191Z  * [new ref]         e36ce622a4a99fa21ab0f85fa2170499c2d3bd70 -> pull/861/merge
2026-10-08T15:12:33.0509301Z ##[endgroup]
2026-10-08T15:12:33.0509663Z ##[group]Determining the checkout info
2026-10-08T15:12:33.0511435Z ##[endgroup]
2026-10-08T15:12:33.0517508Z [command]/usr/bin/git sparse-checkout disable
2026-10-08T15:12:33.0568050Z [command]/usr/bin/git config --local --unset-all extensions.worktreeConfig
2026-10-08T15:12:33.0594654Z ##[group]Checking out the ref
2026-10-08T15:12:33.0597875Z [command]/usr/bin/git checkout --progress --force refs/remotes/pull/861/merge
2026-10-08T15:12:33.3322440Z Note: switching to 'refs/remotes/pull/861/merge'.
2026-10-08T15:12:33.3322760Z 
2026-10-08T15:12:33.3322947Z You are in 'detached HEAD' state. You can look around, make experimental
2026-10-08T15:12:33.3323356Z changes and commit them, and you can discard any commits you make in this
2026-10-08T15:12:33.3323759Z state without impacting any branches by switching back to a branch.
2026-10-08T15:12:33.3324074Z 
2026-10-08T15:12:33.3324254Z If you want to create a new branch to retain commits you create, you may
2026-10-08T15:12:33.3324654Z do so (now or later) by using -c with the switch command. Example:
2026-10-08T15:12:33.3324871Z 
2026-10-08T15:12:33.3324966Z   git switch -c <new-branch-name>
2026-10-08T15:12:33.3325115Z 
2026-10-08T15:12:33.3325214Z Or undo this operation with:
2026-10-08T15:12:33.3325344Z 
2026-10-08T15:12:33.3325434Z   git switch -
2026-10-08T15:12:33.3325557Z 
2026-10-08T15:12:33.3325731Z Turn off this advice by setting config variable advice.detachedHead to false
2026-10-08T15:12:33.3325977Z 
2026-10-08T15:12:33.3326255Z HEAD is now at e36ce62 Merge 83036006069be5cfcd09724273d5705d8f848ad0 into b17077f3afd4a80ff3bdc0fe81d5dfc353ffddf2
2026-10-08T15:12:33.3338801Z ##[endgroup]
2026-10-08T15:12:33.3386675Z [command]/usr/bin/git log -1 --format=%H
2026-10-08T15:12:33.3410904Z e36ce622a4a99fa21ab0f85fa2170499c2d3bd70
2026-10-08T15:12:33.3586311Z ##[group]Run pnpm/action-setup@v4
2026-10-08T15:12:33.3586479Z with:
2026-10-08T15:12:33.3586593Z   version: 10.33.0
2026-10-08T15:12:33.3586707Z   dest: ~/setup-pnpm
2026-10-08T15:12:33.3586823Z   run_install: null
2026-10-08T15:12:33.3586935Z   cache: false
2026-10-08T15:12:33.3587069Z   cache_dependency_path: pnpm-lock.yaml
2026-10-08T15:12:33.3587260Z   package_json_file: package.json
2026-10-08T15:12:33.3587399Z   standalone: false
2026-10-08T15:12:33.3587510Z env:
2026-10-08T15:12:33.3587697Z   PLAYWRIGHT_BROWSERS_PATH: /home/runner/work/FsusUI/FsusUI/.tmp/playwright-browsers
2026-10-08T15:12:33.3587918Z ##[endgroup]
2026-10-08T15:12:33.4474021Z ##[group]Running self-installer...
2026-10-08T15:12:33.7006127Z (node:2125) [DEP0169] DeprecationWarning: `url.parse()` behavior is not standardized and prone to errors that have security implications. Use the WHATWG URL API instead. CVEs are not issued for `url.parse()` vulnerabilities.
2026-10-08T15:12:33.7007110Z (Use `node --trace-deprecation ...` to show where the warning was created)
2026-10-08T15:12:33.9065010Z Progress: resolved 1, reused 0, downloaded 0, added 0
2026-10-08T15:12:34.1559053Z 
2026-10-08T15:12:34.1559909Z dependencies:
2026-10-08T15:12:34.1560212Z + pnpm 10.33.0
2026-10-08T15:12:34.1560328Z 
2026-10-08T15:12:34.1650009Z Packages: +1
2026-10-08T15:12:34.1682015Z +
2026-10-08T15:12:34.2091391Z Progress: resolved 1, reused 0, downloaded 1, added 1, done
2026-10-08T15:12:34.2514539Z Done in 688ms
2026-10-08T15:12:34.2663781Z ##[endgroup]
2026-10-08T15:12:34.2664053Z Installation Completed!
2026-10-08T15:12:34.2806518Z ##[group]Run actions/setup-node@v4
2026-10-08T15:12:34.2806673Z with:
2026-10-08T15:12:34.2806780Z   node-version: 22
2026-10-08T15:12:34.2806892Z   cache: pnpm
2026-10-08T15:12:34.2807018Z   cache-dependency-path: pnpm-lock.yaml
2026-10-08T15:12:34.2807167Z   always-auth: false
2026-10-08T15:12:34.2807286Z   check-latest: false
2026-10-08T15:12:34.2808848Z   token: ***
2026-10-08T15:12:34.2808958Z env:
2026-10-08T15:12:34.2809146Z   PLAYWRIGHT_BROWSERS_PATH: /home/runner/work/FsusUI/FsusUI/.tmp/playwright-browsers
2026-10-08T15:12:34.2809435Z   PNPM_HOME: /home/runner/setup-pnpm/node_modules/.bin
2026-10-08T15:12:34.2809602Z ##[endgroup]
2026-10-08T15:12:34.3739881Z Found in cache @ /opt/hostedtoolcache/node/22.23.3/x64
2026-10-08T15:12:34.3742380Z (node:2138) [DEP0040] DeprecationWarning: The `punycode` module is deprecated. Please use a userland alternative instead.
2026-10-08T15:12:34.3742801Z (Use `node --trace-deprecation ...` to show where the warning was created)
2026-10-08T15:12:34.3744948Z ##[group]Environment details
2026-10-08T15:12:34.6750481Z node: v22.23.3
2026-10-08T15:12:34.6750718Z npm: 10.9.9
2026-10-08T15:12:34.6750862Z yarn: 1.22.22
2026-10-08T15:12:34.6751343Z ##[endgroup]
2026-10-08T15:12:34.6763515Z [command]/home/runner/setup-pnpm/node_modules/.bin/pnpm store path --silent
2026-10-08T15:12:34.9080243Z /home/runner/setup-pnpm/node_modules/.bin/store/v10
2026-10-08T15:12:35.0897258Z Cache hit for: node-cache-Linux-x64-pnpm-6488f186c6e4d670f8d817ffdc3198dfda2e2a93c1c69fad45acdcee91a9fe09
2026-10-08T15:12:35.0989946Z (node:2138) [DEP0169] DeprecationWarning: `url.parse()` behavior is not standardized and prone to errors that have security implications. Use the WHATWG URL API instead. CVEs are not issued for `url.parse()` vulnerabilities.
2026-10-08T15:12:36.2377536Z Received 125829120 of 222137478 (56.6%), 120.0 MBs/sec
2026-10-08T15:12:36.7896694Z Received 222137478 of 222137478 (100.0%), 136.5 MBs/sec
2026-10-08T15:12:36.7947084Z Cache Size: ~212 MB (222137478 B)
2026-10-08T15:12:36.7994166Z [command]/usr/bin/tar -xf /home/runner/work/_temp/68e32b29-b12d-4d5d-9ef1-b2b9fa677fff/cache.tzst -P -C /home/runner/work/FsusUI/FsusUI --use-compress-program unzstd
2026-10-08T15:12:38.3134780Z Cache restored successfully
2026-10-08T15:12:38.3229775Z Cache restored from key: node-cache-Linux-x64-pnpm-6488f186c6e4d670f8d817ffdc3198dfda2e2a93c1c69fad45acdcee91a9fe09
2026-10-08T15:12:38.3504335Z ##[group]Run emscripten-core/setup-emsdk@v15
2026-10-08T15:12:38.3504517Z with:
2026-10-08T15:12:38.3504627Z   version: 5.0.4
2026-10-08T15:12:38.3504756Z   actions-cache-folder: emsdk-cache
2026-10-08T15:12:38.3504911Z   no-install: false
2026-10-08T15:12:38.3505028Z   no-cache: false
2026-10-08T15:12:38.3505160Z   update: false
2026-10-08T15:12:38.3505274Z   update-tags: false
2026-10-08T15:12:38.3505390Z env:
2026-10-08T15:12:38.3505579Z   PLAYWRIGHT_BROWSERS_PATH: /home/runner/work/FsusUI/FsusUI/.tmp/playwright-browsers
2026-10-08T15:12:38.3505834Z   PNPM_HOME: /home/runner/setup-pnpm/node_modules/.bin
2026-10-08T15:12:38.3506000Z ##[endgroup]
2026-10-08T15:12:38.5754926Z Cache hit for: Quality Gates-5.0.4-linux-x64
2026-10-08T15:12:39.7231237Z Received 130023424 of 531478605 (24.5%), 124.0 MBs/sec
2026-10-08T15:12:40.7200769Z Received 268435456 of 531478605 (50.5%), 128.0 MBs/sec
2026-10-08T15:12:41.7211249Z Received 482344960 of 531478605 (90.8%), 153.3 MBs/sec
2026-10-08T15:12:41.9366567Z Received 531478605 of 531478605 (100.0%), 157.6 MBs/sec
2026-10-08T15:12:41.9367716Z Cache Size: ~507 MB (531478605 B)
2026-10-08T15:12:41.9409281Z [command]/usr/bin/tar -xf /home/runner/work/_temp/8714768d-3e7d-43da-8d81-6af6587ffaa4/cache.tzst -P -C /home/runner/work/FsusUI/FsusUI --use-compress-program unzstd
2026-10-08T15:12:50.0281955Z Cache restored successfully
2026-10-08T15:12:50.0509995Z [command]/home/runner/work/FsusUI/FsusUI/emsdk-cache/emsdk-main/emsdk activate 5.0.4
2026-10-08T15:12:50.1302373Z Resolving SDK version '5.0.4' to 'sdk-releases-54d45123d7ad4aa96ce57e74a1f3f9d1c54e6402-64bit'
2026-10-08T15:12:50.1302772Z Setting the following tools as active:
2026-10-08T15:12:50.1302965Z    node-22.16.0-64bit
2026-10-08T15:12:50.1303170Z    releases-54d45123d7ad4aa96ce57e74a1f3f9d1c54e6402-64bit
2026-10-08T15:12:50.1303318Z 
2026-10-08T15:12:50.1303377Z Next steps:
2026-10-08T15:12:50.1303574Z - To conveniently access emsdk tools from the command line,
2026-10-08T15:12:50.1303892Z   consider adding the following directories to your PATH:
2026-10-08T15:12:50.1304133Z     /home/runner/work/FsusUI/FsusUI/emsdk-cache/emsdk-main
2026-10-08T15:12:50.1304411Z     /home/runner/work/FsusUI/FsusUI/emsdk-cache/emsdk-main/upstream/emscripten
2026-10-08T15:12:50.1304688Z - This can be done for the current shell by running:
2026-10-08T15:12:50.1305234Z     source "/home/runner/work/FsusUI/FsusUI/emsdk-cache/emsdk-main/emsdk_env.sh"
2026-10-08T15:12:50.1305526Z - Configure emsdk in your shell startup scripts by running:
2026-10-08T15:12:50.1305869Z     echo 'source "/home/runner/work/FsusUI/FsusUI/emsdk-cache/emsdk-main/emsdk_env.sh"' >> $HOME/.bash_profile
2026-10-08T15:12:50.1383184Z [command]/home/runner/work/FsusUI/FsusUI/emsdk-cache/emsdk-main/emsdk construct_env
2026-10-08T15:12:50.2167641Z Setting up EMSDK environment (suppress these messages with EMSDK_QUIET=1)
2026-10-08T15:12:50.2168073Z Adding directories to PATH:
2026-10-08T15:12:50.2168612Z PATH += /home/runner/work/FsusUI/FsusUI/emsdk-cache/emsdk-main
2026-10-08T15:12:50.2169293Z PATH += /home/runner/work/FsusUI/FsusUI/emsdk-cache/emsdk-main/upstream/emscripten
2026-10-08T15:12:50.2169577Z 
2026-10-08T15:12:50.2174112Z Setting environment variables:
2026-10-08T15:12:50.2176213Z PATH = /home/runner/work/FsusUI/FsusUI/emsdk-cache/emsdk-main:/home/runner/work/FsusUI/FsusUI/emsdk-cache/emsdk-main/upstream/emscripten:/opt/hostedtoolcache/node/22.23.3/x64/bin:/home/runner/setup-pnpm/node_modules/.bin:/snap/bin:/home/runner/.local/bin:/opt/pipx_bin:/home/runner/.cargo/bin:/home/runner/.config/composer/vendor/bin:/usr/local/.ghcup/bin:/home/runner/.dotnet/tools:/usr/local/sbin:/usr/local/bin:/usr/sbin:/usr/bin:/sbin:/bin:/usr/games:/usr/local/games
2026-10-08T15:12:50.2178177Z EMSDK = /home/runner/work/FsusUI/FsusUI/emsdk-cache/emsdk-main
2026-10-08T15:12:50.2179263Z EMSDK_NODE = /home/runner/work/FsusUI/FsusUI/emsdk-cache/emsdk-main/node/22.16.0_64bit/bin/node
2026-10-08T15:12:50.2181026Z export PATH="/home/runner/work/FsusUI/FsusUI/emsdk-cache/emsdk-main:/home/runner/work/FsusUI/FsusUI/emsdk-cache/emsdk-main/upstream/emscripten:/opt/hostedtoolcache/node/22.23.3/x64/bin:/home/runner/setup-pnpm/node_modules/.bin:/snap/bin:/home/runner/.local/bin:/opt/pipx_bin:/home/runner/.cargo/bin:/home/runner/.config/composer/vendor/bin:/usr/local/.ghcup/bin:/home/runner/.dotnet/tools:/usr/local/sbin:/usr/local/bin:/usr/sbin:/usr/bin:/sbin:/bin:/usr/games:/usr/local/games";
2026-10-08T15:12:50.2182267Z export EMSDK="/home/runner/work/FsusUI/FsusUI/emsdk-cache/emsdk-main";
2026-10-08T15:12:50.2182949Z export EMSDK_NODE="/home/runner/work/FsusUI/FsusUI/emsdk-cache/emsdk-main/node/22.16.0_64bit/bin/node";
2026-10-08T15:12:50.2479509Z ##[group]Run pnpm install --frozen-lockfile
2026-10-08T15:12:50.2479785Z [36;1mpnpm install --frozen-lockfile[0m
2026-10-08T15:12:50.3011455Z shell: /usr/bin/bash -e {0}
2026-10-08T15:12:50.3011649Z env:
2026-10-08T15:12:50.3011872Z   PLAYWRIGHT_BROWSERS_PATH: /home/runner/work/FsusUI/FsusUI/.tmp/playwright-browsers
2026-10-08T15:12:50.3012142Z   PNPM_HOME: /home/runner/setup-pnpm/node_modules/.bin
2026-10-08T15:12:50.3013066Z   PATH: /home/runner/work/FsusUI/FsusUI/emsdk-cache/emsdk-main:/home/runner/work/FsusUI/FsusUI/emsdk-cache/emsdk-main/upstream/emscripten:/opt/hostedtoolcache/node/22.23.3/x64/bin:/home/runner/setup-pnpm/node_modules/.bin:/snap/bin:/home/runner/.local/bin:/opt/pipx_bin:/home/runner/.cargo/bin:/home/runner/.config/composer/vendor/bin:/usr/local/.ghcup/bin:/home/runner/.dotnet/tools:/usr/local/sbin:/usr/local/bin:/usr/sbin:/usr/bin:/sbin:/bin:/usr/games:/usr/local/games
2026-10-08T15:12:50.3014092Z   EMSDK: /home/runner/work/FsusUI/FsusUI/emsdk-cache/emsdk-main
2026-10-08T15:12:50.3014380Z   EMSDK_NODE: /home/runner/work/FsusUI/FsusUI/emsdk-cache/emsdk-main/node/22.16.0_64bit/bin/node
2026-10-08T15:12:50.3014631Z ##[endgroup]
2026-10-08T15:12:50.5000384Z Scope: all 20 workspace projects
2026-10-08T15:12:50.5540294Z Lockfile is up to date, resolution step is skipped
2026-10-08T15:12:50.7669249Z Packages: +1697
2026-10-08T15:12:50.7669838Z ++++++++++++++++++++++++++++++++++++++++++++++++++++++++++++++++++++++++++++++++
2026-10-08T15:12:50.7699318Z Progress: resolved 0, reused 1, downloaded 0, added 0
2026-10-08T15:12:51.7714771Z Progress: resolved 0, reused 1547, downloaded 0, added 780
2026-10-08T15:12:52.7471067Z Progress: resolved 0, reused 1547, downloaded 0, added 1697, done
2026-10-08T15:12:53.0748895Z 
2026-10-08T15:12:53.0749549Z dependencies:
2026-10-08T15:12:53.0750021Z + @element-plus/components 0.0.5 <- vue/packages/components
2026-10-08T15:12:53.0750454Z + @element-plus/constants <- vue/packages/constants
2026-10-08T15:12:53.0750893Z + @element-plus/directives 0.0.5 <- vue/packages/directives
2026-10-08T15:12:53.0751281Z + @element-plus/hooks 0.0.5 <- vue/packages/hooks
2026-10-08T15:12:53.0751661Z + @element-plus/icons-vue 2.3.2 <- vue/packages/icons-vue
2026-10-08T15:12:53.0752020Z + @element-plus/locale 0.0.5 <- vue/packages/locale
2026-10-08T15:12:53.0752398Z + @element-plus/test-utils 0.0.5 <- vue/packages/test-utils
2026-10-08T15:12:53.0752824Z + @element-plus/theme-chalk 0.1.0 <- vue/packages/theme-chalk
2026-10-08T15:12:53.0753047Z + @element-plus/utils <- vue/packages/utils
2026-10-08T15:12:53.0753256Z + @element-plus/wasm 1.0.0 <- vue/packages/wasm
2026-10-08T15:12:53.0753373Z 
2026-10-08T15:12:53.0753434Z devDependencies:
2026-10-08T15:12:53.0753619Z + @element-plus/build 0.0.1 <- vue/internal/build
2026-10-08T15:12:53.0753853Z + @element-plus/build-utils 0.0.1 <- vue/internal/build-utils
2026-10-08T15:12:53.0754122Z + @element-plus/eslint-config 0.0.1 <- vue/internal/eslint-config
2026-10-08T15:12:53.0754382Z + @element-plus/icons-svg 2.3.2 <- vue/packages/icons-svg
2026-10-08T15:12:53.0754509Z 
2026-10-08T15:12:53.2190244Z . postinstall$ pnpm stub
2026-10-08T15:12:53.3918456Z . postinstall: > @ stub /home/runner/work/FsusUI/FsusUI
2026-10-08T15:12:53.3920699Z . postinstall: > node ./scripts/with-node-heap.mjs pnpm run -r --parallel stub
2026-10-08T15:12:53.7279733Z . postinstall: Scope: 19 of 20 workspace projects
2026-10-08T15:12:53.7281072Z . postinstall: vue/internal/build stub$ unbuild --stub
2026-10-08T15:12:53.7303410Z . postinstall: vue/internal/build-constants stub$ node ../../../scripts/with-node-heap.mjs unbuild --stub
2026-10-08T15:12:53.7308127Z . postinstall: vue/internal/build-utils stub$ node ../../../scripts/with-node-heap.mjs unbuild --stub
2026-10-08T15:12:53.7309092Z . postinstall: vue/packages/wasm stub$ node ../../../scripts/with-node-heap.mjs unbuild --stub
2026-10-08T15:12:54.6240029Z . postinstall: vue/internal/build stub: Browserslist: browsers data (caniuse-lite) is 7 months old. Please run:
2026-10-08T15:12:54.6270063Z . postinstall: vue/internal/build stub:   npx update-browserslist-db@latest
2026-10-08T15:12:54.6299606Z . postinstall: vue/internal/build stub:   Why you should do it regularly: https://github.com/browserslist/update-db#readme
2026-10-08T15:12:54.6324583Z . postinstall: vue/packages/wasm stub: Browserslist: browsers data (caniuse-lite) is 7 months old. Please run:
2026-10-08T15:12:54.6354658Z . postinstall: vue/packages/wasm stub:   npx update-browserslist-db@latest
2026-10-08T15:12:54.6379382Z . postinstall: vue/packages/wasm stub:   Why you should do it regularly: https://github.com/browserslist/update-db#readme
2026-10-08T15:12:54.6880259Z . postinstall: vue/internal/build-constants stub: Browserslist: browsers data (caniuse-lite) is 7 months old. Please run:
2026-10-08T15:12:54.6899811Z . postinstall: vue/internal/build-constants stub:   npx update-browserslist-db@latest
2026-10-08T15:12:54.6909581Z . postinstall: vue/internal/build-constants stub:   Why you should do it regularly: https://github.com/browserslist/update-db#readme
2026-10-08T15:12:54.6963773Z . postinstall: vue/internal/build-utils stub: Browserslist: browsers data (caniuse-lite) is 7 months old. Please run:
2026-10-08T15:12:54.6989655Z . postinstall: vue/internal/build-utils stub:   npx update-browserslist-db@latest
2026-10-08T15:12:54.7019663Z . postinstall: vue/internal/build-utils stub:   Why you should do it regularly: https://github.com/browserslist/update-db#readme
2026-10-08T15:12:55.0000126Z . postinstall: vue/packages/wasm stub: [info] [36mStubbing wasm[39m
2026-10-08T15:12:55.0493462Z . postinstall: vue/internal/build-constants stub: [info] [36mStubbing build-constants[39m
2026-10-08T15:12:55.0494877Z . postinstall: vue/internal/build-constants stub: [info] Cleaning dist directory: `./dist`
2026-10-08T15:12:55.0943932Z . postinstall: vue/internal/build stub: [info] [36mStubbing build[39m
2026-10-08T15:12:55.0967546Z . postinstall: vue/internal/build stub: [info] Cleaning dist directory: `./dist`
2026-10-08T15:12:55.1216936Z . postinstall: vue/internal/build-utils stub: [info] [36mStubbing build-utils[39m
2026-10-08T15:12:55.1250505Z . postinstall: vue/internal/build-utils stub: [info] Cleaning dist directory: `./dist`
2026-10-08T15:12:55.1455123Z . postinstall: vue/internal/build-constants stub: Done
2026-10-08T15:12:55.1806617Z . postinstall: vue/packages/wasm stub: Done
2026-10-08T15:12:55.2111243Z . postinstall: vue/internal/build stub: Done
2026-10-08T15:12:55.2122752Z . postinstall: vue/internal/build-utils stub: Done
2026-10-08T15:12:55.2358762Z . postinstall: Done
2026-10-08T15:12:55.2363176Z . prepare$ husky
2026-10-08T15:12:55.2701502Z . prepare: Done
2026-10-08T15:12:55.2725375Z ╭ Warning ─────────────────────────────────────────────────────────────────────╮
2026-10-08T15:12:55.2726211Z │                                                                              │
2026-10-08T15:12:55.2726956Z │   Ignored build scripts: @parcel/watcher@2.5.6, esbuild@0.18.20,             │
2026-10-08T15:12:55.2727734Z │   esbuild@0.25.12, esbuild@0.27.7, esbuild@0.28.0.                           │
2026-10-08T15:12:55.2728647Z │   Run "pnpm approve-builds" to pick which dependencies should be allowed     │
2026-10-08T15:12:55.2729319Z │   to run scripts.                                                            │
2026-10-08T15:12:55.2729916Z │                                                                              │
2026-10-08T15:12:55.2730549Z ╰──────────────────────────────────────────────────────────────────────────────╯
2026-10-08T15:12:55.2934459Z Done in 4.9s using pnpm v10.33.0
2026-10-08T15:12:55.3664617Z ##[group]Run actions/cache@v4
2026-10-08T15:12:55.3664789Z with:
2026-10-08T15:12:55.3664917Z   path: .tmp/playwright-browsers
2026-10-08T15:12:55.3665241Z   key: Linux-playwright-browsers-791f9120f08141036bec66ee7f70abb878a23c771f035a63e9b5dd6b3f153594
2026-10-08T15:12:55.3665539Z   enableCrossOsArchive: false
2026-10-08T15:12:55.3665688Z   fail-on-cache-miss: false
2026-10-08T15:12:55.3665833Z   lookup-only: false
2026-10-08T15:12:55.3665961Z   save-always: false
2026-10-08T15:12:55.3666082Z env:
2026-10-08T15:12:55.3666283Z   PLAYWRIGHT_BROWSERS_PATH: /home/runner/work/FsusUI/FsusUI/.tmp/playwright-browsers
2026-10-08T15:12:55.3666547Z   PNPM_HOME: /home/runner/setup-pnpm/node_modules/.bin
2026-10-08T15:12:55.3667493Z   PATH: /home/runner/work/FsusUI/FsusUI/emsdk-cache/emsdk-main:/home/runner/work/FsusUI/FsusUI/emsdk-cache/emsdk-main/upstream/emscripten:/opt/hostedtoolcache/node/22.23.3/x64/bin:/home/runner/setup-pnpm/node_modules/.bin:/snap/bin:/home/runner/.local/bin:/opt/pipx_bin:/home/runner/.cargo/bin:/home/runner/.config/composer/vendor/bin:/usr/local/.ghcup/bin:/home/runner/.dotnet/tools:/usr/local/sbin:/usr/local/bin:/usr/sbin:/usr/bin:/sbin:/bin:/usr/games:/usr/local/games
2026-10-08T15:12:55.3668612Z   EMSDK: /home/runner/work/FsusUI/FsusUI/emsdk-cache/emsdk-main
2026-10-08T15:12:55.3668904Z   EMSDK_NODE: /home/runner/work/FsusUI/FsusUI/emsdk-cache/emsdk-main/node/22.16.0_64bit/bin/node
2026-10-08T15:12:55.3669154Z ##[endgroup]
2026-10-08T15:12:55.4407276Z (node:2352) [DEP0040] DeprecationWarning: The `punycode` module is deprecated. Please use a userland alternative instead.
2026-10-08T15:12:55.4407995Z (Use `node --trace-deprecation ...` to show where the warning was created)
2026-10-08T15:12:55.6004964Z Cache hit for: Linux-playwright-browsers-791f9120f08141036bec66ee7f70abb878a23c771f035a63e9b5dd6b3f153594
2026-10-08T15:12:55.6090137Z (node:2352) [DEP0169] DeprecationWarning: `url.parse()` behavior is not standardized and prone to errors that have security implications. Use the WHATWG URL API instead. CVEs are not issued for `url.parse()` vulnerabilities.
2026-10-08T15:12:56.8009772Z Received 109051904 of 465349576 (23.4%), 103.2 MBs/sec
2026-10-08T15:12:57.8023042Z Received 243269632 of 465349576 (52.3%), 115.5 MBs/sec
2026-10-08T15:12:58.7992366Z Received 406847488 of 465349576 (87.4%), 129.0 MBs/sec
2026-10-08T15:12:59.0608716Z Received 465349576 of 465349576 (100.0%), 135.7 MBs/sec
2026-10-08T15:12:59.0609636Z Cache Size: ~444 MB (465349576 B)
2026-10-08T15:12:59.0693802Z [command]/usr/bin/tar -xf /home/runner/work/_temp/a797b5a9-5078-4bf7-adef-d573663b4689/cache.tzst -P -C /home/runner/work/FsusUI/FsusUI --use-compress-program unzstd
2026-10-08T15:13:01.3731458Z Cache restored successfully
2026-10-08T15:13:01.3977393Z Cache restored from key: Linux-playwright-browsers-791f9120f08141036bec66ee7f70abb878a23c771f035a63e9b5dd6b3f153594
2026-10-08T15:13:01.7058887Z ##[group]Run actions/cache@v4
2026-10-08T15:13:01.7059067Z with:
2026-10-08T15:13:01.7059198Z   path: vue/packages/icons-vue/dist
2026-10-08T15:13:01.7059518Z   key: Linux-fsusui-test-artifacts-icons-ca973adedbfae2d959cd5814052293a2707667114d5eeda9610a68f1fe53e468
2026-10-08T15:13:01.7059860Z   enableCrossOsArchive: false
2026-10-08T15:13:01.7060014Z   fail-on-cache-miss: false
2026-10-08T15:13:01.7060160Z   lookup-only: false
2026-10-08T15:13:01.7060287Z   save-always: false
2026-10-08T15:13:01.7060409Z env:
2026-10-08T15:13:01.7060607Z   PLAYWRIGHT_BROWSERS_PATH: /home/runner/work/FsusUI/FsusUI/.tmp/playwright-browsers
2026-10-08T15:13:01.7060873Z   PNPM_HOME: /home/runner/setup-pnpm/node_modules/.bin
2026-10-08T15:13:01.7061824Z   PATH: /home/runner/work/FsusUI/FsusUI/emsdk-cache/emsdk-main:/home/runner/work/FsusUI/FsusUI/emsdk-cache/emsdk-main/upstream/emscripten:/opt/hostedtoolcache/node/22.23.3/x64/bin:/home/runner/setup-pnpm/node_modules/.bin:/snap/bin:/home/runner/.local/bin:/opt/pipx_bin:/home/runner/.cargo/bin:/home/runner/.config/composer/vendor/bin:/usr/local/.ghcup/bin:/home/runner/.dotnet/tools:/usr/local/sbin:/usr/local/bin:/usr/sbin:/usr/bin:/sbin:/bin:/usr/games:/usr/local/games
2026-10-08T15:13:01.7062751Z   EMSDK: /home/runner/work/FsusUI/FsusUI/emsdk-cache/emsdk-main
2026-10-08T15:13:01.7063045Z   EMSDK_NODE: /home/runner/work/FsusUI/FsusUI/emsdk-cache/emsdk-main/node/22.16.0_64bit/bin/node
2026-10-08T15:13:01.7063292Z ##[endgroup]
2026-10-08T15:13:01.7779387Z (node:2381) [DEP0040] DeprecationWarning: The `punycode` module is deprecated. Please use a userland alternative instead.
2026-10-08T15:13:01.7780070Z (Use `node --trace-deprecation ...` to show where the warning was created)
2026-10-08T15:13:01.9293642Z Cache hit for: Linux-fsusui-test-artifacts-icons-ca973adedbfae2d959cd5814052293a2707667114d5eeda9610a68f1fe53e468
2026-10-08T15:13:01.9359559Z (node:2381) [DEP0169] DeprecationWarning: `url.parse()` behavior is not standardized and prone to errors that have security implications. Use the WHATWG URL API instead. CVEs are not issued for `url.parse()` vulnerabilities.
2026-10-08T15:13:02.2039732Z Received 103792 of 103792 (100.0%), 1.0 MBs/sec
2026-10-08T15:13:02.2040004Z Cache Size: ~0 MB (103792 B)
2026-10-08T15:13:02.2057293Z [command]/usr/bin/tar -xf /home/runner/work/_temp/15b016d5-7fc4-499a-ae4d-4f157b0a9b24/cache.tzst -P -C /home/runner/work/FsusUI/FsusUI --use-compress-program unzstd
2026-10-08T15:13:02.2207653Z Cache restored successfully
2026-10-08T15:13:02.2256247Z Cache restored from key: Linux-fsusui-test-artifacts-icons-ca973adedbfae2d959cd5814052293a2707667114d5eeda9610a68f1fe53e468
2026-10-08T15:13:02.3566414Z ##[group]Run actions/cache@v4
2026-10-08T15:13:02.3566680Z with:
2026-10-08T15:13:02.3566875Z   path: vue/packages/wasm/dist
2026-10-08T15:13:02.3567351Z   key: Linux-fsusui-test-artifacts-wasm-bb3f82e823bb57bd28bd3015042d8ee3cc0ccfd58ccc5ff2f93a2fd4eb7d2733
2026-10-08T15:13:02.3567856Z   enableCrossOsArchive: false
2026-10-08T15:13:02.3568101Z   fail-on-cache-miss: false
2026-10-08T15:13:02.3568484Z   lookup-only: false
2026-10-08T15:13:02.3568687Z   save-always: false
2026-10-08T15:13:02.3568885Z env:
2026-10-08T15:13:02.3569193Z   PLAYWRIGHT_BROWSERS_PATH: /home/runner/work/FsusUI/FsusUI/.tmp/playwright-browsers
2026-10-08T15:13:02.3569839Z   PNPM_HOME: /home/runner/setup-pnpm/node_modules/.bin
2026-10-08T15:13:02.3571414Z   PATH: /home/runner/work/FsusUI/FsusUI/emsdk-cache/emsdk-main:/home/runner/work/FsusUI/FsusUI/emsdk-cache/emsdk-main/upstream/emscripten:/opt/hostedtoolcache/node/22.23.3/x64/bin:/home/runner/setup-pnpm/node_modules/.bin:/snap/bin:/home/runner/.local/bin:/opt/pipx_bin:/home/runner/.cargo/bin:/home/runner/.config/composer/vendor/bin:/usr/local/.ghcup/bin:/home/runner/.dotnet/tools:/usr/local/sbin:/usr/local/bin:/usr/sbin:/usr/bin:/sbin:/bin:/usr/games:/usr/local/games
2026-10-08T15:13:02.3573011Z   EMSDK: /home/runner/work/FsusUI/FsusUI/emsdk-cache/emsdk-main
2026-10-08T15:13:02.3573480Z   EMSDK_NODE: /home/runner/work/FsusUI/FsusUI/emsdk-cache/emsdk-main/node/22.16.0_64bit/bin/node
2026-10-08T15:13:02.3573876Z ##[endgroup]
2026-10-08T15:13:02.4326181Z (node:2409) [DEP0040] DeprecationWarning: The `punycode` module is deprecated. Please use a userland alternative instead.
2026-10-08T15:13:02.4326660Z (Use `node --trace-deprecation ...` to show where the warning was created)
2026-10-08T15:13:02.6087021Z Cache hit for: Linux-fsusui-test-artifacts-wasm-bb3f82e823bb57bd28bd3015042d8ee3cc0ccfd58ccc5ff2f93a2fd4eb7d2733
2026-10-08T15:13:02.6153698Z (node:2409) [DEP0169] DeprecationWarning: `url.parse()` behavior is not standardized and prone to errors that have security implications. Use the WHATWG URL API instead. CVEs are not issued for `url.parse()` vulnerabilities.
2026-10-08T15:13:02.8371430Z Received 3256 of 3256 (100.0%), 0.1 MBs/sec
2026-10-08T15:13:02.8371774Z Cache Size: ~0 MB (3256 B)
2026-10-08T15:13:02.8388629Z [command]/usr/bin/tar -xf /home/runner/work/_temp/640269fb-f92b-4e98-b11e-765ce0bb9477/cache.tzst -P -C /home/runner/work/FsusUI/FsusUI --use-compress-program unzstd
2026-10-08T15:13:02.8429603Z Cache restored successfully
2026-10-08T15:13:02.8479563Z Cache restored from key: Linux-fsusui-test-artifacts-wasm-bb3f82e823bb57bd28bd3015042d8ee3cc0ccfd58ccc5ff2f93a2fd4eb7d2733
2026-10-08T15:13:02.8603713Z ##[group]Run pnpm exec playwright install --with-deps chromium
2026-10-08T15:13:02.8604154Z [36;1mpnpm exec playwright install --with-deps chromium[0m
2026-10-08T15:13:02.8661097Z shell: /usr/bin/bash -e {0}
2026-10-08T15:13:02.8661263Z env:
2026-10-08T15:13:02.8661477Z   PLAYWRIGHT_BROWSERS_PATH: /home/runner/work/FsusUI/FsusUI/.tmp/playwright-browsers
2026-10-08T15:13:02.8661758Z   PNPM_HOME: /home/runner/setup-pnpm/node_modules/.bin
2026-10-08T15:13:02.8662676Z   PATH: /home/runner/work/FsusUI/FsusUI/emsdk-cache/emsdk-main:/home/runner/work/FsusUI/FsusUI/emsdk-cache/emsdk-main/upstream/emscripten:/opt/hostedtoolcache/node/22.23.3/x64/bin:/home/runner/setup-pnpm/node_modules/.bin:/snap/bin:/home/runner/.local/bin:/opt/pipx_bin:/home/runner/.cargo/bin:/home/runner/.config/composer/vendor/bin:/usr/local/.ghcup/bin:/home/runner/.dotnet/tools:/usr/local/sbin:/usr/local/bin:/usr/sbin:/usr/bin:/sbin:/bin:/usr/games:/usr/local/games
2026-10-08T15:13:02.8663742Z   EMSDK: /home/runner/work/FsusUI/FsusUI/emsdk-cache/emsdk-main
2026-10-08T15:13:02.8664052Z   EMSDK_NODE: /home/runner/work/FsusUI/FsusUI/emsdk-cache/emsdk-main/node/22.16.0_64bit/bin/node
2026-10-08T15:13:02.8664302Z ##[endgroup]
2026-10-08T15:13:03.2010347Z Installing dependencies...
2026-10-08T15:13:03.2065709Z Switching to root user to install dependencies...
2026-10-08T15:13:03.2682095Z Get:1 file:/etc/apt/apt-mirrors.txt Mirrorlist [144 B]
2026-10-08T15:13:03.3067892Z Hit:2 http://azure.archive.ubuntu.com/ubuntu noble InRelease
2026-10-08T15:13:03.3086141Z Get:3 http://azure.archive.ubuntu.com/ubuntu noble-updates InRelease [126 kB]
2026-10-08T15:13:03.3200538Z Get:6 https://packages.microsoft.com/ubuntu/24.04/prod noble InRelease [3600 B]
2026-10-08T15:13:03.3472466Z Get:4 http://azure.archive.ubuntu.com/ubuntu noble-backports InRelease [126 kB]
2026-10-08T15:13:03.4041931Z Get:5 http://azure.archive.ubuntu.com/ubuntu noble-security InRelease [126 kB]
2026-10-08T15:13:03.4316382Z Get:7 http://azure.archive.ubuntu.com/ubuntu noble-updates/main amd64 Packages [1375 kB]
2026-10-08T15:13:03.4476473Z Get:15 https://packages.microsoft.com/ubuntu/24.04/prod noble/main arm64 Packages [474 kB]
2026-10-08T15:13:03.4685717Z Get:8 http://azure.archive.ubuntu.com/ubuntu noble-updates/main Translation-en [306 kB]
2026-10-08T15:13:03.4858083Z Get:16 https://packages.microsoft.com/ubuntu/24.04/prod noble/main amd64 Packages [531 kB]
2026-10-08T15:13:03.5240331Z Get:9 http://azure.archive.ubuntu.com/ubuntu noble-updates/universe amd64 Packages [1702 kB]
2026-10-08T15:13:03.5271061Z Get:24 https://packages.microsoft.com/ubuntu/24.04/prod noble/main all Packages [640 B]
2026-10-08T15:13:03.5841824Z Get:10 http://azure.archive.ubuntu.com/ubuntu noble-updates/universe Translation-en [341 kB]
2026-10-08T15:13:03.5859939Z Get:11 http://azure.archive.ubuntu.com/ubuntu noble-updates/restricted amd64 Packages [1761 kB]
2026-10-08T15:13:03.5984643Z Get:25 https://packages.microsoft.com/ubuntu/24.04/prod noble/main armhf Packages [12.3 kB]
2026-10-08T15:13:03.6952427Z Get:12 http://azure.archive.ubuntu.com/ubuntu noble-updates/restricted Translation-en [401 kB]
2026-10-08T15:13:03.6957310Z Get:13 http://azure.archive.ubuntu.com/ubuntu noble-updates/multiverse amd64 Packages [55.0 kB]
2026-10-08T15:13:03.6966251Z Get:14 http://azure.archive.ubuntu.com/ubuntu noble-updates/multiverse Translation-en [14.3 kB]
2026-10-08T15:13:03.6973325Z Get:17 http://azure.archive.ubuntu.com/ubuntu noble-security/main amd64 Packages [1089 kB]
2026-10-08T15:13:03.8710451Z Get:18 http://azure.archive.ubuntu.com/ubuntu noble-security/main Translation-en [225 kB]
2026-10-08T15:13:03.9131840Z Get:19 http://azure.archive.ubuntu.com/ubuntu noble-security/universe amd64 Packages [1218 kB]
2026-10-08T15:13:03.9967269Z Get:20 http://azure.archive.ubuntu.com/ubuntu noble-security/universe Translation-en [245 kB]
2026-10-08T15:13:04.0506257Z Get:21 http://azure.archive.ubuntu.com/ubuntu noble-security/restricted amd64 Packages [1594 kB]
2026-10-08T15:13:04.1040209Z Get:22 http://azure.archive.ubuntu.com/ubuntu noble-security/restricted Translation-en [366 kB]
2026-10-08T15:13:04.1642348Z Get:23 http://azure.archive.ubuntu.com/ubuntu noble-security/multiverse Translation-en [11.6 kB]
2026-10-08T15:13:09.2227003Z Fetched 12.1 MB in 1s (11.9 MB/s)
2026-10-08T15:13:09.7993115Z Reading package lists...
2026-10-08T15:13:09.8189254Z Reading package lists...
2026-10-08T15:13:09.9923406Z Building dependency tree...
2026-10-08T15:13:09.9929835Z Reading state information...
2026-10-08T15:13:10.1291292Z libasound2t64 is already the newest version (1.2.11-1ubuntu0.3).
2026-10-08T15:13:10.1291647Z libasound2t64 set to manually installed.
2026-10-08T15:13:10.1291975Z libatk-bridge2.0-0t64 is already the newest version (2.52.0-1build1).
2026-10-08T15:13:10.1292330Z libatk-bridge2.0-0t64 set to manually installed.
2026-10-08T15:13:10.1292658Z libatk1.0-0t64 is already the newest version (2.52.0-1build1).
2026-10-08T15:13:10.1292949Z libatk1.0-0t64 set to manually installed.
2026-10-08T15:13:10.1293266Z libatspi2.0-0t64 is already the newest version (2.52.0-1build1).
2026-10-08T15:13:10.1293567Z libatspi2.0-0t64 set to manually installed.
2026-10-08T15:13:10.1293854Z libcairo2 is already the newest version (1.18.0-3build1).
2026-10-08T15:13:10.1294119Z libcairo2 set to manually installed.
2026-10-08T15:13:10.1294419Z libcups2t64 is already the newest version (2.4.7-1.2ubuntu7.14).
2026-10-08T15:13:10.1294692Z libcups2t64 set to manually installed.
2026-10-08T15:13:10.1295096Z libdbus-1-3 is already the newest version (1.14.10-4ubuntu4.1).
2026-10-08T15:13:10.1295474Z libdbus-1-3 set to manually installed.
2026-10-08T15:13:10.1295880Z libdrm2 is already the newest version (2.4.125-1ubuntu0.1~24.04.2).
2026-10-08T15:13:10.1296195Z libdrm2 set to manually installed.
2026-10-08T15:13:10.1296444Z libgbm1 is already the newest version (25.2.8-0ubuntu0.24.04.4).
2026-10-08T15:13:10.1296676Z libgbm1 set to manually installed.
2026-10-08T15:13:10.1296926Z libglib2.0-0t64 is already the newest version (2.80.0-6ubuntu3.9).
2026-10-08T15:13:10.1297564Z libglib2.0-0t64 set to manually installed.
2026-10-08T15:13:10.1297819Z libnspr4 is already the newest version (2:4.35-1.1build1).
2026-10-08T15:13:10.1298053Z libnspr4 set to manually installed.
2026-10-08T15:13:10.1298461Z libnss3 is already the newest version (2:3.98-1ubuntu0.2).
2026-10-08T15:13:10.1298789Z libnss3 set to manually installed.
2026-10-08T15:13:10.1299156Z libpango-1.0-0 is already the newest version (1.52.1+ds-1build1).
2026-10-08T15:13:10.1299515Z libpango-1.0-0 set to manually installed.
2026-10-08T15:13:10.1299880Z libx11-6 is already the newest version (2:1.8.7-1build1).
2026-10-08T15:13:10.1300186Z libx11-6 set to manually installed.
2026-10-08T15:13:10.1300409Z libxcb1 is already the newest version (1.15-1ubuntu2).
2026-10-08T15:13:10.1300622Z libxcb1 set to manually installed.
2026-10-08T15:13:10.1300869Z libxcomposite1 is already the newest version (1:0.4.5-1build3).
2026-10-08T15:13:10.1301105Z libxcomposite1 set to manually installed.
2026-10-08T15:13:10.1301358Z libxdamage1 is already the newest version (1:1.1.6-1build1).
2026-10-08T15:13:10.1301594Z libxdamage1 set to manually installed.
2026-10-08T15:13:10.1301829Z libxext6 is already the newest version (2:1.3.4-1build2).
2026-10-08T15:13:10.1302048Z libxext6 set to manually installed.
2026-10-08T15:13:10.1302284Z libxfixes3 is already the newest version (1:6.0.0-2build1).
2026-10-08T15:13:10.1302514Z libxfixes3 set to manually installed.
2026-10-08T15:13:10.1302755Z libxkbcommon0 is already the newest version (1.6.0-1build1).
2026-10-08T15:13:10.1302984Z libxkbcommon0 set to manually installed.
2026-10-08T15:13:10.1303223Z libxrandr2 is already the newest version (2:1.5.2-2build1).
2026-10-08T15:13:10.1303449Z libxrandr2 set to manually installed.
2026-10-08T15:13:10.1303685Z xvfb is already the newest version (2:21.1.12-1ubuntu1.8).
2026-10-08T15:13:10.1304000Z fonts-noto-color-emoji is already the newest version (2.047-0ubuntu0.24.04.1).
2026-10-08T15:13:10.1304465Z libfontconfig1 is already the newest version (2.15.0-1.1ubuntu2).
2026-10-08T15:13:10.1304716Z libfontconfig1 set to manually installed.
2026-10-08T15:13:10.1304964Z fonts-liberation is already the newest version (1:2.1.5-3).
2026-10-08T15:13:10.1305202Z fonts-liberation set to manually installed.
2026-10-08T15:13:10.1305443Z The following additional packages will be installed:
2026-10-08T15:13:10.1305660Z   xfonts-encodings xfonts-utils
2026-10-08T15:13:10.1305839Z Recommended packages:
2026-10-08T15:13:10.1306013Z   fonts-ipafont-mincho fonts-tlwg-loma
2026-10-08T15:13:10.1449414Z The following NEW packages will be installed:
2026-10-08T15:13:10.1450384Z   fonts-freefont-ttf fonts-ipafont-gothic fonts-tlwg-loma-otf fonts-unifont
2026-10-08T15:13:10.1453321Z   fonts-wqy-zenhei xfonts-cyrillic xfonts-encodings xfonts-scalable
2026-10-08T15:13:10.1453700Z   xfonts-utils
2026-10-08T15:13:10.1456051Z The following packages will be upgraded:
2026-10-08T15:13:10.1458848Z   libfreetype6
2026-10-08T15:13:10.1593541Z 1 upgraded, 9 newly installed, 0 to remove and 16 not upgraded.
2026-10-08T15:13:10.1593874Z Need to get 21.5 MB of archives.
2026-10-08T15:13:10.1594151Z After this operation, 79.5 MB of additional disk space will be used.
2026-10-08T15:13:10.1594453Z Get:1 file:/etc/apt/apt-mirrors.txt Mirrorlist [144 B]
2026-10-08T15:13:10.2181209Z Get:2 http://azure.archive.ubuntu.com/ubuntu noble/universe amd64 fonts-ipafont-gothic all 00303-21ubuntu1 [3513 kB]
2026-10-08T15:13:10.2877349Z Get:3 http://azure.archive.ubuntu.com/ubuntu noble/main amd64 fonts-freefont-ttf all 20211204+svn4273-2 [5641 kB]
2026-10-08T15:13:10.4212380Z Get:4 http://azure.archive.ubuntu.com/ubuntu noble/universe amd64 fonts-tlwg-loma-otf all 1:0.7.3-1 [107 kB]
2026-10-08T15:13:10.4559404Z Get:5 http://azure.archive.ubuntu.com/ubuntu noble/universe amd64 fonts-unifont all 1:15.1.01-1build1 [2993 kB]
2026-10-08T15:13:10.5236104Z Get:6 http://azure.archive.ubuntu.com/ubuntu noble/universe amd64 fonts-wqy-zenhei all 0.9.45-8 [7472 kB]
2026-10-08T15:13:10.6312450Z Get:7 http://azure.archive.ubuntu.com/ubuntu noble-updates/main amd64 libfreetype6 amd64 2.13.2+dfsg-1ubuntu0.2 [403 kB]
2026-10-08T15:13:10.7549494Z Get:8 http://azure.archive.ubuntu.com/ubuntu noble/main amd64 xfonts-encodings all 1:1.0.5-0ubuntu2 [578 kB]
2026-10-08T15:13:11.0201008Z Get:9 http://azure.archive.ubuntu.com/ubuntu noble/main amd64 xfonts-utils amd64 1:7.7+6build3 [94.4 kB]
2026-10-08T15:13:11.1391189Z Get:10 http://azure.archive.ubuntu.com/ubuntu noble/universe amd64 xfonts-cyrillic all 1:1.0.5+nmu1 [384 kB]
2026-10-08T15:13:11.2531959Z Get:11 http://azure.archive.ubuntu.com/ubuntu noble/main amd64 xfonts-scalable all 1:1.0.3-1.3 [304 kB]
2026-10-08T15:13:11.5962468Z Fetched 21.5 MB in 1s (18.1 MB/s)
2026-10-08T15:13:12.2319356Z Selecting previously unselected package fonts-ipafont-gothic.
2026-10-08T15:13:12.2652325Z (Reading database ... 
2026-10-08T15:13:12.2652588Z (Reading database ... 5%
2026-10-08T15:13:12.2652773Z (Reading database ... 10%
2026-10-08T15:13:12.2652935Z (Reading database ... 15%
2026-10-08T15:13:12.2653121Z (Reading database ... 20%
2026-10-08T15:13:12.2653311Z (Reading database ... 25%
2026-10-08T15:13:12.2653717Z (Reading database ... 30%
2026-10-08T15:13:12.2653946Z (Reading database ... 35%
2026-10-08T15:13:12.2654393Z (Reading database ... 40%
2026-10-08T15:13:12.2654753Z (Reading database ... 45%
2026-10-08T15:13:12.2655214Z (Reading database ... 50%
2026-10-08T15:13:12.2688866Z (Reading database ... 55%
2026-10-08T15:13:12.3770688Z (Reading database ... 60%
2026-10-08T15:13:12.5638894Z (Reading database ... 65%
2026-10-08T15:13:12.7726120Z (Reading database ... 70%
2026-10-08T15:13:12.9246974Z (Reading database ... 75%
2026-10-08T15:13:13.0757865Z (Reading database ... 80%
2026-10-08T15:13:13.2123317Z (Reading database ... 85%
2026-10-08T15:13:13.3244230Z (Reading database ... 90%
2026-10-08T15:13:13.5316483Z (Reading database ... 95%
2026-10-08T15:13:13.5316785Z (Reading database ... 100%
2026-10-08T15:13:13.5319422Z (Reading database ... 203191 files and directories currently installed.)
2026-10-08T15:13:13.5355383Z Preparing to unpack .../0-fonts-ipafont-gothic_00303-21ubuntu1_all.deb ...
2026-10-08T15:13:13.6460673Z Unpacking fonts-ipafont-gothic (00303-21ubuntu1) ...
2026-10-08T15:13:14.1703052Z Selecting previously unselected package fonts-freefont-ttf.
2026-10-08T15:13:14.1801055Z Preparing to unpack .../1-fonts-freefont-ttf_20211204+svn4273-2_all.deb ...
2026-10-08T15:13:14.1999516Z Unpacking fonts-freefont-ttf (20211204+svn4273-2) ...
2026-10-08T15:13:14.8432847Z Selecting previously unselected package fonts-tlwg-loma-otf.
2026-10-08T15:13:14.8531098Z Preparing to unpack .../2-fonts-tlwg-loma-otf_1%3a0.7.3-1_all.deb ...
2026-10-08T15:13:14.8537660Z Unpacking fonts-tlwg-loma-otf (1:0.7.3-1) ...
2026-10-08T15:13:14.8720896Z Selecting previously unselected package fonts-unifont.
2026-10-08T15:13:14.8818673Z Preparing to unpack .../3-fonts-unifont_1%3a15.1.01-1build1_all.deb ...
2026-10-08T15:13:14.8824873Z Unpacking fonts-unifont (1:15.1.01-1build1) ...
2026-10-08T15:13:15.0912986Z Selecting previously unselected package fonts-wqy-zenhei.
2026-10-08T15:13:15.1011025Z Preparing to unpack .../4-fonts-wqy-zenhei_0.9.45-8_all.deb ...
2026-10-08T15:13:15.1098739Z Unpacking fonts-wqy-zenhei (0.9.45-8) ...
2026-10-08T15:13:15.5614782Z Preparing to unpack .../5-libfreetype6_2.13.2+dfsg-1ubuntu0.2_amd64.deb ...
2026-10-08T15:13:15.5639098Z Unpacking libfreetype6:amd64 (2.13.2+dfsg-1ubuntu0.2) over (2.13.2+dfsg-1ubuntu0.1) ...
2026-10-08T15:13:15.5854352Z Selecting previously unselected package xfonts-encodings.
2026-10-08T15:13:15.5952517Z Preparing to unpack .../6-xfonts-encodings_1%3a1.0.5-0ubuntu2_all.deb ...
2026-10-08T15:13:15.5959013Z Unpacking xfonts-encodings (1:1.0.5-0ubuntu2) ...
2026-10-08T15:13:15.6190911Z Selecting previously unselected package xfonts-utils.
2026-10-08T15:13:15.6288471Z Preparing to unpack .../7-xfonts-utils_1%3a7.7+6build3_amd64.deb ...
2026-10-08T15:13:15.6295877Z Unpacking xfonts-utils (1:7.7+6build3) ...
2026-10-08T15:13:15.6751668Z Selecting previously unselected package xfonts-cyrillic.
2026-10-08T15:13:15.6848913Z Preparing to unpack .../8-xfonts-cyrillic_1%3a1.0.5+nmu1_all.deb ...
2026-10-08T15:13:15.6856586Z Unpacking xfonts-cyrillic (1:1.0.5+nmu1) ...
2026-10-08T15:13:15.7124934Z Selecting previously unselected package xfonts-scalable.
2026-10-08T15:13:15.7221746Z Preparing to unpack .../9-xfonts-scalable_1%3a1.0.3-1.3_all.deb ...
2026-10-08T15:13:15.7228560Z Unpacking xfonts-scalable (1:1.0.3-1.3) ...
2026-10-08T15:13:15.7608077Z Setting up fonts-wqy-zenhei (0.9.45-8) ...
2026-10-08T15:13:15.7799332Z Setting up fonts-freefont-ttf (20211204+svn4273-2) ...
2026-10-08T15:13:15.7813435Z Setting up fonts-tlwg-loma-otf (1:0.7.3-1) ...
2026-10-08T15:13:15.7828253Z Setting up libfreetype6:amd64 (2.13.2+dfsg-1ubuntu0.2) ...
2026-10-08T15:13:15.7842782Z Setting up xfonts-encodings (1:1.0.5-0ubuntu2) ...
2026-10-08T15:13:15.7857210Z Setting up fonts-ipafont-gothic (00303-21ubuntu1) ...
2026-10-08T15:13:15.7909822Z update-alternatives: using /usr/share/fonts/opentype/ipafont-gothic/ipag.ttf to provide /usr/share/fonts/truetype/fonts-japanese-gothic.ttf (fonts-japanese-gothic.ttf) in auto mode
2026-10-08T15:13:15.7923117Z Setting up fonts-unifont (1:15.1.01-1build1) ...
2026-10-08T15:13:15.7938778Z Setting up xfonts-utils (1:7.7+6build3) ...
2026-10-08T15:13:15.7975451Z Setting up xfonts-cyrillic (1:1.0.5+nmu1) ...
2026-10-08T15:13:15.8201952Z Setting up xfonts-scalable (1:1.0.3-1.3) ...
2026-10-08T15:13:15.8415223Z Processing triggers for libc-bin (2.39-0ubuntu8.9) ...
2026-10-08T15:13:16.0466749Z Processing triggers for man-db (2.12.0-4build2) ...
2026-10-08T15:13:16.0486459Z Not building database; man-db/auto-update is not 'true'.
2026-10-08T15:13:16.0496652Z Processing triggers for fontconfig (2.15.0-1.1ubuntu2) ...
2026-10-08T15:13:16.5896452Z 
2026-10-08T15:13:16.5897095Z Running kernel seems to be up-to-date.
2026-10-08T15:13:16.5897354Z 
2026-10-08T15:13:16.5897471Z Restarting services...
2026-10-08T15:13:16.5960808Z  systemctl restart php8.3-fpm.service
2026-10-08T15:13:16.6870194Z 
2026-10-08T15:13:16.6885182Z No containers need to be restarted.
2026-10-08T15:13:16.6885720Z 
2026-10-08T15:13:16.6886072Z No user sessions are running outdated binaries.
2026-10-08T15:13:16.6886401Z 
2026-10-08T15:13:16.6886709Z No VM guests are running outdated hypervisor (qemu) binaries on this host.
2026-10-08T15:13:17.6310477Z ##[group]Run pnpm exec playwright install --with-deps firefox
2026-10-08T15:13:17.6310923Z [36;1mpnpm exec playwright install --with-deps firefox[0m
2026-10-08T15:13:17.6365170Z shell: /usr/bin/bash -e {0}
2026-10-08T15:13:17.6365351Z env:
2026-10-08T15:13:17.6365576Z   PLAYWRIGHT_BROWSERS_PATH: /home/runner/work/FsusUI/FsusUI/.tmp/playwright-browsers
2026-10-08T15:13:17.6365863Z   PNPM_HOME: /home/runner/setup-pnpm/node_modules/.bin
2026-10-08T15:13:17.6366791Z   PATH: /home/runner/work/FsusUI/FsusUI/emsdk-cache/emsdk-main:/home/runner/work/FsusUI/FsusUI/emsdk-cache/emsdk-main/upstream/emscripten:/opt/hostedtoolcache/node/22.23.3/x64/bin:/home/runner/setup-pnpm/node_modules/.bin:/snap/bin:/home/runner/.local/bin:/opt/pipx_bin:/home/runner/.cargo/bin:/home/runner/.config/composer/vendor/bin:/usr/local/.ghcup/bin:/home/runner/.dotnet/tools:/usr/local/sbin:/usr/local/bin:/usr/sbin:/usr/bin:/sbin:/bin:/usr/games:/usr/local/games
2026-10-08T15:13:17.6367771Z   EMSDK: /home/runner/work/FsusUI/FsusUI/emsdk-cache/emsdk-main
2026-10-08T15:13:17.6368069Z   EMSDK_NODE: /home/runner/work/FsusUI/FsusUI/emsdk-cache/emsdk-main/node/22.16.0_64bit/bin/node
2026-10-08T15:13:17.6368468Z ##[endgroup]
2026-10-08T15:13:17.9701051Z Installing dependencies...
2026-10-08T15:13:17.9755436Z Switching to root user to install dependencies...
2026-10-08T15:13:18.0307559Z Get:1 file:/etc/apt/apt-mirrors.txt Mirrorlist [144 B]
2026-10-08T15:13:18.0581165Z Hit:2 http://azure.archive.ubuntu.com/ubuntu noble InRelease
2026-10-08T15:13:18.0590736Z Get:3 http://azure.archive.ubuntu.com/ubuntu noble-updates InRelease [126 kB]
2026-10-08T15:13:18.0621515Z Hit:4 http://azure.archive.ubuntu.com/ubuntu noble-backports InRelease
2026-10-08T15:13:18.0629850Z Get:5 http://azure.archive.ubuntu.com/ubuntu noble-security InRelease [126 kB]
2026-10-08T15:13:18.0800797Z Hit:6 https://packages.microsoft.com/ubuntu/24.04/prod noble InRelease
2026-10-08T15:13:18.1454070Z Get:7 http://azure.archive.ubuntu.com/ubuntu noble-updates/main amd64 Packages [1375 kB]
2026-10-08T15:13:18.1564549Z Get:8 http://azure.archive.ubuntu.com/ubuntu noble-updates/universe amd64 Packages [1702 kB]
2026-10-08T15:13:18.1627295Z Get:9 http://azure.archive.ubuntu.com/ubuntu noble-updates/universe Translation-en [342 kB]
2026-10-08T15:13:18.2318811Z Get:10 http://azure.archive.ubuntu.com/ubuntu noble-security/main amd64 Packages [1106 kB]
2026-10-08T15:13:18.2371135Z Get:11 http://azure.archive.ubuntu.com/ubuntu noble-security/main Translation-en [226 kB]
2026-10-08T15:13:18.2380433Z Get:12 http://azure.archive.ubuntu.com/ubuntu noble-security/universe amd64 Packages [1218 kB]
2026-10-08T15:13:18.2437460Z Get:13 http://azure.archive.ubuntu.com/ubuntu noble-security/restricted amd64 Packages [1613 kB]
2026-10-08T15:13:18.2510610Z Get:14 http://azure.archive.ubuntu.com/ubuntu noble-security/restricted Translation-en [371 kB]
2026-10-08T15:13:18.8145473Z Fetched 8206 kB in 1s (11.8 MB/s)
2026-10-08T15:13:19.4242393Z Reading package lists...
2026-10-08T15:13:19.4435510Z Reading package lists...
2026-10-08T15:13:19.6390839Z Building dependency tree...
2026-10-08T15:13:19.6396124Z Reading state information...
2026-10-08T15:13:19.7875309Z libasound2t64 is already the newest version (1.2.11-1ubuntu0.3).
2026-10-08T15:13:19.7875857Z libatk1.0-0t64 is already the newest version (2.52.0-1build1).
2026-10-08T15:13:19.7876333Z libcairo-gobject2 is already the newest version (1.18.0-3build1).
2026-10-08T15:13:19.7876742Z libcairo-gobject2 set to manually installed.
2026-10-08T15:13:19.7877144Z libcairo2 is already the newest version (1.18.0-3build1).
2026-10-08T15:13:19.7877581Z libdbus-1-3 is already the newest version (1.14.10-4ubuntu4.1).
2026-10-08T15:13:19.7878055Z libfontconfig1 is already the newest version (2.15.0-1.1ubuntu2).
2026-10-08T15:13:19.7878774Z libfreetype6 is already the newest version (2.13.2+dfsg-1ubuntu0.2).
2026-10-08T15:13:19.7879173Z libfreetype6 set to manually installed.
2026-10-08T15:13:19.7880238Z libgdk-pixbuf-2.0-0 is already the newest version (2.42.10+dfsg-3ubuntu3.3).
2026-10-08T15:13:19.7880686Z libgdk-pixbuf-2.0-0 set to manually installed.
2026-10-08T15:13:19.7881122Z libglib2.0-0t64 is already the newest version (2.80.0-6ubuntu3.9).
2026-10-08T15:13:19.7881598Z libgtk-3-0t64 is already the newest version (3.24.41-4ubuntu1.3).
2026-10-08T15:13:19.7881975Z libgtk-3-0t64 set to manually installed.
2026-10-08T15:13:19.7882384Z libpango-1.0-0 is already the newest version (1.52.1+ds-1build1).
2026-10-08T15:13:19.7882714Z libpangocairo-1.0-0 is already the newest version (1.52.1+ds-1build1).
2026-10-08T15:13:19.7882993Z libpangocairo-1.0-0 set to manually installed.
2026-10-08T15:13:19.7883257Z libx11-6 is already the newest version (2:1.8.7-1build1).
2026-10-08T15:13:19.7883711Z libx11-xcb1 is already the newest version (2:1.8.7-1build1).
2026-10-08T15:13:19.7884069Z libx11-xcb1 set to manually installed.
2026-10-08T15:13:19.7884375Z libxcb-shm0 is already the newest version (1.15-1ubuntu2).
2026-10-08T15:13:19.7884607Z libxcb-shm0 set to manually installed.
2026-10-08T15:13:19.7884832Z libxcb1 is already the newest version (1.15-1ubuntu2).
2026-10-08T15:13:19.7885107Z libxcomposite1 is already the newest version (1:0.4.5-1build3).
2026-10-08T15:13:19.7885391Z libxcursor1 is already the newest version (1:1.2.1-1build1).
2026-10-08T15:13:19.7885619Z libxcursor1 set to manually installed.
2026-10-08T15:13:19.7885861Z libxdamage1 is already the newest version (1:1.1.6-1build1).
2026-10-08T15:13:19.7886126Z libxext6 is already the newest version (2:1.3.4-1build2).
2026-10-08T15:13:19.7886389Z libxfixes3 is already the newest version (1:6.0.0-2build1).
2026-10-08T15:13:19.7886646Z libxi6 is already the newest version (2:1.8.1-1build1).
2026-10-08T15:13:19.7887016Z libxi6 set to manually installed.
2026-10-08T15:13:19.7887252Z libxrandr2 is already the newest version (2:1.5.2-2build1).
2026-10-08T15:13:19.7887529Z libxrender1 is already the newest version (1:0.9.10-1.1build1).
2026-10-08T15:13:19.7887764Z libxrender1 set to manually installed.
2026-10-08T15:13:19.7888006Z xvfb is already the newest version (2:21.1.12-1ubuntu1.8).
2026-10-08T15:13:19.7888431Z fonts-noto-color-emoji is already the newest version (2.047-0ubuntu0.24.04.1).
2026-10-08T15:13:19.7888760Z fonts-unifont is already the newest version (1:15.1.01-1build1).
2026-10-08T15:13:19.7889050Z xfonts-cyrillic is already the newest version (1:1.0.5+nmu1).
2026-10-08T15:13:19.7889326Z xfonts-scalable is already the newest version (1:1.0.3-1.3).
2026-10-08T15:13:19.7889603Z fonts-liberation is already the newest version (1:2.1.5-3).
2026-10-08T15:13:19.7889909Z fonts-ipafont-gothic is already the newest version (00303-21ubuntu1).
2026-10-08T15:13:19.7890205Z fonts-wqy-zenhei is already the newest version (0.9.45-8).
2026-10-08T15:13:19.7890491Z fonts-tlwg-loma-otf is already the newest version (1:0.7.3-1).
2026-10-08T15:13:19.7890801Z fonts-freefont-ttf is already the newest version (20211204+svn4273-2).
2026-10-08T15:13:19.7891086Z The following additional packages will be installed:
2026-10-08T15:13:19.7891384Z   libavutil58 libcodec2-1.2 libdav1d7 libgsm1 libhwy1t64 libjxl0.7 libmp3lame0
2026-10-08T15:13:19.7891720Z   libopus0 librav1e0 librsvg2-2 libshine3 libsoxr0 libspeex1 libsvtav1enc1d1
2026-10-08T15:13:19.7892028Z   libswresample4 libtheora0 libtwolame0 libva-drm2 libva-x11-2 libva2
2026-10-08T15:13:19.7892332Z   libvdpau1 libvorbisenc2 libvpl2 libvpx9 libx264-164 libx265-199 libxvidcore4
2026-10-08T15:13:19.7892604Z   libzvbi-common libzvbi0t64 ocl-icd-libopencl1
2026-10-08T15:13:19.7892803Z Suggested packages:
2026-10-08T15:13:19.7893029Z   libcuda1 libnvcuvid1 libnvidia-encode1 opus-tools librsvg2-bin speex
2026-10-08T15:13:19.7893254Z   opencl-icd
2026-10-08T15:13:19.7893397Z Recommended packages:
2026-10-08T15:13:19.7893646Z   librsvg2-common va-driver-all | va-driver vdpau-driver-all | vdpau-driver
2026-10-08T15:13:19.8085111Z The following NEW packages will be installed:
2026-10-08T15:13:19.8085626Z   libavcodec60 libavutil58 libcodec2-1.2 libdav1d7 libgsm1 libhwy1t64
2026-10-08T15:13:19.8088891Z   libjxl0.7 libmp3lame0 libopus0 librav1e0 librsvg2-2 libshine3 libsoxr0
2026-10-08T15:13:19.8089527Z   libspeex1 libsvtav1enc1d1 libswresample4 libtheora0 libtwolame0 libva-drm2
2026-10-08T15:13:19.8090001Z   libva-x11-2 libva2 libvdpau1 libvorbisenc2 libvpl2 libvpx9 libx264-164
2026-10-08T15:13:19.8092913Z   libx265-199 libxvidcore4 libzvbi-common libzvbi0t64 ocl-icd-libopencl1
2026-10-08T15:13:19.8260107Z 0 upgraded, 31 newly installed, 0 to remove and 20 not upgraded.
2026-10-08T15:13:19.8260564Z Need to get 27.7 MB of archives.
2026-10-08T15:13:19.8261244Z After this operation, 88.1 MB of additional disk space will be used.
2026-10-08T15:13:19.8261789Z Get:1 file:/etc/apt/apt-mirrors.txt Mirrorlist [144 B]
2026-10-08T15:13:19.8939892Z Get:2 http://azure.archive.ubuntu.com/ubuntu noble-updates/universe amd64 libva2 amd64 2.20.0-2ubuntu0.2 [66.4 kB]
2026-10-08T15:13:19.9248953Z Get:3 http://azure.archive.ubuntu.com/ubuntu noble-updates/universe amd64 libva-drm2 amd64 2.20.0-2ubuntu0.2 [7124 B]
2026-10-08T15:13:19.9528887Z Get:4 http://azure.archive.ubuntu.com/ubuntu noble-updates/universe amd64 libva-x11-2 amd64 2.20.0-2ubuntu0.2 [12.0 kB]
2026-10-08T15:13:19.9809651Z Get:5 http://azure.archive.ubuntu.com/ubuntu noble/main amd64 libvdpau1 amd64 1.5-2build1 [27.8 kB]
2026-10-08T15:13:20.0091948Z Get:6 http://azure.archive.ubuntu.com/ubuntu noble/universe amd64 libvpl2 amd64 2023.3.0-1build1 [99.8 kB]
2026-10-08T15:13:20.0376434Z Get:7 http://azure.archive.ubuntu.com/ubuntu noble/universe amd64 ocl-icd-libopencl1 amd64 2.3.2-1build1 [38.5 kB]
2026-10-08T15:13:20.0658263Z Get:8 http://azure.archive.ubuntu.com/ubuntu noble/universe amd64 libavutil58 amd64 7:6.1.1-3ubuntu5 [401 kB]
2026-10-08T15:13:20.0970010Z Get:9 http://azure.archive.ubuntu.com/ubuntu noble/universe amd64 libcodec2-1.2 amd64 1.2.0-2build1 [8998 kB]
2026-10-08T15:13:20.2126450Z Get:10 http://azure.archive.ubuntu.com/ubuntu noble/universe amd64 libdav1d7 amd64 1.4.1-1build1 [604 kB]
2026-10-08T15:13:20.2435229Z Get:11 http://azure.archive.ubuntu.com/ubuntu noble/universe amd64 libgsm1 amd64 1.0.22-1build1 [27.8 kB]
2026-10-08T15:13:20.2719185Z Get:12 http://azure.archive.ubuntu.com/ubuntu noble/universe amd64 libhwy1t64 amd64 1.0.7-8.1build1 [584 kB]
2026-10-08T15:13:20.3027688Z Get:13 http://azure.archive.ubuntu.com/ubuntu noble-updates/universe amd64 libjxl0.7 amd64 0.7.0-10.2ubuntu6.1 [1001 kB]
2026-10-08T15:13:20.3359318Z Get:14 http://azure.archive.ubuntu.com/ubuntu noble/main amd64 libmp3lame0 amd64 3.100-6build1 [142 kB]
2026-10-08T15:13:20.3745199Z Get:15 http://azure.archive.ubuntu.com/ubuntu noble/main amd64 libopus0 amd64 1.4-1build1 [208 kB]
2026-10-08T15:13:20.4035535Z Get:16 http://azure.archive.ubuntu.com/ubuntu noble/universe amd64 librav1e0 amd64 0.7.1-2 [1022 kB]
2026-10-08T15:13:20.4364989Z Get:17 http://azure.archive.ubuntu.com/ubuntu noble-updates/main amd64 librsvg2-2 amd64 2.58.0+dfsg-1ubuntu0.1 [2141 kB]
2026-10-08T15:13:20.4724055Z Get:18 http://azure.archive.ubuntu.com/ubuntu noble/universe amd64 libshine3 amd64 3.1.1-2build1 [23.2 kB]
2026-10-08T15:13:20.5004772Z Get:19 http://azure.archive.ubuntu.com/ubuntu noble-updates/main amd64 libspeex1 amd64 1.2.1-2ubuntu2.24.04.1 [59.6 kB]
2026-10-08T15:13:20.5727310Z Get:20 http://azure.archive.ubuntu.com/ubuntu noble/universe amd64 libsvtav1enc1d1 amd64 1.7.0+dfsg-2build1 [2425 kB]
2026-10-08T15:13:20.6098829Z Get:21 http://azure.archive.ubuntu.com/ubuntu noble/universe amd64 libsoxr0 amd64 0.1.3-4build3 [80.0 kB]
2026-10-08T15:13:20.6381543Z Get:22 http://azure.archive.ubuntu.com/ubuntu noble/universe amd64 libswresample4 amd64 7:6.1.1-3ubuntu5 [63.8 kB]
2026-10-08T15:13:20.6665363Z Get:23 http://azure.archive.ubuntu.com/ubuntu noble/main amd64 libtheora0 amd64 1.1.1+dfsg.1-16.1build3 [211 kB]
2026-10-08T15:13:20.6990936Z Get:24 http://azure.archive.ubuntu.com/ubuntu noble/main amd64 libtwolame0 amd64 0.4.0-2build3 [52.3 kB]
2026-10-08T15:13:20.7311137Z Get:25 http://azure.archive.ubuntu.com/ubuntu noble/main amd64 libvorbisenc2 amd64 1.3.7-1build3 [80.8 kB]
2026-10-08T15:13:20.7593606Z Get:26 http://azure.archive.ubuntu.com/ubuntu noble-updates/main amd64 libvpx9 amd64 1.14.0-1ubuntu2.3 [1143 kB]
2026-10-08T15:13:20.7916848Z Get:27 http://azure.archive.ubuntu.com/ubuntu noble/universe amd64 libx264-164 amd64 2:0.164.3108+git31e19f9-1 [604 kB]
2026-10-08T15:13:20.8640771Z Get:28 http://azure.archive.ubuntu.com/ubuntu noble/universe amd64 libx265-199 amd64 3.5-2build1 [1226 kB]
2026-10-08T15:13:21.1352208Z Get:29 http://azure.archive.ubuntu.com/ubuntu noble/universe amd64 libxvidcore4 amd64 2:1.3.7-1build1 [219 kB]
2026-10-08T15:13:21.1742122Z Get:30 http://azure.archive.ubuntu.com/ubuntu noble/universe amd64 libzvbi-common all 0.2.42-2 [42.4 kB]
2026-10-08T15:13:21.2077054Z Get:31 http://azure.archive.ubuntu.com/ubuntu noble/universe amd64 libzvbi0t64 amd64 0.2.42-2 [261 kB]
2026-10-08T15:13:21.2406316Z Get:32 http://azure.archive.ubuntu.com/ubuntu noble/universe amd64 libavcodec60 amd64 7:6.1.1-3ubuntu5 [5851 kB]
2026-10-08T15:13:21.5135953Z Fetched 27.7 MB in 1s (18.6 MB/s)
2026-10-08T15:13:21.5285148Z Selecting previously unselected package libva2:amd64.
2026-10-08T15:13:21.5331967Z (Reading database ... 
2026-10-08T15:13:21.5332940Z (Reading database ... 5%
2026-10-08T15:13:21.5333232Z (Reading database ... 10%
2026-10-08T15:13:21.5333485Z (Reading database ... 15%
2026-10-08T15:13:21.5333727Z (Reading database ... 20%
2026-10-08T15:13:21.5333968Z (Reading database ... 25%
2026-10-08T15:13:21.5334206Z (Reading database ... 30%
2026-10-08T15:13:21.5334451Z (Reading database ... 35%
2026-10-08T15:13:21.5334688Z (Reading database ... 40%
2026-10-08T15:13:21.5334926Z (Reading database ... 45%
2026-10-08T15:13:21.5335165Z (Reading database ... 50%
2026-10-08T15:13:21.5342990Z (Reading database ... 55%
2026-10-08T15:13:21.5420093Z (Reading database ... 60%
2026-10-08T15:13:21.5441057Z (Reading database ... 65%
2026-10-08T15:13:21.5456561Z (Reading database ... 70%
2026-10-08T15:13:21.5483901Z (Reading database ... 75%
2026-10-08T15:13:21.5503500Z (Reading database ... 80%
2026-10-08T15:13:21.5606734Z (Reading database ... 85%
2026-10-08T15:13:21.5675158Z (Reading database ... 90%
2026-10-08T15:13:21.5874020Z (Reading database ... 95%
2026-10-08T15:13:21.5874282Z (Reading database ... 100%
2026-10-08T15:13:21.5874538Z (Reading database ... 203458 files and directories currently installed.)
2026-10-08T15:13:21.5911039Z Preparing to unpack .../00-libva2_2.20.0-2ubuntu0.2_amd64.deb ...
2026-10-08T15:13:21.5926118Z Unpacking libva2:amd64 (2.20.0-2ubuntu0.2) ...
2026-10-08T15:13:21.6113329Z Selecting previously unselected package libva-drm2:amd64.
2026-10-08T15:13:21.6213045Z Preparing to unpack .../01-libva-drm2_2.20.0-2ubuntu0.2_amd64.deb ...
2026-10-08T15:13:21.6219233Z Unpacking libva-drm2:amd64 (2.20.0-2ubuntu0.2) ...
2026-10-08T15:13:21.6401772Z Selecting previously unselected package libva-x11-2:amd64.
2026-10-08T15:13:21.6502908Z Preparing to unpack .../02-libva-x11-2_2.20.0-2ubuntu0.2_amd64.deb ...
2026-10-08T15:13:21.6509616Z Unpacking libva-x11-2:amd64 (2.20.0-2ubuntu0.2) ...
2026-10-08T15:13:21.6792733Z Selecting previously unselected package libvdpau1:amd64.
2026-10-08T15:13:21.6892492Z Preparing to unpack .../03-libvdpau1_1.5-2build1_amd64.deb ...
2026-10-08T15:13:21.6899273Z Unpacking libvdpau1:amd64 (1.5-2build1) ...
2026-10-08T15:13:21.7086250Z Selecting previously unselected package libvpl2.
2026-10-08T15:13:21.7183854Z Preparing to unpack .../04-libvpl2_2023.3.0-1build1_amd64.deb ...
2026-10-08T15:13:21.7190452Z Unpacking libvpl2 (2023.3.0-1build1) ...
2026-10-08T15:13:21.7379589Z Selecting previously unselected package ocl-icd-libopencl1:amd64.
2026-10-08T15:13:21.7475603Z Preparing to unpack .../05-ocl-icd-libopencl1_2.3.2-1build1_amd64.deb ...
2026-10-08T15:13:21.7482146Z Unpacking ocl-icd-libopencl1:amd64 (2.3.2-1build1) ...
2026-10-08T15:13:21.7684688Z Selecting previously unselected package libavutil58:amd64.
2026-10-08T15:13:21.7782322Z Preparing to unpack .../06-libavutil58_7%3a6.1.1-3ubuntu5_amd64.deb ...
2026-10-08T15:13:21.7788391Z Unpacking libavutil58:amd64 (7:6.1.1-3ubuntu5) ...
2026-10-08T15:13:21.8010156Z Selecting previously unselected package libcodec2-1.2:amd64.
2026-10-08T15:13:21.8107356Z Preparing to unpack .../07-libcodec2-1.2_1.2.0-2build1_amd64.deb ...
2026-10-08T15:13:21.8113878Z Unpacking libcodec2-1.2:amd64 (1.2.0-2build1) ...
2026-10-08T15:13:21.9624286Z Selecting previously unselected package libdav1d7:amd64.
2026-10-08T15:13:21.9721451Z Preparing to unpack .../08-libdav1d7_1.4.1-1build1_amd64.deb ...
2026-10-08T15:13:21.9728815Z Unpacking libdav1d7:amd64 (1.4.1-1build1) ...
2026-10-08T15:13:21.9944266Z Selecting previously unselected package libgsm1:amd64.
2026-10-08T15:13:22.0041997Z Preparing to unpack .../09-libgsm1_1.0.22-1build1_amd64.deb ...
2026-10-08T15:13:22.0049661Z Unpacking libgsm1:amd64 (1.0.22-1build1) ...
2026-10-08T15:13:22.0235865Z Selecting previously unselected package libhwy1t64:amd64.
2026-10-08T15:13:22.0335172Z Preparing to unpack .../10-libhwy1t64_1.0.7-8.1build1_amd64.deb ...
2026-10-08T15:13:22.0343273Z Unpacking libhwy1t64:amd64 (1.0.7-8.1build1) ...
2026-10-08T15:13:22.0822227Z Selecting previously unselected package libjxl0.7:amd64.
2026-10-08T15:13:22.0920866Z Preparing to unpack .../11-libjxl0.7_0.7.0-10.2ubuntu6.1_amd64.deb ...
2026-10-08T15:13:22.0929848Z Unpacking libjxl0.7:amd64 (0.7.0-10.2ubuntu6.1) ...
2026-10-08T15:13:22.1288748Z Selecting previously unselected package libmp3lame0:amd64.
2026-10-08T15:13:22.1387537Z Preparing to unpack .../12-libmp3lame0_3.100-6build1_amd64.deb ...
2026-10-08T15:13:22.1395459Z Unpacking libmp3lame0:amd64 (3.100-6build1) ...
2026-10-08T15:13:22.1583741Z Selecting previously unselected package libopus0:amd64.
2026-10-08T15:13:22.1681843Z Preparing to unpack .../13-libopus0_1.4-1build1_amd64.deb ...
2026-10-08T15:13:22.1774311Z Unpacking libopus0:amd64 (1.4-1build1) ...
2026-10-08T15:13:22.1964376Z Selecting previously unselected package librav1e0:amd64.
2026-10-08T15:13:22.2062640Z Preparing to unpack .../14-librav1e0_0.7.1-2_amd64.deb ...
2026-10-08T15:13:22.2068782Z Unpacking librav1e0:amd64 (0.7.1-2) ...
2026-10-08T15:13:22.2413640Z Selecting previously unselected package librsvg2-2:amd64.
2026-10-08T15:13:22.2510515Z Preparing to unpack .../15-librsvg2-2_2.58.0+dfsg-1ubuntu0.1_amd64.deb ...
2026-10-08T15:13:22.2516159Z Unpacking librsvg2-2:amd64 (2.58.0+dfsg-1ubuntu0.1) ...
2026-10-08T15:13:22.3319860Z Selecting previously unselected package libshine3:amd64.
2026-10-08T15:13:22.3415758Z Preparing to unpack .../16-libshine3_3.1.1-2build1_amd64.deb ...
2026-10-08T15:13:22.3422646Z Unpacking libshine3:amd64 (3.1.1-2build1) ...
2026-10-08T15:13:22.3593983Z Selecting previously unselected package libspeex1:amd64.
2026-10-08T15:13:22.3691896Z Preparing to unpack .../17-libspeex1_1.2.1-2ubuntu2.24.04.1_amd64.deb ...
2026-10-08T15:13:22.3697956Z Unpacking libspeex1:amd64 (1.2.1-2ubuntu2.24.04.1) ...
2026-10-08T15:13:22.3873005Z Selecting previously unselected package libsvtav1enc1d1:amd64.
2026-10-08T15:13:22.3969841Z Preparing to unpack .../18-libsvtav1enc1d1_1.7.0+dfsg-2build1_amd64.deb ...
2026-10-08T15:13:22.3976778Z Unpacking libsvtav1enc1d1:amd64 (1.7.0+dfsg-2build1) ...
2026-10-08T15:13:22.4719178Z Selecting previously unselected package libsoxr0:amd64.
2026-10-08T15:13:22.4815777Z Preparing to unpack .../19-libsoxr0_0.1.3-4build3_amd64.deb ...
2026-10-08T15:13:22.4821932Z Unpacking libsoxr0:amd64 (0.1.3-4build3) ...
2026-10-08T15:13:22.5004286Z Selecting previously unselected package libswresample4:amd64.
2026-10-08T15:13:22.5103569Z Preparing to unpack .../20-libswresample4_7%3a6.1.1-3ubuntu5_amd64.deb ...
2026-10-08T15:13:22.5109617Z Unpacking libswresample4:amd64 (7:6.1.1-3ubuntu5) ...
2026-10-08T15:13:22.5492091Z Selecting previously unselected package libtheora0:amd64.
2026-10-08T15:13:22.5587178Z Preparing to unpack .../21-libtheora0_1.1.1+dfsg.1-16.1build3_amd64.deb ...
2026-10-08T15:13:22.5592864Z Unpacking libtheora0:amd64 (1.1.1+dfsg.1-16.1build3) ...
2026-10-08T15:13:22.5783604Z Selecting previously unselected package libtwolame0:amd64.
2026-10-08T15:13:22.5879616Z Preparing to unpack .../22-libtwolame0_0.4.0-2build3_amd64.deb ...
2026-10-08T15:13:22.5886180Z Unpacking libtwolame0:amd64 (0.4.0-2build3) ...
2026-10-08T15:13:22.6062857Z Selecting previously unselected package libvorbisenc2:amd64.
2026-10-08T15:13:22.6158581Z Preparing to unpack .../23-libvorbisenc2_1.3.7-1build3_amd64.deb ...
2026-10-08T15:13:22.6164941Z Unpacking libvorbisenc2:amd64 (1.3.7-1build3) ...
2026-10-08T15:13:22.6361796Z Selecting previously unselected package libvpx9:amd64.
2026-10-08T15:13:22.6457910Z Preparing to unpack .../24-libvpx9_1.14.0-1ubuntu2.3_amd64.deb ...
2026-10-08T15:13:22.6555614Z Unpacking libvpx9:amd64 (1.14.0-1ubuntu2.3) ...
2026-10-08T15:13:22.6919064Z Selecting previously unselected package libx264-164:amd64.
2026-10-08T15:13:22.7016141Z Preparing to unpack .../25-libx264-164_2%3a0.164.3108+git31e19f9-1_amd64.deb ...
2026-10-08T15:13:22.7022851Z Unpacking libx264-164:amd64 (2:0.164.3108+git31e19f9-1) ...
2026-10-08T15:13:22.7296524Z Selecting previously unselected package libx265-199:amd64.
2026-10-08T15:13:22.7394214Z Preparing to unpack .../26-libx265-199_3.5-2build1_amd64.deb ...
2026-10-08T15:13:22.7400798Z Unpacking libx265-199:amd64 (3.5-2build1) ...
2026-10-08T15:13:22.8524087Z Selecting previously unselected package libxvidcore4:amd64.
2026-10-08T15:13:22.8622758Z Preparing to unpack .../27-libxvidcore4_2%3a1.3.7-1build1_amd64.deb ...
2026-10-08T15:13:22.8778755Z Unpacking libxvidcore4:amd64 (2:1.3.7-1build1) ...
2026-10-08T15:13:22.8975497Z Selecting previously unselected package libzvbi-common.
2026-10-08T15:13:22.9073687Z Preparing to unpack .../28-libzvbi-common_0.2.42-2_all.deb ...
2026-10-08T15:13:22.9081000Z Unpacking libzvbi-common (0.2.42-2) ...
2026-10-08T15:13:22.9329290Z Selecting previously unselected package libzvbi0t64:amd64.
2026-10-08T15:13:22.9426075Z Preparing to unpack .../29-libzvbi0t64_0.2.42-2_amd64.deb ...
2026-10-08T15:13:22.9432864Z Unpacking libzvbi0t64:amd64 (0.2.42-2) ...
2026-10-08T15:13:22.9660358Z Selecting previously unselected package libavcodec60:amd64.
2026-10-08T15:13:22.9757994Z Preparing to unpack .../30-libavcodec60_7%3a6.1.1-3ubuntu5_amd64.deb ...
2026-10-08T15:13:22.9875919Z Unpacking libavcodec60:amd64 (7:6.1.1-3ubuntu5) ...
2026-10-08T15:13:23.1649409Z Setting up libhwy1t64:amd64 (1.0.7-8.1build1) ...
2026-10-08T15:13:23.1665735Z Setting up libspeex1:amd64 (1.2.1-2ubuntu2.24.04.1) ...
2026-10-08T15:13:23.1680388Z Setting up libshine3:amd64 (3.1.1-2build1) ...
2026-10-08T15:13:23.1693612Z Setting up libvpl2 (2023.3.0-1build1) ...
2026-10-08T15:13:23.1707377Z Setting up libx264-164:amd64 (2:0.164.3108+git31e19f9-1) ...
2026-10-08T15:13:23.1720347Z Setting up libtwolame0:amd64 (0.4.0-2build3) ...
2026-10-08T15:13:23.1733760Z Setting up libgsm1:amd64 (1.0.22-1build1) ...
2026-10-08T15:13:23.1747580Z Setting up libsoxr0:amd64 (0.1.3-4build3) ...
2026-10-08T15:13:23.1762152Z Setting up libcodec2-1.2:amd64 (1.2.0-2build1) ...
2026-10-08T15:13:23.1779320Z Setting up libsvtav1enc1d1:amd64 (1.7.0+dfsg-2build1) ...
2026-10-08T15:13:23.1794092Z Setting up libxvidcore4:amd64 (2:1.3.7-1build1) ...
2026-10-08T15:13:23.1808096Z Setting up librav1e0:amd64 (0.7.1-2) ...
2026-10-08T15:13:23.1822466Z Setting up librsvg2-2:amd64 (2.58.0+dfsg-1ubuntu0.1) ...
2026-10-08T15:13:23.1836883Z Setting up libva2:amd64 (2.20.0-2ubuntu0.2) ...
2026-10-08T15:13:23.2389265Z Setting up libopus0:amd64 (1.4-1build1) ...
2026-10-08T15:13:23.2404521Z Setting up libjxl0.7:amd64 (0.7.0-10.2ubuntu6.1) ...
2026-10-08T15:13:23.2419707Z Setting up libx265-199:amd64 (3.5-2build1) ...
2026-10-08T15:13:23.2434360Z Setting up libvpx9:amd64 (1.14.0-1ubuntu2.3) ...
2026-10-08T15:13:23.2449414Z Setting up libdav1d7:amd64 (1.4.1-1build1) ...
2026-10-08T15:13:23.2464655Z Setting up libva-drm2:amd64 (2.20.0-2ubuntu0.2) ...
2026-10-08T15:13:23.2482794Z Setting up ocl-icd-libopencl1:amd64 (2.3.2-1build1) ...
2026-10-08T15:13:23.2497431Z Setting up libvdpau1:amd64 (1.5-2build1) ...
2026-10-08T15:13:23.2516784Z Setting up libtheora0:amd64 (1.1.1+dfsg.1-16.1build3) ...
2026-10-08T15:13:23.2530859Z Setting up libva-x11-2:amd64 (2.20.0-2ubuntu0.2) ...
2026-10-08T15:13:23.2545563Z Setting up libzvbi-common (0.2.42-2) ...
2026-10-08T15:13:23.2560530Z Setting up libmp3lame0:amd64 (3.100-6build1) ...
2026-10-08T15:13:23.2575751Z Setting up libvorbisenc2:amd64 (1.3.7-1build3) ...
2026-10-08T15:13:23.2590150Z Setting up libzvbi0t64:amd64 (0.2.42-2) ...
2026-10-08T15:13:23.2605164Z Setting up libavutil58:amd64 (7:6.1.1-3ubuntu5) ...
2026-10-08T15:13:23.2620214Z Setting up libswresample4:amd64 (7:6.1.1-3ubuntu5) ...
2026-10-08T15:13:23.2635137Z Setting up libavcodec60:amd64 (7:6.1.1-3ubuntu5) ...
2026-10-08T15:13:23.2653611Z Processing triggers for man-db (2.12.0-4build2) ...
2026-10-08T15:13:23.2669410Z Not building database; man-db/auto-update is not 'true'.
2026-10-08T15:13:23.2680787Z Processing triggers for libc-bin (2.39-0ubuntu8.9) ...
2026-10-08T15:13:23.6716986Z 
2026-10-08T15:13:23.6717880Z Running kernel seems to be up-to-date.
2026-10-08T15:13:23.6718145Z 
2026-10-08T15:13:23.6718278Z No services need to be restarted.
2026-10-08T15:13:23.6718535Z 
2026-10-08T15:13:23.6718680Z No containers need to be restarted.
2026-10-08T15:13:23.6718848Z 
2026-10-08T15:13:23.6719016Z No user sessions are running outdated binaries.
2026-10-08T15:13:23.6719214Z 
2026-10-08T15:13:23.6719435Z No VM guests are running outdated hypervisor (qemu) binaries on this host.
2026-10-08T15:13:24.5684403Z ##[group]Run pnpm exec playwright install --with-deps webkit
2026-10-08T15:13:24.5684716Z [36;1mpnpm exec playwright install --with-deps webkit[0m
2026-10-08T15:13:24.5738465Z shell: /usr/bin/bash -e {0}
2026-10-08T15:13:24.5738640Z env:
2026-10-08T15:13:24.5738862Z   PLAYWRIGHT_BROWSERS_PATH: /home/runner/work/FsusUI/FsusUI/.tmp/playwright-browsers
2026-10-08T15:13:24.5739420Z   PNPM_HOME: /home/runner/setup-pnpm/node_modules/.bin
2026-10-08T15:13:24.5740419Z   PATH: /home/runner/work/FsusUI/FsusUI/emsdk-cache/emsdk-main:/home/runner/work/FsusUI/FsusUI/emsdk-cache/emsdk-main/upstream/emscripten:/opt/hostedtoolcache/node/22.23.3/x64/bin:/home/runner/setup-pnpm/node_modules/.bin:/snap/bin:/home/runner/.local/bin:/opt/pipx_bin:/home/runner/.cargo/bin:/home/runner/.config/composer/vendor/bin:/usr/local/.ghcup/bin:/home/runner/.dotnet/tools:/usr/local/sbin:/usr/local/bin:/usr/sbin:/usr/bin:/sbin:/bin:/usr/games:/usr/local/games
2026-10-08T15:13:24.5741487Z   EMSDK: /home/runner/work/FsusUI/FsusUI/emsdk-cache/emsdk-main
2026-10-08T15:13:24.5741799Z   EMSDK_NODE: /home/runner/work/FsusUI/FsusUI/emsdk-cache/emsdk-main/node/22.16.0_64bit/bin/node
2026-10-08T15:13:24.5742063Z ##[endgroup]
2026-10-08T15:13:24.8979898Z Installing dependencies...
2026-10-08T15:13:24.9041047Z Switching to root user to install dependencies...
2026-10-08T15:13:24.9582013Z Get:1 file:/etc/apt/apt-mirrors.txt Mirrorlist [144 B]
2026-10-08T15:13:25.0039707Z Hit:6 https://packages.microsoft.com/ubuntu/24.04/prod noble InRelease
2026-10-08T15:13:25.0066865Z Hit:2 http://azure.archive.ubuntu.com/ubuntu noble InRelease
2026-10-08T15:13:25.0081540Z Hit:3 http://azure.archive.ubuntu.com/ubuntu noble-updates InRelease
2026-10-08T15:13:25.0089262Z Hit:4 http://azure.archive.ubuntu.com/ubuntu noble-backports InRelease
2026-10-08T15:13:25.0093588Z Hit:5 http://azure.archive.ubuntu.com/ubuntu noble-security InRelease
2026-10-08T15:13:25.9254696Z Reading package lists...
2026-10-08T15:13:25.9439607Z Reading package lists...
2026-10-08T15:13:26.1232549Z Building dependency tree...
2026-10-08T15:13:26.1238957Z Reading state information...
2026-10-08T15:13:26.2613649Z libicu74 is already the newest version (74.2-1ubuntu3.1).
2026-10-08T15:13:26.2614377Z libatomic1 is already the newest version (14.2.0-4ubuntu2~24.04.1).
2026-10-08T15:13:26.2614940Z libatomic1 set to manually installed.
2026-10-08T15:13:26.2615547Z libatk-bridge2.0-0t64 is already the newest version (2.52.0-1build1).
2026-10-08T15:13:26.2616195Z libatk1.0-0t64 is already the newest version (2.52.0-1build1).
2026-10-08T15:13:26.2616796Z libcairo-gobject2 is already the newest version (1.18.0-3build1).
2026-10-08T15:13:26.2617388Z libcairo2 is already the newest version (1.18.0-3build1).
2026-10-08T15:13:26.2618010Z libdbus-1-3 is already the newest version (1.14.10-4ubuntu4.1).
2026-10-08T15:13:26.2618887Z libdrm2 is already the newest version (2.4.125-1ubuntu0.1~24.04.2).
2026-10-08T15:13:26.2619548Z libenchant-2-2 is already the newest version (2.3.3-2build2).
2026-10-08T15:13:26.2620104Z libenchant-2-2 set to manually installed.
2026-10-08T15:13:26.2620597Z libepoxy0 is already the newest version (1.5.10-1build1).
2026-10-08T15:13:26.2621068Z libepoxy0 set to manually installed.
2026-10-08T15:13:26.2621553Z libfontconfig1 is already the newest version (2.15.0-1.1ubuntu2).
2026-10-08T15:13:26.2622103Z libfreetype6 is already the newest version (2.13.2+dfsg-1ubuntu0.2).
2026-10-08T15:13:26.2622640Z libgbm1 is already the newest version (25.2.8-0ubuntu0.24.04.4).
2026-10-08T15:13:26.2623224Z libgdk-pixbuf-2.0-0 is already the newest version (2.42.10+dfsg-3ubuntu3.3).
2026-10-08T15:13:26.2623789Z libglib2.0-0t64 is already the newest version (2.80.0-6ubuntu3.9).
2026-10-08T15:13:26.2624374Z libgstreamer1.0-0 is already the newest version (1.24.2-1ubuntu0.1).
2026-10-08T15:13:26.2624876Z libgstreamer1.0-0 set to manually installed.
2026-10-08T15:13:26.2625345Z libharfbuzz0b is already the newest version (8.3.0-2build2).
2026-10-08T15:13:26.2626387Z libharfbuzz0b set to manually installed.
2026-10-08T15:13:26.2626937Z libjpeg-turbo8 is already the newest version (2.1.5-2ubuntu2).
2026-10-08T15:13:26.2627408Z libjpeg-turbo8 set to manually installed.
2026-10-08T15:13:26.2627785Z liblcms2-2 is already the newest version (2.14-2ubuntu0.1).
2026-10-08T15:13:26.2628123Z liblcms2-2 set to manually installed.
2026-10-08T15:13:26.2628577Z libopus0 is already the newest version (1.4-1build1).
2026-10-08T15:13:26.2629130Z libopus0 set to manually installed.
2026-10-08T15:13:26.2629498Z libpango-1.0-0 is already the newest version (1.52.1+ds-1build1).
2026-10-08T15:13:26.2629954Z libpangocairo-1.0-0 is already the newest version (1.52.1+ds-1build1).
2026-10-08T15:13:26.2630383Z libvpx9 is already the newest version (1.14.0-1ubuntu2.3).
2026-10-08T15:13:26.2630718Z libvpx9 set to manually installed.
2026-10-08T15:13:26.2631119Z libwayland-client0 is already the newest version (1.22.0-2.1build1).
2026-10-08T15:13:26.2631536Z libwayland-client0 set to manually installed.
2026-10-08T15:13:26.2631964Z libwayland-egl1 is already the newest version (1.22.0-2.1build1).
2026-10-08T15:13:26.2632332Z libwayland-egl1 set to manually installed.
2026-10-08T15:13:26.2632713Z libwebp7 is already the newest version (1.3.2-0.4build3).
2026-10-08T15:13:26.2633082Z libwebp7 set to manually installed.
2026-10-08T15:13:26.2633500Z libwebpdemux2 is already the newest version (1.3.2-0.4build3).
2026-10-08T15:13:26.2633891Z libwebpdemux2 set to manually installed.
2026-10-08T15:13:26.2634279Z libx11-6 is already the newest version (2:1.8.7-1build1).
2026-10-08T15:13:26.2634727Z libxkbcommon0 is already the newest version (1.6.0-1build1).
2026-10-08T15:13:26.2635178Z libxml2 is already the newest version (2.9.14+dfsg-1.3ubuntu3.9).
2026-10-08T15:13:26.2635541Z libxml2 set to manually installed.
2026-10-08T15:13:26.2635946Z libxslt1.1 is already the newest version (1.1.39-0exp1ubuntu0.24.04.3).
2026-10-08T15:13:26.2636332Z libxslt1.1 set to manually installed.
2026-10-08T15:13:26.2636746Z libx264-164 is already the newest version (2:0.164.3108+git31e19f9-1).
2026-10-08T15:13:26.2637122Z libx264-164 set to manually installed.
2026-10-08T15:13:26.2637480Z xvfb is already the newest version (2:21.1.12-1ubuntu1.8).
2026-10-08T15:13:26.2637978Z fonts-noto-color-emoji is already the newest version (2.047-0ubuntu0.24.04.1).
2026-10-08T15:13:26.2638658Z fonts-unifont is already the newest version (1:15.1.01-1build1).
2026-10-08T15:13:26.2639114Z xfonts-cyrillic is already the newest version (1:1.0.5+nmu1).
2026-10-08T15:13:26.2639548Z xfonts-scalable is already the newest version (1:1.0.3-1.3).
2026-10-08T15:13:26.2639976Z fonts-liberation is already the newest version (1:2.1.5-3).
2026-10-08T15:13:26.2640448Z fonts-ipafont-gothic is already the newest version (00303-21ubuntu1).
2026-10-08T15:13:26.2640907Z fonts-wqy-zenhei is already the newest version (0.9.45-8).
2026-10-08T15:13:26.2641348Z fonts-tlwg-loma-otf is already the newest version (1:0.7.3-1).
2026-10-08T15:13:26.2641828Z fonts-freefont-ttf is already the newest version (20211204+svn4273-2).
2026-10-08T15:13:26.2642271Z The following additional packages will be installed:
2026-10-08T15:13:26.2642699Z   glib-networking glib-networking-common glib-networking-services
2026-10-08T15:13:26.2643178Z   gsettings-desktop-schemas libaa1 libabsl20220623t64 libass9 libasyncns0
2026-10-08T15:13:26.2643654Z   libavc1394-0 libavfilter9 libavformat60 libavtp0 libblas3 libbluray2
2026-10-08T15:13:26.2644118Z   libbs2b0 libcaca0 libcairo-script-interpreter2 libcdparanoia0
2026-10-08T15:13:26.2644585Z   libchromaprint1 libcjson1 libdc1394-25 libdca0 libde265-0 libdecor-0-0
2026-10-08T15:13:26.2645078Z   libdirectfb-1.7-7t64 libdv4t64 libdvdnav4 libdvdread8t64 libegl-mesa0
2026-10-08T15:13:26.2645578Z   libegl1 libfaad2 libflac12t64 libfluidsynth3 libfreeaptx0 libgav1-1 libgme0
2026-10-08T15:13:26.2646067Z   libgraphene-1.0-0 libgssdp-1.6-0 libgstreamer-plugins-good1.0-0
2026-10-08T15:13:26.2646526Z   libgtk-4-common libgupnp-1.6-0 libgupnp-igd-1.6-0 libiec61883-0
2026-10-08T15:13:26.2647232Z   libimath-3-1-29t64 libinstpatch-1.0-2 libjack-jackd2-0 liblapack3 liblc3-1
2026-10-08T15:13:26.2647767Z   libldacbt-enc2 liblilv-0-0 liblrdf0 libltc11 libmbedcrypto7t64 libmfx1
2026-10-08T15:13:26.2648268Z   libmjpegutils-2.1-0t64 libmodplug1 libmpcdec6 libmpeg2encpp-2.1-0t64
2026-10-08T15:13:26.2648920Z   libmpg123-0t64 libmplex2-2.1-0t64 libmysofa1 libneon27t64 libnice10
2026-10-08T15:13:26.2649669Z   libopenal-data libopenal1 libopenexr-3-1-30 libopenh264-7 libopenmpt0t64
2026-10-08T15:13:26.2650197Z   libopenni2-0 liborc-0.4-0t64 libpipewire-0.3-0t64 libplacebo338
2026-10-08T15:13:26.2650646Z   libpocketsphinx3 libpostproc57 libproxy1v5 libpulse0 libqrencode4
2026-10-08T15:13:26.2651192Z   libraptor2-0 libraw1394-11 librist4 librubberband2 libsamplerate0 libsbc1
2026-10-08T15:13:26.2651708Z   libsdl2-2.0-0 libsecret-common libserd-0-0 libshout3 libsndfile1 libsndio7.0
2026-10-08T15:13:26.2652175Z   libsord-0-0 libsoundtouch1 libsoup-3.0-0 libsoup-3.0-common
2026-10-08T15:13:26.2652622Z   libspa-0.2-modules libspandsp2t64 libsphinxbase3t64 libsratom-0-0
2026-10-08T15:13:26.2653138Z   libsrt1.5-gnutls libsrtp2-1 libssh-gcrypt-4 libswscale7 libtag1v5
2026-10-08T15:13:26.2653615Z   libtag1v5-vanilla libudfread0 libunibreak5 libv4l-0t64 libv4lconvert0t64
2026-10-08T15:13:26.2654110Z   libvidstab1.1 libvisual-0.4-0 libvo-aacenc0 libvo-amrwbenc0 libwavpack1
2026-10-08T15:13:26.2654614Z   libwebrtc-audio-processing1 libwildmidi2 libxcb-xkb1 libxkbcommon-x11-0
2026-10-08T15:13:26.2655124Z   libyuv0 libzbar0t64 libzimg2 libzix-0-0 libzxing3 session-migration
2026-10-08T15:13:26.2655471Z   timgm6mb-soundfont
2026-10-08T15:13:26.2655706Z Suggested packages:
2026-10-08T15:13:26.2656059Z   frei0r-plugins gvfs libbluray-bdj libdirectfb-extra libdv-bin oss-compat
2026-10-08T15:13:26.2656549Z   libdvdcss2 libvisual-0.4-plugins jackd2 liblrdf0-dev libportaudio2 pipewire
2026-10-08T15:13:26.2656997Z   pulseaudio raptor2-utils libraw1394-doc serdi sndiod sordi
2026-10-08T15:13:26.2657344Z   libwildmidi-config fluid-soundfont-gm
2026-10-08T15:13:26.2657620Z Recommended packages:
2026-10-08T15:13:26.2657982Z   gstreamer1.0-x libaacs0 default-libdecor-0-plugin-1 | libdecor-0-plugin-1
2026-10-08T15:13:26.2658566Z   gstreamer1.0-gl libgtk-4-bin librsvg2-common libgtk-4-media-gstreamer
2026-10-08T15:13:26.2659033Z   libpipewire-0.3-common pocketsphinx-en-us libmagickcore-6.q16-7-extra
2026-10-08T15:13:26.3016143Z The following NEW packages will be installed:
2026-10-08T15:13:26.3016771Z   glib-networking glib-networking-common glib-networking-services
2026-10-08T15:13:26.3017359Z   gsettings-desktop-schemas gstreamer1.0-libav gstreamer1.0-plugins-bad
2026-10-08T15:13:26.3017921Z   gstreamer1.0-plugins-base gstreamer1.0-plugins-good libaa1
2026-10-08T15:13:26.3018595Z   libabsl20220623t64 libass9 libasyncns0 libavc1394-0 libavfilter9
2026-10-08T15:13:26.3019154Z   libavformat60 libavif16 libavtp0 libblas3 libbluray2 libbs2b0 libcaca0
2026-10-08T15:13:26.3019759Z   libcairo-script-interpreter2 libcdparanoia0 libchromaprint1 libcjson1
2026-10-08T15:13:26.3020409Z   libdc1394-25 libdca0 libde265-0 libdecor-0-0 libdirectfb-1.7-7t64 libdv4t64
2026-10-08T15:13:26.3020990Z   libdvdnav4 libdvdread8t64 libegl-mesa0 libegl1 libevent-2.1-7t64 libfaad2
2026-10-08T15:13:26.3021594Z   libflac12t64 libflite1 libfluidsynth3 libfreeaptx0 libgav1-1 libgles2
2026-10-08T15:13:26.3022161Z   libgme0 libgraphene-1.0-0 libgssdp-1.6-0 libgstreamer-gl1.0-0
2026-10-08T15:13:26.3022717Z   libgstreamer-plugins-bad1.0-0 libgstreamer-plugins-base1.0-0
2026-10-08T15:13:26.3023315Z   libgstreamer-plugins-good1.0-0 libgtk-4-1 libgtk-4-common libgupnp-1.6-0
2026-10-08T15:13:26.3023900Z   libgupnp-igd-1.6-0 libharfbuzz-icu0 libhyphen0 libiec61883-0
2026-10-08T15:13:26.3024471Z   libimath-3-1-29t64 libinstpatch-1.0-2 libjack-jackd2-0 liblapack3 liblc3-1
2026-10-08T15:13:26.3025054Z   libldacbt-enc2 liblilv-0-0 liblrdf0 libltc11 libmanette-0.2-0
2026-10-08T15:13:26.3025634Z   libmbedcrypto7t64 libmfx1 libmjpegutils-2.1-0t64 libmodplug1 libmpcdec6
2026-10-08T15:13:26.3026640Z   libmpeg2encpp-2.1-0t64 libmpg123-0t64 libmplex2-2.1-0t64 libmysofa1
2026-10-08T15:13:26.3027241Z   libneon27t64 libnice10 libopenal-data libopenal1 libopenexr-3-1-30
2026-10-08T15:13:26.3027763Z   libopenh264-7 libopenmpt0t64 libopenni2-0 liborc-0.4-0t64
2026-10-08T15:13:26.3028415Z   libpipewire-0.3-0t64 libplacebo338 libpocketsphinx3 libpostproc57
2026-10-08T15:13:26.3029018Z   libproxy1v5 libpulse0 libqrencode4 libraptor2-0 libraw1394-11 librist4
2026-10-08T15:13:26.3030103Z   librubberband2 libsamplerate0 libsbc1 libsdl2-2.0-0 libsecret-1-0
2026-10-08T15:13:26.3030747Z   libsecret-common libserd-0-0 libshout3 libsndfile1 libsndio7.0 libsord-0-0
2026-10-08T15:13:26.3031383Z   libsoundtouch1 libsoup-3.0-0 libsoup-3.0-common libspa-0.2-modules
2026-10-08T15:13:26.3032066Z   libspandsp2t64 libsphinxbase3t64 libsratom-0-0 libsrt1.5-gnutls libsrtp2-1
2026-10-08T15:13:26.3032706Z   libssh-gcrypt-4 libswscale7 libtag1v5 libtag1v5-vanilla libudfread0
2026-10-08T15:13:26.3033341Z   libunibreak5 libv4l-0t64 libv4lconvert0t64 libvidstab1.1 libvisual-0.4-0
2026-10-08T15:13:26.3033969Z   libvo-aacenc0 libvo-amrwbenc0 libwavpack1 libwayland-server0
2026-10-08T15:13:26.3034539Z   libwebrtc-audio-processing1 libwildmidi2 libwoff1 libxcb-xkb1
2026-10-08T15:13:26.3035142Z   libxkbcommon-x11-0 libyuv0 libzbar0t64 libzimg2 libzix-0-0 libzxing3
2026-10-08T15:13:26.3035660Z   session-migration timgm6mb-soundfont
2026-10-08T15:13:26.3036123Z The following packages will be upgraded:
2026-10-08T15:13:26.3036525Z   libpng16-16t64
2026-10-08T15:13:26.3203665Z 1 upgraded, 141 newly installed, 0 to remove and 19 not upgraded.
2026-10-08T15:13:26.3204095Z Need to get 65.5 MB of archives.
2026-10-08T15:13:26.3204495Z After this operation, 196 MB of additional disk space will be used.
2026-10-08T15:13:26.3204977Z Get:1 file:/etc/apt/apt-mirrors.txt Mirrorlist [144 B]
2026-10-08T15:13:26.4252386Z Get:2 http://azure.archive.ubuntu.com/ubuntu noble-updates/main amd64 libpng16-16t64 amd64 1.6.43-5ubuntu0.7 [189 kB]
2026-10-08T15:13:26.5913071Z Get:3 http://azure.archive.ubuntu.com/ubuntu noble/main amd64 libproxy1v5 amd64 0.5.4-4build1 [26.5 kB]
2026-10-08T15:13:26.6286907Z Get:4 http://azure.archive.ubuntu.com/ubuntu noble/main amd64 glib-networking-common all 2.80.0-1build1 [6702 B]
2026-10-08T15:13:26.6627890Z Get:5 http://azure.archive.ubuntu.com/ubuntu noble/main amd64 glib-networking-services amd64 2.80.0-1build1 [12.8 kB]
2026-10-08T15:13:26.6969394Z Get:6 http://azure.archive.ubuntu.com/ubuntu noble/main amd64 session-migration amd64 0.3.9build1 [9034 B]
2026-10-08T15:13:26.7310780Z Get:7 http://azure.archive.ubuntu.com/ubuntu noble-updates/main amd64 gsettings-desktop-schemas all 46.1-0ubuntu1 [35.6 kB]
2026-10-08T15:13:26.7653210Z Get:8 http://azure.archive.ubuntu.com/ubuntu noble/main amd64 glib-networking amd64 2.80.0-1build1 [64.1 kB]
2026-10-08T15:13:26.8004607Z Get:9 http://azure.archive.ubuntu.com/ubuntu noble/universe amd64 libunibreak5 amd64 5.1-2build1 [25.0 kB]
2026-10-08T15:13:26.8354103Z Get:10 http://azure.archive.ubuntu.com/ubuntu noble/universe amd64 libass9 amd64 1:0.17.1-2build1 [104 kB]
2026-10-08T15:13:26.8729398Z Get:11 http://azure.archive.ubuntu.com/ubuntu noble/universe amd64 libudfread0 amd64 1.1.2-1build1 [19.0 kB]
2026-10-08T15:13:26.9074330Z Get:12 http://azure.archive.ubuntu.com/ubuntu noble/universe amd64 libbluray2 amd64 1:1.3.4-1build1 [159 kB]
2026-10-08T15:13:26.9426363Z Get:13 http://azure.archive.ubuntu.com/ubuntu noble/universe amd64 libchromaprint1 amd64 1.5.1-5 [30.5 kB]
2026-10-08T15:13:26.9770525Z Get:14 http://azure.archive.ubuntu.com/ubuntu noble/universe amd64 libgme0 amd64 0.6.3-7build1 [134 kB]
2026-10-08T15:13:27.0127359Z Get:15 http://azure.archive.ubuntu.com/ubuntu noble-updates/main amd64 libmpg123-0t64 amd64 1.32.5-1ubuntu1.1 [169 kB]
2026-10-08T15:13:27.0478261Z Get:16 http://azure.archive.ubuntu.com/ubuntu noble/universe amd64 libopenmpt0t64 amd64 0.7.3-1.1build3 [647 kB]
2026-10-08T15:13:27.0850725Z Get:17 http://azure.archive.ubuntu.com/ubuntu noble/universe amd64 libcjson1 amd64 1.7.17-1 [24.8 kB]
2026-10-08T15:13:27.1195848Z Get:18 http://azure.archive.ubuntu.com/ubuntu noble/universe amd64 libmbedcrypto7t64 amd64 2.28.8-1 [209 kB]
2026-10-08T15:13:27.1547373Z Get:19 http://azure.archive.ubuntu.com/ubuntu noble/universe amd64 librist4 amd64 0.2.10+dfsg-2 [74.9 kB]
2026-10-08T15:13:27.2317982Z Get:20 http://azure.archive.ubuntu.com/ubuntu noble/universe amd64 libsrt1.5-gnutls amd64 1.5.3-1build2 [316 kB]
2026-10-08T15:13:27.2676857Z Get:21 http://azure.archive.ubuntu.com/ubuntu noble-updates/main amd64 libssh-gcrypt-4 amd64 0.10.6-2ubuntu0.5 [226 kB]
2026-10-08T15:13:27.3028486Z Get:22 http://azure.archive.ubuntu.com/ubuntu noble/universe amd64 libavformat60 amd64 7:6.1.1-3ubuntu5 [1153 kB]
2026-10-08T15:13:27.3429431Z Get:23 http://azure.archive.ubuntu.com/ubuntu noble/universe amd64 libbs2b0 amd64 3.1.0+dfsg-7build1 [10.6 kB]
2026-10-08T15:13:27.3773542Z Get:24 http://azure.archive.ubuntu.com/ubuntu noble/universe amd64 libflite1 amd64 2.2-6build3 [13.6 MB]
2026-10-08T15:13:27.5527189Z Get:25 http://azure.archive.ubuntu.com/ubuntu noble/universe amd64 libserd-0-0 amd64 0.32.2-1 [43.6 kB]
2026-10-08T15:13:27.5810311Z Get:26 http://azure.archive.ubuntu.com/ubuntu noble/universe amd64 libzix-0-0 amd64 0.4.2-2build1 [23.6 kB]
2026-10-08T15:13:27.6096317Z Get:27 http://azure.archive.ubuntu.com/ubuntu noble/universe amd64 libsord-0-0 amd64 0.16.16-2build1 [15.8 kB]
2026-10-08T15:13:27.6379458Z Get:28 http://azure.archive.ubuntu.com/ubuntu noble/universe amd64 libsratom-0-0 amd64 0.6.16-1build1 [17.3 kB]
2026-10-08T15:13:27.6694968Z Get:29 http://azure.archive.ubuntu.com/ubuntu noble/universe amd64 liblilv-0-0 amd64 0.24.22-1build1 [41.0 kB]
2026-10-08T15:13:27.7054428Z Get:30 http://azure.archive.ubuntu.com/ubuntu noble/universe amd64 libmysofa1 amd64 1.3.2+dfsg-2ubuntu2 [1158 kB]
2026-10-08T15:13:27.7472938Z Get:31 http://azure.archive.ubuntu.com/ubuntu noble/universe amd64 libplacebo338 amd64 6.338.2-2build1 [2654 kB]
2026-10-08T15:13:27.8179775Z Get:32 http://azure.archive.ubuntu.com/ubuntu noble-updates/main amd64 libblas3 amd64 3.12.0-3build1.1 [238 kB]
2026-10-08T15:13:27.8548883Z Get:33 http://azure.archive.ubuntu.com/ubuntu noble-updates/main amd64 liblapack3 amd64 3.12.0-3build1.1 [2646 kB]
2026-10-08T15:13:27.9248144Z Get:34 http://azure.archive.ubuntu.com/ubuntu noble/main amd64 libasyncns0 amd64 0.8-6build4 [11.3 kB]
2026-10-08T15:13:27.9603951Z Get:35 http://azure.archive.ubuntu.com/ubuntu noble/main amd64 libflac12t64 amd64 1.4.3+ds-2.1ubuntu2 [197 kB]
2026-10-08T15:13:27.9973792Z Get:36 http://azure.archive.ubuntu.com/ubuntu noble-updates/main amd64 libsndfile1 amd64 1.2.2-1ubuntu5.24.04.1 [209 kB]
2026-10-08T15:13:28.0343813Z Get:37 http://azure.archive.ubuntu.com/ubuntu noble-updates/main amd64 libpulse0 amd64 1:16.1+dfsg1-2ubuntu10.1 [292 kB]
2026-10-08T15:13:28.0699147Z Get:38 http://azure.archive.ubuntu.com/ubuntu noble/universe amd64 libsphinxbase3t64 amd64 0.8+5prealpha+1-17build2 [126 kB]
2026-10-08T15:13:28.1413433Z Get:39 http://azure.archive.ubuntu.com/ubuntu noble/universe amd64 libpocketsphinx3 amd64 0.8.0+real5prealpha+1-15ubuntu5 [133 kB]
2026-10-08T15:13:28.1699520Z Get:40 http://azure.archive.ubuntu.com/ubuntu noble/universe amd64 libpostproc57 amd64 7:6.1.1-3ubuntu5 [49.9 kB]
2026-10-08T15:13:28.1981810Z Get:41 http://azure.archive.ubuntu.com/ubuntu noble/main amd64 libsamplerate0 amd64 0.2.2-4build1 [1344 kB]
2026-10-08T15:13:28.2385831Z Get:42 http://azure.archive.ubuntu.com/ubuntu noble/universe amd64 librubberband2 amd64 3.3.0+dfsg-2build1 [130 kB]
2026-10-08T15:13:28.2671463Z Get:43 http://azure.archive.ubuntu.com/ubuntu noble/universe amd64 libswscale7 amd64 7:6.1.1-3ubuntu5 [193 kB]
2026-10-08T15:13:28.2963684Z Get:44 http://azure.archive.ubuntu.com/ubuntu noble/universe amd64 libvidstab1.1 amd64 1.1.0-2build1 [38.5 kB]
2026-10-08T15:13:28.3248652Z Get:45 http://azure.archive.ubuntu.com/ubuntu noble/universe amd64 libzimg2 amd64 3.0.5+ds1-1build1 [254 kB]
2026-10-08T15:13:28.3546200Z Get:46 http://azure.archive.ubuntu.com/ubuntu noble/universe amd64 libavfilter9 amd64 7:6.1.1-3ubuntu5 [4235 kB]
2026-10-08T15:13:28.4253572Z Get:47 http://azure.archive.ubuntu.com/ubuntu noble-updates/main amd64 liborc-0.4-0t64 amd64 1:0.4.38-1ubuntu0.1 [207 kB]
2026-10-08T15:13:28.4548807Z Get:48 http://azure.archive.ubuntu.com/ubuntu noble-updates/main amd64 libgstreamer-plugins-base1.0-0 amd64 1.24.2-1ubuntu0.5 [862 kB]
2026-10-08T15:13:28.4920024Z Get:49 http://azure.archive.ubuntu.com/ubuntu noble/universe amd64 gstreamer1.0-libav amd64 1.24.1-1build1 [103 kB]
2026-10-08T15:13:28.5285768Z Get:50 http://azure.archive.ubuntu.com/ubuntu noble/main amd64 libcdparanoia0 amd64 3.10.2+debian-14build3 [48.5 kB]
2026-10-08T15:13:28.5647863Z Get:51 http://azure.archive.ubuntu.com/ubuntu noble/main amd64 libvisual-0.4-0 amd64 0.4.2-2build1 [115 kB]
2026-10-08T15:13:28.6010440Z Get:52 http://azure.archive.ubuntu.com/ubuntu noble-updates/main amd64 gstreamer1.0-plugins-base amd64 1.24.2-1ubuntu0.5 [721 kB]
2026-10-08T15:13:28.6403534Z Get:53 http://azure.archive.ubuntu.com/ubuntu noble/main amd64 libaa1 amd64 1.4p5-51.1 [49.9 kB]
2026-10-08T15:13:28.6724252Z Get:54 http://azure.archive.ubuntu.com/ubuntu noble/main amd64 libraw1394-11 amd64 2.1.2-2build3 [26.2 kB]
2026-10-08T15:13:28.7040705Z Get:55 http://azure.archive.ubuntu.com/ubuntu noble/main amd64 libavc1394-0 amd64 0.5.4-5build3 [15.4 kB]
2026-10-08T15:13:28.7362022Z Get:56 http://azure.archive.ubuntu.com/ubuntu noble-updates/main amd64 libcaca0 amd64 0.99.beta20-4ubuntu0.2 [209 kB]
2026-10-08T15:13:28.8128616Z Get:57 http://azure.archive.ubuntu.com/ubuntu noble/main amd64 libdv4t64 amd64 1.0.0-17.1build1 [63.2 kB]
2026-10-08T15:13:28.8444170Z Get:58 http://azure.archive.ubuntu.com/ubuntu noble-updates/main amd64 libgstreamer-plugins-good1.0-0 amd64 1.24.2-1ubuntu1.8 [34.3 kB]
2026-10-08T15:13:28.8757509Z Get:59 http://azure.archive.ubuntu.com/ubuntu noble/main amd64 libiec61883-0 amd64 1.2.0-6build1 [24.5 kB]
2026-10-08T15:13:28.9074893Z Get:60 http://azure.archive.ubuntu.com/ubuntu noble/main amd64 libshout3 amd64 2.4.6-1build2 [50.3 kB]
2026-10-08T15:13:28.9391683Z Get:61 http://azure.archive.ubuntu.com/ubuntu noble/main amd64 libtag1v5-vanilla amd64 1.13.1-1build1 [326 kB]
2026-10-08T15:13:28.9686388Z Get:62 http://azure.archive.ubuntu.com/ubuntu noble/main amd64 libtag1v5 amd64 1.13.1-1build1 [11.7 kB]
2026-10-08T15:13:28.9964705Z Get:63 http://azure.archive.ubuntu.com/ubuntu noble/main amd64 libv4lconvert0t64 amd64 1.26.1-4build3 [87.6 kB]
2026-10-08T15:13:29.0255093Z Get:64 http://azure.archive.ubuntu.com/ubuntu noble/main amd64 libv4l-0t64 amd64 1.26.1-4build3 [46.9 kB]
2026-10-08T15:13:29.0535621Z Get:65 http://azure.archive.ubuntu.com/ubuntu noble/main amd64 libwavpack1 amd64 5.6.0-1build1 [84.6 kB]
2026-10-08T15:13:29.0821034Z Get:66 http://azure.archive.ubuntu.com/ubuntu noble-updates/main amd64 libsoup-3.0-common all 3.4.4-5ubuntu0.9 [12.3 kB]
2026-10-08T15:13:29.1100409Z Get:67 http://azure.archive.ubuntu.com/ubuntu noble-updates/main amd64 libsoup-3.0-0 amd64 3.4.4-5ubuntu0.9 [291 kB]
2026-10-08T15:13:29.1402758Z Get:68 http://azure.archive.ubuntu.com/ubuntu noble-updates/main amd64 gstreamer1.0-plugins-good amd64 1.24.2-1ubuntu1.8 [2236 kB]
2026-10-08T15:13:29.1897827Z Get:69 http://azure.archive.ubuntu.com/ubuntu noble-updates/main amd64 libabsl20220623t64 amd64 20220623.1-3.1ubuntu3.2 [423 kB]
2026-10-08T15:13:29.2210071Z Get:70 http://azure.archive.ubuntu.com/ubuntu noble/universe amd64 libgav1-1 amd64 0.18.0-1build3 [357 kB]
2026-10-08T15:13:29.2505275Z Get:71 http://azure.archive.ubuntu.com/ubuntu noble/universe amd64 libyuv0 amd64 0.0~git202401110.af6ac82-1 [178 kB]
2026-10-08T15:13:29.2810076Z Get:72 http://azure.archive.ubuntu.com/ubuntu noble/universe amd64 libavif16 amd64 1.0.4-1ubuntu3 [91.2 kB]
2026-10-08T15:13:29.3096673Z Get:73 http://azure.archive.ubuntu.com/ubuntu noble/universe amd64 libavtp0 amd64 0.2.0-1build1 [6414 B]
2026-10-08T15:13:29.3373605Z Get:74 http://azure.archive.ubuntu.com/ubuntu noble/main amd64 libcairo-script-interpreter2 amd64 1.18.0-3build1 [60.3 kB]
2026-10-08T15:13:29.4136010Z Get:75 http://azure.archive.ubuntu.com/ubuntu noble/universe amd64 libdc1394-25 amd64 2.2.6-4build1 [90.1 kB]
2026-10-08T15:13:29.4534485Z Get:76 http://azure.archive.ubuntu.com/ubuntu noble-updates/main amd64 libde265-0 amd64 1.0.15-1ubuntu0.1 [167 kB]
2026-10-08T15:13:29.4819297Z Get:77 http://azure.archive.ubuntu.com/ubuntu noble/main amd64 libdecor-0-0 amd64 0.2.2-1build2 [16.5 kB]
2026-10-08T15:13:29.5159441Z Get:78 http://azure.archive.ubuntu.com/ubuntu noble/main amd64 libgles2 amd64 1.7.0-1build1 [17.1 kB]
2026-10-08T15:13:29.5500654Z Get:79 http://azure.archive.ubuntu.com/ubuntu noble/universe amd64 libdirectfb-1.7-7t64 amd64 1.7.7-11.1ubuntu2 [1035 kB]
2026-10-08T15:13:29.5879027Z Get:80 http://azure.archive.ubuntu.com/ubuntu noble/universe amd64 libdvdread8t64 amd64 6.1.3-1.1build1 [54.7 kB]
2026-10-08T15:13:29.6221774Z Get:81 http://azure.archive.ubuntu.com/ubuntu noble/universe amd64 libdvdnav4 amd64 6.1.1-3build1 [39.5 kB]
2026-10-08T15:13:29.6502232Z Get:82 http://azure.archive.ubuntu.com/ubuntu noble-updates/main amd64 libegl-mesa0 amd64 25.2.8-0ubuntu0.24.04.4 [117 kB]
2026-10-08T15:13:29.6826503Z Get:83 http://azure.archive.ubuntu.com/ubuntu noble-updates/main amd64 libevent-2.1-7t64 amd64 2.1.12-stable-9ubuntu2.2 [146 kB]
2026-10-08T15:13:29.7112720Z Get:84 http://azure.archive.ubuntu.com/ubuntu noble/universe amd64 libfaad2 amd64 2.11.1-1build1 [207 kB]
2026-10-08T15:13:29.7441559Z Get:85 http://azure.archive.ubuntu.com/ubuntu noble/universe amd64 libinstpatch-1.0-2 amd64 1.1.6-1build2 [251 kB]
2026-10-08T15:13:29.7797399Z Get:86 http://azure.archive.ubuntu.com/ubuntu noble/main amd64 libjack-jackd2-0 amd64 1.9.21~dfsg-3ubuntu3 [289 kB]
2026-10-08T15:13:29.8172689Z Get:87 http://azure.archive.ubuntu.com/ubuntu noble/main amd64 libwebrtc-audio-processing1 amd64 0.3.1-0ubuntu6 [290 kB]
2026-10-08T15:13:29.8543660Z Get:88 http://azure.archive.ubuntu.com/ubuntu noble-updates/main amd64 libspa-0.2-modules amd64 1.0.5-1ubuntu3.3 [628 kB]
2026-10-08T15:13:29.8985646Z Get:89 http://azure.archive.ubuntu.com/ubuntu noble-updates/main amd64 libpipewire-0.3-0t64 amd64 1.0.5-1ubuntu3.3 [252 kB]
2026-10-08T15:13:29.9352599Z Get:90 http://azure.archive.ubuntu.com/ubuntu noble-updates/main amd64 libsdl2-2.0-0 amd64 2.30.0+dfsg-1ubuntu3.1 [686 kB]
2026-10-08T15:13:29.9807281Z Get:91 http://azure.archive.ubuntu.com/ubuntu noble/universe amd64 timgm6mb-soundfont all 1.3-5 [5427 kB]
2026-10-08T15:13:30.1002534Z Get:92 http://azure.archive.ubuntu.com/ubuntu noble/universe amd64 libfluidsynth3 amd64 2.3.4-1build3 [249 kB]
2026-10-08T15:13:30.1330166Z Get:93 http://azure.archive.ubuntu.com/ubuntu noble/main amd64 libfreeaptx0 amd64 0.1.1-2build1 [13.5 kB]
2026-10-08T15:13:30.2054919Z Get:94 http://azure.archive.ubuntu.com/ubuntu noble/main amd64 libgraphene-1.0-0 amd64 1.10.8-3build2 [46.2 kB]
2026-10-08T15:13:30.2335737Z Get:95 http://azure.archive.ubuntu.com/ubuntu noble/main amd64 libgssdp-1.6-0 amd64 1.6.3-1build3 [40.4 kB]
2026-10-08T15:13:30.2616990Z Get:96 http://azure.archive.ubuntu.com/ubuntu noble/main amd64 libegl1 amd64 1.7.0-1build1 [28.7 kB]
2026-10-08T15:13:30.2899043Z Get:97 http://azure.archive.ubuntu.com/ubuntu noble-updates/main amd64 libgstreamer-gl1.0-0 amd64 1.24.2-1ubuntu0.5 [214 kB]
2026-10-08T15:13:30.3247496Z Get:98 http://azure.archive.ubuntu.com/ubuntu noble-updates/main amd64 libgtk-4-common all 4.14.5+ds-0ubuntu0.10 [1497 kB]
2026-10-08T15:13:30.3650450Z Get:99 http://azure.archive.ubuntu.com/ubuntu noble-updates/main amd64 libgtk-4-1 amd64 4.14.5+ds-0ubuntu0.10 [3295 kB]
2026-10-08T15:13:30.4345321Z Get:100 http://azure.archive.ubuntu.com/ubuntu noble/main amd64 libgupnp-1.6-0 amd64 1.6.6-1build3 [92.7 kB]
2026-10-08T15:13:30.4687591Z Get:101 http://azure.archive.ubuntu.com/ubuntu noble/universe amd64 libgupnp-igd-1.6-0 amd64 1.6.0-3build3 [16.5 kB]
2026-10-08T15:13:30.5026705Z Get:102 http://azure.archive.ubuntu.com/ubuntu noble/main amd64 libharfbuzz-icu0 amd64 8.3.0-2build2 [13.3 kB]
2026-10-08T15:13:30.5407655Z Get:103 http://azure.archive.ubuntu.com/ubuntu noble/main amd64 libhyphen0 amd64 2.8.8-7build3 [26.5 kB]
2026-10-08T15:13:30.6038838Z Get:104 http://azure.archive.ubuntu.com/ubuntu noble/universe amd64 libimath-3-1-29t64 amd64 3.1.9-3.1ubuntu2 [72.2 kB]
2026-10-08T15:13:30.7155510Z Get:105 http://azure.archive.ubuntu.com/ubuntu noble/main amd64 liblc3-1 amd64 1.0.4-3build1 [69.7 kB]
2026-10-08T15:13:30.7778783Z Get:106 http://azure.archive.ubuntu.com/ubuntu noble/main amd64 libldacbt-enc2 amd64 2.0.2.3+git20200429+ed310a0-4ubuntu2 [27.1 kB]
2026-10-08T15:13:30.8123295Z Get:107 http://azure.archive.ubuntu.com/ubuntu noble-updates/main amd64 libraptor2-0 amd64 2.0.16-3ubuntu0.1 [165 kB]
2026-10-08T15:13:30.8743232Z Get:108 http://azure.archive.ubuntu.com/ubuntu noble/universe amd64 liblrdf0 amd64 0.6.1-4build1 [18.5 kB]
2026-10-08T15:13:30.9062578Z Get:109 http://azure.archive.ubuntu.com/ubuntu noble/universe amd64 libltc11 amd64 1.3.2-1build1 [13.0 kB]
2026-10-08T15:13:30.9380764Z Get:110 http://azure.archive.ubuntu.com/ubuntu noble/main amd64 libmanette-0.2-0 amd64 0.2.7-1build2 [30.6 kB]
2026-10-08T15:13:30.9707825Z Get:111 http://azure.archive.ubuntu.com/ubuntu noble/universe amd64 libmfx1 amd64 22.5.4-1 [3124 kB]
2026-10-08T15:13:31.1167817Z Get:112 http://azure.archive.ubuntu.com/ubuntu noble/universe amd64 libmjpegutils-2.1-0t64 amd64 1:2.1.0+debian-8.1build1 [25.5 kB]
2026-10-08T15:13:31.1488144Z Get:113 http://azure.archive.ubuntu.com/ubuntu noble/universe amd64 libmodplug1 amd64 1:0.8.9.0-3build1 [166 kB]
2026-10-08T15:13:31.1846714Z Get:114 http://azure.archive.ubuntu.com/ubuntu noble/universe amd64 libmpcdec6 amd64 2:0.1~r495-2build1 [32.7 kB]
2026-10-08T15:13:31.2164127Z Get:115 http://azure.archive.ubuntu.com/ubuntu noble/universe amd64 libmpeg2encpp-2.1-0t64 amd64 1:2.1.0+debian-8.1build1 [75.6 kB]
2026-10-08T15:13:31.2483667Z Get:116 http://azure.archive.ubuntu.com/ubuntu noble/universe amd64 libmplex2-2.1-0t64 amd64 1:2.1.0+debian-8.1build1 [46.1 kB]
2026-10-08T15:13:31.2801020Z Get:117 http://azure.archive.ubuntu.com/ubuntu noble/universe amd64 libneon27t64 amd64 0.33.0-1.1build3 [102 kB]
2026-10-08T15:13:31.3431506Z Get:118 http://azure.archive.ubuntu.com/ubuntu noble/universe amd64 libnice10 amd64 0.1.21-2build3 [157 kB]
2026-10-08T15:13:31.4900049Z Get:119 http://azure.archive.ubuntu.com/ubuntu noble/universe amd64 libopenal-data all 1:1.23.1-4build1 [161 kB]
2026-10-08T15:13:31.5444219Z Get:120 http://azure.archive.ubuntu.com/ubuntu noble/universe amd64 libopenexr-3-1-30 amd64 3.1.5-5.1build3 [1004 kB]
2026-10-08T15:13:31.6980182Z Get:121 http://azure.archive.ubuntu.com/ubuntu noble/universe amd64 libopenh264-7 amd64 2.4.1+dfsg-1 [409 kB]
2026-10-08T15:13:31.7362470Z Get:122 http://azure.archive.ubuntu.com/ubuntu noble/universe amd64 libopenni2-0 amd64 2.2.0.33+dfsg-18 [370 kB]
2026-10-08T15:13:31.7738255Z Get:123 http://azure.archive.ubuntu.com/ubuntu noble/universe amd64 libqrencode4 amd64 4.1.1-1build2 [25.0 kB]
2026-10-08T15:13:31.8053035Z Get:124 http://azure.archive.ubuntu.com/ubuntu noble/main amd64 libsecret-common all 0.21.4-1build3 [4962 B]
2026-10-08T15:13:31.8415305Z Get:125 http://azure.archive.ubuntu.com/ubuntu noble/main amd64 libsecret-1-0 amd64 0.21.4-1build3 [116 kB]
2026-10-08T15:13:31.8871622Z Get:126 http://azure.archive.ubuntu.com/ubuntu noble/universe amd64 libsndio7.0 amd64 1.9.0-0.3build3 [29.6 kB]
2026-10-08T15:13:31.9251201Z Get:127 http://azure.archive.ubuntu.com/ubuntu noble/universe amd64 libsoundtouch1 amd64 2.3.2+ds1-1build1 [60.5 kB]
2026-10-08T15:13:31.9608126Z Get:128 http://azure.archive.ubuntu.com/ubuntu noble/universe amd64 libspandsp2t64 amd64 0.0.6+dfsg-2.1build1 [311 kB]
2026-10-08T15:13:31.9939169Z Get:129 http://azure.archive.ubuntu.com/ubuntu noble/universe amd64 libsrtp2-1 amd64 2.5.0-3build1 [41.9 kB]
2026-10-08T15:13:32.0253456Z Get:130 http://azure.archive.ubuntu.com/ubuntu noble/main amd64 libwayland-server0 amd64 1.22.0-2.1build1 [33.9 kB]
2026-10-08T15:13:32.0566363Z Get:131 http://azure.archive.ubuntu.com/ubuntu noble/universe amd64 libwildmidi2 amd64 0.4.3-1build3 [68.5 kB]
2026-10-08T15:13:32.0883440Z Get:132 http://azure.archive.ubuntu.com/ubuntu noble/main amd64 libwoff1 amd64 1.0.2-2build1 [45.3 kB]
2026-10-08T15:13:32.1243833Z Get:133 http://azure.archive.ubuntu.com/ubuntu noble/main amd64 libxcb-xkb1 amd64 1.15-1ubuntu2 [32.3 kB]
2026-10-08T15:13:32.1597208Z Get:134 http://azure.archive.ubuntu.com/ubuntu noble/main amd64 libxkbcommon-x11-0 amd64 1.6.0-1build1 [14.5 kB]
2026-10-08T15:13:32.1950915Z Get:135 http://azure.archive.ubuntu.com/ubuntu noble/universe amd64 libzbar0t64 amd64 0.23.93-4build3 [123 kB]
2026-10-08T15:13:32.2309343Z Get:136 http://azure.archive.ubuntu.com/ubuntu noble/universe amd64 libzxing3 amd64 2.2.1-3 [583 kB]
2026-10-08T15:13:32.2695069Z Get:137 http://azure.archive.ubuntu.com/ubuntu noble/universe amd64 libgstreamer-plugins-bad1.0-0 amd64 1.24.2-1ubuntu4 [797 kB]
2026-10-08T15:13:32.3084127Z Get:138 http://azure.archive.ubuntu.com/ubuntu noble/universe amd64 libdca0 amd64 0.0.7-2build1 [93.8 kB]
2026-10-08T15:13:32.3859814Z Get:139 http://azure.archive.ubuntu.com/ubuntu noble/universe amd64 libopenal1 amd64 1:1.23.1-4build1 [540 kB]
2026-10-08T15:13:32.4229350Z Get:140 http://azure.archive.ubuntu.com/ubuntu noble/main amd64 libsbc1 amd64 2.0-1build1 [33.9 kB]
2026-10-08T15:13:32.4546818Z Get:141 http://azure.archive.ubuntu.com/ubuntu noble/universe amd64 libvo-aacenc0 amd64 0.1.3-2build1 [67.8 kB]
2026-10-08T15:13:32.4884080Z Get:142 http://azure.archive.ubuntu.com/ubuntu noble/universe amd64 libvo-amrwbenc0 amd64 0.1.3-2build1 [76.7 kB]
2026-10-08T15:13:32.5201830Z Get:143 http://azure.archive.ubuntu.com/ubuntu noble/universe amd64 gstreamer1.0-plugins-bad amd64 1.24.2-1ubuntu4 [3081 kB]
2026-10-08T15:13:32.8217119Z Fetched 65.5 MB in 6s (10.5 MB/s)
2026-10-08T15:13:32.8415568Z (Reading database ... 
2026-10-08T15:13:32.8415892Z (Reading database ... 5%
2026-10-08T15:13:32.8416085Z (Reading database ... 10%
2026-10-08T15:13:32.8416244Z (Reading database ... 15%
2026-10-08T15:13:32.8416399Z (Reading database ... 20%
2026-10-08T15:13:32.8416549Z (Reading database ... 25%
2026-10-08T15:13:32.8416703Z (Reading database ... 30%
2026-10-08T15:13:32.8416883Z (Reading database ... 35%
2026-10-08T15:13:32.8417028Z (Reading database ... 40%
2026-10-08T15:13:32.8417178Z (Reading database ... 45%
2026-10-08T15:13:32.8417324Z (Reading database ... 50%
2026-10-08T15:13:32.8431554Z (Reading database ... 55%
2026-10-08T15:13:32.8498015Z (Reading database ... 60%
2026-10-08T15:13:32.8517465Z (Reading database ... 65%
2026-10-08T15:13:32.8531692Z (Reading database ... 70%
2026-10-08T15:13:32.8557097Z (Reading database ... 75%
2026-10-08T15:13:32.8578951Z (Reading database ... 80%
2026-10-08T15:13:32.8684730Z (Reading database ... 85%
2026-10-08T15:13:32.8849082Z (Reading database ... 90%
2026-10-08T15:13:32.8923855Z (Reading database ... 95%
2026-10-08T15:13:32.8924142Z (Reading database ... 100%
2026-10-08T15:13:32.8924538Z (Reading database ... 203665 files and directories currently installed.)
2026-10-08T15:13:32.8960095Z Preparing to unpack .../000-libpng16-16t64_1.6.43-5ubuntu0.7_amd64.deb ...
2026-10-08T15:13:32.8985551Z Unpacking libpng16-16t64:amd64 (1.6.43-5ubuntu0.7) over (1.6.43-5ubuntu0.6) ...
2026-10-08T15:13:32.9317043Z Selecting previously unselected package libproxy1v5:amd64.
2026-10-08T15:13:32.9431698Z Preparing to unpack .../001-libproxy1v5_0.5.4-4build1_amd64.deb ...
2026-10-08T15:13:32.9447153Z Unpacking libproxy1v5:amd64 (0.5.4-4build1) ...
2026-10-08T15:13:32.9716715Z Selecting previously unselected package glib-networking-common.
2026-10-08T15:13:32.9832034Z Preparing to unpack .../002-glib-networking-common_2.80.0-1build1_all.deb ...
2026-10-08T15:13:32.9982024Z Unpacking glib-networking-common (2.80.0-1build1) ...
2026-10-08T15:13:33.0318806Z Selecting previously unselected package glib-networking-services.
2026-10-08T15:13:33.0421791Z Preparing to unpack .../003-glib-networking-services_2.80.0-1build1_amd64.deb ...
2026-10-08T15:13:33.0431136Z Unpacking glib-networking-services (2.80.0-1build1) ...
2026-10-08T15:13:33.0609803Z Selecting previously unselected package session-migration.
2026-10-08T15:13:33.0712908Z Preparing to unpack .../004-session-migration_0.3.9build1_amd64.deb ...
2026-10-08T15:13:33.0719512Z Unpacking session-migration (0.3.9build1) ...
2026-10-08T15:13:33.0907977Z Selecting previously unselected package gsettings-desktop-schemas.
2026-10-08T15:13:33.1017913Z Preparing to unpack .../005-gsettings-desktop-schemas_46.1-0ubuntu1_all.deb ...
2026-10-08T15:13:33.1052676Z Unpacking gsettings-desktop-schemas (46.1-0ubuntu1) ...
2026-10-08T15:13:33.1278597Z Selecting previously unselected package glib-networking:amd64.
2026-10-08T15:13:33.1375505Z Preparing to unpack .../006-glib-networking_2.80.0-1build1_amd64.deb ...
2026-10-08T15:13:33.1382124Z Unpacking glib-networking:amd64 (2.80.0-1build1) ...
2026-10-08T15:13:33.1571474Z Selecting previously unselected package libunibreak5:amd64.
2026-10-08T15:13:33.1666339Z Preparing to unpack .../007-libunibreak5_5.1-2build1_amd64.deb ...
2026-10-08T15:13:33.1674875Z Unpacking libunibreak5:amd64 (5.1-2build1) ...
2026-10-08T15:13:33.1857750Z Selecting previously unselected package libass9:amd64.
2026-10-08T15:13:33.1952405Z Preparing to unpack .../008-libass9_1%3a0.17.1-2build1_amd64.deb ...
2026-10-08T15:13:33.1958697Z Unpacking libass9:amd64 (1:0.17.1-2build1) ...
2026-10-08T15:13:33.2247249Z Selecting previously unselected package libudfread0:amd64.
2026-10-08T15:13:33.2340261Z Preparing to unpack .../009-libudfread0_1.1.2-1build1_amd64.deb ...
2026-10-08T15:13:33.2346316Z Unpacking libudfread0:amd64 (1.1.2-1build1) ...
2026-10-08T15:13:33.2548862Z Selecting previously unselected package libbluray2:amd64.
2026-10-08T15:13:33.2641996Z Preparing to unpack .../010-libbluray2_1%3a1.3.4-1build1_amd64.deb ...
2026-10-08T15:13:33.2647218Z Unpacking libbluray2:amd64 (1:1.3.4-1build1) ...
2026-10-08T15:13:33.2821884Z Selecting previously unselected package libchromaprint1:amd64.
2026-10-08T15:13:33.2913912Z Preparing to unpack .../011-libchromaprint1_1.5.1-5_amd64.deb ...
2026-10-08T15:13:33.2920903Z Unpacking libchromaprint1:amd64 (1.5.1-5) ...
2026-10-08T15:13:33.3085683Z Selecting previously unselected package libgme0:amd64.
2026-10-08T15:13:33.3179229Z Preparing to unpack .../012-libgme0_0.6.3-7build1_amd64.deb ...
2026-10-08T15:13:33.3252926Z Unpacking libgme0:amd64 (0.6.3-7build1) ...
2026-10-08T15:13:33.3472111Z Selecting previously unselected package libmpg123-0t64:amd64.
2026-10-08T15:13:33.3564529Z Preparing to unpack .../013-libmpg123-0t64_1.32.5-1ubuntu1.1_amd64.deb ...
2026-10-08T15:13:33.3571109Z Unpacking libmpg123-0t64:amd64 (1.32.5-1ubuntu1.1) ...
2026-10-08T15:13:33.3763084Z Selecting previously unselected package libopenmpt0t64:amd64.
2026-10-08T15:13:33.3858159Z Preparing to unpack .../014-libopenmpt0t64_0.7.3-1.1build3_amd64.deb ...
2026-10-08T15:13:33.3863981Z Unpacking libopenmpt0t64:amd64 (0.7.3-1.1build3) ...
2026-10-08T15:13:33.4083697Z Selecting previously unselected package libcjson1:amd64.
2026-10-08T15:13:33.4180129Z Preparing to unpack .../015-libcjson1_1.7.17-1_amd64.deb ...
2026-10-08T15:13:33.4186478Z Unpacking libcjson1:amd64 (1.7.17-1) ...
2026-10-08T15:13:33.4543589Z Selecting previously unselected package libmbedcrypto7t64:amd64.
2026-10-08T15:13:33.4639728Z Preparing to unpack .../016-libmbedcrypto7t64_2.28.8-1_amd64.deb ...
2026-10-08T15:13:33.4645235Z Unpacking libmbedcrypto7t64:amd64 (2.28.8-1) ...
2026-10-08T15:13:33.4833345Z Selecting previously unselected package librist4:amd64.
2026-10-08T15:13:33.4929073Z Preparing to unpack .../017-librist4_0.2.10+dfsg-2_amd64.deb ...
2026-10-08T15:13:33.4935097Z Unpacking librist4:amd64 (0.2.10+dfsg-2) ...
2026-10-08T15:13:33.5106684Z Selecting previously unselected package libsrt1.5-gnutls:amd64.
2026-10-08T15:13:33.5202410Z Preparing to unpack .../018-libsrt1.5-gnutls_1.5.3-1build2_amd64.deb ...
2026-10-08T15:13:33.5209288Z Unpacking libsrt1.5-gnutls:amd64 (1.5.3-1build2) ...
2026-10-08T15:13:33.5469210Z Selecting previously unselected package libssh-gcrypt-4:amd64.
2026-10-08T15:13:33.5563521Z Preparing to unpack .../019-libssh-gcrypt-4_0.10.6-2ubuntu0.5_amd64.deb ...
2026-10-08T15:13:33.5570248Z Unpacking libssh-gcrypt-4:amd64 (0.10.6-2ubuntu0.5) ...
2026-10-08T15:13:33.5757527Z Selecting previously unselected package libavformat60:amd64.
2026-10-08T15:13:33.5852247Z Preparing to unpack .../020-libavformat60_7%3a6.1.1-3ubuntu5_amd64.deb ...
2026-10-08T15:13:33.5857630Z Unpacking libavformat60:amd64 (7:6.1.1-3ubuntu5) ...
2026-10-08T15:13:33.6175359Z Selecting previously unselected package libbs2b0:amd64.
2026-10-08T15:13:33.6267874Z Preparing to unpack .../021-libbs2b0_3.1.0+dfsg-7build1_amd64.deb ...
2026-10-08T15:13:33.6273546Z Unpacking libbs2b0:amd64 (3.1.0+dfsg-7build1) ...
2026-10-08T15:13:33.6662835Z Selecting previously unselected package libflite1:amd64.
2026-10-08T15:13:33.6755105Z Preparing to unpack .../022-libflite1_2.2-6build3_amd64.deb ...
2026-10-08T15:13:33.6761132Z Unpacking libflite1:amd64 (2.2-6build3) ...
2026-10-08T15:13:33.8755457Z Selecting previously unselected package libserd-0-0:amd64.
2026-10-08T15:13:33.8867951Z Preparing to unpack .../023-libserd-0-0_0.32.2-1_amd64.deb ...
2026-10-08T15:13:33.8875982Z Unpacking libserd-0-0:amd64 (0.32.2-1) ...
2026-10-08T15:13:33.9064001Z Selecting previously unselected package libzix-0-0:amd64.
2026-10-08T15:13:33.9163519Z Preparing to unpack .../024-libzix-0-0_0.4.2-2build1_amd64.deb ...
2026-10-08T15:13:33.9172671Z Unpacking libzix-0-0:amd64 (0.4.2-2build1) ...
2026-10-08T15:13:33.9470791Z Selecting previously unselected package libsord-0-0:amd64.
2026-10-08T15:13:33.9571552Z Preparing to unpack .../025-libsord-0-0_0.16.16-2build1_amd64.deb ...
2026-10-08T15:13:33.9577805Z Unpacking libsord-0-0:amd64 (0.16.16-2build1) ...
2026-10-08T15:13:33.9751683Z Selecting previously unselected package libsratom-0-0:amd64.
2026-10-08T15:13:33.9851142Z Preparing to unpack .../026-libsratom-0-0_0.6.16-1build1_amd64.deb ...
2026-10-08T15:13:33.9857931Z Unpacking libsratom-0-0:amd64 (0.6.16-1build1) ...
2026-10-08T15:13:34.0027469Z Selecting previously unselected package liblilv-0-0:amd64.
2026-10-08T15:13:34.0125147Z Preparing to unpack .../027-liblilv-0-0_0.24.22-1build1_amd64.deb ...
2026-10-08T15:13:34.0132265Z Unpacking liblilv-0-0:amd64 (0.24.22-1build1) ...
2026-10-08T15:13:34.0327430Z Selecting previously unselected package libmysofa1:amd64.
2026-10-08T15:13:34.0430358Z Preparing to unpack .../028-libmysofa1_1.3.2+dfsg-2ubuntu2_amd64.deb ...
2026-10-08T15:13:34.0437289Z Unpacking libmysofa1:amd64 (1.3.2+dfsg-2ubuntu2) ...
2026-10-08T15:13:34.0808505Z Selecting previously unselected package libplacebo338:amd64.
2026-10-08T15:13:34.0904591Z Preparing to unpack .../029-libplacebo338_6.338.2-2build1_amd64.deb ...
2026-10-08T15:13:34.0911669Z Unpacking libplacebo338:amd64 (6.338.2-2build1) ...
2026-10-08T15:13:34.1869052Z Selecting previously unselected package libblas3:amd64.
2026-10-08T15:13:34.1965953Z Preparing to unpack .../030-libblas3_3.12.0-3build1.1_amd64.deb ...
2026-10-08T15:13:34.1994873Z Unpacking libblas3:amd64 (3.12.0-3build1.1) ...
2026-10-08T15:13:34.2205012Z Selecting previously unselected package liblapack3:amd64.
2026-10-08T15:13:34.2300582Z Preparing to unpack .../031-liblapack3_3.12.0-3build1.1_amd64.deb ...
2026-10-08T15:13:34.2329066Z Unpacking liblapack3:amd64 (3.12.0-3build1.1) ...
2026-10-08T15:13:34.3289036Z Selecting previously unselected package libasyncns0:amd64.
2026-10-08T15:13:34.3386093Z Preparing to unpack .../032-libasyncns0_0.8-6build4_amd64.deb ...
2026-10-08T15:13:34.3393569Z Unpacking libasyncns0:amd64 (0.8-6build4) ...
2026-10-08T15:13:34.3573344Z Selecting previously unselected package libflac12t64:amd64.
2026-10-08T15:13:34.3670894Z Preparing to unpack .../033-libflac12t64_1.4.3+ds-2.1ubuntu2_amd64.deb ...
2026-10-08T15:13:34.3678119Z Unpacking libflac12t64:amd64 (1.4.3+ds-2.1ubuntu2) ...
2026-10-08T15:13:34.3886965Z Selecting previously unselected package libsndfile1:amd64.
2026-10-08T15:13:34.3985710Z Preparing to unpack .../034-libsndfile1_1.2.2-1ubuntu5.24.04.1_amd64.deb ...
2026-10-08T15:13:34.3992231Z Unpacking libsndfile1:amd64 (1.2.2-1ubuntu5.24.04.1) ...
2026-10-08T15:13:34.4390963Z Selecting previously unselected package libpulse0:amd64.
2026-10-08T15:13:34.4490127Z Preparing to unpack .../035-libpulse0_1%3a16.1+dfsg1-2ubuntu10.1_amd64.deb ...
2026-10-08T15:13:34.4546803Z Unpacking libpulse0:amd64 (1:16.1+dfsg1-2ubuntu10.1) ...
2026-10-08T15:13:34.4759689Z Selecting previously unselected package libsphinxbase3t64:amd64.
2026-10-08T15:13:34.4856817Z Preparing to unpack .../036-libsphinxbase3t64_0.8+5prealpha+1-17build2_amd64.deb ...
2026-10-08T15:13:34.4863385Z Unpacking libsphinxbase3t64:amd64 (0.8+5prealpha+1-17build2) ...
2026-10-08T15:13:34.5049281Z Selecting previously unselected package libpocketsphinx3:amd64.
2026-10-08T15:13:34.5144179Z Preparing to unpack .../037-libpocketsphinx3_0.8.0+real5prealpha+1-15ubuntu5_amd64.deb ...
2026-10-08T15:13:34.5150960Z Unpacking libpocketsphinx3:amd64 (0.8.0+real5prealpha+1-15ubuntu5) ...
2026-10-08T15:13:34.5465438Z Selecting previously unselected package libpostproc57:amd64.
2026-10-08T15:13:34.5563710Z Preparing to unpack .../038-libpostproc57_7%3a6.1.1-3ubuntu5_amd64.deb ...
2026-10-08T15:13:34.5570034Z Unpacking libpostproc57:amd64 (7:6.1.1-3ubuntu5) ...
2026-10-08T15:13:34.5756746Z Selecting previously unselected package libsamplerate0:amd64.
2026-10-08T15:13:34.5854837Z Preparing to unpack .../039-libsamplerate0_0.2.2-4build1_amd64.deb ...
2026-10-08T15:13:34.5861677Z Unpacking libsamplerate0:amd64 (0.2.2-4build1) ...
2026-10-08T15:13:34.6075905Z Selecting previously unselected package librubberband2:amd64.
2026-10-08T15:13:34.6175007Z Preparing to unpack .../040-librubberband2_3.3.0+dfsg-2build1_amd64.deb ...
2026-10-08T15:13:34.6181280Z Unpacking librubberband2:amd64 (3.3.0+dfsg-2build1) ...
2026-10-08T15:13:34.6367485Z Selecting previously unselected package libswscale7:amd64.
2026-10-08T15:13:34.6464464Z Preparing to unpack .../041-libswscale7_7%3a6.1.1-3ubuntu5_amd64.deb ...
2026-10-08T15:13:34.6651926Z Unpacking libswscale7:amd64 (7:6.1.1-3ubuntu5) ...
2026-10-08T15:13:34.6978580Z Selecting previously unselected package libvidstab1.1:amd64.
2026-10-08T15:13:34.7074432Z Preparing to unpack .../042-libvidstab1.1_1.1.0-2build1_amd64.deb ...
2026-10-08T15:13:34.7083914Z Unpacking libvidstab1.1:amd64 (1.1.0-2build1) ...
2026-10-08T15:13:34.7261204Z Selecting previously unselected package libzimg2:amd64.
2026-10-08T15:13:34.7355976Z Preparing to unpack .../043-libzimg2_3.0.5+ds1-1build1_amd64.deb ...
2026-10-08T15:13:34.7363814Z Unpacking libzimg2:amd64 (3.0.5+ds1-1build1) ...
2026-10-08T15:13:34.7601776Z Selecting previously unselected package libavfilter9:amd64.
2026-10-08T15:13:34.7695965Z Preparing to unpack .../044-libavfilter9_7%3a6.1.1-3ubuntu5_amd64.deb ...
2026-10-08T15:13:34.7846708Z Unpacking libavfilter9:amd64 (7:6.1.1-3ubuntu5) ...
2026-10-08T15:13:34.9058749Z Selecting previously unselected package liborc-0.4-0t64:amd64.
2026-10-08T15:13:34.9154702Z Preparing to unpack .../045-liborc-0.4-0t64_1%3a0.4.38-1ubuntu0.1_amd64.deb ...
2026-10-08T15:13:34.9161573Z Unpacking liborc-0.4-0t64:amd64 (1:0.4.38-1ubuntu0.1) ...
2026-10-08T15:13:34.9362167Z Selecting previously unselected package libgstreamer-plugins-base1.0-0:amd64.
2026-10-08T15:13:34.9459159Z Preparing to unpack .../046-libgstreamer-plugins-base1.0-0_1.24.2-1ubuntu0.5_amd64.deb ...
2026-10-08T15:13:34.9466857Z Unpacking libgstreamer-plugins-base1.0-0:amd64 (1.24.2-1ubuntu0.5) ...
2026-10-08T15:13:34.9796098Z Selecting previously unselected package gstreamer1.0-libav:amd64.
2026-10-08T15:13:34.9891580Z Preparing to unpack .../047-gstreamer1.0-libav_1.24.1-1build1_amd64.deb ...
2026-10-08T15:13:34.9898521Z Unpacking gstreamer1.0-libav:amd64 (1.24.1-1build1) ...
2026-10-08T15:13:35.0255976Z Selecting previously unselected package libcdparanoia0:amd64.
2026-10-08T15:13:35.0351291Z Preparing to unpack .../048-libcdparanoia0_3.10.2+debian-14build3_amd64.deb ...
2026-10-08T15:13:35.0357922Z Unpacking libcdparanoia0:amd64 (3.10.2+debian-14build3) ...
2026-10-08T15:13:35.0542929Z Selecting previously unselected package libvisual-0.4-0:amd64.
2026-10-08T15:13:35.0639424Z Preparing to unpack .../049-libvisual-0.4-0_0.4.2-2build1_amd64.deb ...
2026-10-08T15:13:35.0646811Z Unpacking libvisual-0.4-0:amd64 (0.4.2-2build1) ...
2026-10-08T15:13:35.0835541Z Selecting previously unselected package gstreamer1.0-plugins-base:amd64.
2026-10-08T15:13:35.0932584Z Preparing to unpack .../050-gstreamer1.0-plugins-base_1.24.2-1ubuntu0.5_amd64.deb ...
2026-10-08T15:13:35.0939137Z Unpacking gstreamer1.0-plugins-base:amd64 (1.24.2-1ubuntu0.5) ...
2026-10-08T15:13:35.1220288Z Selecting previously unselected package libaa1:amd64.
2026-10-08T15:13:35.1316851Z Preparing to unpack .../051-libaa1_1.4p5-51.1_amd64.deb ...
2026-10-08T15:13:35.1445468Z Unpacking libaa1:amd64 (1.4p5-51.1) ...
2026-10-08T15:13:35.1625036Z Selecting previously unselected package libraw1394-11:amd64.
2026-10-08T15:13:35.1726544Z Preparing to unpack .../052-libraw1394-11_2.1.2-2build3_amd64.deb ...
2026-10-08T15:13:35.2321085Z Unpacking libraw1394-11:amd64 (2.1.2-2build3) ...
2026-10-08T15:13:35.3441895Z Selecting previously unselected package libavc1394-0:amd64.
2026-10-08T15:13:35.3535101Z Preparing to unpack .../053-libavc1394-0_0.5.4-5build3_amd64.deb ...
2026-10-08T15:13:35.3541784Z Unpacking libavc1394-0:amd64 (0.5.4-5build3) ...
2026-10-08T15:13:35.3707571Z Selecting previously unselected package libcaca0:amd64.
2026-10-08T15:13:35.3800482Z Preparing to unpack .../054-libcaca0_0.99.beta20-4ubuntu0.2_amd64.deb ...
2026-10-08T15:13:35.3806594Z Unpacking libcaca0:amd64 (0.99.beta20-4ubuntu0.2) ...
2026-10-08T15:13:35.4001862Z Selecting previously unselected package libdv4t64:amd64.
2026-10-08T15:13:35.4095550Z Preparing to unpack .../055-libdv4t64_1.0.0-17.1build1_amd64.deb ...
2026-10-08T15:13:35.4102386Z Unpacking libdv4t64:amd64 (1.0.0-17.1build1) ...
2026-10-08T15:13:35.4453628Z Selecting previously unselected package libgstreamer-plugins-good1.0-0:amd64.
2026-10-08T15:13:35.4546375Z Preparing to unpack .../056-libgstreamer-plugins-good1.0-0_1.24.2-1ubuntu1.8_amd64.deb ...
2026-10-08T15:13:35.4552726Z Unpacking libgstreamer-plugins-good1.0-0:amd64 (1.24.2-1ubuntu1.8) ...
2026-10-08T15:13:35.4717756Z Selecting previously unselected package libiec61883-0:amd64.
2026-10-08T15:13:35.4811034Z Preparing to unpack .../057-libiec61883-0_1.2.0-6build1_amd64.deb ...
2026-10-08T15:13:35.4817089Z Unpacking libiec61883-0:amd64 (1.2.0-6build1) ...
2026-10-08T15:13:35.4983035Z Selecting previously unselected package libshout3:amd64.
2026-10-08T15:13:35.5074887Z Preparing to unpack .../058-libshout3_2.4.6-1build2_amd64.deb ...
2026-10-08T15:13:35.5081390Z Unpacking libshout3:amd64 (2.4.6-1build2) ...
2026-10-08T15:13:35.5251842Z Selecting previously unselected package libtag1v5-vanilla:amd64.
2026-10-08T15:13:35.5345655Z Preparing to unpack .../059-libtag1v5-vanilla_1.13.1-1build1_amd64.deb ...
2026-10-08T15:13:35.5429356Z Unpacking libtag1v5-vanilla:amd64 (1.13.1-1build1) ...
2026-10-08T15:13:35.5657900Z Selecting previously unselected package libtag1v5:amd64.
2026-10-08T15:13:35.5755380Z Preparing to unpack .../060-libtag1v5_1.13.1-1build1_amd64.deb ...
2026-10-08T15:13:35.5761828Z Unpacking libtag1v5:amd64 (1.13.1-1build1) ...
2026-10-08T15:13:35.5937125Z Selecting previously unselected package libv4lconvert0t64:amd64.
2026-10-08T15:13:35.6032085Z Preparing to unpack .../061-libv4lconvert0t64_1.26.1-4build3_amd64.deb ...
2026-10-08T15:13:35.6038686Z Unpacking libv4lconvert0t64:amd64 (1.26.1-4build3) ...
2026-10-08T15:13:35.6251863Z Selecting previously unselected package libv4l-0t64:amd64.
2026-10-08T15:13:35.6348148Z Preparing to unpack .../062-libv4l-0t64_1.26.1-4build3_amd64.deb ...
2026-10-08T15:13:35.6354747Z Unpacking libv4l-0t64:amd64 (1.26.1-4build3) ...
2026-10-08T15:13:35.6643036Z Selecting previously unselected package libwavpack1:amd64.
2026-10-08T15:13:35.6741243Z Preparing to unpack .../063-libwavpack1_5.6.0-1build1_amd64.deb ...
2026-10-08T15:13:35.6747079Z Unpacking libwavpack1:amd64 (5.6.0-1build1) ...
2026-10-08T15:13:35.6920551Z Selecting previously unselected package libsoup-3.0-common.
2026-10-08T15:13:35.7018873Z Preparing to unpack .../064-libsoup-3.0-common_3.4.4-5ubuntu0.9_all.deb ...
2026-10-08T15:13:35.7025328Z Unpacking libsoup-3.0-common (3.4.4-5ubuntu0.9) ...
2026-10-08T15:13:35.7192667Z Selecting previously unselected package libsoup-3.0-0:amd64.
2026-10-08T15:13:35.7288843Z Preparing to unpack .../065-libsoup-3.0-0_3.4.4-5ubuntu0.9_amd64.deb ...
2026-10-08T15:13:35.7294924Z Unpacking libsoup-3.0-0:amd64 (3.4.4-5ubuntu0.9) ...
2026-10-08T15:13:35.7550859Z Selecting previously unselected package gstreamer1.0-plugins-good:amd64.
2026-10-08T15:13:35.7645445Z Preparing to unpack .../066-gstreamer1.0-plugins-good_1.24.2-1ubuntu1.8_amd64.deb ...
2026-10-08T15:13:35.7651970Z Unpacking gstreamer1.0-plugins-good:amd64 (1.24.2-1ubuntu1.8) ...
2026-10-08T15:13:35.8187882Z Selecting previously unselected package libabsl20220623t64:amd64.
2026-10-08T15:13:35.8308931Z Preparing to unpack .../067-libabsl20220623t64_20220623.1-3.1ubuntu3.2_amd64.deb ...
2026-10-08T15:13:35.8314866Z Unpacking libabsl20220623t64:amd64 (20220623.1-3.1ubuntu3.2) ...
2026-10-08T15:13:35.8915077Z Selecting previously unselected package libgav1-1:amd64.
2026-10-08T15:13:35.9094680Z Preparing to unpack .../068-libgav1-1_0.18.0-1build3_amd64.deb ...
2026-10-08T15:13:35.9101736Z Unpacking libgav1-1:amd64 (0.18.0-1build3) ...
2026-10-08T15:13:35.9547248Z Selecting previously unselected package libyuv0:amd64.
2026-10-08T15:13:35.9648859Z Preparing to unpack .../069-libyuv0_0.0~git202401110.af6ac82-1_amd64.deb ...
2026-10-08T15:13:35.9656038Z Unpacking libyuv0:amd64 (0.0~git202401110.af6ac82-1) ...
2026-10-08T15:13:36.0043917Z Selecting previously unselected package libavif16:amd64.
2026-10-08T15:13:36.0146823Z Preparing to unpack .../070-libavif16_1.0.4-1ubuntu3_amd64.deb ...
2026-10-08T15:13:36.0153216Z Unpacking libavif16:amd64 (1.0.4-1ubuntu3) ...
2026-10-08T15:13:36.0337223Z Selecting previously unselected package libavtp0:amd64.
2026-10-08T15:13:36.0434010Z Preparing to unpack .../071-libavtp0_0.2.0-1build1_amd64.deb ...
2026-10-08T15:13:36.0441635Z Unpacking libavtp0:amd64 (0.2.0-1build1) ...
2026-10-08T15:13:36.0666203Z Selecting previously unselected package libcairo-script-interpreter2:amd64.
2026-10-08T15:13:36.0762706Z Preparing to unpack .../072-libcairo-script-interpreter2_1.18.0-3build1_amd64.deb ...
2026-10-08T15:13:36.0769729Z Unpacking libcairo-script-interpreter2:amd64 (1.18.0-3build1) ...
2026-10-08T15:13:36.1214991Z Selecting previously unselected package libdc1394-25:amd64.
2026-10-08T15:13:36.1311313Z Preparing to unpack .../073-libdc1394-25_2.2.6-4build1_amd64.deb ...
2026-10-08T15:13:36.1319771Z Unpacking libdc1394-25:amd64 (2.2.6-4build1) ...
2026-10-08T15:13:36.1501148Z Selecting previously unselected package libde265-0:amd64.
2026-10-08T15:13:36.1597399Z Preparing to unpack .../074-libde265-0_1.0.15-1ubuntu0.1_amd64.deb ...
2026-10-08T15:13:36.1604238Z Unpacking libde265-0:amd64 (1.0.15-1ubuntu0.1) ...
2026-10-08T15:13:36.2060081Z Selecting previously unselected package libdecor-0-0:amd64.
2026-10-08T15:13:36.2161151Z Preparing to unpack .../075-libdecor-0-0_0.2.2-1build2_amd64.deb ...
2026-10-08T15:13:36.2167945Z Unpacking libdecor-0-0:amd64 (0.2.2-1build2) ...
2026-10-08T15:13:36.2348042Z Selecting previously unselected package libgles2:amd64.
2026-10-08T15:13:36.2448158Z Preparing to unpack .../076-libgles2_1.7.0-1build1_amd64.deb ...
2026-10-08T15:13:36.2454981Z Unpacking libgles2:amd64 (1.7.0-1build1) ...
2026-10-08T15:13:36.2635352Z Selecting previously unselected package libdirectfb-1.7-7t64:amd64.
2026-10-08T15:13:36.2733674Z Preparing to unpack .../077-libdirectfb-1.7-7t64_1.7.7-11.1ubuntu2_amd64.deb ...
2026-10-08T15:13:36.2740691Z Unpacking libdirectfb-1.7-7t64:amd64 (1.7.7-11.1ubuntu2) ...
2026-10-08T15:13:36.3157145Z Selecting previously unselected package libdvdread8t64:amd64.
2026-10-08T15:13:36.3255385Z Preparing to unpack .../078-libdvdread8t64_6.1.3-1.1build1_amd64.deb ...
2026-10-08T15:13:36.3262039Z Unpacking libdvdread8t64:amd64 (6.1.3-1.1build1) ...
2026-10-08T15:13:36.3448012Z Selecting previously unselected package libdvdnav4:amd64.
2026-10-08T15:13:36.3545917Z Preparing to unpack .../079-libdvdnav4_6.1.1-3build1_amd64.deb ...
2026-10-08T15:13:36.3552058Z Unpacking libdvdnav4:amd64 (6.1.1-3build1) ...
2026-10-08T15:13:36.3735955Z Selecting previously unselected package libegl-mesa0:amd64.
2026-10-08T15:13:36.3832549Z Preparing to unpack .../080-libegl-mesa0_25.2.8-0ubuntu0.24.04.4_amd64.deb ...
2026-10-08T15:13:36.3839800Z Unpacking libegl-mesa0:amd64 (25.2.8-0ubuntu0.24.04.4) ...
2026-10-08T15:13:36.5128793Z Selecting previously unselected package libevent-2.1-7t64:amd64.
2026-10-08T15:13:36.5226419Z Preparing to unpack .../081-libevent-2.1-7t64_2.1.12-stable-9ubuntu2.2_amd64.deb ...
2026-10-08T15:13:36.5232920Z Unpacking libevent-2.1-7t64:amd64 (2.1.12-stable-9ubuntu2.2) ...
2026-10-08T15:13:36.5626233Z Selecting previously unselected package libfaad2:amd64.
2026-10-08T15:13:36.5723454Z Preparing to unpack .../082-libfaad2_2.11.1-1build1_amd64.deb ...
2026-10-08T15:13:36.5735301Z Unpacking libfaad2:amd64 (2.11.1-1build1) ...
2026-10-08T15:13:36.5939496Z Selecting previously unselected package libinstpatch-1.0-2:amd64.
2026-10-08T15:13:36.6041537Z Preparing to unpack .../083-libinstpatch-1.0-2_1.1.6-1build2_amd64.deb ...
2026-10-08T15:13:36.6049002Z Unpacking libinstpatch-1.0-2:amd64 (1.1.6-1build2) ...
2026-10-08T15:13:36.6249706Z Selecting previously unselected package libjack-jackd2-0:amd64.
2026-10-08T15:13:36.6348675Z Preparing to unpack .../084-libjack-jackd2-0_1.9.21~dfsg-3ubuntu3_amd64.deb ...
2026-10-08T15:13:36.6355426Z Unpacking libjack-jackd2-0:amd64 (1.9.21~dfsg-3ubuntu3) ...
2026-10-08T15:13:36.6743675Z Selecting previously unselected package libwebrtc-audio-processing1:amd64.
2026-10-08T15:13:36.6845539Z Preparing to unpack .../085-libwebrtc-audio-processing1_0.3.1-0ubuntu6_amd64.deb ...
2026-10-08T15:13:36.6851594Z Unpacking libwebrtc-audio-processing1:amd64 (0.3.1-0ubuntu6) ...
2026-10-08T15:13:36.7036887Z Selecting previously unselected package libspa-0.2-modules:amd64.
2026-10-08T15:13:36.7132796Z Preparing to unpack .../086-libspa-0.2-modules_1.0.5-1ubuntu3.3_amd64.deb ...
2026-10-08T15:13:36.7138169Z Unpacking libspa-0.2-modules:amd64 (1.0.5-1ubuntu3.3) ...
2026-10-08T15:13:36.7386832Z Selecting previously unselected package libpipewire-0.3-0t64:amd64.
2026-10-08T15:13:36.7483495Z Preparing to unpack .../087-libpipewire-0.3-0t64_1.0.5-1ubuntu3.3_amd64.deb ...
2026-10-08T15:13:36.7490071Z Unpacking libpipewire-0.3-0t64:amd64 (1.0.5-1ubuntu3.3) ...
2026-10-08T15:13:36.7868524Z Selecting previously unselected package libsdl2-2.0-0:amd64.
2026-10-08T15:13:36.7969052Z Preparing to unpack .../088-libsdl2-2.0-0_2.30.0+dfsg-1ubuntu3.1_amd64.deb ...
2026-10-08T15:13:36.7975191Z Unpacking libsdl2-2.0-0:amd64 (2.30.0+dfsg-1ubuntu3.1) ...
2026-10-08T15:13:36.8285453Z Selecting previously unselected package timgm6mb-soundfont.
2026-10-08T15:13:36.8384845Z Preparing to unpack .../089-timgm6mb-soundfont_1.3-5_all.deb ...
2026-10-08T15:13:36.8391136Z Unpacking timgm6mb-soundfont (1.3-5) ...
2026-10-08T15:13:37.1557336Z Selecting previously unselected package libfluidsynth3:amd64.
2026-10-08T15:13:37.1654213Z Preparing to unpack .../090-libfluidsynth3_2.3.4-1build3_amd64.deb ...
2026-10-08T15:13:37.1660515Z Unpacking libfluidsynth3:amd64 (2.3.4-1build3) ...
2026-10-08T15:13:37.1848960Z Selecting previously unselected package libfreeaptx0:amd64.
2026-10-08T15:13:37.1944413Z Preparing to unpack .../091-libfreeaptx0_0.1.1-2build1_amd64.deb ...
2026-10-08T15:13:37.1950965Z Unpacking libfreeaptx0:amd64 (0.1.1-2build1) ...
2026-10-08T15:13:37.2121824Z Selecting previously unselected package libgraphene-1.0-0:amd64.
2026-10-08T15:13:37.2217829Z Preparing to unpack .../092-libgraphene-1.0-0_1.10.8-3build2_amd64.deb ...
2026-10-08T15:13:37.2335980Z Unpacking libgraphene-1.0-0:amd64 (1.10.8-3build2) ...
2026-10-08T15:13:37.2510523Z Selecting previously unselected package libgssdp-1.6-0:amd64.
2026-10-08T15:13:37.2606130Z Preparing to unpack .../093-libgssdp-1.6-0_1.6.3-1build3_amd64.deb ...
2026-10-08T15:13:37.2611879Z Unpacking libgssdp-1.6-0:amd64 (1.6.3-1build3) ...
2026-10-08T15:13:37.2778906Z Selecting previously unselected package libegl1:amd64.
2026-10-08T15:13:37.2874544Z Preparing to unpack .../094-libegl1_1.7.0-1build1_amd64.deb ...
2026-10-08T15:13:37.2880586Z Unpacking libegl1:amd64 (1.7.0-1build1) ...
2026-10-08T15:13:37.3051381Z Selecting previously unselected package libgstreamer-gl1.0-0:amd64.
2026-10-08T15:13:37.3146720Z Preparing to unpack .../095-libgstreamer-gl1.0-0_1.24.2-1ubuntu0.5_amd64.deb ...
2026-10-08T15:13:37.3152755Z Unpacking libgstreamer-gl1.0-0:amd64 (1.24.2-1ubuntu0.5) ...
2026-10-08T15:13:37.3445658Z Selecting previously unselected package libgtk-4-common.
2026-10-08T15:13:37.3543248Z Preparing to unpack .../096-libgtk-4-common_4.14.5+ds-0ubuntu0.10_all.deb ...
2026-10-08T15:13:37.3549563Z Unpacking libgtk-4-common (4.14.5+ds-0ubuntu0.10) ...
2026-10-08T15:13:37.4037997Z Selecting previously unselected package libgtk-4-1:amd64.
2026-10-08T15:13:37.4134787Z Preparing to unpack .../097-libgtk-4-1_4.14.5+ds-0ubuntu0.10_amd64.deb ...
2026-10-08T15:13:37.4139888Z Unpacking libgtk-4-1:amd64 (4.14.5+ds-0ubuntu0.10) ...
2026-10-08T15:13:37.6062536Z Selecting previously unselected package libgupnp-1.6-0:amd64.
2026-10-08T15:13:37.6158802Z Preparing to unpack .../098-libgupnp-1.6-0_1.6.6-1build3_amd64.deb ...
2026-10-08T15:13:37.6201385Z Unpacking libgupnp-1.6-0:amd64 (1.6.6-1build3) ...
2026-10-08T15:13:37.6659300Z Selecting previously unselected package libgupnp-igd-1.6-0:amd64.
2026-10-08T15:13:37.6753619Z Preparing to unpack .../099-libgupnp-igd-1.6-0_1.6.0-3build3_amd64.deb ...
2026-10-08T15:13:37.6981321Z Unpacking libgupnp-igd-1.6-0:amd64 (1.6.0-3build3) ...
2026-10-08T15:13:37.7437252Z Selecting previously unselected package libharfbuzz-icu0:amd64.
2026-10-08T15:13:37.7532095Z Preparing to unpack .../100-libharfbuzz-icu0_8.3.0-2build2_amd64.deb ...
2026-10-08T15:13:37.7538985Z Unpacking libharfbuzz-icu0:amd64 (8.3.0-2build2) ...
2026-10-08T15:13:37.7899552Z Selecting previously unselected package libhyphen0:amd64.
2026-10-08T15:13:37.7998044Z Preparing to unpack .../101-libhyphen0_2.8.8-7build3_amd64.deb ...
2026-10-08T15:13:37.8201635Z Unpacking libhyphen0:amd64 (2.8.8-7build3) ...
2026-10-08T15:13:37.8646798Z Selecting previously unselected package libimath-3-1-29t64:amd64.
2026-10-08T15:13:37.8743347Z Preparing to unpack .../102-libimath-3-1-29t64_3.1.9-3.1ubuntu2_amd64.deb ...
2026-10-08T15:13:37.8750129Z Unpacking libimath-3-1-29t64:amd64 (3.1.9-3.1ubuntu2) ...
2026-10-08T15:13:37.9076032Z Selecting previously unselected package liblc3-1:amd64.
2026-10-08T15:13:37.9174160Z Preparing to unpack .../103-liblc3-1_1.0.4-3build1_amd64.deb ...
2026-10-08T15:13:37.9340457Z Unpacking liblc3-1:amd64 (1.0.4-3build1) ...
2026-10-08T15:13:37.9527460Z Selecting previously unselected package libldacbt-enc2:amd64.
2026-10-08T15:13:37.9625828Z Preparing to unpack .../104-libldacbt-enc2_2.0.2.3+git20200429+ed310a0-4ubuntu2_amd64.deb ...
2026-10-08T15:13:37.9632033Z Unpacking libldacbt-enc2:amd64 (2.0.2.3+git20200429+ed310a0-4ubuntu2) ...
2026-10-08T15:13:37.9814988Z Selecting previously unselected package libraptor2-0:amd64.
2026-10-08T15:13:37.9915392Z Preparing to unpack .../105-libraptor2-0_2.0.16-3ubuntu0.1_amd64.deb ...
2026-10-08T15:13:37.9921165Z Unpacking libraptor2-0:amd64 (2.0.16-3ubuntu0.1) ...
2026-10-08T15:13:38.0116813Z Selecting previously unselected package liblrdf0:amd64.
2026-10-08T15:13:38.0215533Z Preparing to unpack .../106-liblrdf0_0.6.1-4build1_amd64.deb ...
2026-10-08T15:13:38.0221854Z Unpacking liblrdf0:amd64 (0.6.1-4build1) ...
2026-10-08T15:13:38.0557023Z Selecting previously unselected package libltc11:amd64.
2026-10-08T15:13:38.0655757Z Preparing to unpack .../107-libltc11_1.3.2-1build1_amd64.deb ...
2026-10-08T15:13:38.0661838Z Unpacking libltc11:amd64 (1.3.2-1build1) ...
2026-10-08T15:13:38.1258640Z Selecting previously unselected package libmanette-0.2-0:amd64.
2026-10-08T15:13:38.1358743Z Preparing to unpack .../108-libmanette-0.2-0_0.2.7-1build2_amd64.deb ...
2026-10-08T15:13:38.1396389Z Unpacking libmanette-0.2-0:amd64 (0.2.7-1build2) ...
2026-10-08T15:13:38.1990410Z Selecting previously unselected package libmfx1:amd64.
2026-10-08T15:13:38.2089303Z Preparing to unpack .../109-libmfx1_22.5.4-1_amd64.deb ...
2026-10-08T15:13:38.2282866Z Unpacking libmfx1:amd64 (22.5.4-1) ...
2026-10-08T15:13:38.5785224Z Selecting previously unselected package libmjpegutils-2.1-0t64:amd64.
2026-10-08T15:13:38.5880982Z Preparing to unpack .../110-libmjpegutils-2.1-0t64_1%3a2.1.0+debian-8.1build1_amd64.deb ...
2026-10-08T15:13:38.5886743Z Unpacking libmjpegutils-2.1-0t64:amd64 (1:2.1.0+debian-8.1build1) ...
2026-10-08T15:13:38.6109271Z Selecting previously unselected package libmodplug1:amd64.
2026-10-08T15:13:38.6205595Z Preparing to unpack .../111-libmodplug1_1%3a0.8.9.0-3build1_amd64.deb ...
2026-10-08T15:13:38.6250871Z Unpacking libmodplug1:amd64 (1:0.8.9.0-3build1) ...
2026-10-08T15:13:38.6703271Z Selecting previously unselected package libmpcdec6:amd64.
2026-10-08T15:13:38.6810708Z Preparing to unpack .../112-libmpcdec6_2%3a0.1~r495-2build1_amd64.deb ...
2026-10-08T15:13:38.6851334Z Unpacking libmpcdec6:amd64 (2:0.1~r495-2build1) ...
2026-10-08T15:13:38.7303011Z Selecting previously unselected package libmpeg2encpp-2.1-0t64:amd64.
2026-10-08T15:13:38.7399323Z Preparing to unpack .../113-libmpeg2encpp-2.1-0t64_1%3a2.1.0+debian-8.1build1_amd64.deb ...
2026-10-08T15:13:38.7404975Z Unpacking libmpeg2encpp-2.1-0t64:amd64 (1:2.1.0+debian-8.1build1) ...
2026-10-08T15:13:38.7753932Z Selecting previously unselected package libmplex2-2.1-0t64:amd64.
2026-10-08T15:13:38.7849433Z Preparing to unpack .../114-libmplex2-2.1-0t64_1%3a2.1.0+debian-8.1build1_amd64.deb ...
2026-10-08T15:13:38.7856667Z Unpacking libmplex2-2.1-0t64:amd64 (1:2.1.0+debian-8.1build1) ...
2026-10-08T15:13:38.8031833Z Selecting previously unselected package libneon27t64:amd64.
2026-10-08T15:13:38.8128681Z Preparing to unpack .../115-libneon27t64_0.33.0-1.1build3_amd64.deb ...
2026-10-08T15:13:38.8134817Z Unpacking libneon27t64:amd64 (0.33.0-1.1build3) ...
2026-10-08T15:13:38.8317927Z Selecting previously unselected package libnice10:amd64.
2026-10-08T15:13:38.8413945Z Preparing to unpack .../116-libnice10_0.1.21-2build3_amd64.deb ...
2026-10-08T15:13:38.8420288Z Unpacking libnice10:amd64 (0.1.21-2build3) ...
2026-10-08T15:13:38.8594849Z Selecting previously unselected package libopenal-data.
2026-10-08T15:13:38.8690700Z Preparing to unpack .../117-libopenal-data_1%3a1.23.1-4build1_all.deb ...
2026-10-08T15:13:38.8696225Z Unpacking libopenal-data (1:1.23.1-4build1) ...
2026-10-08T15:13:38.8880800Z Selecting previously unselected package libopenexr-3-1-30:amd64.
2026-10-08T15:13:38.8976371Z Preparing to unpack .../118-libopenexr-3-1-30_3.1.5-5.1build3_amd64.deb ...
2026-10-08T15:13:38.8981725Z Unpacking libopenexr-3-1-30:amd64 (3.1.5-5.1build3) ...
2026-10-08T15:13:38.9551427Z Selecting previously unselected package libopenh264-7:amd64.
2026-10-08T15:13:38.9648507Z Preparing to unpack .../119-libopenh264-7_2.4.1+dfsg-1_amd64.deb ...
2026-10-08T15:13:38.9655412Z Unpacking libopenh264-7:amd64 (2.4.1+dfsg-1) ...
2026-10-08T15:13:38.9990289Z Selecting previously unselected package libopenni2-0:amd64.
2026-10-08T15:13:39.0088821Z Preparing to unpack .../120-libopenni2-0_2.2.0.33+dfsg-18_amd64.deb ...
2026-10-08T15:13:39.0115235Z Unpacking libopenni2-0:amd64 (2.2.0.33+dfsg-18) ...
2026-10-08T15:13:39.0330005Z Selecting previously unselected package libqrencode4:amd64.
2026-10-08T15:13:39.0429184Z Preparing to unpack .../121-libqrencode4_4.1.1-1build2_amd64.deb ...
2026-10-08T15:13:39.0435479Z Unpacking libqrencode4:amd64 (4.1.1-1build2) ...
2026-10-08T15:13:39.0612160Z Selecting previously unselected package libsecret-common.
2026-10-08T15:13:39.0713394Z Preparing to unpack .../122-libsecret-common_0.21.4-1build3_all.deb ...
2026-10-08T15:13:39.0719580Z Unpacking libsecret-common (0.21.4-1build3) ...
2026-10-08T15:13:39.0892279Z Selecting previously unselected package libsecret-1-0:amd64.
2026-10-08T15:13:39.0990619Z Preparing to unpack .../123-libsecret-1-0_0.21.4-1build3_amd64.deb ...
2026-10-08T15:13:39.0996601Z Unpacking libsecret-1-0:amd64 (0.21.4-1build3) ...
2026-10-08T15:13:39.1272326Z Selecting previously unselected package libsndio7.0:amd64.
2026-10-08T15:13:39.1374786Z Preparing to unpack .../124-libsndio7.0_1.9.0-0.3build3_amd64.deb ...
2026-10-08T15:13:39.1386133Z Unpacking libsndio7.0:amd64 (1.9.0-0.3build3) ...
2026-10-08T15:13:39.1620449Z Selecting previously unselected package libsoundtouch1:amd64.
2026-10-08T15:13:39.1719865Z Preparing to unpack .../125-libsoundtouch1_2.3.2+ds1-1build1_amd64.deb ...
2026-10-08T15:13:39.1725094Z Unpacking libsoundtouch1:amd64 (2.3.2+ds1-1build1) ...
2026-10-08T15:13:39.1991818Z Selecting previously unselected package libspandsp2t64:amd64.
2026-10-08T15:13:39.2094264Z Preparing to unpack .../126-libspandsp2t64_0.0.6+dfsg-2.1build1_amd64.deb ...
2026-10-08T15:13:39.2099870Z Unpacking libspandsp2t64:amd64 (0.0.6+dfsg-2.1build1) ...
2026-10-08T15:13:39.2310161Z Selecting previously unselected package libsrtp2-1:amd64.
2026-10-08T15:13:39.2408222Z Preparing to unpack .../127-libsrtp2-1_2.5.0-3build1_amd64.deb ...
2026-10-08T15:13:39.2412953Z Unpacking libsrtp2-1:amd64 (2.5.0-3build1) ...
2026-10-08T15:13:39.2589685Z Selecting previously unselected package libwayland-server0:amd64.
2026-10-08T15:13:39.2687908Z Preparing to unpack .../128-libwayland-server0_1.22.0-2.1build1_amd64.deb ...
2026-10-08T15:13:39.2782371Z Unpacking libwayland-server0:amd64 (1.22.0-2.1build1) ...
2026-10-08T15:13:39.3027052Z Selecting previously unselected package libwildmidi2:amd64.
2026-10-08T15:13:39.3125430Z Preparing to unpack .../129-libwildmidi2_0.4.3-1build3_amd64.deb ...
2026-10-08T15:13:39.3131184Z Unpacking libwildmidi2:amd64 (0.4.3-1build3) ...
2026-10-08T15:13:39.3305193Z Selecting previously unselected package libwoff1:amd64.
2026-10-08T15:13:39.3403281Z Preparing to unpack .../130-libwoff1_1.0.2-2build1_amd64.deb ...
2026-10-08T15:13:39.3408758Z Unpacking libwoff1:amd64 (1.0.2-2build1) ...
2026-10-08T15:13:39.3588245Z Selecting previously unselected package libxcb-xkb1:amd64.
2026-10-08T15:13:39.3687545Z Preparing to unpack .../131-libxcb-xkb1_1.15-1ubuntu2_amd64.deb ...
2026-10-08T15:13:39.3693040Z Unpacking libxcb-xkb1:amd64 (1.15-1ubuntu2) ...
2026-10-08T15:13:39.3928690Z Selecting previously unselected package libxkbcommon-x11-0:amd64.
2026-10-08T15:13:39.4026504Z Preparing to unpack .../132-libxkbcommon-x11-0_1.6.0-1build1_amd64.deb ...
2026-10-08T15:13:39.4032337Z Unpacking libxkbcommon-x11-0:amd64 (1.6.0-1build1) ...
2026-10-08T15:13:39.4303463Z Selecting previously unselected package libzbar0t64:amd64.
2026-10-08T15:13:39.4400543Z Preparing to unpack .../133-libzbar0t64_0.23.93-4build3_amd64.deb ...
2026-10-08T15:13:39.4406753Z Unpacking libzbar0t64:amd64 (0.23.93-4build3) ...
2026-10-08T15:13:39.4619830Z Selecting previously unselected package libzxing3:amd64.
2026-10-08T15:13:39.4717002Z Preparing to unpack .../134-libzxing3_2.2.1-3_amd64.deb ...
2026-10-08T15:13:39.4770897Z Unpacking libzxing3:amd64 (2.2.1-3) ...
2026-10-08T15:13:39.4977001Z Selecting previously unselected package libgstreamer-plugins-bad1.0-0:amd64.
2026-10-08T15:13:39.5074584Z Preparing to unpack .../135-libgstreamer-plugins-bad1.0-0_1.24.2-1ubuntu4_amd64.deb ...
2026-10-08T15:13:39.5080764Z Unpacking libgstreamer-plugins-bad1.0-0:amd64 (1.24.2-1ubuntu4) ...
2026-10-08T15:13:39.5381661Z Selecting previously unselected package libdca0:amd64.
2026-10-08T15:13:39.5482688Z Preparing to unpack .../136-libdca0_0.0.7-2build1_amd64.deb ...
2026-10-08T15:13:39.5488760Z Unpacking libdca0:amd64 (0.0.7-2build1) ...
2026-10-08T15:13:39.5677821Z Selecting previously unselected package libopenal1:amd64.
2026-10-08T15:13:39.5773950Z Preparing to unpack .../137-libopenal1_1%3a1.23.1-4build1_amd64.deb ...
2026-10-08T15:13:39.5780046Z Unpacking libopenal1:amd64 (1:1.23.1-4build1) ...
2026-10-08T15:13:39.5990666Z Selecting previously unselected package libsbc1:amd64.
2026-10-08T15:13:39.6087275Z Preparing to unpack .../138-libsbc1_2.0-1build1_amd64.deb ...
2026-10-08T15:13:39.6093619Z Unpacking libsbc1:amd64 (2.0-1build1) ...
2026-10-08T15:13:39.6267813Z Selecting previously unselected package libvo-aacenc0:amd64.
2026-10-08T15:13:39.6364696Z Preparing to unpack .../139-libvo-aacenc0_0.1.3-2build1_amd64.deb ...
2026-10-08T15:13:39.6371167Z Unpacking libvo-aacenc0:amd64 (0.1.3-2build1) ...
2026-10-08T15:13:39.6549060Z Selecting previously unselected package libvo-amrwbenc0:amd64.
2026-10-08T15:13:39.6646775Z Preparing to unpack .../140-libvo-amrwbenc0_0.1.3-2build1_amd64.deb ...
2026-10-08T15:13:39.6653127Z Unpacking libvo-amrwbenc0:amd64 (0.1.3-2build1) ...
2026-10-08T15:13:39.6828419Z Selecting previously unselected package gstreamer1.0-plugins-bad:amd64.
2026-10-08T15:13:39.6925235Z Preparing to unpack .../141-gstreamer1.0-plugins-bad_1.24.2-1ubuntu4_amd64.deb ...
2026-10-08T15:13:39.6932056Z Unpacking gstreamer1.0-plugins-bad:amd64 (1.24.2-1ubuntu4) ...
2026-10-08T15:13:39.8302531Z Setting up libgme0:amd64 (0.6.3-7build1) ...
2026-10-08T15:13:39.8323515Z Setting up libchromaprint1:amd64 (1.5.1-5) ...
2026-10-08T15:13:39.8341494Z Setting up libssh-gcrypt-4:amd64 (0.10.6-2ubuntu0.5) ...
2026-10-08T15:13:39.8357353Z Setting up libcairo-script-interpreter2:amd64 (1.18.0-3build1) ...
2026-10-08T15:13:39.8370853Z Setting up libfreeaptx0:amd64 (0.1.1-2build1) ...
2026-10-08T15:13:39.8386249Z Setting up libdvdread8t64:amd64 (6.1.3-1.1build1) ...
2026-10-08T15:13:39.8399816Z Setting up libudfread0:amd64 (1.1.2-1build1) ...
2026-10-08T15:13:39.8412246Z Setting up libmodplug1:amd64 (1:0.8.9.0-3build1) ...
2026-10-08T15:13:39.8429448Z Setting up libcdparanoia0:amd64 (3.10.2+debian-14build3) ...
2026-10-08T15:13:39.8448942Z Setting up libwayland-server0:amd64 (1.22.0-2.1build1) ...
2026-10-08T15:13:39.8463697Z Setting up libvo-amrwbenc0:amd64 (0.1.3-2build1) ...
2026-10-08T15:13:39.8481648Z Setting up session-migration (0.3.9build1) ...
2026-10-08T15:13:39.9188723Z Created symlink /etc/systemd/user/graphical-session-pre.target.wants/session-migration.service → /usr/lib/systemd/user/session-migration.service.
2026-10-08T15:13:39.9189093Z 
2026-10-08T15:13:39.9212402Z Setting up libraw1394-11:amd64 (2.1.2-2build3) ...
2026-10-08T15:13:39.9230802Z Setting up libsbc1:amd64 (2.0-1build1) ...
2026-10-08T15:13:39.9245172Z Setting up libproxy1v5:amd64 (0.5.4-4build1) ...
2026-10-08T15:13:39.9260382Z Setting up libneon27t64:amd64 (0.33.0-1.1build3) ...
2026-10-08T15:13:39.9277026Z Setting up libtag1v5-vanilla:amd64 (1.13.1-1build1) ...
2026-10-08T15:13:39.9292153Z Setting up libharfbuzz-icu0:amd64 (8.3.0-2build2) ...
2026-10-08T15:13:39.9309155Z Setting up libopenni2-0:amd64 (2.2.0.33+dfsg-18) ...
2026-10-08T15:13:39.9432852Z Setting up libcaca0:amd64 (0.99.beta20-4ubuntu0.2) ...
2026-10-08T15:13:39.9449784Z Setting up libv4lconvert0t64:amd64 (1.26.1-4build3) ...
2026-10-08T15:13:39.9466833Z Setting up libmbedcrypto7t64:amd64 (2.28.8-1) ...
2026-10-08T15:13:39.9486212Z Setting up libwoff1:amd64 (1.0.2-2build1) ...
2026-10-08T15:13:39.9500788Z Setting up liblc3-1:amd64 (1.0.4-3build1) ...
2026-10-08T15:13:39.9514680Z Setting up libqrencode4:amd64 (4.1.1-1build2) ...
2026-10-08T15:13:39.9530830Z Setting up libhyphen0:amd64 (2.8.8-7build3) ...
2026-10-08T15:13:39.9545713Z Setting up libvisual-0.4-0:amd64 (0.4.2-2build1) ...
2026-10-08T15:13:39.9561885Z Setting up libzix-0-0:amd64 (0.4.2-2build1) ...
2026-10-08T15:13:39.9575873Z Setting up libmanette-0.2-0:amd64 (0.2.7-1build2) ...
2026-10-08T15:13:39.9592077Z Setting up libsrtp2-1:amd64 (2.5.0-3build1) ...
2026-10-08T15:13:39.9609315Z Setting up libmysofa1:amd64 (1.3.2+dfsg-2ubuntu2) ...
2026-10-08T15:13:39.9626899Z Setting up libraptor2-0:amd64 (2.0.16-3ubuntu0.1) ...
2026-10-08T15:13:39.9643858Z Setting up libldacbt-enc2:amd64 (2.0.2.3+git20200429+ed310a0-4ubuntu2) ...
2026-10-08T15:13:39.9658414Z Setting up libwebrtc-audio-processing1:amd64 (0.3.1-0ubuntu6) ...
2026-10-08T15:13:39.9674056Z Setting up libevent-2.1-7t64:amd64 (2.1.12-stable-9ubuntu2.2) ...
2026-10-08T15:13:39.9690800Z Setting up libsoup-3.0-common (3.4.4-5ubuntu0.9) ...
2026-10-08T15:13:39.9705867Z Setting up libmpg123-0t64:amd64 (1.32.5-1ubuntu1.1) ...
2026-10-08T15:13:39.9720988Z Setting up libcjson1:amd64 (1.7.17-1) ...
2026-10-08T15:13:39.9736567Z Setting up libmpcdec6:amd64 (2:0.1~r495-2build1) ...
2026-10-08T15:13:39.9751164Z Setting up libmjpegutils-2.1-0t64:amd64 (1:2.1.0+debian-8.1build1) ...
2026-10-08T15:13:39.9767218Z Setting up liborc-0.4-0t64:amd64 (1:0.4.38-1ubuntu0.1) ...
2026-10-08T15:13:39.9782284Z Setting up libxcb-xkb1:amd64 (1.15-1ubuntu2) ...
2026-10-08T15:13:39.9797209Z Setting up libvo-aacenc0:amd64 (0.1.3-2build1) ...
2026-10-08T15:13:39.9815006Z Setting up librist4:amd64 (0.2.10+dfsg-2) ...
2026-10-08T15:13:39.9828648Z Setting up libblas3:amd64 (3.12.0-3build1.1) ...
2026-10-08T15:13:39.9877221Z update-alternatives: using /usr/lib/x86_64-linux-gnu/blas/libblas.so.3 to provide /usr/lib/x86_64-linux-gnu/libblas.so.3 (libblas.so.3-x86_64-linux-gnu) in auto mode
2026-10-08T15:13:39.9891019Z Setting up libegl-mesa0:amd64 (25.2.8-0ubuntu0.24.04.4) ...
2026-10-08T15:13:39.9904977Z Setting up libsoundtouch1:amd64 (2.3.2+ds1-1build1) ...
2026-10-08T15:13:39.9923338Z Setting up libplacebo338:amd64 (6.338.2-2build1) ...
2026-10-08T15:13:39.9939616Z Setting up libgles2:amd64 (1.7.0-1build1) ...
2026-10-08T15:13:39.9955282Z Setting up libspa-0.2-modules:amd64 (1.0.5-1ubuntu3.3) ...
2026-10-08T15:13:39.9969324Z Setting up libzxing3:amd64 (2.2.1-3) ...
2026-10-08T15:13:39.9985615Z Setting up libfaad2:amd64 (2.11.1-1build1) ...
2026-10-08T15:13:40.0000794Z Setting up libxkbcommon-x11-0:amd64 (1.6.0-1build1) ...
2026-10-08T15:13:40.0016912Z Setting up libdc1394-25:amd64 (2.2.6-4build1) ...
2026-10-08T15:13:40.0031189Z Setting up libshout3:amd64 (2.4.6-1build2) ...
2026-10-08T15:13:40.0045822Z Setting up libpng16-16t64:amd64 (1.6.43-5ubuntu0.7) ...
2026-10-08T15:13:40.0063555Z Setting up libimath-3-1-29t64:amd64 (3.1.9-3.1ubuntu2) ...
2026-10-08T15:13:40.0078831Z Setting up libunibreak5:amd64 (5.1-2build1) ...
2026-10-08T15:13:40.0097712Z Setting up libdv4t64:amd64 (1.0.0-17.1build1) ...
2026-10-08T15:13:40.0113856Z Setting up libopenh264-7:amd64 (2.4.1+dfsg-1) ...
2026-10-08T15:13:40.0132461Z Setting up libltc11:amd64 (1.3.2-1build1) ...
2026-10-08T15:13:40.0147005Z Setting up libv4l-0t64:amd64 (1.26.1-4build3) ...
2026-10-08T15:13:40.0161445Z Setting up libavtp0:amd64 (0.2.0-1build1) ...
2026-10-08T15:13:40.0177851Z Setting up libsndio7.0:amd64 (1.9.0-0.3build3) ...
2026-10-08T15:13:40.0191919Z Setting up libdirectfb-1.7-7t64:amd64 (1.7.7-11.1ubuntu2) ...
2026-10-08T15:13:40.0208208Z Setting up libspandsp2t64:amd64 (0.0.6+dfsg-2.1build1) ...
2026-10-08T15:13:40.0225276Z Setting up libvidstab1.1:amd64 (1.1.0-2build1) ...
2026-10-08T15:13:40.0239239Z Setting up libsrt1.5-gnutls:amd64 (1.5.3-1build2) ...
2026-10-08T15:13:40.0256783Z Setting up libtag1v5:amd64 (1.13.1-1build1) ...
2026-10-08T15:13:40.0271896Z Setting up libflite1:amd64 (2.2-6build3) ...
2026-10-08T15:13:40.0287110Z Setting up libasyncns0:amd64 (0.8-6build4) ...
2026-10-08T15:13:40.0317800Z Setting up libwildmidi2:amd64 (0.4.3-1build3) ...
2026-10-08T15:13:40.0345449Z Setting up libwavpack1:amd64 (5.6.0-1build1) ...
2026-10-08T15:13:40.0365422Z Setting up libbs2b0:amd64 (3.1.0+dfsg-7build1) ...
2026-10-08T15:13:40.0389518Z Setting up libpostproc57:amd64 (7:6.1.1-3ubuntu5) ...
2026-10-08T15:13:40.0409599Z Setting up libegl1:amd64 (1.7.0-1build1) ...
2026-10-08T15:13:40.0441043Z Setting up libdecor-0-0:amd64 (0.2.2-1build2) ...
2026-10-08T15:13:40.0456755Z Setting up libdca0:amd64 (0.0.7-2build1) ...
2026-10-08T15:13:40.0473048Z Setting up libzimg2:amd64 (3.0.5+ds1-1build1) ...
2026-10-08T15:13:40.0489134Z Setting up libopenal-data (1:1.23.1-4build1) ...
2026-10-08T15:13:40.0511171Z Setting up libabsl20220623t64:amd64 (20220623.1-3.1ubuntu3.2) ...
2026-10-08T15:13:40.0531021Z Setting up libflac12t64:amd64 (1.4.3+ds-2.1ubuntu2) ...
2026-10-08T15:13:40.0546593Z Setting up libsndfile1:amd64 (1.2.2-1ubuntu5.24.04.1) ...
2026-10-08T15:13:40.0911018Z Setting up libgtk-4-common (4.14.5+ds-0ubuntu0.10) ...
2026-10-08T15:13:40.0927795Z Setting up libmpeg2encpp-2.1-0t64:amd64 (1:2.1.0+debian-8.1build1) ...
2026-10-08T15:13:40.0942856Z Setting up glib-networking-common (2.80.0-1build1) ...
2026-10-08T15:13:40.0959413Z Setting up libmfx1:amd64 (22.5.4-1) ...
2026-10-08T15:13:40.0973817Z Setting up libbluray2:amd64 (1:1.3.4-1build1) ...
2026-10-08T15:13:40.0988085Z Setting up libde265-0:amd64 (1.0.15-1ubuntu0.1) ...
2026-10-08T15:13:40.1005903Z Setting up libsamplerate0:amd64 (0.2.2-4build1) ...
2026-10-08T15:13:40.1020613Z Setting up timgm6mb-soundfont (1.3-5) ...
2026-10-08T15:13:40.1087692Z update-alternatives: using /usr/share/sounds/sf2/TimGM6mb.sf2 to provide /usr/share/sounds/sf2/default-GM.sf2 (default-GM.sf2) in auto mode
2026-10-08T15:13:40.1120603Z update-alternatives: using /usr/share/sounds/sf2/TimGM6mb.sf2 to provide /usr/share/sounds/sf3/default-GM.sf3 (default-GM.sf3) in auto mode
2026-10-08T15:13:40.1132483Z Setting up libyuv0:amd64 (0.0~git202401110.af6ac82-1) ...
2026-10-08T15:13:40.1147096Z Setting up libmplex2-2.1-0t64:amd64 (1:2.1.0+debian-8.1build1) ...
2026-10-08T15:13:40.1162264Z Setting up libpipewire-0.3-0t64:amd64 (1.0.5-1ubuntu3.3) ...
2026-10-08T15:13:40.1175374Z Setting up libinstpatch-1.0-2:amd64 (1.1.6-1build2) ...
2026-10-08T15:13:40.1190075Z Setting up libopenmpt0t64:amd64 (0.7.3-1.1build3) ...
2026-10-08T15:13:40.1207103Z Setting up libsecret-common (0.21.4-1build3) ...
2026-10-08T15:13:40.1219909Z Setting up libgraphene-1.0-0:amd64 (1.10.8-3build2) ...
2026-10-08T15:13:40.1235084Z Setting up libswscale7:amd64 (7:6.1.1-3ubuntu5) ...
2026-10-08T15:13:40.1254389Z Setting up libdvdnav4:amd64 (6.1.1-3build1) ...
2026-10-08T15:13:40.1267851Z Setting up libaa1:amd64 (1.4p5-51.1) ...
2026-10-08T15:13:40.1282474Z Setting up libiec61883-0:amd64 (1.2.0-6build1) ...
2026-10-08T15:13:40.1296606Z Setting up libserd-0-0:amd64 (0.32.2-1) ...
2026-10-08T15:13:40.1309882Z Setting up libavc1394-0:amd64 (0.5.4-5build3) ...
2026-10-08T15:13:40.1329744Z Setting up gsettings-desktop-schemas (46.1-0ubuntu1) ...
2026-10-08T15:13:40.1342679Z Setting up glib-networking-services (2.80.0-1build1) ...
2026-10-08T15:13:40.1356912Z Setting up liblapack3:amd64 (3.12.0-3build1.1) ...
2026-10-08T15:13:40.1401750Z update-alternatives: using /usr/lib/x86_64-linux-gnu/lapack/liblapack.so.3 to provide /usr/lib/x86_64-linux-gnu/liblapack.so.3 (liblapack.so.3-x86_64-linux-gnu) in auto mode
2026-10-08T15:13:40.1413578Z Setting up libpulse0:amd64 (1:16.1+dfsg1-2ubuntu10.1) ...
2026-10-08T15:13:40.1473818Z Setting up liblrdf0:amd64 (0.6.1-4build1) ...
2026-10-08T15:13:40.1489255Z Setting up libzbar0t64:amd64 (0.23.93-4build3) ...
2026-10-08T15:13:40.1506019Z Setting up libgstreamer-plugins-base1.0-0:amd64 (1.24.2-1ubuntu0.5) ...
2026-10-08T15:13:40.1519782Z Setting up libopenal1:amd64 (1:1.23.1-4build1) ...
2026-10-08T15:13:40.1533554Z Setting up libavformat60:amd64 (7:6.1.1-3ubuntu5) ...
2026-10-08T15:13:40.1549321Z Setting up libsphinxbase3t64:amd64 (0.8+5prealpha+1-17build2) ...
2026-10-08T15:13:40.1563375Z Setting up libsecret-1-0:amd64 (0.21.4-1build3) ...
2026-10-08T15:13:40.1577515Z Setting up libgstreamer-plugins-good1.0-0:amd64 (1.24.2-1ubuntu1.8) ...
2026-10-08T15:13:40.1594370Z Setting up libgstreamer-gl1.0-0:amd64 (1.24.2-1ubuntu0.5) ...
2026-10-08T15:13:40.1607632Z Setting up gstreamer1.0-plugins-base:amd64 (1.24.2-1ubuntu0.5) ...
2026-10-08T15:13:40.1624362Z Setting up libass9:amd64 (1:0.17.1-2build1) ...
2026-10-08T15:13:40.1639117Z Setting up libopenexr-3-1-30:amd64 (3.1.5-5.1build3) ...
2026-10-08T15:13:40.1653823Z Setting up libgav1-1:amd64 (0.18.0-1build3) ...
2026-10-08T15:13:40.1670581Z Setting up librubberband2:amd64 (3.3.0+dfsg-2build1) ...
2026-10-08T15:13:40.1686037Z Setting up libjack-jackd2-0:amd64 (1.9.21~dfsg-3ubuntu3) ...
2026-10-08T15:13:40.1700853Z Setting up libsord-0-0:amd64 (0.16.16-2build1) ...
2026-10-08T15:13:40.1717459Z Setting up libsratom-0-0:amd64 (0.6.16-1build1) ...
2026-10-08T15:13:40.1732062Z Setting up libsdl2-2.0-0:amd64 (2.30.0+dfsg-1ubuntu3.1) ...
2026-10-08T15:13:40.1749466Z Setting up liblilv-0-0:amd64 (0.24.22-1build1) ...
2026-10-08T15:13:40.1764463Z Setting up libfluidsynth3:amd64 (2.3.4-1build3) ...
2026-10-08T15:13:40.1779568Z Setting up libavif16:amd64 (1.0.4-1ubuntu3) ...
2026-10-08T15:13:40.1795513Z Setting up libpocketsphinx3:amd64 (0.8.0+real5prealpha+1-15ubuntu5) ...
2026-10-08T15:13:40.1812277Z Setting up libavfilter9:amd64 (7:6.1.1-3ubuntu5) ...
2026-10-08T15:13:40.1827094Z Setting up gstreamer1.0-libav:amd64 (1.24.1-1build1) ...
2026-10-08T15:13:40.2007123Z Processing triggers for libc-bin (2.39-0ubuntu8.9) ...
2026-10-08T15:13:40.2224842Z Processing triggers for man-db (2.12.0-4build2) ...
2026-10-08T15:13:40.2237891Z Not building database; man-db/auto-update is not 'true'.
2026-10-08T15:13:40.2257287Z Processing triggers for libglib2.0-0t64:amd64 (2.80.0-6ubuntu3.9) ...
2026-10-08T15:13:40.2466872Z Setting up libgtk-4-1:amd64 (4.14.5+ds-0ubuntu0.10) ...
2026-10-08T15:13:40.2700843Z Setting up glib-networking:amd64 (2.80.0-1build1) ...
2026-10-08T15:13:40.2726426Z Setting up libsoup-3.0-0:amd64 (3.4.4-5ubuntu0.9) ...
2026-10-08T15:13:40.2749708Z Setting up libgssdp-1.6-0:amd64 (1.6.3-1build3) ...
2026-10-08T15:13:40.2804902Z Setting up gstreamer1.0-plugins-good:amd64 (1.24.2-1ubuntu1.8) ...
2026-10-08T15:13:40.2823630Z Setting up libgupnp-1.6-0:amd64 (1.6.6-1build3) ...
2026-10-08T15:13:40.2867404Z Setting up libgupnp-igd-1.6-0:amd64 (1.6.0-3build3) ...
2026-10-08T15:13:40.2895097Z Setting up libnice10:amd64 (0.1.21-2build3) ...
2026-10-08T15:13:40.2930980Z Setting up libgstreamer-plugins-bad1.0-0:amd64 (1.24.2-1ubuntu4) ...
2026-10-08T15:13:40.2965151Z Setting up gstreamer1.0-plugins-bad:amd64 (1.24.2-1ubuntu4) ...
2026-10-08T15:13:40.2983445Z Processing triggers for libc-bin (2.39-0ubuntu8.9) ...
2026-10-08T15:13:40.7051396Z 
2026-10-08T15:13:40.7051972Z Running kernel seems to be up-to-date.
2026-10-08T15:13:40.7052178Z 
2026-10-08T15:13:40.7052254Z Restarting services...
2026-10-08T15:13:40.7103318Z  systemctl restart php8.3-fpm.service
2026-10-08T15:13:40.7976266Z 
2026-10-08T15:13:40.7977640Z No containers need to be restarted.
2026-10-08T15:13:40.7977906Z 
2026-10-08T15:13:40.7978127Z No user sessions are running outdated binaries.
2026-10-08T15:13:40.7978449Z 
2026-10-08T15:13:40.7978691Z No VM guests are running outdated hypervisor (qemu) binaries on this host.
2026-10-08T15:13:41.5593864Z ##[group]Run node scripts/check-playwright-conformance-owner-policy.mjs
2026-10-08T15:13:41.5594208Z [36;1mnode scripts/check-playwright-conformance-owner-policy.mjs[0m
2026-10-08T15:13:41.5647163Z shell: /usr/bin/bash -e {0}
2026-10-08T15:13:41.5647329Z env:
2026-10-08T15:13:41.5647542Z   PLAYWRIGHT_BROWSERS_PATH: /home/runner/work/FsusUI/FsusUI/.tmp/playwright-browsers
2026-10-08T15:13:41.5647821Z   PNPM_HOME: /home/runner/setup-pnpm/node_modules/.bin
2026-10-08T15:13:41.5648861Z   PATH: /home/runner/work/FsusUI/FsusUI/emsdk-cache/emsdk-main:/home/runner/work/FsusUI/FsusUI/emsdk-cache/emsdk-main/upstream/emscripten:/opt/hostedtoolcache/node/22.23.3/x64/bin:/home/runner/setup-pnpm/node_modules/.bin:/snap/bin:/home/runner/.local/bin:/opt/pipx_bin:/home/runner/.cargo/bin:/home/runner/.config/composer/vendor/bin:/usr/local/.ghcup/bin:/home/runner/.dotnet/tools:/usr/local/sbin:/usr/local/bin:/usr/sbin:/usr/bin:/sbin:/bin:/usr/games:/usr/local/games
2026-10-08T15:13:41.5649811Z   EMSDK: /home/runner/work/FsusUI/FsusUI/emsdk-cache/emsdk-main
2026-10-08T15:13:41.5650109Z   EMSDK_NODE: /home/runner/work/FsusUI/FsusUI/emsdk-cache/emsdk-main/node/22.16.0_64bit/bin/node
2026-10-08T15:13:41.5650361Z ##[endgroup]
2026-10-08T15:13:41.8534628Z [check-playwright-conformance-owner-policy] passed
2026-10-08T15:13:41.8658717Z ##[group]Run actions/download-artifact@v4
2026-10-08T15:13:41.8658900Z with:
2026-10-08T15:13:41.8659033Z   name: playwright-pr-impact-plan
2026-10-08T15:13:41.8659204Z   path: .tmp/playwright-impact
2026-10-08T15:13:41.8659360Z   merge-multiple: false
2026-10-08T15:13:41.8659504Z   repository: Ozwasyd/FsusUI
2026-10-08T15:13:41.8659655Z   run-id: 37798728109
2026-10-08T15:13:41.8659784Z env:
2026-10-08T15:13:41.8659981Z   PLAYWRIGHT_BROWSERS_PATH: /home/runner/work/FsusUI/FsusUI/.tmp/playwright-browsers
2026-10-08T15:13:41.8660247Z   PNPM_HOME: /home/runner/setup-pnpm/node_modules/.bin
2026-10-08T15:13:41.8661172Z   PATH: /home/runner/work/FsusUI/FsusUI/emsdk-cache/emsdk-main:/home/runner/work/FsusUI/FsusUI/emsdk-cache/emsdk-main/upstream/emscripten:/opt/hostedtoolcache/node/22.23.3/x64/bin:/home/runner/setup-pnpm/node_modules/.bin:/snap/bin:/home/runner/.local/bin:/opt/pipx_bin:/home/runner/.cargo/bin:/home/runner/.config/composer/vendor/bin:/usr/local/.ghcup/bin:/home/runner/.dotnet/tools:/usr/local/sbin:/usr/local/bin:/usr/sbin:/usr/bin:/sbin:/bin:/usr/games:/usr/local/games
2026-10-08T15:13:41.8662218Z   EMSDK: /home/runner/work/FsusUI/FsusUI/emsdk-cache/emsdk-main
2026-10-08T15:13:41.8662511Z   EMSDK_NODE: /home/runner/work/FsusUI/FsusUI/emsdk-cache/emsdk-main/node/22.16.0_64bit/bin/node
2026-10-08T15:13:41.8662753Z ##[endgroup]
2026-10-08T15:13:41.9685284Z Downloading single artifact
2026-10-08T15:13:41.9823539Z (node:5523) [DEP0040] DeprecationWarning: The `punycode` module is deprecated. Please use a userland alternative instead.
2026-10-08T15:13:41.9824022Z (Use `node --trace-deprecation ...` to show where the warning was created)
2026-10-08T15:13:42.2004497Z Preparing to download the following artifacts:
2026-10-08T15:13:42.2005579Z - playwright-pr-impact-plan (ID: 11558839365, Size: 961, Expected Digest: sha256:5e96d094a6bc963da9ecaddac23ffd91626370df4d2d4687e2236b282e1b533e)
2026-10-08T15:13:42.3911756Z Redirecting to blob download url: https://productionresultssa7.blob.core.windows.net/actions-results/7586035d-ac97-8cbe-ba43-04e4236ba2d7/workflow-job-run-8441e50d-3c28-572d-8988-e8cb2dd372f2/artifacts/b161bee786190710a9616c30d4727b3450e9dec4fd4e02b7d20907e0b7b7afcf.zip
2026-10-08T15:13:42.3913022Z Starting download of artifact to: /home/runner/work/FsusUI/FsusUI/.tmp/playwright-impact
2026-10-08T15:13:42.5625779Z (node:5523) [DEP0005] DeprecationWarning: Buffer() is deprecated due to security and usability issues. Please use the Buffer.alloc(), Buffer.allocUnsafe(), or Buffer.from() methods instead.
2026-10-08T15:13:42.5661904Z SHA256 digest of downloaded artifact is 5e96d094a6bc963da9ecaddac23ffd91626370df4d2d4687e2236b282e1b533e
2026-10-08T15:13:42.5662268Z Artifact download completed successfully.
2026-10-08T15:13:42.5662482Z Total of 1 artifact(s) downloaded
2026-10-08T15:13:42.5666479Z Download artifact has finished successfully
2026-10-08T15:13:42.5773995Z ##[group]Run node scripts/conformance-playwright-owner-run.mjs --owner playwright-conformance --group pr --impact-plan .tmp/playwright-impact/receipt.json --evidence-dir .tmp/playwright-conformance
2026-10-08T15:13:42.5775324Z [36;1mnode scripts/conformance-playwright-owner-run.mjs --owner playwright-conformance --group pr --impact-plan .tmp/playwright-impact/receipt.json --evidence-dir .tmp/playwright-conformance[0m
2026-10-08T15:13:42.5839103Z shell: /usr/bin/bash -e {0}
2026-10-08T15:13:42.5839283Z env:
2026-10-08T15:13:42.5839509Z   PLAYWRIGHT_BROWSERS_PATH: /home/runner/work/FsusUI/FsusUI/.tmp/playwright-browsers
2026-10-08T15:13:42.5839800Z   PNPM_HOME: /home/runner/setup-pnpm/node_modules/.bin
2026-10-08T15:13:42.5840758Z   PATH: /home/runner/work/FsusUI/FsusUI/emsdk-cache/emsdk-main:/home/runner/work/FsusUI/FsusUI/emsdk-cache/emsdk-main/upstream/emscripten:/opt/hostedtoolcache/node/22.23.3/x64/bin:/home/runner/setup-pnpm/node_modules/.bin:/snap/bin:/home/runner/.local/bin:/opt/pipx_bin:/home/runner/.cargo/bin:/home/runner/.config/composer/vendor/bin:/usr/local/.ghcup/bin:/home/runner/.dotnet/tools:/usr/local/sbin:/usr/local/bin:/usr/sbin:/usr/bin:/sbin:/bin:/usr/games:/usr/local/games
2026-10-08T15:13:42.5841702Z   EMSDK: /home/runner/work/FsusUI/FsusUI/emsdk-cache/emsdk-main
2026-10-08T15:13:42.5842015Z   EMSDK_NODE: /home/runner/work/FsusUI/FsusUI/emsdk-cache/emsdk-main/node/22.16.0_64bit/bin/node
2026-10-08T15:13:42.5842276Z ##[endgroup]
2026-10-08T15:13:42.8132980Z [playwright-conformance] owner=playwright-conformance group=pr cells=3 commit=e36ce622a4a99fa21ab0f85fa2170499c2d3bd70 digest=0f392705938f3884d30771f8aebf74a71cf0a5bd3748c6b350aef5c796edc7f8
2026-10-08T15:14:25.4745722Z [playwright-conformance] web-interaction-conformance/chromium failed: cell web-interaction-conformance/chromium produced no real interaction trace attachments
2026-10-08T15:14:54.8333964Z [playwright-conformance] web-interaction-conformance/firefox failed: cell web-interaction-conformance/firefox produced no real interaction trace attachments
2026-10-08T15:15:24.4011826Z [playwright-conformance] web-interaction-conformance/webkit failed: cell web-interaction-conformance/webkit produced no real interaction trace attachments
2026-10-08T15:15:24.4034638Z [playwright-conformance] invalid receipt web-interaction-conformance/chromium: cell web-interaction-conformance/chromium status=failure
2026-10-08T15:15:24.4036748Z [playwright-conformance] invalid receipt web-interaction-conformance/firefox: cell web-interaction-conformance/firefox status=failure
2026-10-08T15:15:24.4043606Z [playwright-conformance] invalid receipt web-interaction-conformance/webkit: cell web-interaction-conformance/webkit status=failure
2026-10-08T15:15:24.4044848Z [playwright-conformance] owner=playwright-conformance group=pr status=failure cells=3
2026-10-08T15:15:24.4252540Z ##[error]Process completed with exit code 1.
2026-10-08T15:15:24.4299196Z ##[group]Run actions/upload-artifact@v4
2026-10-08T15:15:24.4299381Z with:
2026-10-08T15:15:24.4299528Z   name: playwright-conformance-evidence-pr
2026-10-08T15:15:24.4299811Z   path: .tmp/playwright-conformance
.readiness/receipts/playwright-conformance

2026-10-08T15:15:24.4300056Z   retention-days: 14
2026-10-08T15:15:24.4300224Z   if-no-files-found: warn
2026-10-08T15:15:24.4300380Z   compression-level: 6
2026-10-08T15:15:24.4300521Z   overwrite: false
2026-10-08T15:15:24.4300663Z   include-hidden-files: false
2026-10-08T15:15:24.4300815Z env:
2026-10-08T15:15:24.4301023Z   PLAYWRIGHT_BROWSERS_PATH: /home/runner/work/FsusUI/FsusUI/.tmp/playwright-browsers
2026-10-08T15:15:24.4301307Z   PNPM_HOME: /home/runner/setup-pnpm/node_modules/.bin
2026-10-08T15:15:24.4302279Z   PATH: /home/runner/work/FsusUI/FsusUI/emsdk-cache/emsdk-main:/home/runner/work/FsusUI/FsusUI/emsdk-cache/emsdk-main/upstream/emscripten:/opt/hostedtoolcache/node/22.23.3/x64/bin:/home/runner/setup-pnpm/node_modules/.bin:/snap/bin:/home/runner/.local/bin:/opt/pipx_bin:/home/runner/.cargo/bin:/home/runner/.config/composer/vendor/bin:/usr/local/.ghcup/bin:/home/runner/.dotnet/tools:/usr/local/sbin:/usr/local/bin:/usr/sbin:/usr/bin:/sbin:/bin:/usr/games:/usr/local/games
2026-10-08T15:15:24.4303219Z   EMSDK: /home/runner/work/FsusUI/FsusUI/emsdk-cache/emsdk-main
2026-10-08T15:15:24.4303523Z   EMSDK_NODE: /home/runner/work/FsusUI/FsusUI/emsdk-cache/emsdk-main/node/22.16.0_64bit/bin/node
2026-10-08T15:15:24.4303779Z ##[endgroup]
2026-10-08T15:15:24.5349069Z (node:6662) [DEP0040] DeprecationWarning: The `punycode` module is deprecated. Please use a userland alternative instead.
2026-10-08T15:15:24.5349790Z (Use `node --trace-deprecation ...` to show where the warning was created)
2026-10-08T15:15:24.5440257Z Multiple search paths detected. Calculating the least common ancestor of all paths
2026-10-08T15:15:24.5440937Z The least common ancestor is /home/runner/work/FsusUI/FsusUI. This will be the root directory of the artifact
2026-10-08T15:15:24.5441303Z With the provided path, there will be 10 files uploaded
2026-10-08T15:15:24.5441602Z Artifact name is valid!
2026-10-08T15:15:24.5441786Z Root directory input is valid!
2026-10-08T15:15:24.8349268Z Beginning upload of artifact content to blob storage
2026-10-08T15:15:24.8609835Z (node:6662) [DEP0169] DeprecationWarning: `url.parse()` behavior is not standardized and prone to errors that have security implications. Use the WHATWG URL API instead. CVEs are not issued for `url.parse()` vulnerabilities.
2026-10-08T15:15:25.0890624Z Uploaded bytes 80645
2026-10-08T15:15:25.1311873Z Finished uploading artifact content to blob storage!
2026-10-08T15:15:25.1312542Z SHA256 digest of uploaded artifact zip is 001e3e6aa950f87d1d6de4c21dd23f4f435c9638ac635fc30a7c5779fe8dcb34
2026-10-08T15:15:25.1313354Z Finalizing artifact upload
2026-10-08T15:15:25.4184906Z Artifact playwright-conformance-evidence-pr.zip successfully finalized. Artifact ID 11560395574
2026-10-08T15:15:25.4185953Z Artifact playwright-conformance-evidence-pr has been successfully uploaded! Final size is 80645 bytes. Artifact ID is 11560395574
2026-10-08T15:15:25.4190836Z Artifact download URL: https://github.com/Ozwasyd/FsusUI/actions/runs/37798728109/artifacts/11560395574
2026-10-08T15:15:25.4367671Z Prepare all required actions
2026-10-08T15:15:25.4368250Z Getting action download info
2026-10-08T15:15:25.6737450Z ##[group]Run ./.github/actions/readiness-manifest
2026-10-08T15:15:25.6737653Z with:
2026-10-08T15:15:25.6737792Z   gate: playwright-conformance
2026-10-08T15:15:25.6737972Z   group: pr
2026-10-08T15:15:25.6738096Z   status: failure
2026-10-08T15:15:25.6738421Z   playwright-receipts: .readiness/receipts/playwright-conformance
2026-10-08T15:15:25.6738681Z   playwright-plan: .tmp/playwright-impact/receipt.json
2026-10-08T15:15:25.6738882Z   artifact-suffix: single
2026-10-08T15:15:25.6739025Z env:
2026-10-08T15:15:25.6739232Z   PLAYWRIGHT_BROWSERS_PATH: /home/runner/work/FsusUI/FsusUI/.tmp/playwright-browsers
2026-10-08T15:15:25.6739506Z   PNPM_HOME: /home/runner/setup-pnpm/node_modules/.bin
2026-10-08T15:15:25.6740460Z   PATH: /home/runner/work/FsusUI/FsusUI/emsdk-cache/emsdk-main:/home/runner/work/FsusUI/FsusUI/emsdk-cache/emsdk-main/upstream/emscripten:/opt/hostedtoolcache/node/22.23.3/x64/bin:/home/runner/setup-pnpm/node_modules/.bin:/snap/bin:/home/runner/.local/bin:/opt/pipx_bin:/home/runner/.cargo/bin:/home/runner/.config/composer/vendor/bin:/usr/local/.ghcup/bin:/home/runner/.dotnet/tools:/usr/local/sbin:/usr/local/bin:/usr/sbin:/usr/bin:/sbin:/bin:/usr/games:/usr/local/games
2026-10-08T15:15:25.6741402Z   EMSDK: /home/runner/work/FsusUI/FsusUI/emsdk-cache/emsdk-main
2026-10-08T15:15:25.6741705Z   EMSDK_NODE: /home/runner/work/FsusUI/FsusUI/emsdk-cache/emsdk-main/node/22.16.0_64bit/bin/node
2026-10-08T15:15:25.6741959Z ##[endgroup]
2026-10-08T15:15:25.6780054Z ##[start-action display=Emit structured leaf manifest;id=__self.__run]
2026-10-08T15:15:25.6797218Z ##[group]Run args=(emit --gate "$READINESS_GATE" --group "$READINESS_GROUP" --status "$READINESS_STATUS")
2026-10-08T15:15:25.6797624Z [36;1margs=(emit --gate "$READINESS_GATE" --group "$READINESS_GROUP" --status "$READINESS_STATUS")[0m
2026-10-08T15:15:25.6797936Z [36;1mif [ -n "$READINESS_PLAYWRIGHT_RECEIPTS" ]; then[0m
2026-10-08T15:15:25.6798202Z [36;1m  args+=(--playwright-receipts "$READINESS_PLAYWRIGHT_RECEIPTS")[0m
2026-10-08T15:15:25.6798536Z [36;1mfi[0m
2026-10-08T15:15:25.6798691Z [36;1mif [ -n "$READINESS_PLAYWRIGHT_PLAN" ]; then[0m
2026-10-08T15:15:25.6798923Z [36;1m  args+=(--playwright-plan "$READINESS_PLAYWRIGHT_PLAN")[0m
2026-10-08T15:15:25.6799120Z [36;1mfi[0m
2026-10-08T15:15:25.6799292Z [36;1mIFS=',' read -ra dimensions <<< "$READINESS_DIMENSIONS"[0m
2026-10-08T15:15:25.6799512Z [36;1mfor dimension in "${dimensions[@]}"; do[0m
2026-10-08T15:15:25.6799738Z [36;1m  test -z "$dimension" || args+=(--dimension "$dimension")[0m
2026-10-08T15:15:25.6799933Z [36;1mdone[0m
2026-10-08T15:15:25.6800074Z [36;1mwhile IFS= read -r artifact; do[0m
2026-10-08T15:15:25.6800284Z [36;1m  test -z "$artifact" || args+=(--artifact "$artifact")[0m
2026-10-08T15:15:25.6800485Z [36;1mdone <<< "$READINESS_ARTIFACTS"[0m
2026-10-08T15:15:25.6800685Z [36;1mnode scripts/ci-readiness.mjs "${args[@]}"[0m
2026-10-08T15:15:25.6854749Z shell: /usr/bin/bash --noprofile --norc -e -o pipefail {0}
2026-10-08T15:15:25.6854961Z env:
2026-10-08T15:15:25.6855174Z   PLAYWRIGHT_BROWSERS_PATH: /home/runner/work/FsusUI/FsusUI/.tmp/playwright-browsers
2026-10-08T15:15:25.6855455Z   PNPM_HOME: /home/runner/setup-pnpm/node_modules/.bin
2026-10-08T15:15:25.6856392Z   PATH: /home/runner/work/FsusUI/FsusUI/emsdk-cache/emsdk-main:/home/runner/work/FsusUI/FsusUI/emsdk-cache/emsdk-main/upstream/emscripten:/opt/hostedtoolcache/node/22.23.3/x64/bin:/home/runner/setup-pnpm/node_modules/.bin:/snap/bin:/home/runner/.local/bin:/opt/pipx_bin:/home/runner/.cargo/bin:/home/runner/.config/composer/vendor/bin:/usr/local/.ghcup/bin:/home/runner/.dotnet/tools:/usr/local/sbin:/usr/local/bin:/usr/sbin:/usr/bin:/sbin:/bin:/usr/games:/usr/local/games
2026-10-08T15:15:25.6857335Z   EMSDK: /home/runner/work/FsusUI/FsusUI/emsdk-cache/emsdk-main
2026-10-08T15:15:25.6857922Z   EMSDK_NODE: /home/runner/work/FsusUI/FsusUI/emsdk-cache/emsdk-main/node/22.16.0_64bit/bin/node
2026-10-08T15:15:25.6858199Z   READINESS_GATE: playwright-conformance
2026-10-08T15:15:25.6858509Z   READINESS_GROUP: pr
2026-10-08T15:15:25.6858659Z   READINESS_STATUS: failure
2026-10-08T15:15:25.6858813Z   READINESS_DIMENSIONS: 
2026-10-08T15:15:25.6858963Z   READINESS_ARTIFACTS: 
2026-10-08T15:15:25.6859179Z   READINESS_PLAYWRIGHT_RECEIPTS: .readiness/receipts/playwright-conformance
2026-10-08T15:15:25.6859470Z   READINESS_PLAYWRIGHT_PLAN: .tmp/playwright-impact/receipt.json
2026-10-08T15:15:25.6859675Z ##[endgroup]
2026-10-08T15:15:25.7241803Z file:///home/runner/work/FsusUI/FsusUI/scripts/ci-readiness.mjs:175
2026-10-08T15:15:25.7242261Z       throw new Error(
2026-10-08T15:15:25.7242494Z             ^
2026-10-08T15:15:25.7242613Z 
2026-10-08T15:15:25.7242937Z Error: playwright receipt web-interaction-conformance/chromium status is failure.
2026-10-08T15:15:25.7243346Z     at emitPlaywright (file:///home/runner/work/FsusUI/FsusUI/scripts/ci-readiness.mjs:175:13)
2026-10-08T15:15:25.7243722Z     at file:///home/runner/work/FsusUI/FsusUI/scripts/ci-readiness.mjs:363:5
2026-10-08T15:15:25.7244024Z     at ModuleJob.run (node:internal/modules/esm/module_job:343:25)
2026-10-08T15:15:25.7244343Z     at async onImport.tracePromise.__proto__ (node:internal/modules/esm/loader:681:26)
2026-10-08T15:15:25.7244689Z     at async asyncRunEntryPointWithESMLoader (node:internal/modules/run_main:117:5)
2026-10-08T15:15:25.7244880Z 
2026-10-08T15:15:25.7244942Z Node.js v22.23.3
2026-10-08T15:15:25.7275672Z ##[error]Process completed with exit code 1.
2026-10-08T15:15:25.7284036Z ##[end-action id=__self.__run;outcome=failure;conclusion=failure;duration_ms=50]
2026-10-08T15:15:25.7286144Z ##[start-action display=Upload structured leaf manifest;id=__self.__actions_upload-artifact]
2026-10-08T15:15:25.7311465Z ##[group]Run actions/upload-artifact@v4
2026-10-08T15:15:25.7311644Z with:
2026-10-08T15:15:25.7311825Z   name: readiness-manifest-playwright-conformance-single
2026-10-08T15:15:25.7312048Z   path: .readiness
2026-10-08T15:15:25.7312197Z   include-hidden-files: true
2026-10-08T15:15:25.7312358Z   if-no-files-found: warn
2026-10-08T15:15:25.7312507Z   overwrite: true
2026-10-08T15:15:25.7312642Z   retention-days: 7
2026-10-08T15:15:25.7312781Z   compression-level: 6
2026-10-08T15:15:25.7312923Z env:
2026-10-08T15:15:25.7313132Z   PLAYWRIGHT_BROWSERS_PATH: /home/runner/work/FsusUI/FsusUI/.tmp/playwright-browsers
2026-10-08T15:15:25.7313409Z   PNPM_HOME: /home/runner/setup-pnpm/node_modules/.bin
2026-10-08T15:15:25.7314327Z   PATH: /home/runner/work/FsusUI/FsusUI/emsdk-cache/emsdk-main:/home/runner/work/FsusUI/FsusUI/emsdk-cache/emsdk-main/upstream/emscripten:/opt/hostedtoolcache/node/22.23.3/x64/bin:/home/runner/setup-pnpm/node_modules/.bin:/snap/bin:/home/runner/.local/bin:/opt/pipx_bin:/home/runner/.cargo/bin:/home/runner/.config/composer/vendor/bin:/usr/local/.ghcup/bin:/home/runner/.dotnet/tools:/usr/local/sbin:/usr/local/bin:/usr/sbin:/usr/bin:/sbin:/bin:/usr/games:/usr/local/games
2026-10-08T15:15:25.7315258Z   EMSDK: /home/runner/work/FsusUI/FsusUI/emsdk-cache/emsdk-main
2026-10-08T15:15:25.7315564Z   EMSDK_NODE: /home/runner/work/FsusUI/FsusUI/emsdk-cache/emsdk-main/node/22.16.0_64bit/bin/node
2026-10-08T15:15:25.7315823Z ##[endgroup]
2026-10-08T15:15:25.8369547Z (node:6685) [DEP0040] DeprecationWarning: The `punycode` module is deprecated. Please use a userland alternative instead.
2026-10-08T15:15:25.8370039Z (Use `node --trace-deprecation ...` to show where the warning was created)
2026-10-08T15:15:25.8416511Z With the provided path, there will be 3 files uploaded
2026-10-08T15:15:26.0357049Z Artifact name is valid!
2026-10-08T15:15:26.0357577Z Root directory input is valid!
2026-10-08T15:15:26.2328429Z Beginning upload of artifact content to blob storage
2026-10-08T15:15:26.2479350Z (node:6685) [DEP0169] DeprecationWarning: `url.parse()` behavior is not standardized and prone to errors that have security implications. Use the WHATWG URL API instead. CVEs are not issued for `url.parse()` vulnerabilities.
2026-10-08T15:15:26.4363057Z Uploaded bytes 26854
2026-10-08T15:15:26.4801914Z Finished uploading artifact content to blob storage!
2026-10-08T15:15:26.4802598Z SHA256 digest of uploaded artifact zip is a5c1c61cfb5caa8b2e6c00ccf417c5be42b8df150fe4e49c266f23a0ba256f73
2026-10-08T15:15:26.4803118Z Finalizing artifact upload
2026-10-08T15:15:26.7365303Z Artifact readiness-manifest-playwright-conformance-single.zip successfully finalized. Artifact ID 11560440021
2026-10-08T15:15:26.7366645Z Artifact readiness-manifest-playwright-conformance-single has been successfully uploaded! Final size is 26854 bytes. Artifact ID is 11560440021
2026-10-08T15:15:26.7371060Z Artifact download URL: https://github.com/Ozwasyd/FsusUI/actions/runs/37798728109/artifacts/11560440021
2026-10-08T15:15:26.7480640Z ##[end-action id=__self.__actions_upload-artifact;outcome=success;conclusion=success;duration_ms=1019]
2026-10-08T15:15:26.7647429Z Post job cleanup.
2026-10-08T15:15:26.8691248Z Pruning is unnecessary.
2026-10-08T15:15:26.8830457Z Post job cleanup.
2026-10-08T15:15:26.9383778Z [command]/usr/bin/git version
2026-10-08T15:15:26.9445295Z git version 2.55.0
2026-10-08T15:15:26.9468201Z Temporarily overriding HOME='/home/runner/work/_temp/d9f391b8-6dd4-4ff1-a7df-8675a296fcdd' before making global git config changes
2026-10-08T15:15:26.9469498Z Adding repository directory to the temporary git global config as a safe directory
2026-10-08T15:15:26.9471705Z [command]/usr/bin/git config --global --add safe.directory /home/runner/work/FsusUI/FsusUI
2026-10-08T15:15:26.9510601Z [command]/usr/bin/git config --local --name-only --get-regexp core\.sshCommand
2026-10-08T15:15:26.9555650Z [command]/usr/bin/git submodule foreach --recursive sh -c "git config --local --name-only --get-regexp 'core\.sshCommand' && git config --local --unset-all 'core.sshCommand' || :"
2026-10-08T15:15:26.9799596Z [command]/usr/bin/git config --local --name-only --get-regexp http\.https\:\/\/github\.com\/\.extraheader
2026-10-08T15:15:26.9829498Z http.https://github.com/.extraheader
2026-10-08T15:15:26.9845866Z [command]/usr/bin/git config --local --unset-all http.https://github.com/.extraheader
2026-10-08T15:15:26.9882584Z [command]/usr/bin/git submodule foreach --recursive sh -c "git config --local --name-only --get-regexp 'http\.https\:\/\/github\.com\/\.extraheader' && git config --local --unset-all 'http.https://github.com/.extraheader' || :"
2026-10-08T15:15:27.0097652Z [command]/usr/bin/git config --local --name-only --get-regexp ^includeIf\.gitdir:
2026-10-08T15:15:27.0128683Z [command]/usr/bin/git submodule foreach --recursive git config --local --show-origin --name-only --get-regexp remote.origin.url
2026-10-08T15:15:27.0419258Z Cleaning up orphan processes
2026-10-08T15:15:27.0633832Z ##[warning]Node.js 20 is deprecated. The following actions target Node.js 20 but are being forced to run on Node.js 24: actions/cache@v4, actions/checkout@v4, actions/download-artifact@v4, actions/setup-node@v4, actions/upload-artifact@v4, pnpm/action-setup@v4. For more information see: https://github.blog/changelog/2025-09-19-deprecation-of-node-20-on-github-actions-runners/

