2026-10-09T16:21:45.8134468Z Current runner version: '2.337.0'
2026-10-09T16:21:45.8149938Z ##[group]Runner Image Provisioner
2026-10-09T16:21:45.8150559Z Hosted Compute Agent
2026-10-09T16:21:45.8150897Z Version: 20261002.596
2026-10-09T16:21:45.8151245Z Commit: c3d12f3313a95f25162a1503be624f3b0617f8c0
2026-10-09T16:21:45.8151703Z Build Date: 2026-10-02T22:28:27Z
2026-10-09T16:21:45.8152086Z Worker ID: {13888232-ee0c-4855-99fa-95a15a1f8142}
2026-10-09T16:21:45.8152528Z Region: centralus
2026-10-09T16:21:45.8152856Z Cloud: Azure
2026-10-09T16:21:45.8153170Z ##[endgroup]
2026-10-09T16:21:45.8153917Z ##[group]Operating System
2026-10-09T16:21:45.8154287Z Ubuntu
2026-10-09T16:21:45.8154643Z 24.04.5
2026-10-09T16:21:45.8154948Z LTS
2026-10-09T16:21:45.8155247Z ##[endgroup]
2026-10-09T16:21:45.8155593Z ##[group]Runner Image
2026-10-09T16:21:45.8155933Z Image: ubuntu-24.04
2026-10-09T16:21:45.8156457Z Version: 20261004.327.1
2026-10-09T16:21:45.8157204Z Included Software: https://github.com/actions/runner-images/blob/ubuntu24/20261004.327/images/ubuntu/Ubuntu2404-Readme.md
2026-10-09T16:21:45.8158058Z Image Release: https://github.com/actions/runner-images/releases/tag/ubuntu24%2F20261004.327
2026-10-09T16:21:45.8158588Z ##[endgroup]
2026-10-09T16:21:45.8159313Z ##[group]GITHUB_TOKEN Permissions
2026-10-09T16:21:45.8160586Z Contents: read
2026-10-09T16:21:45.8160902Z Metadata: read
2026-10-09T16:21:45.8161279Z Packages: read
2026-10-09T16:21:45.8161597Z ##[endgroup]
2026-10-09T16:21:45.8162916Z Secret source: Actions
2026-10-09T16:21:45.8163414Z Cache mode: write
2026-10-09T16:21:45.8164020Z Prepare workflow directory
2026-10-09T16:21:45.8540814Z Prepare all required actions
2026-10-09T16:21:45.8583887Z Getting action download info
2026-10-09T16:21:46.1415401Z Download action repository 'actions/checkout@v4' (SHA:11d5960a326750d5838078e36cf38b85af677262)
2026-10-09T16:21:46.2209419Z Download action repository 'pnpm/action-setup@v4' (SHA:b906affcce14559ad1aafd4ab0e942779e9f58b1)
2026-10-09T16:21:46.7335480Z Download action repository 'actions/setup-node@v4' (SHA:49933ea5288caeca8642d1e84afbd3f7d6820020)
2026-10-09T16:21:46.8254419Z Download action repository 'emscripten-core/setup-emsdk@v15' (SHA:667eb33f24e84e7f362c16d8d7fff0629a73e15e)
2026-10-09T16:21:47.1670127Z Download action repository 'actions/cache@v4' (SHA:0057852bfaa89a56745cba8c7296529d2fc39830)
2026-10-09T16:21:47.2745444Z Download action repository 'actions/download-artifact@v4' (SHA:d3f86a106a0bac45b974a628896c90dbdf5c8093)
2026-10-09T16:21:47.7040740Z Download action repository 'actions/upload-artifact@v4' (SHA:ea165f8d65b6e75b540449e92b4886f43607fa02)
2026-10-09T16:21:47.9135145Z Uses: Ozwasyd/FsusUI/.github/workflows/_quality-playwright.yml@refs/pull/889/merge (de0b90b49697a40741220e5e8cce23f7dc460195)
2026-10-09T16:21:47.9138599Z ##[group] Inputs
2026-10-09T16:21:47.9139161Z   group: pr
2026-10-09T16:21:47.9139643Z ##[endgroup]
2026-10-09T16:21:47.9140299Z Complete job name: premerge-playwright / playwright-layout
2026-10-09T16:21:47.9740129Z ##[group]Run actions/checkout@v4
2026-10-09T16:21:47.9740887Z with:
2026-10-09T16:21:47.9741390Z   repository: Ozwasyd/FsusUI
2026-10-09T16:21:47.9746300Z   token: ***
2026-10-09T16:21:47.9746845Z   ssh-strict: true
2026-10-09T16:21:47.9747367Z   ssh-user: git
2026-10-09T16:21:47.9747889Z   persist-credentials: true
2026-10-09T16:21:47.9748458Z   clean: true
2026-10-09T16:21:47.9748994Z   sparse-checkout-cone-mode: true
2026-10-09T16:21:47.9749591Z   fetch-depth: 1
2026-10-09T16:21:47.9750092Z   fetch-tags: false
2026-10-09T16:21:47.9750610Z   show-progress: true
2026-10-09T16:21:47.9751132Z   lfs: false
2026-10-09T16:21:47.9751618Z   submodules: false
2026-10-09T16:21:47.9752147Z   set-safe-directory: true
2026-10-09T16:21:47.9752745Z   allow-unsafe-pr-checkout: false
2026-10-09T16:21:47.9753451Z env:
2026-10-09T16:21:47.9754200Z   PLAYWRIGHT_BROWSERS_PATH: /home/runner/work/FsusUI/FsusUI/.tmp/playwright-browsers
2026-10-09T16:21:47.9755122Z   FSUS_DOM_LAYOUT_WORKERS: 4
2026-10-09T16:21:47.9755720Z ##[endgroup]
2026-10-09T16:21:48.0399064Z Syncing repository: Ozwasyd/FsusUI
2026-10-09T16:21:48.0401729Z ##[group]Getting Git version info
2026-10-09T16:21:48.0402883Z Working directory is '/home/runner/work/FsusUI/FsusUI'
2026-10-09T16:21:48.0404658Z [command]/usr/bin/git version
2026-10-09T16:21:48.0459762Z git version 2.55.0
2026-10-09T16:21:48.0505222Z ##[endgroup]
2026-10-09T16:21:48.0516217Z Temporarily overriding HOME='/home/runner/work/_temp/66b3488b-3753-4028-b579-8ff6f6acacbe' before making global git config changes
2026-10-09T16:21:48.0518929Z Adding repository directory to the temporary git global config as a safe directory
2026-10-09T16:21:48.0521074Z [command]/usr/bin/git config --global --add safe.directory /home/runner/work/FsusUI/FsusUI
2026-10-09T16:21:48.0566710Z Deleting the contents of '/home/runner/work/FsusUI/FsusUI'
2026-10-09T16:21:48.0571248Z ##[group]Initializing the repository
2026-10-09T16:21:48.0574207Z [command]/usr/bin/git init /home/runner/work/FsusUI/FsusUI
2026-10-09T16:21:48.0676953Z hint: Using 'master' as the name for the initial branch. This default branch name
2026-10-09T16:21:48.0678737Z hint: will change to "main" in Git 3.0. To configure the initial branch name
2026-10-09T16:21:48.0697337Z hint: to use in all of your new repositories, which will suppress this warning,
2026-10-09T16:21:48.0698991Z hint: call:
2026-10-09T16:21:48.0699802Z hint:
2026-10-09T16:21:48.0701082Z hint: 	git config --global init.defaultBranch <name>
2026-10-09T16:21:48.0702198Z hint:
2026-10-09T16:21:48.0703213Z hint: Names commonly chosen instead of 'master' are 'main', 'trunk' and
2026-10-09T16:21:48.0704831Z hint: 'development'. The just-created branch can be renamed via this command:
2026-10-09T16:21:48.0706168Z hint:
2026-10-09T16:21:48.0706674Z hint: 	git branch -m <name>
2026-10-09T16:21:48.0707221Z hint:
2026-10-09T16:21:48.0708276Z hint: Disable this message with "git config set advice.defaultBranchName false"
2026-10-09T16:21:48.0709462Z Initialized empty Git repository in /home/runner/work/FsusUI/FsusUI/.git/
2026-10-09T16:21:48.0711458Z [command]/usr/bin/git remote add origin https://github.com/Ozwasyd/FsusUI
2026-10-09T16:21:48.0735699Z ##[endgroup]
2026-10-09T16:21:48.0737200Z ##[group]Disabling automatic garbage collection
2026-10-09T16:21:48.0738421Z [command]/usr/bin/git config --local gc.auto 0
2026-10-09T16:21:48.0768044Z ##[endgroup]
2026-10-09T16:21:48.0768903Z ##[group]Setting up auth
2026-10-09T16:21:48.0774491Z [command]/usr/bin/git config --local --name-only --get-regexp core\.sshCommand
2026-10-09T16:21:48.0804278Z [command]/usr/bin/git submodule foreach --recursive sh -c "git config --local --name-only --get-regexp 'core\.sshCommand' && git config --local --unset-all 'core.sshCommand' || :"
2026-10-09T16:21:48.1087393Z [command]/usr/bin/git config --local --name-only --get-regexp http\.https\:\/\/github\.com\/\.extraheader
2026-10-09T16:21:48.1114701Z [command]/usr/bin/git submodule foreach --recursive sh -c "git config --local --name-only --get-regexp 'http\.https\:\/\/github\.com\/\.extraheader' && git config --local --unset-all 'http.https://github.com/.extraheader' || :"
2026-10-09T16:21:48.1280226Z [command]/usr/bin/git config --local --name-only --get-regexp ^includeIf\.gitdir:
2026-10-09T16:21:48.1308157Z [command]/usr/bin/git submodule foreach --recursive git config --local --show-origin --name-only --get-regexp remote.origin.url
2026-10-09T16:21:48.1472827Z [command]/usr/bin/git config --local http.https://github.com/.extraheader AUTHORIZATION: basic ***
2026-10-09T16:21:48.1503163Z ##[endgroup]
2026-10-09T16:21:48.1504405Z ##[group]Fetching the repository
2026-10-09T16:21:48.1510684Z [command]/usr/bin/git -c protocol.version=2 fetch --no-tags --prune --no-recurse-submodules --depth=1 origin +de0b90b49697a40741220e5e8cce23f7dc460195:refs/remotes/pull/889/merge
2026-10-09T16:21:49.1849293Z From https://github.com/Ozwasyd/FsusUI
2026-10-09T16:21:49.1849848Z  * [new ref]         de0b90b49697a40741220e5e8cce23f7dc460195 -> pull/889/merge
2026-10-09T16:21:49.1853557Z ##[endgroup]
2026-10-09T16:21:49.1854095Z ##[group]Determining the checkout info
2026-10-09T16:21:49.1855900Z ##[endgroup]
2026-10-09T16:21:49.1867281Z [command]/usr/bin/git sparse-checkout disable
2026-10-09T16:21:49.1956475Z [command]/usr/bin/git config --local --unset-all extensions.worktreeConfig
2026-10-09T16:21:49.1982075Z ##[group]Checking out the ref
2026-10-09T16:21:49.1984637Z [command]/usr/bin/git checkout --progress --force refs/remotes/pull/889/merge
2026-10-09T16:21:49.4633868Z Note: switching to 'refs/remotes/pull/889/merge'.
2026-10-09T16:21:49.4634099Z 
2026-10-09T16:21:49.4634248Z You are in 'detached HEAD' state. You can look around, make experimental
2026-10-09T16:21:49.4634547Z changes and commit them, and you can discard any commits you make in this
2026-10-09T16:21:49.4634830Z state without impacting any branches by switching back to a branch.
2026-10-09T16:21:49.4634989Z 
2026-10-09T16:21:49.4635143Z If you want to create a new branch to retain commits you create, you may
2026-10-09T16:21:49.4635426Z do so (now or later) by using -c with the switch command. Example:
2026-10-09T16:21:49.4635586Z 
2026-10-09T16:21:49.4635667Z   git switch -c <new-branch-name>
2026-10-09T16:21:49.4635775Z 
2026-10-09T16:21:49.4635855Z Or undo this operation with:
2026-10-09T16:21:49.4635955Z 
2026-10-09T16:21:49.4636177Z   git switch -
2026-10-09T16:21:49.4636294Z 
2026-10-09T16:21:49.4636524Z Turn off this advice by setting config variable advice.detachedHead to false
2026-10-09T16:21:49.4636695Z 
2026-10-09T16:21:49.4636915Z HEAD is now at de0b90b Merge 6b5bb2fcaf7d1eef066b5d8e3e867504d2e00b8f into 8db0ac8f49749e3e5f28be5051bb3d3ed71ada71
2026-10-09T16:21:49.4650394Z ##[endgroup]
2026-10-09T16:21:49.4693782Z [command]/usr/bin/git log -1 --format=%H
2026-10-09T16:21:49.4716181Z de0b90b49697a40741220e5e8cce23f7dc460195
2026-10-09T16:21:49.4882845Z ##[group]Run pnpm/action-setup@v4
2026-10-09T16:21:49.4883028Z with:
2026-10-09T16:21:49.4883160Z   version: 10.33.0
2026-10-09T16:21:49.4883297Z   dest: ~/setup-pnpm
2026-10-09T16:21:49.4883435Z   run_install: null
2026-10-09T16:21:49.4883584Z   cache: false
2026-10-09T16:21:49.4883728Z   cache_dependency_path: pnpm-lock.yaml
2026-10-09T16:21:49.4883906Z   package_json_file: package.json
2026-10-09T16:21:49.4884087Z   standalone: false
2026-10-09T16:21:49.4884234Z env:
2026-10-09T16:21:49.4884437Z   PLAYWRIGHT_BROWSERS_PATH: /home/runner/work/FsusUI/FsusUI/.tmp/playwright-browsers
2026-10-09T16:21:49.4884681Z   FSUS_DOM_LAYOUT_WORKERS: 4
2026-10-09T16:21:49.4884833Z ##[endgroup]
2026-10-09T16:21:49.5733051Z ##[group]Running self-installer...
2026-10-09T16:21:49.8067634Z (node:2097) [DEP0169] DeprecationWarning: `url.parse()` behavior is not standardized and prone to errors that have security implications. Use the WHATWG URL API instead. CVEs are not issued for `url.parse()` vulnerabilities.
2026-10-09T16:21:49.8068496Z (Use `node --trace-deprecation ...` to show where the warning was created)
2026-10-09T16:21:50.1246314Z Progress: resolved 1, reused 0, downloaded 0, added 0
2026-10-09T16:21:50.4605382Z 
2026-10-09T16:21:50.4605909Z dependencies:
2026-10-09T16:21:50.4606311Z + pnpm 10.33.0
2026-10-09T16:21:50.4606425Z 
2026-10-09T16:21:50.4686886Z Packages: +1
2026-10-09T16:21:50.4715348Z +
2026-10-09T16:21:50.5104904Z Progress: resolved 1, reused 0, downloaded 1, added 1, done
2026-10-09T16:21:50.5429928Z Done in 860ms
2026-10-09T16:21:50.5561824Z ##[endgroup]
2026-10-09T16:21:50.5562044Z Installation Completed!
2026-10-09T16:21:50.5690000Z ##[group]Run actions/setup-node@v4
2026-10-09T16:21:50.5690146Z with:
2026-10-09T16:21:50.5690254Z   node-version: 22
2026-10-09T16:21:50.5690362Z   cache: pnpm
2026-10-09T16:21:50.5690483Z   cache-dependency-path: pnpm-lock.yaml
2026-10-09T16:21:50.5690628Z   always-auth: false
2026-10-09T16:21:50.5690742Z   check-latest: false
2026-10-09T16:21:50.5691973Z   token: ***
2026-10-09T16:21:50.5692074Z env:
2026-10-09T16:21:50.5692254Z   PLAYWRIGHT_BROWSERS_PATH: /home/runner/work/FsusUI/FsusUI/.tmp/playwright-browsers
2026-10-09T16:21:50.5692475Z   FSUS_DOM_LAYOUT_WORKERS: 4
2026-10-09T16:21:50.5692748Z   PNPM_HOME: /home/runner/setup-pnpm/node_modules/.bin
2026-10-09T16:21:50.5692906Z ##[endgroup]
2026-10-09T16:21:50.6563541Z Found in cache @ /opt/hostedtoolcache/node/22.23.3/x64
2026-10-09T16:21:50.6564023Z ##[group]Environment details
2026-10-09T16:21:50.6571302Z (node:2111) [DEP0040] DeprecationWarning: The `punycode` module is deprecated. Please use a userland alternative instead.
2026-10-09T16:21:50.6574906Z (Use `node --trace-deprecation ...` to show where the warning was created)
2026-10-09T16:21:50.9443160Z node: v22.23.3
2026-10-09T16:21:50.9443395Z npm: 10.9.9
2026-10-09T16:21:50.9443573Z yarn: 1.22.22
2026-10-09T16:21:50.9444515Z ##[endgroup]
2026-10-09T16:21:50.9456981Z [command]/home/runner/setup-pnpm/node_modules/.bin/pnpm store path --silent
2026-10-09T16:21:51.1636100Z /home/runner/setup-pnpm/node_modules/.bin/store/v10
2026-10-09T16:21:51.3171299Z Cache hit for: node-cache-Linux-x64-pnpm-6488f186c6e4d670f8d817ffdc3198dfda2e2a93c1c69fad45acdcee91a9fe09
2026-10-09T16:21:51.3233458Z (node:2111) [DEP0169] DeprecationWarning: `url.parse()` behavior is not standardized and prone to errors that have security implications. Use the WHATWG URL API instead. CVEs are not issued for `url.parse()` vulnerabilities.
2026-10-09T16:21:52.4691203Z Received 134217728 of 222137478 (60.4%), 126.4 MBs/sec
2026-10-09T16:21:52.9279709Z Received 222137478 of 222137478 (100.0%), 144.1 MBs/sec
2026-10-09T16:21:52.9280615Z Cache Size: ~212 MB (222137478 B)
2026-10-09T16:21:52.9312586Z [command]/usr/bin/tar -xf /home/runner/work/_temp/b53a9b75-727c-41d4-8503-c3b01d6691f7/cache.tzst -P -C /home/runner/work/FsusUI/FsusUI --use-compress-program unzstd
2026-10-09T16:21:54.2768087Z Cache restored successfully
2026-10-09T16:21:54.2857277Z Cache restored from key: node-cache-Linux-x64-pnpm-6488f186c6e4d670f8d817ffdc3198dfda2e2a93c1c69fad45acdcee91a9fe09
2026-10-09T16:21:54.3006608Z ##[group]Run emscripten-core/setup-emsdk@v15
2026-10-09T16:21:54.3006787Z with:
2026-10-09T16:21:54.3006898Z   version: 5.0.4
2026-10-09T16:21:54.3007035Z   actions-cache-folder: emsdk-cache
2026-10-09T16:21:54.3007181Z   no-install: false
2026-10-09T16:21:54.3007302Z   no-cache: false
2026-10-09T16:21:54.3007415Z   update: false
2026-10-09T16:21:54.3007529Z   update-tags: false
2026-10-09T16:21:54.3007646Z env:
2026-10-09T16:21:54.3007837Z   PLAYWRIGHT_BROWSERS_PATH: /home/runner/work/FsusUI/FsusUI/.tmp/playwright-browsers
2026-10-09T16:21:54.3008061Z   FSUS_DOM_LAYOUT_WORKERS: 4
2026-10-09T16:21:54.3008218Z   PNPM_HOME: /home/runner/setup-pnpm/node_modules/.bin
2026-10-09T16:21:54.3008383Z ##[endgroup]
2026-10-09T16:21:54.5256226Z Cache hit for: Quality Gates-5.0.4-linux-x64
2026-10-09T16:21:55.6996573Z Received 134217728 of 531478605 (25.3%), 128.0 MBs/sec
2026-10-09T16:21:56.7007654Z Received 352321536 of 531478605 (66.3%), 167.9 MBs/sec
2026-10-09T16:21:57.5486139Z Received 531478605 of 531478605 (100.0%), 177.9 MBs/sec
2026-10-09T16:21:57.5486532Z Cache Size: ~507 MB (531478605 B)
2026-10-09T16:21:57.5512526Z [command]/usr/bin/tar -xf /home/runner/work/_temp/5a0a2428-4ec6-4839-af72-6ae2c09e9026/cache.tzst -P -C /home/runner/work/FsusUI/FsusUI --use-compress-program unzstd
2026-10-09T16:22:02.0654132Z Cache restored successfully
2026-10-09T16:22:02.0861229Z [command]/home/runner/work/FsusUI/FsusUI/emsdk-cache/emsdk-main/emsdk activate 5.0.4
2026-10-09T16:22:02.1568664Z Resolving SDK version '5.0.4' to 'sdk-releases-54d45123d7ad4aa96ce57e74a1f3f9d1c54e6402-64bit'
2026-10-09T16:22:02.1569521Z Setting the following tools as active:
2026-10-09T16:22:02.1570170Z    node-22.16.0-64bit
2026-10-09T16:22:02.1570875Z    releases-54d45123d7ad4aa96ce57e74a1f3f9d1c54e6402-64bit
2026-10-09T16:22:02.1571098Z 
2026-10-09T16:22:02.1571182Z Next steps:
2026-10-09T16:22:02.1571478Z - To conveniently access emsdk tools from the command line,
2026-10-09T16:22:02.1571913Z   consider adding the following directories to your PATH:
2026-10-09T16:22:02.1572243Z     /home/runner/work/FsusUI/FsusUI/emsdk-cache/emsdk-main
2026-10-09T16:22:02.1573033Z     /home/runner/work/FsusUI/FsusUI/emsdk-cache/emsdk-main/upstream/emscripten
2026-10-09T16:22:02.1573504Z - This can be done for the current shell by running:
2026-10-09T16:22:02.1573763Z     source "/home/runner/work/FsusUI/FsusUI/emsdk-cache/emsdk-main/emsdk_env.sh"
2026-10-09T16:22:02.1574044Z - Configure emsdk in your shell startup scripts by running:
2026-10-09T16:22:02.1574369Z     echo 'source "/home/runner/work/FsusUI/FsusUI/emsdk-cache/emsdk-main/emsdk_env.sh"' >> $HOME/.bash_profile
2026-10-09T16:22:02.1631532Z [command]/home/runner/work/FsusUI/FsusUI/emsdk-cache/emsdk-main/emsdk construct_env
2026-10-09T16:22:02.2364004Z Setting up EMSDK environment (suppress these messages with EMSDK_QUIET=1)
2026-10-09T16:22:02.2364448Z Adding directories to PATH:
2026-10-09T16:22:02.2364805Z PATH += /home/runner/work/FsusUI/FsusUI/emsdk-cache/emsdk-main
2026-10-09T16:22:02.2369779Z PATH += /home/runner/work/FsusUI/FsusUI/emsdk-cache/emsdk-main/upstream/emscripten
2026-10-09T16:22:02.2370299Z 
2026-10-09T16:22:02.2370885Z Setting environment variables:
2026-10-09T16:22:02.2372875Z PATH = /home/runner/work/FsusUI/FsusUI/emsdk-cache/emsdk-main:/home/runner/work/FsusUI/FsusUI/emsdk-cache/emsdk-main/upstream/emscripten:/opt/hostedtoolcache/node/22.23.3/x64/bin:/home/runner/setup-pnpm/node_modules/.bin:/snap/bin:/home/runner/.local/bin:/opt/pipx_bin:/home/runner/.cargo/bin:/home/runner/.config/composer/vendor/bin:/usr/local/.ghcup/bin:/home/runner/.dotnet/tools:/usr/local/sbin:/usr/local/bin:/usr/sbin:/usr/bin:/sbin:/bin:/usr/games:/usr/local/games
2026-10-09T16:22:02.2374507Z EMSDK = /home/runner/work/FsusUI/FsusUI/emsdk-cache/emsdk-main
2026-10-09T16:22:02.2375018Z EMSDK_NODE = /home/runner/work/FsusUI/FsusUI/emsdk-cache/emsdk-main/node/22.16.0_64bit/bin/node
2026-10-09T16:22:02.2377607Z export PATH="/home/runner/work/FsusUI/FsusUI/emsdk-cache/emsdk-main:/home/runner/work/FsusUI/FsusUI/emsdk-cache/emsdk-main/upstream/emscripten:/opt/hostedtoolcache/node/22.23.3/x64/bin:/home/runner/setup-pnpm/node_modules/.bin:/snap/bin:/home/runner/.local/bin:/opt/pipx_bin:/home/runner/.cargo/bin:/home/runner/.config/composer/vendor/bin:/usr/local/.ghcup/bin:/home/runner/.dotnet/tools:/usr/local/sbin:/usr/local/bin:/usr/sbin:/usr/bin:/sbin:/bin:/usr/games:/usr/local/games";
2026-10-09T16:22:02.2379288Z export EMSDK="/home/runner/work/FsusUI/FsusUI/emsdk-cache/emsdk-main";
2026-10-09T16:22:02.2379900Z export EMSDK_NODE="/home/runner/work/FsusUI/FsusUI/emsdk-cache/emsdk-main/node/22.16.0_64bit/bin/node";
2026-10-09T16:22:02.2605885Z ##[group]Run pnpm install --frozen-lockfile
2026-10-09T16:22:02.2606328Z [36;1mpnpm install --frozen-lockfile[0m
2026-10-09T16:22:02.2923391Z shell: /usr/bin/bash -e {0}
2026-10-09T16:22:02.2923553Z env:
2026-10-09T16:22:02.2923762Z   PLAYWRIGHT_BROWSERS_PATH: /home/runner/work/FsusUI/FsusUI/.tmp/playwright-browsers
2026-10-09T16:22:02.2924012Z   FSUS_DOM_LAYOUT_WORKERS: 4
2026-10-09T16:22:02.2924183Z   PNPM_HOME: /home/runner/setup-pnpm/node_modules/.bin
2026-10-09T16:22:02.2925095Z   PATH: /home/runner/work/FsusUI/FsusUI/emsdk-cache/emsdk-main:/home/runner/work/FsusUI/FsusUI/emsdk-cache/emsdk-main/upstream/emscripten:/opt/hostedtoolcache/node/22.23.3/x64/bin:/home/runner/setup-pnpm/node_modules/.bin:/snap/bin:/home/runner/.local/bin:/opt/pipx_bin:/home/runner/.cargo/bin:/home/runner/.config/composer/vendor/bin:/usr/local/.ghcup/bin:/home/runner/.dotnet/tools:/usr/local/sbin:/usr/local/bin:/usr/sbin:/usr/bin:/sbin:/bin:/usr/games:/usr/local/games
2026-10-09T16:22:02.2926252Z   EMSDK: /home/runner/work/FsusUI/FsusUI/emsdk-cache/emsdk-main
2026-10-09T16:22:02.2926565Z   EMSDK_NODE: /home/runner/work/FsusUI/FsusUI/emsdk-cache/emsdk-main/node/22.16.0_64bit/bin/node
2026-10-09T16:22:02.2926810Z ##[endgroup]
2026-10-09T16:22:02.4737219Z Scope: all 20 workspace projects
2026-10-09T16:22:02.5244807Z Lockfile is up to date, resolution step is skipped
2026-10-09T16:22:02.7087157Z Packages: +1697
2026-10-09T16:22:02.7087455Z ++++++++++++++++++++++++++++++++++++++++++++++++++++++++++++++++++++++++++++++++
2026-10-09T16:22:02.7104979Z Progress: resolved 0, reused 1, downloaded 0, added 0
2026-10-09T16:22:03.7116206Z Progress: resolved 0, reused 1547, downloaded 0, added 560
2026-10-09T16:22:04.5517561Z Progress: resolved 0, reused 1547, downloaded 0, added 1697, done
2026-10-09T16:22:04.8627484Z 
2026-10-09T16:22:04.8628034Z dependencies:
2026-10-09T16:22:04.8628467Z + @element-plus/components 0.0.5 <- vue/packages/components
2026-10-09T16:22:04.8628814Z + @element-plus/constants <- vue/packages/constants
2026-10-09T16:22:04.8629045Z + @element-plus/directives 0.0.5 <- vue/packages/directives
2026-10-09T16:22:04.8629269Z + @element-plus/hooks 0.0.5 <- vue/packages/hooks
2026-10-09T16:22:04.8629490Z + @element-plus/icons-vue 2.3.2 <- vue/packages/icons-vue
2026-10-09T16:22:04.8629707Z + @element-plus/locale 0.0.5 <- vue/packages/locale
2026-10-09T16:22:04.8629935Z + @element-plus/test-utils 0.0.5 <- vue/packages/test-utils
2026-10-09T16:22:04.8630176Z + @element-plus/theme-chalk 0.1.0 <- vue/packages/theme-chalk
2026-10-09T16:22:04.8630448Z + @element-plus/utils <- vue/packages/utils
2026-10-09T16:22:04.8630758Z + @element-plus/wasm 1.0.0 <- vue/packages/wasm
2026-10-09T16:22:04.8630918Z 
2026-10-09T16:22:04.8630976Z devDependencies:
2026-10-09T16:22:04.8631138Z + @element-plus/build 0.0.1 <- vue/internal/build
2026-10-09T16:22:04.8631366Z + @element-plus/build-utils 0.0.1 <- vue/internal/build-utils
2026-10-09T16:22:04.8631620Z + @element-plus/eslint-config 0.0.1 <- vue/internal/eslint-config
2026-10-09T16:22:04.8631889Z + @element-plus/icons-svg 2.3.2 <- vue/packages/icons-svg
2026-10-09T16:22:04.8632012Z 
2026-10-09T16:22:04.9600872Z . postinstall$ pnpm stub
2026-10-09T16:22:05.1113761Z . postinstall: > @ stub /home/runner/work/FsusUI/FsusUI
2026-10-09T16:22:05.1115884Z . postinstall: > node ./scripts/with-node-heap.mjs pnpm run -r --parallel stub
2026-10-09T16:22:05.4189949Z . postinstall: Scope: 19 of 20 workspace projects
2026-10-09T16:22:05.4190560Z . postinstall: vue/internal/build stub$ unbuild --stub
2026-10-09T16:22:05.4194537Z . postinstall: vue/internal/build-constants stub$ node ../../../scripts/with-node-heap.mjs unbuild --stub
2026-10-09T16:22:05.4199284Z . postinstall: vue/internal/build-utils stub$ node ../../../scripts/with-node-heap.mjs unbuild --stub
2026-10-09T16:22:05.4202914Z . postinstall: vue/packages/wasm stub$ node ../../../scripts/with-node-heap.mjs unbuild --stub
2026-10-09T16:22:06.1978090Z . postinstall: vue/internal/build stub: Browserslist: browsers data (caniuse-lite) is 7 months old. Please run:
2026-10-09T16:22:06.1979384Z . postinstall: vue/internal/build stub:   npx update-browserslist-db@latest
2026-10-09T16:22:06.2010575Z . postinstall: vue/internal/build stub:   Why you should do it regularly: https://github.com/browserslist/update-db#readme
2026-10-09T16:22:06.2677686Z . postinstall: vue/packages/wasm stub: Browserslist: browsers data (caniuse-lite) is 7 months old. Please run:
2026-10-09T16:22:06.2727609Z . postinstall: vue/packages/wasm stub:   npx update-browserslist-db@latest
2026-10-09T16:22:06.2728363Z . postinstall: vue/packages/wasm stub:   Why you should do it regularly: https://github.com/browserslist/update-db#readme
2026-10-09T16:22:06.2823072Z . postinstall: vue/internal/build-constants stub: Browserslist: browsers data (caniuse-lite) is 7 months old. Please run:
2026-10-09T16:22:06.2876974Z . postinstall: vue/internal/build-constants stub:   npx update-browserslist-db@latest
2026-10-09T16:22:06.2887001Z . postinstall: vue/internal/build-constants stub:   Why you should do it regularly: https://github.com/browserslist/update-db#readme
2026-10-09T16:22:06.3012601Z . postinstall: vue/internal/build-utils stub: Browserslist: browsers data (caniuse-lite) is 7 months old. Please run:
2026-10-09T16:22:06.3046936Z . postinstall: vue/internal/build-utils stub:   npx update-browserslist-db@latest
2026-10-09T16:22:06.3066930Z . postinstall: vue/internal/build-utils stub:   Why you should do it regularly: https://github.com/browserslist/update-db#readme
2026-10-09T16:22:06.5557832Z . postinstall: vue/internal/build stub: [info] [36mStubbing build[39m
2026-10-09T16:22:06.5732094Z . postinstall: vue/internal/build stub: [info] Cleaning dist directory: `./dist`
2026-10-09T16:22:06.5753550Z . postinstall: vue/packages/wasm stub: [info] [36mStubbing wasm[39m
2026-10-09T16:22:06.6297906Z . postinstall: vue/internal/build-constants stub: [info] [36mStubbing build-constants[39m
2026-10-09T16:22:06.6408918Z . postinstall: vue/internal/build-constants stub: [info] Cleaning dist directory: `./dist`
2026-10-09T16:22:06.6877506Z . postinstall: vue/internal/build stub: Done
2026-10-09T16:22:06.6894427Z . postinstall: vue/internal/build-utils stub: [info] [36mStubbing build-utils[39m
2026-10-09T16:22:06.6927410Z . postinstall: vue/internal/build-utils stub: [info] Cleaning dist directory: `./dist`
2026-10-09T16:22:06.7185742Z . postinstall: vue/packages/wasm stub: Done
2026-10-09T16:22:06.7236790Z . postinstall: vue/internal/build-constants stub: Done
2026-10-09T16:22:06.7519236Z . postinstall: vue/internal/build-utils stub: Done
2026-10-09T16:22:06.7706769Z . postinstall: Done
2026-10-09T16:22:06.7709768Z . prepare$ husky
2026-10-09T16:22:06.8835907Z . prepare: Done
2026-10-09T16:22:06.9506460Z ╭ Warning ─────────────────────────────────────────────────────────────────────╮
2026-10-09T16:22:06.9506979Z │                                                                              │
2026-10-09T16:22:06.9507372Z │   Ignored build scripts: @parcel/watcher@2.5.6, esbuild@0.18.20,             │
2026-10-09T16:22:06.9507735Z │   esbuild@0.25.12, esbuild@0.27.7, esbuild@0.28.0.                           │
2026-10-09T16:22:06.9508092Z │   Run "pnpm approve-builds" to pick which dependencies should be allowed     │
2026-10-09T16:22:06.9508419Z │   to run scripts.                                                            │
2026-10-09T16:22:06.9508698Z │                                                                              │
2026-10-09T16:22:06.9508999Z ╰──────────────────────────────────────────────────────────────────────────────╯
2026-10-09T16:22:06.9660192Z Done in 4.6s using pnpm v10.33.0
2026-10-09T16:22:07.0384096Z ##[group]Run actions/cache@v4
2026-10-09T16:22:07.0384251Z with:
2026-10-09T16:22:07.0384378Z   path: .tmp/playwright-browsers
2026-10-09T16:22:07.0384661Z   key: Linux-playwright-chromium-791f9120f08141036bec66ee7f70abb878a23c771f035a63e9b5dd6b3f153594
2026-10-09T16:22:07.0384951Z   enableCrossOsArchive: false
2026-10-09T16:22:07.0385096Z   fail-on-cache-miss: false
2026-10-09T16:22:07.0385235Z   lookup-only: false
2026-10-09T16:22:07.0385361Z   save-always: false
2026-10-09T16:22:07.0385478Z env:
2026-10-09T16:22:07.0385671Z   PLAYWRIGHT_BROWSERS_PATH: /home/runner/work/FsusUI/FsusUI/.tmp/playwright-browsers
2026-10-09T16:22:07.0385906Z   FSUS_DOM_LAYOUT_WORKERS: 4
2026-10-09T16:22:07.0386386Z   PNPM_HOME: /home/runner/setup-pnpm/node_modules/.bin
2026-10-09T16:22:07.0387342Z   PATH: /home/runner/work/FsusUI/FsusUI/emsdk-cache/emsdk-main:/home/runner/work/FsusUI/FsusUI/emsdk-cache/emsdk-main/upstream/emscripten:/opt/hostedtoolcache/node/22.23.3/x64/bin:/home/runner/setup-pnpm/node_modules/.bin:/snap/bin:/home/runner/.local/bin:/opt/pipx_bin:/home/runner/.cargo/bin:/home/runner/.config/composer/vendor/bin:/usr/local/.ghcup/bin:/home/runner/.dotnet/tools:/usr/local/sbin:/usr/local/bin:/usr/sbin:/usr/bin:/sbin:/bin:/usr/games:/usr/local/games
2026-10-09T16:22:07.0388278Z   EMSDK: /home/runner/work/FsusUI/FsusUI/emsdk-cache/emsdk-main
2026-10-09T16:22:07.0388563Z   EMSDK_NODE: /home/runner/work/FsusUI/FsusUI/emsdk-cache/emsdk-main/node/22.16.0_64bit/bin/node
2026-10-09T16:22:07.0388806Z ##[endgroup]
2026-10-09T16:22:07.1046178Z (node:2318) [DEP0040] DeprecationWarning: The `punycode` module is deprecated. Please use a userland alternative instead.
2026-10-09T16:22:07.1046912Z (Use `node --trace-deprecation ...` to show where the warning was created)
2026-10-09T16:22:07.2352900Z Cache hit for: Linux-playwright-chromium-791f9120f08141036bec66ee7f70abb878a23c771f035a63e9b5dd6b3f153594
2026-10-09T16:22:07.2444227Z (node:2318) [DEP0169] DeprecationWarning: `url.parse()` behavior is not standardized and prone to errors that have security implications. Use the WHATWG URL API instead. CVEs are not issued for `url.parse()` vulnerabilities.
2026-10-09T16:22:08.3781063Z Received 88080384 of 265327898 (33.2%), 84.0 MBs/sec
2026-10-09T16:22:09.3782522Z Received 130023424 of 265327898 (49.0%), 62.0 MBs/sec
2026-10-09T16:22:10.3799599Z Received 171966464 of 265327898 (64.8%), 54.6 MBs/sec
2026-10-09T16:22:11.3797206Z Received 261133594 of 265327898 (98.4%), 62.2 MBs/sec
2026-10-09T16:22:11.4167777Z Received 265327898 of 265327898 (100.0%), 62.6 MBs/sec
2026-10-09T16:22:11.4169051Z Cache Size: ~253 MB (265327898 B)
2026-10-09T16:22:11.4195194Z [command]/usr/bin/tar -xf /home/runner/work/_temp/cbab112d-65de-4e10-ac3c-bc576b720d5c/cache.tzst -P -C /home/runner/work/FsusUI/FsusUI --use-compress-program unzstd
2026-10-09T16:22:12.0301931Z Cache restored successfully
2026-10-09T16:22:12.0451334Z Cache restored from key: Linux-playwright-chromium-791f9120f08141036bec66ee7f70abb878a23c771f035a63e9b5dd6b3f153594
2026-10-09T16:22:12.2111939Z ##[group]Run actions/cache@v4
2026-10-09T16:22:12.2112096Z with:
2026-10-09T16:22:12.2112223Z   path: vue/packages/icons-vue/dist
2026-10-09T16:22:12.2112520Z   key: Linux-fsusui-test-artifacts-icons-ca973adedbfae2d959cd5814052293a2707667114d5eeda9610a68f1fe53e468
2026-10-09T16:22:12.2112850Z   restore-keys: Linux-fsusui-test-artifacts-icons-

2026-10-09T16:22:12.2113037Z   enableCrossOsArchive: false
2026-10-09T16:22:12.2113184Z   fail-on-cache-miss: false
2026-10-09T16:22:12.2113323Z   lookup-only: false
2026-10-09T16:22:12.2113445Z   save-always: false
2026-10-09T16:22:12.2113568Z env:
2026-10-09T16:22:12.2113756Z   PLAYWRIGHT_BROWSERS_PATH: /home/runner/work/FsusUI/FsusUI/.tmp/playwright-browsers
2026-10-09T16:22:12.2113992Z   FSUS_DOM_LAYOUT_WORKERS: 4
2026-10-09T16:22:12.2114153Z   PNPM_HOME: /home/runner/setup-pnpm/node_modules/.bin
2026-10-09T16:22:12.2115070Z   PATH: /home/runner/work/FsusUI/FsusUI/emsdk-cache/emsdk-main:/home/runner/work/FsusUI/FsusUI/emsdk-cache/emsdk-main/upstream/emscripten:/opt/hostedtoolcache/node/22.23.3/x64/bin:/home/runner/setup-pnpm/node_modules/.bin:/snap/bin:/home/runner/.local/bin:/opt/pipx_bin:/home/runner/.cargo/bin:/home/runner/.config/composer/vendor/bin:/usr/local/.ghcup/bin:/home/runner/.dotnet/tools:/usr/local/sbin:/usr/local/bin:/usr/sbin:/usr/bin:/sbin:/bin:/usr/games:/usr/local/games
2026-10-09T16:22:12.2116097Z   EMSDK: /home/runner/work/FsusUI/FsusUI/emsdk-cache/emsdk-main
2026-10-09T16:22:12.2116379Z   EMSDK_NODE: /home/runner/work/FsusUI/FsusUI/emsdk-cache/emsdk-main/node/22.16.0_64bit/bin/node
2026-10-09T16:22:12.2116617Z ##[endgroup]
2026-10-09T16:22:12.2824684Z (node:2346) [DEP0040] DeprecationWarning: The `punycode` module is deprecated. Please use a userland alternative instead.
2026-10-09T16:22:12.2825363Z (Use `node --trace-deprecation ...` to show where the warning was created)
2026-10-09T16:22:12.4270267Z Cache hit for: Linux-fsusui-test-artifacts-icons-ca973adedbfae2d959cd5814052293a2707667114d5eeda9610a68f1fe53e468
2026-10-09T16:22:12.4333593Z (node:2346) [DEP0169] DeprecationWarning: `url.parse()` behavior is not standardized and prone to errors that have security implications. Use the WHATWG URL API instead. CVEs are not issued for `url.parse()` vulnerabilities.
2026-10-09T16:22:12.6461921Z Received 103315 of 103315 (100.0%), 1.1 MBs/sec
2026-10-09T16:22:12.6462727Z Cache Size: ~0 MB (103315 B)
2026-10-09T16:22:12.6483471Z [command]/usr/bin/tar -xf /home/runner/work/_temp/b35f9b57-31a0-493b-acf7-8ed774465442/cache.tzst -P -C /home/runner/work/FsusUI/FsusUI --use-compress-program unzstd
2026-10-09T16:22:12.6640027Z Cache restored successfully
2026-10-09T16:22:12.6698975Z Cache restored from key: Linux-fsusui-test-artifacts-icons-ca973adedbfae2d959cd5814052293a2707667114d5eeda9610a68f1fe53e468
2026-10-09T16:22:12.7728640Z ##[group]Run actions/cache@v4
2026-10-09T16:22:12.7728799Z with:
2026-10-09T16:22:12.7728924Z   path: vue/packages/wasm/dist
2026-10-09T16:22:12.7729406Z   key: Linux-fsusui-test-artifacts-wasm-bb3f82e823bb57bd28bd3015042d8ee3cc0ccfd58ccc5ff2f93a2fd4eb7d2733
2026-10-09T16:22:12.7729732Z   restore-keys: Linux-fsusui-test-artifacts-wasm-

2026-10-09T16:22:12.7729922Z   enableCrossOsArchive: false
2026-10-09T16:22:12.7730074Z   fail-on-cache-miss: false
2026-10-09T16:22:12.7730213Z   lookup-only: false
2026-10-09T16:22:12.7730342Z   save-always: false
2026-10-09T16:22:12.7730465Z env:
2026-10-09T16:22:12.7730656Z   PLAYWRIGHT_BROWSERS_PATH: /home/runner/work/FsusUI/FsusUI/.tmp/playwright-browsers
2026-10-09T16:22:12.7730891Z   FSUS_DOM_LAYOUT_WORKERS: 4
2026-10-09T16:22:12.7731058Z   PNPM_HOME: /home/runner/setup-pnpm/node_modules/.bin
2026-10-09T16:22:12.7731953Z   PATH: /home/runner/work/FsusUI/FsusUI/emsdk-cache/emsdk-main:/home/runner/work/FsusUI/FsusUI/emsdk-cache/emsdk-main/upstream/emscripten:/opt/hostedtoolcache/node/22.23.3/x64/bin:/home/runner/setup-pnpm/node_modules/.bin:/snap/bin:/home/runner/.local/bin:/opt/pipx_bin:/home/runner/.cargo/bin:/home/runner/.config/composer/vendor/bin:/usr/local/.ghcup/bin:/home/runner/.dotnet/tools:/usr/local/sbin:/usr/local/bin:/usr/sbin:/usr/bin:/sbin:/bin:/usr/games:/usr/local/games
2026-10-09T16:22:12.7732844Z   EMSDK: /home/runner/work/FsusUI/FsusUI/emsdk-cache/emsdk-main
2026-10-09T16:22:12.7733119Z   EMSDK_NODE: /home/runner/work/FsusUI/FsusUI/emsdk-cache/emsdk-main/node/22.16.0_64bit/bin/node
2026-10-09T16:22:12.7733360Z ##[endgroup]
2026-10-09T16:22:12.8420132Z (node:2393) [DEP0040] DeprecationWarning: The `punycode` module is deprecated. Please use a userland alternative instead.
2026-10-09T16:22:12.8420817Z (Use `node --trace-deprecation ...` to show where the warning was created)
2026-10-09T16:22:12.9897623Z Cache hit for: Linux-fsusui-test-artifacts-wasm-bb3f82e823bb57bd28bd3015042d8ee3cc0ccfd58ccc5ff2f93a2fd4eb7d2733
2026-10-09T16:22:12.9957901Z (node:2393) [DEP0169] DeprecationWarning: `url.parse()` behavior is not standardized and prone to errors that have security implications. Use the WHATWG URL API instead. CVEs are not issued for `url.parse()` vulnerabilities.
2026-10-09T16:22:13.1948936Z Received 3256 of 3256 (100.0%), 0.1 MBs/sec
2026-10-09T16:22:13.1949285Z Cache Size: ~0 MB (3256 B)
2026-10-09T16:22:13.1965888Z [command]/usr/bin/tar -xf /home/runner/work/_temp/7af155d9-71e1-4b0d-bdd7-05153294cd08/cache.tzst -P -C /home/runner/work/FsusUI/FsusUI --use-compress-program unzstd
2026-10-09T16:22:13.2003275Z Cache restored successfully
2026-10-09T16:22:13.2049070Z Cache restored from key: Linux-fsusui-test-artifacts-wasm-bb3f82e823bb57bd28bd3015042d8ee3cc0ccfd58ccc5ff2f93a2fd4eb7d2733
2026-10-09T16:22:13.2115850Z ##[group]Run echo "icons-cache-hit=true"
2026-10-09T16:22:13.2116217Z [36;1mecho "icons-cache-hit=true"[0m
2026-10-09T16:22:13.2116386Z [36;1mecho "wasm-cache-hit=true"[0m
2026-10-09T16:22:13.2168711Z shell: /usr/bin/bash -e {0}
2026-10-09T16:22:13.2168863Z env:
2026-10-09T16:22:13.2169068Z   PLAYWRIGHT_BROWSERS_PATH: /home/runner/work/FsusUI/FsusUI/.tmp/playwright-browsers
2026-10-09T16:22:13.2169322Z   FSUS_DOM_LAYOUT_WORKERS: 4
2026-10-09T16:22:13.2169494Z   PNPM_HOME: /home/runner/setup-pnpm/node_modules/.bin
2026-10-09T16:22:13.2170404Z   PATH: /home/runner/work/FsusUI/FsusUI/emsdk-cache/emsdk-main:/home/runner/work/FsusUI/FsusUI/emsdk-cache/emsdk-main/upstream/emscripten:/opt/hostedtoolcache/node/22.23.3/x64/bin:/home/runner/setup-pnpm/node_modules/.bin:/snap/bin:/home/runner/.local/bin:/opt/pipx_bin:/home/runner/.cargo/bin:/home/runner/.config/composer/vendor/bin:/usr/local/.ghcup/bin:/home/runner/.dotnet/tools:/usr/local/sbin:/usr/local/bin:/usr/sbin:/usr/bin:/sbin:/bin:/usr/games:/usr/local/games
2026-10-09T16:22:13.2171285Z   EMSDK: /home/runner/work/FsusUI/FsusUI/emsdk-cache/emsdk-main
2026-10-09T16:22:13.2171571Z   EMSDK_NODE: /home/runner/work/FsusUI/FsusUI/emsdk-cache/emsdk-main/node/22.16.0_64bit/bin/node
2026-10-09T16:22:13.2171812Z ##[endgroup]
2026-10-09T16:22:13.2232530Z icons-cache-hit=true
2026-10-09T16:22:13.2232839Z wasm-cache-hit=true
2026-10-09T16:22:13.2259032Z ##[group]Run pnpm exec playwright install --with-deps chromium
2026-10-09T16:22:13.2259614Z [36;1mpnpm exec playwright install --with-deps chromium[0m
2026-10-09T16:22:13.2314070Z shell: /usr/bin/bash -e {0}
2026-10-09T16:22:13.2314314Z env:
2026-10-09T16:22:13.2314643Z   PLAYWRIGHT_BROWSERS_PATH: /home/runner/work/FsusUI/FsusUI/.tmp/playwright-browsers
2026-10-09T16:22:13.2315040Z   FSUS_DOM_LAYOUT_WORKERS: 4
2026-10-09T16:22:13.2315321Z   PNPM_HOME: /home/runner/setup-pnpm/node_modules/.bin
2026-10-09T16:22:13.2317022Z   PATH: /home/runner/work/FsusUI/FsusUI/emsdk-cache/emsdk-main:/home/runner/work/FsusUI/FsusUI/emsdk-cache/emsdk-main/upstream/emscripten:/opt/hostedtoolcache/node/22.23.3/x64/bin:/home/runner/setup-pnpm/node_modules/.bin:/snap/bin:/home/runner/.local/bin:/opt/pipx_bin:/home/runner/.cargo/bin:/home/runner/.config/composer/vendor/bin:/usr/local/.ghcup/bin:/home/runner/.dotnet/tools:/usr/local/sbin:/usr/local/bin:/usr/sbin:/usr/bin:/sbin:/bin:/usr/games:/usr/local/games
2026-10-09T16:22:13.2318519Z   EMSDK: /home/runner/work/FsusUI/FsusUI/emsdk-cache/emsdk-main
2026-10-09T16:22:13.2318989Z   EMSDK_NODE: /home/runner/work/FsusUI/FsusUI/emsdk-cache/emsdk-main/node/22.16.0_64bit/bin/node
2026-10-09T16:22:13.2319384Z ##[endgroup]
2026-10-09T16:22:13.5238305Z Installing dependencies...
2026-10-09T16:22:13.5287082Z Switching to root user to install dependencies...
2026-10-09T16:22:13.5832937Z Get:1 file:/etc/apt/apt-mirrors.txt Mirrorlist [144 B]
2026-10-09T16:22:13.6264137Z Get:6 https://packages.microsoft.com/ubuntu/24.04/prod noble InRelease [3600 B]
2026-10-09T16:22:13.6349838Z Hit:2 http://azure.archive.ubuntu.com/ubuntu noble InRelease
2026-10-09T16:22:13.6392844Z Get:3 http://azure.archive.ubuntu.com/ubuntu noble-updates InRelease [126 kB]
2026-10-09T16:22:13.6418774Z Get:4 http://azure.archive.ubuntu.com/ubuntu noble-backports InRelease [126 kB]
2026-10-09T16:22:13.6446920Z Get:5 http://azure.archive.ubuntu.com/ubuntu noble-security InRelease [126 kB]
2026-10-09T16:22:13.6864941Z Get:7 https://packages.microsoft.com/ubuntu/24.04/prod noble/main armhf Packages [12.3 kB]
2026-10-09T16:22:13.7006913Z Get:8 https://packages.microsoft.com/ubuntu/24.04/prod noble/main all Packages [640 B]
2026-10-09T16:22:13.7031951Z Get:9 https://packages.microsoft.com/ubuntu/24.04/prod noble/main amd64 Packages [531 kB]
2026-10-09T16:22:13.7119326Z Get:10 https://packages.microsoft.com/ubuntu/24.04/prod noble/main arm64 Packages [475 kB]
2026-10-09T16:22:13.7566975Z Get:11 http://azure.archive.ubuntu.com/ubuntu noble-updates/main amd64 Packages [1375 kB]
2026-10-09T16:22:13.7618142Z Get:12 http://azure.archive.ubuntu.com/ubuntu noble-updates/main Translation-en [306 kB]
2026-10-09T16:22:13.7630126Z Get:13 http://azure.archive.ubuntu.com/ubuntu noble-updates/universe amd64 Packages [1702 kB]
2026-10-09T16:22:13.7684402Z Get:14 http://azure.archive.ubuntu.com/ubuntu noble-updates/universe Translation-en [342 kB]
2026-10-09T16:22:13.7701339Z Get:15 http://azure.archive.ubuntu.com/ubuntu noble-updates/restricted amd64 Packages [1761 kB]
2026-10-09T16:22:13.7761123Z Get:16 http://azure.archive.ubuntu.com/ubuntu noble-updates/restricted Translation-en [401 kB]
2026-10-09T16:22:13.7796787Z Get:17 http://azure.archive.ubuntu.com/ubuntu noble-updates/multiverse amd64 Packages [55.0 kB]
2026-10-09T16:22:13.7797712Z Get:18 http://azure.archive.ubuntu.com/ubuntu noble-updates/multiverse Translation-en [14.3 kB]
2026-10-09T16:22:13.8310688Z Get:19 http://azure.archive.ubuntu.com/ubuntu noble-security/main amd64 Packages [1121 kB]
2026-10-09T16:22:13.8353767Z Get:20 http://azure.archive.ubuntu.com/ubuntu noble-security/main Translation-en [228 kB]
2026-10-09T16:22:13.8790625Z Get:21 http://azure.archive.ubuntu.com/ubuntu noble-security/universe amd64 Packages [1220 kB]
2026-10-09T16:22:13.8834609Z Get:22 http://azure.archive.ubuntu.com/ubuntu noble-security/universe Translation-en [245 kB]
2026-10-09T16:22:13.8849915Z Get:23 http://azure.archive.ubuntu.com/ubuntu noble-security/restricted amd64 Packages [1669 kB]
2026-10-09T16:22:13.8916659Z Get:24 http://azure.archive.ubuntu.com/ubuntu noble-security/restricted Translation-en [383 kB]
2026-10-09T16:22:13.8926957Z Get:25 http://azure.archive.ubuntu.com/ubuntu noble-security/multiverse amd64 Packages [49.8 kB]
2026-10-09T16:22:13.8937738Z Get:26 http://azure.archive.ubuntu.com/ubuntu noble-security/multiverse Translation-en [12.4 kB]
2026-10-09T16:22:18.3962798Z Fetched 12.3 MB in 1s (12.9 MB/s)
2026-10-09T16:22:18.8620054Z Reading package lists...
2026-10-09T16:22:18.8807933Z Reading package lists...
2026-10-09T16:22:19.0025927Z Building dependency tree...
2026-10-09T16:22:19.0031216Z Reading state information...
2026-10-09T16:22:19.1029659Z libasound2t64 is already the newest version (1.2.11-1ubuntu0.3).
2026-10-09T16:22:19.1030050Z libasound2t64 set to manually installed.
2026-10-09T16:22:19.1030361Z libatk-bridge2.0-0t64 is already the newest version (2.52.0-1build1).
2026-10-09T16:22:19.1030786Z libatk-bridge2.0-0t64 set to manually installed.
2026-10-09T16:22:19.1031210Z libatk1.0-0t64 is already the newest version (2.52.0-1build1).
2026-10-09T16:22:19.1031577Z libatk1.0-0t64 set to manually installed.
2026-10-09T16:22:19.1031949Z libatspi2.0-0t64 is already the newest version (2.52.0-1build1).
2026-10-09T16:22:19.1032293Z libatspi2.0-0t64 set to manually installed.
2026-10-09T16:22:19.1032657Z libcairo2 is already the newest version (1.18.0-3build1).
2026-10-09T16:22:19.1033003Z libcairo2 set to manually installed.
2026-10-09T16:22:19.1033414Z libcups2t64 is already the newest version (2.4.7-1.2ubuntu7.14).
2026-10-09T16:22:19.1033823Z libcups2t64 set to manually installed.
2026-10-09T16:22:19.1034193Z libdbus-1-3 is already the newest version (1.14.10-4ubuntu4.1).
2026-10-09T16:22:19.1034539Z libdbus-1-3 set to manually installed.
2026-10-09T16:22:19.1034833Z libdrm2 is already the newest version (2.4.125-1ubuntu0.1~24.04.2).
2026-10-09T16:22:19.1035064Z libdrm2 set to manually installed.
2026-10-09T16:22:19.1035302Z libgbm1 is already the newest version (25.2.8-0ubuntu0.24.04.4).
2026-10-09T16:22:19.1035612Z libgbm1 set to manually installed.
2026-10-09T16:22:19.1036111Z libglib2.0-0t64 is already the newest version (2.80.0-6ubuntu3.9).
2026-10-09T16:22:19.1036517Z libglib2.0-0t64 set to manually installed.
2026-10-09T16:22:19.1036934Z libnspr4 is already the newest version (2:4.35-1.1build1).
2026-10-09T16:22:19.1037308Z libnspr4 set to manually installed.
2026-10-09T16:22:19.1037675Z libnss3 is already the newest version (2:3.98-1ubuntu0.2).
2026-10-09T16:22:19.1038033Z libnss3 set to manually installed.
2026-10-09T16:22:19.1038426Z libpango-1.0-0 is already the newest version (1.52.1+ds-1build1).
2026-10-09T16:22:19.1038807Z libpango-1.0-0 set to manually installed.
2026-10-09T16:22:19.1039172Z libx11-6 is already the newest version (2:1.8.7-1build1).
2026-10-09T16:22:19.1039514Z libx11-6 set to manually installed.
2026-10-09T16:22:19.1039858Z libxcb1 is already the newest version (1.15-1ubuntu2).
2026-10-09T16:22:19.1040220Z libxcb1 set to manually installed.
2026-10-09T16:22:19.1040599Z libxcomposite1 is already the newest version (1:0.4.5-1build3).
2026-10-09T16:22:19.1040972Z libxcomposite1 set to manually installed.
2026-10-09T16:22:19.1041382Z libxdamage1 is already the newest version (1:1.1.6-1build1).
2026-10-09T16:22:19.1041739Z libxdamage1 set to manually installed.
2026-10-09T16:22:19.1042100Z libxext6 is already the newest version (2:1.3.4-1build2).
2026-10-09T16:22:19.1063244Z libxext6 set to manually installed.
2026-10-09T16:22:19.1063619Z libxfixes3 is already the newest version (1:6.0.0-2build1).
2026-10-09T16:22:19.1063947Z libxfixes3 set to manually installed.
2026-10-09T16:22:19.1064297Z libxkbcommon0 is already the newest version (1.6.0-1build1).
2026-10-09T16:22:19.1064631Z libxkbcommon0 set to manually installed.
2026-10-09T16:22:19.1064973Z libxrandr2 is already the newest version (2:1.5.2-2build1).
2026-10-09T16:22:19.1065293Z libxrandr2 set to manually installed.
2026-10-09T16:22:19.1066094Z xvfb is already the newest version (2:21.1.12-1ubuntu1.8).
2026-10-09T16:22:19.1066541Z fonts-noto-color-emoji is already the newest version (2.047-0ubuntu0.24.04.1).
2026-10-09T16:22:19.1067137Z libfontconfig1 is already the newest version (2.15.0-1.1ubuntu2).
2026-10-09T16:22:19.1067484Z libfontconfig1 set to manually installed.
2026-10-09T16:22:19.1067833Z fonts-liberation is already the newest version (1:2.1.5-3).
2026-10-09T16:22:19.1068170Z fonts-liberation set to manually installed.
2026-10-09T16:22:19.1068505Z The following additional packages will be installed:
2026-10-09T16:22:19.1068804Z   xfonts-encodings xfonts-utils
2026-10-09T16:22:19.1069038Z Recommended packages:
2026-10-09T16:22:19.1069275Z   fonts-ipafont-mincho fonts-tlwg-loma
2026-10-09T16:22:19.1180892Z The following NEW packages will be installed:
2026-10-09T16:22:19.1181489Z   fonts-freefont-ttf fonts-ipafont-gothic fonts-tlwg-loma-otf fonts-unifont
2026-10-09T16:22:19.1183871Z   fonts-wqy-zenhei xfonts-cyrillic xfonts-encodings xfonts-scalable
2026-10-09T16:22:19.1184304Z   xfonts-utils
2026-10-09T16:22:19.1186262Z The following packages will be upgraded:
2026-10-09T16:22:19.1188477Z   libfreetype6
2026-10-09T16:22:19.1307835Z 1 upgraded, 9 newly installed, 0 to remove and 22 not upgraded.
2026-10-09T16:22:19.1308217Z Need to get 21.5 MB of archives.
2026-10-09T16:22:19.1308548Z After this operation, 79.5 MB of additional disk space will be used.
2026-10-09T16:22:19.1308828Z Get:1 file:/etc/apt/apt-mirrors.txt Mirrorlist [144 B]
2026-10-09T16:22:19.1922950Z Get:2 http://azure.archive.ubuntu.com/ubuntu noble/universe amd64 fonts-ipafont-gothic all 00303-21ubuntu1 [3513 kB]
2026-10-09T16:22:19.2888873Z Get:3 http://azure.archive.ubuntu.com/ubuntu noble/main amd64 fonts-freefont-ttf all 20211204+svn4273-2 [5641 kB]
2026-10-09T16:22:19.6025144Z Get:4 http://azure.archive.ubuntu.com/ubuntu noble/universe amd64 fonts-tlwg-loma-otf all 1:0.7.3-1 [107 kB]
2026-10-09T16:22:19.6341113Z Get:5 http://azure.archive.ubuntu.com/ubuntu noble/universe amd64 fonts-unifont all 1:15.1.01-1build1 [2993 kB]
2026-10-09T16:22:19.6972755Z Get:6 http://azure.archive.ubuntu.com/ubuntu noble/universe amd64 fonts-wqy-zenhei all 0.9.45-8 [7472 kB]
2026-10-09T16:22:19.7988548Z Get:7 http://azure.archive.ubuntu.com/ubuntu noble-updates/main amd64 libfreetype6 amd64 2.13.2+dfsg-1ubuntu0.2 [403 kB]
2026-10-09T16:22:19.8347745Z Get:8 http://azure.archive.ubuntu.com/ubuntu noble/main amd64 xfonts-encodings all 1:1.0.5-0ubuntu2 [578 kB]
2026-10-09T16:22:19.8712175Z Get:9 http://azure.archive.ubuntu.com/ubuntu noble/main amd64 xfonts-utils amd64 1:7.7+6build3 [94.4 kB]
2026-10-09T16:22:19.9056746Z Get:10 http://azure.archive.ubuntu.com/ubuntu noble/universe amd64 xfonts-cyrillic all 1:1.0.5+nmu1 [384 kB]
2026-10-09T16:22:19.9413288Z Get:11 http://azure.archive.ubuntu.com/ubuntu noble/main amd64 xfonts-scalable all 1:1.0.3-1.3 [304 kB]
2026-10-09T16:22:20.1210605Z Fetched 21.5 MB in 1s (26.2 MB/s)
2026-10-09T16:22:20.1381816Z Selecting previously unselected package fonts-ipafont-gothic.
2026-10-09T16:22:20.1614268Z (Reading database ... 
2026-10-09T16:22:20.1614556Z (Reading database ... 5%
2026-10-09T16:22:20.1614766Z (Reading database ... 10%
2026-10-09T16:22:20.1614926Z (Reading database ... 15%
2026-10-09T16:22:20.1615083Z (Reading database ... 20%
2026-10-09T16:22:20.1615239Z (Reading database ... 25%
2026-10-09T16:22:20.1615386Z (Reading database ... 30%
2026-10-09T16:22:20.1615539Z (Reading database ... 35%
2026-10-09T16:22:20.1615691Z (Reading database ... 40%
2026-10-09T16:22:20.1615842Z (Reading database ... 45%
2026-10-09T16:22:20.1616173Z (Reading database ... 50%
2026-10-09T16:22:20.1655814Z (Reading database ... 55%
2026-10-09T16:22:20.2366580Z (Reading database ... 60%
2026-10-09T16:22:20.2929915Z (Reading database ... 65%
2026-10-09T16:22:20.4777159Z (Reading database ... 70%
2026-10-09T16:22:20.6778384Z (Reading database ... 75%
2026-10-09T16:22:20.8346728Z (Reading database ... 80%
2026-10-09T16:22:20.9787208Z (Reading database ... 85%
2026-10-09T16:22:21.1435900Z (Reading database ... 90%
2026-10-09T16:22:21.2894091Z (Reading database ... 95%
2026-10-09T16:22:21.2894558Z (Reading database ... 100%
2026-10-09T16:22:21.2894966Z (Reading database ... 203191 files and directories currently installed.)
2026-10-09T16:22:21.2928786Z Preparing to unpack .../0-fonts-ipafont-gothic_00303-21ubuntu1_all.deb ...
2026-10-09T16:22:21.4137752Z Unpacking fonts-ipafont-gothic (00303-21ubuntu1) ...
2026-10-09T16:22:21.6170607Z Selecting previously unselected package fonts-freefont-ttf.
2026-10-09T16:22:21.6263535Z Preparing to unpack .../1-fonts-freefont-ttf_20211204+svn4273-2_all.deb ...
2026-10-09T16:22:21.6268923Z Unpacking fonts-freefont-ttf (20211204+svn4273-2) ...
2026-10-09T16:22:21.7173841Z Selecting previously unselected package fonts-tlwg-loma-otf.
2026-10-09T16:22:21.7266868Z Preparing to unpack .../2-fonts-tlwg-loma-otf_1%3a0.7.3-1_all.deb ...
2026-10-09T16:22:21.7277419Z Unpacking fonts-tlwg-loma-otf (1:0.7.3-1) ...
2026-10-09T16:22:21.7439560Z Selecting previously unselected package fonts-unifont.
2026-10-09T16:22:21.7531537Z Preparing to unpack .../3-fonts-unifont_1%3a15.1.01-1build1_all.deb ...
2026-10-09T16:22:21.7537743Z Unpacking fonts-unifont (1:15.1.01-1build1) ...
2026-10-09T16:22:21.9415147Z Selecting previously unselected package fonts-wqy-zenhei.
2026-10-09T16:22:21.9512465Z Preparing to unpack .../4-fonts-wqy-zenhei_0.9.45-8_all.deb ...
2026-10-09T16:22:21.9592394Z Unpacking fonts-wqy-zenhei (0.9.45-8) ...
2026-10-09T16:22:22.3840782Z Preparing to unpack .../5-libfreetype6_2.13.2+dfsg-1ubuntu0.2_amd64.deb ...
2026-10-09T16:22:22.4084403Z Unpacking libfreetype6:amd64 (2.13.2+dfsg-1ubuntu0.2) over (2.13.2+dfsg-1ubuntu0.1) ...
2026-10-09T16:22:22.4784531Z Selecting previously unselected package xfonts-encodings.
2026-10-09T16:22:22.4887229Z Preparing to unpack .../6-xfonts-encodings_1%3a1.0.5-0ubuntu2_all.deb ...
2026-10-09T16:22:22.4893105Z Unpacking xfonts-encodings (1:1.0.5-0ubuntu2) ...
2026-10-09T16:22:22.5468418Z Selecting previously unselected package xfonts-utils.
2026-10-09T16:22:22.5564765Z Preparing to unpack .../7-xfonts-utils_1%3a7.7+6build3_amd64.deb ...
2026-10-09T16:22:22.5615392Z Unpacking xfonts-utils (1:7.7+6build3) ...
2026-10-09T16:22:22.5905165Z Selecting previously unselected package xfonts-cyrillic.
2026-10-09T16:22:22.6000211Z Preparing to unpack .../8-xfonts-cyrillic_1%3a1.0.5+nmu1_all.deb ...
2026-10-09T16:22:22.6005609Z Unpacking xfonts-cyrillic (1:1.0.5+nmu1) ...
2026-10-09T16:22:22.6268073Z Selecting previously unselected package xfonts-scalable.
2026-10-09T16:22:22.6362730Z Preparing to unpack .../9-xfonts-scalable_1%3a1.0.3-1.3_all.deb ...
2026-10-09T16:22:22.6367494Z Unpacking xfonts-scalable (1:1.0.3-1.3) ...
2026-10-09T16:22:22.6702740Z Setting up fonts-wqy-zenhei (0.9.45-8) ...
2026-10-09T16:22:22.6785012Z Setting up fonts-freefont-ttf (20211204+svn4273-2) ...
2026-10-09T16:22:22.6797337Z Setting up fonts-tlwg-loma-otf (1:0.7.3-1) ...
2026-10-09T16:22:22.6812343Z Setting up libfreetype6:amd64 (2.13.2+dfsg-1ubuntu0.2) ...
2026-10-09T16:22:22.6825178Z Setting up xfonts-encodings (1:1.0.5-0ubuntu2) ...
2026-10-09T16:22:22.6838417Z Setting up fonts-ipafont-gothic (00303-21ubuntu1) ...
2026-10-09T16:22:22.6883730Z update-alternatives: using /usr/share/fonts/opentype/ipafont-gothic/ipag.ttf to provide /usr/share/fonts/truetype/fonts-japanese-gothic.ttf (fonts-japanese-gothic.ttf) in auto mode
2026-10-09T16:22:22.6894880Z Setting up fonts-unifont (1:15.1.01-1build1) ...
2026-10-09T16:22:22.6907566Z Setting up xfonts-utils (1:7.7+6build3) ...
2026-10-09T16:22:22.6937435Z Setting up xfonts-cyrillic (1:1.0.5+nmu1) ...
2026-10-09T16:22:22.7138815Z Setting up xfonts-scalable (1:1.0.3-1.3) ...
2026-10-09T16:22:22.7331528Z Processing triggers for libc-bin (2.39-0ubuntu8.9) ...
2026-10-09T16:22:22.9677225Z Processing triggers for man-db (2.12.0-4build2) ...
2026-10-09T16:22:22.9696735Z Not building database; man-db/auto-update is not 'true'.
2026-10-09T16:22:22.9705642Z Processing triggers for fontconfig (2.15.0-1.1ubuntu2) ...
2026-10-09T16:22:23.4595047Z 
2026-10-09T16:22:23.4596424Z Running kernel seems to be up-to-date.
2026-10-09T16:22:23.4596740Z 
2026-10-09T16:22:23.4596814Z Restarting services...
2026-10-09T16:22:23.4654338Z  systemctl restart php8.3-fpm.service
2026-10-09T16:22:23.5406596Z 
2026-10-09T16:22:23.5408077Z No containers need to be restarted.
2026-10-09T16:22:23.5408322Z 
2026-10-09T16:22:23.5408489Z No user sessions are running outdated binaries.
2026-10-09T16:22:23.5408680Z 
2026-10-09T16:22:23.5408932Z No VM guests are running outdated hypervisor (qemu) binaries on this host.
2026-10-09T16:22:24.2717934Z ##[group]Run node scripts/check-playwright-layout-owner-policy.mjs
2026-10-09T16:22:24.2718252Z [36;1mnode scripts/check-playwright-layout-owner-policy.mjs[0m
2026-10-09T16:22:24.2771754Z shell: /usr/bin/bash -e {0}
2026-10-09T16:22:24.2771918Z env:
2026-10-09T16:22:24.2772131Z   PLAYWRIGHT_BROWSERS_PATH: /home/runner/work/FsusUI/FsusUI/.tmp/playwright-browsers
2026-10-09T16:22:24.2772379Z   FSUS_DOM_LAYOUT_WORKERS: 4
2026-10-09T16:22:24.2772564Z   PNPM_HOME: /home/runner/setup-pnpm/node_modules/.bin
2026-10-09T16:22:24.2773506Z   PATH: /home/runner/work/FsusUI/FsusUI/emsdk-cache/emsdk-main:/home/runner/work/FsusUI/FsusUI/emsdk-cache/emsdk-main/upstream/emscripten:/opt/hostedtoolcache/node/22.23.3/x64/bin:/home/runner/setup-pnpm/node_modules/.bin:/snap/bin:/home/runner/.local/bin:/opt/pipx_bin:/home/runner/.cargo/bin:/home/runner/.config/composer/vendor/bin:/usr/local/.ghcup/bin:/home/runner/.dotnet/tools:/usr/local/sbin:/usr/local/bin:/usr/sbin:/usr/bin:/sbin:/bin:/usr/games:/usr/local/games
2026-10-09T16:22:24.2774408Z   EMSDK: /home/runner/work/FsusUI/FsusUI/emsdk-cache/emsdk-main
2026-10-09T16:22:24.2774700Z   EMSDK_NODE: /home/runner/work/FsusUI/FsusUI/emsdk-cache/emsdk-main/node/22.16.0_64bit/bin/node
2026-10-09T16:22:24.2774949Z ##[endgroup]
2026-10-09T16:22:24.5092501Z [playwright-layout-owner] fixtures ok
2026-10-09T16:22:24.5093169Z [check-playwright-layout-owner-policy] passed
2026-10-09T16:22:24.5096267Z [playwright-layout] invalid receipt geometry-smoke/chromium: cell geometry-smoke/chromium status=failure
2026-10-09T16:22:24.5142435Z [playwright-layout] invalid receipt dom-layout/desktop-light: receipt dom-layout/desktop-light runtime manifestDigest does not match current runtime
2026-10-09T16:22:24.5143211Z [playwright-layout] invalid receipt dom-layout/mobile-light: receipt dom-layout/mobile-light runtime manifestDigest does not match current runtime
2026-10-09T16:22:24.5143918Z [playwright-layout] invalid receipt dom-layout/desktop-dark: receipt dom-layout/desktop-dark runtime manifestDigest does not match current runtime
2026-10-09T16:22:24.5144499Z [playwright-layout] invalid receipt dom-layout/mobile-dark: receipt dom-layout/mobile-dark runtime manifestDigest does not match current runtime
2026-10-09T16:22:24.5145088Z [playwright-layout] invalid receipt geometry-smoke/chromium: receipt geometry-smoke/chromium runtime manifestDigest does not match current runtime
2026-10-09T16:22:24.5150995Z [check-playwright-layout-owner] policy ok
2026-10-09T16:22:24.5271723Z ##[group]Run actions/download-artifact@v4
2026-10-09T16:22:24.5271916Z with:
2026-10-09T16:22:24.5272051Z   name: playwright-pr-impact-plan
2026-10-09T16:22:24.5272219Z   path: .tmp/playwright-impact
2026-10-09T16:22:24.5272379Z   merge-multiple: false
2026-10-09T16:22:24.5272520Z   repository: Ozwasyd/FsusUI
2026-10-09T16:22:24.5272662Z   run-id: 37958456189
2026-10-09T16:22:24.5272785Z env:
2026-10-09T16:22:24.5272976Z   PLAYWRIGHT_BROWSERS_PATH: /home/runner/work/FsusUI/FsusUI/.tmp/playwright-browsers
2026-10-09T16:22:24.5273209Z   FSUS_DOM_LAYOUT_WORKERS: 4
2026-10-09T16:22:24.5273381Z   PNPM_HOME: /home/runner/setup-pnpm/node_modules/.bin
2026-10-09T16:22:24.5274276Z   PATH: /home/runner/work/FsusUI/FsusUI/emsdk-cache/emsdk-main:/home/runner/work/FsusUI/FsusUI/emsdk-cache/emsdk-main/upstream/emscripten:/opt/hostedtoolcache/node/22.23.3/x64/bin:/home/runner/setup-pnpm/node_modules/.bin:/snap/bin:/home/runner/.local/bin:/opt/pipx_bin:/home/runner/.cargo/bin:/home/runner/.config/composer/vendor/bin:/usr/local/.ghcup/bin:/home/runner/.dotnet/tools:/usr/local/sbin:/usr/local/bin:/usr/sbin:/usr/bin:/sbin:/bin:/usr/games:/usr/local/games
2026-10-09T16:22:24.5275305Z   EMSDK: /home/runner/work/FsusUI/FsusUI/emsdk-cache/emsdk-main
2026-10-09T16:22:24.5275590Z   EMSDK_NODE: /home/runner/work/FsusUI/FsusUI/emsdk-cache/emsdk-main/node/22.16.0_64bit/bin/node
2026-10-09T16:22:24.5275830Z ##[endgroup]
2026-10-09T16:22:24.6161950Z Downloading single artifact
2026-10-09T16:22:24.6249700Z (node:3056) [DEP0040] DeprecationWarning: The `punycode` module is deprecated. Please use a userland alternative instead.
2026-10-09T16:22:24.6250140Z (Use `node --trace-deprecation ...` to show where the warning was created)
2026-10-09T16:22:24.7687459Z Preparing to download the following artifacts:
2026-10-09T16:22:24.7688258Z - playwright-pr-impact-plan (ID: 11630520833, Size: 939, Expected Digest: sha256:318b7101c38017a17fd8259c24fc9d37e5fcb7529a05986bed69474e0ebccc35)
2026-10-09T16:22:24.9428027Z Redirecting to blob download url: https://productionresultssa9.blob.core.windows.net/actions-results/74228696-bbf0-8302-96f3-b39fe6cc2cae/workflow-job-run-a454ce24-2def-5a78-ac3e-7b5f904fa9a3/artifacts/b161bee786190710a9616c30d4727b3450e9dec4fd4e02b7d20907e0b7b7afcf.zip
2026-10-09T16:22:24.9429030Z Starting download of artifact to: /home/runner/work/FsusUI/FsusUI/.tmp/playwright-impact
2026-10-09T16:22:25.0716945Z (node:3056) [DEP0005] DeprecationWarning: Buffer() is deprecated due to security and usability issues. Please use the Buffer.alloc(), Buffer.allocUnsafe(), or Buffer.from() methods instead.
2026-10-09T16:22:25.0774695Z SHA256 digest of downloaded artifact is 318b7101c38017a17fd8259c24fc9d37e5fcb7529a05986bed69474e0ebccc35
2026-10-09T16:22:25.0775244Z Artifact download completed successfully.
2026-10-09T16:22:25.0775574Z Total of 1 artifact(s) downloaded
2026-10-09T16:22:25.0778886Z Download artifact has finished successfully
2026-10-09T16:22:25.0875950Z ##[group]Run node ./scripts/with-node-heap.mjs node ./scripts/prepare-visual-runtime.mjs --runtime-dir=.tmp/visual-runtime-playwright
2026-10-09T16:22:25.0877302Z [36;1mnode ./scripts/with-node-heap.mjs node ./scripts/prepare-visual-runtime.mjs --runtime-dir=.tmp/visual-runtime-playwright[0m
2026-10-09T16:22:25.0933755Z shell: /usr/bin/bash -e {0}
2026-10-09T16:22:25.0933999Z env:
2026-10-09T16:22:25.0934324Z   PLAYWRIGHT_BROWSERS_PATH: /home/runner/work/FsusUI/FsusUI/.tmp/playwright-browsers
2026-10-09T16:22:25.0934710Z   FSUS_DOM_LAYOUT_WORKERS: 4
2026-10-09T16:22:25.0934996Z   PNPM_HOME: /home/runner/setup-pnpm/node_modules/.bin
2026-10-09T16:22:25.0936340Z   PATH: /home/runner/work/FsusUI/FsusUI/emsdk-cache/emsdk-main:/home/runner/work/FsusUI/FsusUI/emsdk-cache/emsdk-main/upstream/emscripten:/opt/hostedtoolcache/node/22.23.3/x64/bin:/home/runner/setup-pnpm/node_modules/.bin:/snap/bin:/home/runner/.local/bin:/opt/pipx_bin:/home/runner/.cargo/bin:/home/runner/.config/composer/vendor/bin:/usr/local/.ghcup/bin:/home/runner/.dotnet/tools:/usr/local/sbin:/usr/local/bin:/usr/sbin:/usr/bin:/sbin:/bin:/usr/games:/usr/local/games
2026-10-09T16:22:25.0937244Z   EMSDK: /home/runner/work/FsusUI/FsusUI/emsdk-cache/emsdk-main
2026-10-09T16:22:25.0937535Z   EMSDK_NODE: /home/runner/work/FsusUI/FsusUI/emsdk-cache/emsdk-main/node/22.16.0_64bit/bin/node
2026-10-09T16:22:25.0937787Z ##[endgroup]
2026-10-09T16:22:25.5434418Z [visual-runtime] icons rebuild: runtime manifest is missing; icons manifest entry is missing; icons runtime output is missing; icons runtime fingerprint file is missing
2026-10-09T16:22:25.5435440Z [visual-runtime] wasm rebuild: runtime manifest is missing; wasm manifest entry is missing; wasm runtime output is missing; wasm runtime fingerprint file is missing
2026-10-09T16:22:25.5436592Z [visual-runtime] demo rebuild: runtime manifest is missing; demo manifest entry is missing; demo runtime output is missing; demo runtime fingerprint file is missing
2026-10-09T16:22:25.5437263Z [visual-runtime] command=pnpm run ensure:icons
2026-10-09T16:22:25.7647393Z 
2026-10-09T16:22:25.7647688Z > @ ensure:icons /home/runner/work/FsusUI/FsusUI
2026-10-09T16:22:25.7648491Z > node ./scripts/with-node-heap.mjs node ./scripts/ensure-icons-artifacts.mjs
2026-10-09T16:22:25.7648761Z 
2026-10-09T16:22:25.9082246Z [ensure-icons] cache-hit source-hash=caccef4c5cbb0cdc; reusing vue/packages/icons-vue/dist artifacts.
2026-10-09T16:22:26.0286458Z [visual-runtime] command=pnpm run ensure:wasm
2026-10-09T16:22:26.1956448Z 
2026-10-09T16:22:26.1957152Z > @ ensure:wasm /home/runner/work/FsusUI/FsusUI
2026-10-09T16:22:26.1957729Z > node ./scripts/with-node-heap.mjs node ./scripts/ensure-wasm-artifacts.mjs
2026-10-09T16:22:26.1958036Z 
2026-10-09T16:22:26.3235434Z [ensure-wasm] cache-miss source-hash=743a7500a128f6e6; building vue/packages/wasm native artifacts...
2026-10-09T16:22:26.3236381Z   - missing native artifacts: vue/packages/wasm/dist/ep_wasm.mjs, vue/packages/wasm/dist/ep_wasm.wasm, vue/packages/wasm/dist/markdown_basic.js, vue/packages/wasm/dist/markdown_basic.wasm, vue/packages/wasm/dist/markdown_simd.js, vue/packages/wasm/dist/markdown_simd.wasm
2026-10-09T16:22:26.3237006Z   - native artifact fingerprint is missing
2026-10-09T16:22:26.5030588Z 
2026-10-09T16:22:26.5031372Z > @ _build:wasm:artifacts /home/runner/work/FsusUI/FsusUI
2026-10-09T16:22:26.5032180Z > node ./scripts/with-node-heap.mjs pnpm run -C vue/packages/wasm build:wasm && node ./scripts/with-node-heap.mjs pnpm run -C vue/packages/wasm build
2026-10-09T16:22:26.5032624Z 
2026-10-09T16:22:26.7556239Z 
2026-10-09T16:22:26.7557119Z > @element-plus/wasm@1.0.0 build:wasm /home/runner/work/FsusUI/FsusUI/vue/packages/wasm
2026-10-09T16:22:26.7567610Z > node ../../../scripts/with-node-heap.mjs node ../../../scripts/run-wasm-build.mjs
2026-10-09T16:22:26.7567899Z 
2026-10-09T16:22:27.1019326Z shared:INFO: (Emscripten: Running sanity checks)
2026-10-09T16:22:27.1346265Z emcc 版本: emcc (Emscripten gcc/clang-like replacement + linker emulating GNU ld) 5.0.4 (62e22652509fbe7a00609ce48a653d0d66f27ba5)
2026-10-09T16:22:27.1723662Z emcmake: cmake /home/runner/work/FsusUI/FsusUI/vue/packages/wasm -DCMAKE_BUILD_TYPE=Release -G Ninja -DCMAKE_TOOLCHAIN_FILE=/home/runner/work/FsusUI/FsusUI/emsdk-cache/emsdk-main/upstream/emscripten/cmake/Modules/Platform/Emscripten.cmake -DCMAKE_CROSSCOMPILING_EMULATOR=/home/runner/work/FsusUI/FsusUI/emsdk-cache/emsdk-main/node/22.16.0_64bit/bin/node in directory /home/runner/work/FsusUI/FsusUI/vue/packages/wasm/build
2026-10-09T16:22:28.1570665Z -- Markdown wasm scalar fallback enabled for fsusui_markdown_basic
2026-10-09T16:22:28.1571166Z -- Markdown wasm SIMD128 enabled for fsusui_markdown_simd
2026-10-09T16:22:28.1690781Z -- Configuring done (0.6s)
2026-10-09T16:22:28.2474910Z -- Generating done (0.1s)
2026-10-09T16:22:28.2476896Z -- Build files have been written to: /home/runner/work/FsusUI/FsusUI/vue/packages/wasm/build
2026-10-09T16:22:29.1737364Z [1/12] Building CXX object markdown/CMakeFiles/fsusui_markdown_basic.dir/src/markdown_exports.cpp.o
2026-10-09T16:22:29.2067530Z [2/12] Building CXX object markdown/CMakeFiles/fsusui_markdown_basic.dir/src/markdown_latex.cpp.o
2026-10-09T16:22:30.3117429Z [3/12] Building CXX object CMakeFiles/ep_wasm.dir/src/ep_wasm.cpp.o
2026-10-09T16:22:30.4267462Z [4/12] Building CXX object markdown/CMakeFiles/fsusui_markdown_basic.dir/src/markdown_mermaid.cpp.o
2026-10-09T16:22:30.8797426Z [5/12] Building CXX object markdown/CMakeFiles/fsusui_markdown_basic.dir/src/markdown_contract.cpp.o
2026-10-09T16:22:31.2588952Z [6/12] Building CXX object markdown/CMakeFiles/fsusui_markdown_simd.dir/src/markdown_exports.cpp.o
2026-10-09T16:22:31.4552432Z [7/12] Building CXX object markdown/CMakeFiles/fsusui_markdown_simd.dir/src/markdown_latex.cpp.o
2026-10-09T16:22:31.8608765Z [8/12] Building CXX object markdown/CMakeFiles/fsusui_markdown_simd.dir/src/markdown_contract.cpp.o
2026-10-09T16:22:32.6909570Z [9/12] Building CXX object markdown/CMakeFiles/fsusui_markdown_simd.dir/src/markdown_mermaid.cpp.o
2026-10-09T16:22:34.9931398Z [10/12] Linking CXX executable /home/runner/work/FsusUI/FsusUI/vue/packages/wasm/dist/markdown_basic.js
2026-10-09T16:22:35.0101012Z [11/12] Linking CXX executable /home/runner/work/FsusUI/FsusUI/vue/packages/wasm/dist/ep_wasm.mjs
2026-10-09T16:22:35.3667803Z [12/12] Linking CXX executable /home/runner/work/FsusUI/FsusUI/vue/packages/wasm/dist/markdown_simd.js
2026-10-09T16:22:35.3679609Z 
2026-10-09T16:22:35.3680277Z ✓ WASM 构建完成 → vue/packages/wasm/dist/ (jobs=4)
2026-10-09T16:22:35.3694113Z total 608K
2026-10-09T16:22:35.3694503Z -rw-r--r-- 1 runner runner  38K Oct  9 16:22 ep_wasm.mjs
2026-10-09T16:22:35.3694920Z -rwxr-xr-x 1 runner runner 214K Oct  9 16:22 ep_wasm.wasm
2026-10-09T16:22:35.3695266Z -rw-r--r-- 1 runner runner  478 Oct  8 07:17 index.cjs
2026-10-09T16:22:35.3695510Z -rw-r--r-- 1 runner runner   76 Oct  8 07:17 index.d.cts
2026-10-09T16:22:35.3695745Z -rw-r--r-- 1 runner runner   76 Oct  8 07:17 index.d.mts
2026-10-09T16:22:35.3696136Z -rw-r--r-- 1 runner runner   76 Oct  8 07:17 index.d.ts
2026-10-09T16:22:35.3696369Z -rw-r--r-- 1 runner runner  16K Oct  8 07:17 index.mjs
2026-10-09T16:22:35.3696615Z -rw-r--r-- 1 runner runner  13K Oct  9 16:22 markdown_basic.js
2026-10-09T16:22:35.3696903Z -rwxr-xr-x 1 runner runner 142K Oct  9 16:22 markdown_basic.wasm
2026-10-09T16:22:35.3697163Z -rw-r--r-- 1 runner runner  13K Oct  9 16:22 markdown_simd.js
2026-10-09T16:22:35.3697424Z -rwxr-xr-x 1 runner runner 142K Oct  9 16:22 markdown_simd.wasm
2026-10-09T16:22:35.6410720Z 
2026-10-09T16:22:35.6411598Z > @element-plus/wasm@1.0.0 build /home/runner/work/FsusUI/FsusUI/vue/packages/wasm
2026-10-09T16:22:35.6412149Z > node ../../../scripts/with-node-heap.mjs unbuild
2026-10-09T16:22:35.6412383Z 
2026-10-09T16:22:36.0914156Z Browserslist: browsers data (caniuse-lite) is 7 months old. Please run:
2026-10-09T16:22:36.0914482Z   npx update-browserslist-db@latest
2026-10-09T16:22:36.0914790Z   Why you should do it regularly: https://github.com/browserslist/update-db#readme
2026-10-09T16:22:36.2234778Z [info] [36mBuilding wasm[39m
2026-10-09T16:22:38.7979315Z [success] [32mBuild succeeded for wasm[39m
2026-10-09T16:22:38.8031763Z [log]   [1mdist/index.cjs[22m (total size: [36m425 kB[39m, chunk size: [36m425 kB[39m, exports: [90mMARKDOWN_ANCHOR_DIAGNOSTIC_CODES, MARKDOWN_ANCHOR_ID, MARKDOWN_CAPTION_DIAGNOSTIC_CODES, MARKDOWN_CODE_LANGUAGES, MARKDOWN_CODE_LANGUAGE_ALIASES, MARKDOWN_EDITOR_PROJECTION_PARSER, MARKDOWN_EDITOR_REQUIRED_SYNTAX_KINDS, MARKDOWN_EMBED_ACCEPTANCE_VERSION, MARKDOWN_EMBED_BUDGET, MARKDOWN_EMBED_DIAGNOSTIC_CODES, MARKDOWN_EMBED_MODES, MARKDOWN_EMBED_PRESENTATION_MODES, MARKDOWN_EMBED_PRESENTATION_VERSION, MARKDOWN_EMBED_SECURITY_CORPUS, MARKDOWN_HTML_CONVERSION_BUDGET, MARKDOWN_HTML_CONVERSION_MAP, MARKDOWN_HTML_CONVERSION_VERSION, MARKDOWN_HTML_IMPORT_BUDGET, MARKDOWN_HTML_IMPORT_IMPORTER_VERSION, MARKDOWN_HTML_IMPORT_SCHEMA_VERSION, MARKDOWN_POINTER_PLATFORMS, MARKDOWN_PROJECTION_ACCEPTANCE_SCALE, MARKDOWN_PROJECTION_ACCEPTANCE_VERSION, MARKDOWN_PROJECTION_INVALIDATION_BUDGET, MARKDOWN_PROJECTION_WORKER_REQUEST, MARKDOWN_PROJECTION_WORKER_RESULT, MARKDOWN_RENDERER_SURFACE_CLASSES, MARKDOWN_RENDERER_VERSION, MARKDOWN_RENDER_PARSER, MARKDOWN_SEARCH_BUDGET, MARKDOWN_SEARCH_MODES, MARKDOWN_URL_AUTHORITY_VERSION, MARKDOWN_URL_STATES, MarkdownRuntimeError, WasmDataSession, activateMarkdownFeatures, applyMarkdownReplacePlan, applyMarkdownUrlValidation, assertMarkdownInteractionTrace, bindMarkdownProjectionWorkerScope, boundMarkdownSearchRegex, cancelMarkdownSearchTask, clampAndRound, classifyMarkdownUrl, collectMarkdownAnchorNodes, collectMarkdownCaptionNodes, collectMarkdownEmbedNodes, commitMarkdownEmbedResult, commitMarkdownEmbedWalk, commitMarkdownSearchExecution, compareMarkdownEditorProjectionThreads, compareMarkdownSourceCoordinateMapThreads, connectMarkdownProjectionWorker, convertMarkdownHtmlImportSnapshot, convertMarkdownHtmlImportTree, createAsciiFilterIndex, createMarkdownAnchorMap, createMarkdownEditorProjection, createMarkdownEditorWorkerProjection, createMarkdownEmbedBudgetSession, createMarkdownEmbedRequest, createMarkdownInteractionTrace, createMarkdownOutlineEntries, createMarkdownProjectionAcceptanceScaleSource, createMarkdownProjectionSession, createMarkdownProjectionTask, createMarkdownProjectionWorkerHost, createMarkdownPropertyEntries, createMarkdownSearchTask, createMarkdownSourceCoordinateMap, createMarkdownSourceCoordinateMapOnWorker, createMarkdownTableEntries, createMarkdownTechnicalEntries, createWasmDataSession, createWasmDataSessionSync, detectMarkdownEmbedCycle, detectMarkdownFeatures, detectMarkdownPlaceholders, ensureWasmReady, escapeMarkdownHtml, estimateRowHeights, evaluateMarkdownAnchorMutations, evaluateMarkdownBlockAnchorMutations, evaluateMarkdownCaptionMutations, evaluateMarkdownCaptionRendererMutations, evaluateMarkdownEmbedAcceptance, evaluateMarkdownEmbedBudget, evaluateMarkdownEmbedBudgetMutations, evaluateMarkdownEmbedMutations, evaluateMarkdownEmbedPresentationMutations, evaluateMarkdownEmbedProviderMutations, evaluateMarkdownHtmlConversionMutations, evaluateMarkdownHtmlImportMutations, evaluateMarkdownInteractionTraceMutations, evaluateMarkdownProjectionAcceptance, evaluateMarkdownProjectionKeystrokeMutations, evaluateMarkdownProjectionMutations, evaluateMarkdownReplaceMutations, evaluateMarkdownSearchModelMutations, evaluateMarkdownSearchMutations, evaluateMarkdownSearchWorkerMutations, evaluateMarkdownSourceCoordinateMutations, evaluateMarkdownSyntaxIdentityMutations, evaluateMarkdownUrlMutations, filterAsciiIndices, filterAsciiIndicesSync, filterIndices, filterIndicesSync, formatMarkdownEmbedDirective, getWasmReadiness, handleMarkdownProjectionWorkerMessage, hexToHsl, hslToHex, importMarkdownClipboardSnapshot, initMarkdownRuntime, isMarkdownEmbedResultCurrent, isMarkdownProjectionWorkerRequest, isMarkdownProjectionWorkerResult, isMarkdownReplacePlan, isMarkdownRuntimeAuthorizedResult, isMarkdownSearchMatchCurrent, isMarkdownUrlResultCurrent, isWasmReady, markdownEditorProjectionsEquivalent, markdownEmbedCacheKey, markdownEmbedTargetIdentityKey, markdownKeystrokeFullReparseRejected, markdownKeystrokePlanStaysBounded, markdownProjectionHasCompleteCoverage, markdownRenderIdentitiesEqual, markdownSourceCoordinateSnapshotsEquivalent, normalizeMarkdownCodeLanguage, normalizeMarkdownSource, parseMarkdownAnchorMarker, parseMarkdownCaptionLine, parseMarkdownEmbedLine, pathContainsMarkdownEmbedCycle, planMarkdownEmbedEdit, planMarkdownEmbedInsert, planMarkdownEmbedRemove, planMarkdownProjectionInvalidation, planMarkdownReplaceAll, planMarkdownReplaceCurrent, planMarkdownReplaceCurrentInSet, presentationForSyntaxKind, projectMarkdownOnWorker, readMarkdownRenderIdentity, recordMarkdownProjectionAcceptanceScale, renderMarkdownCaptionFigure, renderMarkdownChunksWithRuntime, renderMarkdownFallbackWithRuntime, renderMarkdownHtmlWithRuntime, renderMarkdownResultWithRuntime, renderMarkdownSummaryWithRuntime, renderMarkdownWithRuntime, resolveMarkdownCodeLanguageAvailability, resolveMarkdownConsumerIdentity, resolveMarkdownEmbedPresentation, resolveMarkdownSourceIdentity, reviveMarkdownStableProjection, roundToPrecision, runMarkdownSearchTask, sanitizeMarkdownHtmlImport, searchMarkdownRawSource, searchMarkdownStableProjection, snapshotMarkdownSourceCoordinateMap, snapshotMarkdownStableProjection, sortAsciiIndices, sortAsciiIndicesSync, sortNumberIndices, sortNumberIndicesSync, sortNumbers, sortNumbersSync, sortStrings, sortStringsSync, stabilizeMarkdownEditorProjection, transferMarkdownEditorProjection, transferMarkdownSourceCoordinateMap, validateMarkdownEditorSyntaxCoverage, validateMarkdownInteractionTrace, validateMarkdownUrl, warmupWasm, wasmVersion[39m)
2026-10-09T16:22:38.8049750Z 
2026-10-09T16:22:38.8075712Z [log]   [1mdist/index.mjs[22m (total size: [36m416 kB[39m, chunk size: [36m416 kB[39m, exports: [90mMARKDOWN_ANCHOR_DIAGNOSTIC_CODES, MARKDOWN_ANCHOR_ID, MARKDOWN_CAPTION_DIAGNOSTIC_CODES, MARKDOWN_CODE_LANGUAGES, MARKDOWN_CODE_LANGUAGE_ALIASES, MARKDOWN_EDITOR_PROJECTION_PARSER, MARKDOWN_EDITOR_REQUIRED_SYNTAX_KINDS, MARKDOWN_EMBED_ACCEPTANCE_VERSION, MARKDOWN_EMBED_BUDGET, MARKDOWN_EMBED_DIAGNOSTIC_CODES, MARKDOWN_EMBED_MODES, MARKDOWN_EMBED_PRESENTATION_MODES, MARKDOWN_EMBED_PRESENTATION_VERSION, MARKDOWN_EMBED_SECURITY_CORPUS, MARKDOWN_HTML_CONVERSION_BUDGET, MARKDOWN_HTML_CONVERSION_MAP, MARKDOWN_HTML_CONVERSION_VERSION, MARKDOWN_HTML_IMPORT_BUDGET, MARKDOWN_HTML_IMPORT_IMPORTER_VERSION, MARKDOWN_HTML_IMPORT_SCHEMA_VERSION, MARKDOWN_POINTER_PLATFORMS, MARKDOWN_PROJECTION_ACCEPTANCE_SCALE, MARKDOWN_PROJECTION_ACCEPTANCE_VERSION, MARKDOWN_PROJECTION_INVALIDATION_BUDGET, MARKDOWN_PROJECTION_WORKER_REQUEST, MARKDOWN_PROJECTION_WORKER_RESULT, MARKDOWN_RENDERER_SURFACE_CLASSES, MARKDOWN_RENDERER_VERSION, MARKDOWN_RENDER_PARSER, MARKDOWN_SEARCH_BUDGET, MARKDOWN_SEARCH_MODES, MARKDOWN_URL_AUTHORITY_VERSION, MARKDOWN_URL_STATES, MarkdownRuntimeError, WasmDataSession, activateMarkdownFeatures, applyMarkdownReplacePlan, applyMarkdownUrlValidation, assertMarkdownInteractionTrace, bindMarkdownProjectionWorkerScope, boundMarkdownSearchRegex, cancelMarkdownSearchTask, clampAndRound, classifyMarkdownUrl, collectMarkdownAnchorNodes, collectMarkdownCaptionNodes, collectMarkdownEmbedNodes, commitMarkdownEmbedResult, commitMarkdownEmbedWalk, commitMarkdownSearchExecution, compareMarkdownEditorProjectionThreads, compareMarkdownSourceCoordinateMapThreads, connectMarkdownProjectionWorker, convertMarkdownHtmlImportSnapshot, convertMarkdownHtmlImportTree, createAsciiFilterIndex, createMarkdownAnchorMap, createMarkdownEditorProjection, createMarkdownEditorWorkerProjection, createMarkdownEmbedBudgetSession, createMarkdownEmbedRequest, createMarkdownInteractionTrace, createMarkdownOutlineEntries, createMarkdownProjectionAcceptanceScaleSource, createMarkdownProjectionSession, createMarkdownProjectionTask, createMarkdownProjectionWorkerHost, createMarkdownPropertyEntries, createMarkdownSearchTask, createMarkdownSourceCoordinateMap, createMarkdownSourceCoordinateMapOnWorker, createMarkdownTableEntries, createMarkdownTechnicalEntries, createWasmDataSession, createWasmDataSessionSync, detectMarkdownEmbedCycle, detectMarkdownFeatures, detectMarkdownPlaceholders, ensureWasmReady, escapeMarkdownHtml, estimateRowHeights, evaluateMarkdownAnchorMutations, evaluateMarkdownBlockAnchorMutations, evaluateMarkdownCaptionMutations, evaluateMarkdownCaptionRendererMutations, evaluateMarkdownEmbedAcceptance, evaluateMarkdownEmbedBudget, evaluateMarkdownEmbedBudgetMutations, evaluateMarkdownEmbedMutations, evaluateMarkdownEmbedPresentationMutations, evaluateMarkdownEmbedProviderMutations, evaluateMarkdownHtmlConversionMutations, evaluateMarkdownHtmlImportMutations, evaluateMarkdownInteractionTraceMutations, evaluateMarkdownProjectionAcceptance, evaluateMarkdownProjectionKeystrokeMutations, evaluateMarkdownProjectionMutations, evaluateMarkdownReplaceMutations, evaluateMarkdownSearchModelMutations, evaluateMarkdownSearchMutations, evaluateMarkdownSearchWorkerMutations, evaluateMarkdownSourceCoordinateMutations, evaluateMarkdownSyntaxIdentityMutations, evaluateMarkdownUrlMutations, filterAsciiIndices, filterAsciiIndicesSync, filterIndices, filterIndicesSync, formatMarkdownEmbedDirective, getWasmReadiness, handleMarkdownProjectionWorkerMessage, hexToHsl, hslToHex, importMarkdownClipboardSnapshot, initMarkdownRuntime, isMarkdownEmbedResultCurrent, isMarkdownProjectionWorkerRequest, isMarkdownProjectionWorkerResult, isMarkdownReplacePlan, isMarkdownRuntimeAuthorizedResult, isMarkdownSearchMatchCurrent, isMarkdownUrlResultCurrent, isWasmReady, markdownEditorProjectionsEquivalent, markdownEmbedCacheKey, markdownEmbedTargetIdentityKey, markdownKeystrokeFullReparseRejected, markdownKeystrokePlanStaysBounded, markdownProjectionHasCompleteCoverage, markdownRenderIdentitiesEqual, markdownSourceCoordinateSnapshotsEquivalent, normalizeMarkdownCodeLanguage, normalizeMarkdownSource, parseMarkdownAnchorMarker, parseMarkdownCaptionLine, parseMarkdownEmbedLine, pathContainsMarkdownEmbedCycle, planMarkdownEmbedEdit, planMarkdownEmbedInsert, planMarkdownEmbedRemove, planMarkdownProjectionInvalidation, planMarkdownReplaceAll, planMarkdownReplaceCurrent, planMarkdownReplaceCurrentInSet, presentationForSyntaxKind, projectMarkdownOnWorker, readMarkdownRenderIdentity, recordMarkdownProjectionAcceptanceScale, renderMarkdownCaptionFigure, renderMarkdownChunksWithRuntime, renderMarkdownFallbackWithRuntime, renderMarkdownHtmlWithRuntime, renderMarkdownResultWithRuntime, renderMarkdownSummaryWithRuntime, renderMarkdownWithRuntime, resolveMarkdownCodeLanguageAvailability, resolveMarkdownConsumerIdentity, resolveMarkdownEmbedPresentation, resolveMarkdownSourceIdentity, reviveMarkdownStableProjection, roundToPrecision, runMarkdownSearchTask, sanitizeMarkdownHtmlImport, searchMarkdownRawSource, searchMarkdownStableProjection, snapshotMarkdownSourceCoordinateMap, snapshotMarkdownStableProjection, sortAsciiIndices, sortAsciiIndicesSync, sortNumberIndices, sortNumberIndicesSync, sortNumbers, sortNumbersSync, sortStrings, sortStringsSync, stabilizeMarkdownEditorProjection, transferMarkdownEditorProjection, transferMarkdownSourceCoordinateMap, validateMarkdownEditorSyntaxCoverage, validateMarkdownInteractionTrace, validateMarkdownUrl, warmupWasm, wasmVersion[39m)
2026-10-09T16:22:38.8093948Z 
2026-10-09T16:22:38.8094224Z Σ Total dist size (byte size): [36m1.76 MB[39m
2026-10-09T16:22:38.8094525Z [log]
2026-10-09T16:22:38.9087937Z [visual-runtime] command=pnpm run -C vue/packages/demo-app build
2026-10-09T16:22:39.0690771Z 
2026-10-09T16:22:39.0691586Z > demo-app@0.0.1 build /home/runner/work/FsusUI/FsusUI/vue/packages/demo-app
2026-10-09T16:22:39.0692096Z > node ../../../scripts/with-node-heap.mjs vite build
2026-10-09T16:22:39.0692308Z 
2026-10-09T16:22:39.4930239Z [36mvite v7.3.1 [32mbuilding client environment for production...[36m[39m
2026-10-09T16:22:39.5255930Z transforming...
2026-10-09T16:23:01.8848093Z [32m✓[39m 4306 modules transformed.
2026-10-09T16:23:02.8037954Z rendering chunks...
2026-10-09T16:23:03.4687755Z computing gzip size...
2026-10-09T16:23:03.5978437Z [2mdist/[22m[2massets/[22m[32mchannel-Bkpn6LQP.js                                       [39m[1m[2m    0.12 kB[22m[1m[22m
2026-10-09T16:23:03.5989320Z [2mdist/[22m[2massets/[22m[32minit-Gi6I4Gst.js                                          [39m[1m[2m    0.15 kB[22m[1m[22m
2026-10-09T16:23:03.5990178Z [2mdist/[22m[2massets/[22m[32mchunk-QZHKN3VN-CIKEON1b.js                                [39m[1m[2m    0.19 kB[22m[1m[22m
2026-10-09T16:23:03.5991001Z [2mdist/[22m[2massets/[22m[32mchunk-4BX2VUAB-DB6MciLj.js                                [39m[1m[2m    0.23 kB[22m[1m[22m
2026-10-09T16:23:03.5991724Z [2mdist/[22m[2massets/[22m[32mchunk-55IACEB6-Du9VJ2uP.js                                [39m[1m[2m    0.24 kB[22m[1m[22m
2026-10-09T16:23:03.5992527Z [2mdist/[22m[2massets/[22m[32mstateDiagram-v2-BHNVJYJU-qt7zf7T-.js                      [39m[1m[2m    0.36 kB[22m[1m[22m
2026-10-09T16:23:03.5993342Z [2mdist/[22m[2massets/[22m[32mchunk-FMBD7UC4-CJHdBvNt.js                                [39m[1m[2m    0.37 kB[22m[1m[22m
2026-10-09T16:23:03.5994160Z [2mdist/[22m[2massets/[22m[32mclassDiagram-4FO5ZUOK-z2D-Sx2s.js                         [39m[1m[2m    0.44 kB[22m[1m[22m
2026-10-09T16:23:03.5994962Z [2mdist/[22m[2massets/[22m[32mclassDiagram-v2-Q7XG4LA2-z2D-Sx2s.js                      [39m[1m[2m    0.44 kB[22m[1m[22m
2026-10-09T16:23:03.5995749Z [2mdist/[22m[2massets/[22m[32mchunk-2J33WTMH-BzODuT50.js                                [39m[1m[2m    0.51 kB[22m[1m[22m
2026-10-09T16:23:03.5996745Z [2mdist/[22m[2massets/[22m[32minfoDiagram-5YYISTIA-CeggLSEG.js                          [39m[1m[2m    0.56 kB[22m[1m[22m
2026-10-09T16:23:03.5997489Z [2mdist/[22m[2massets/[22m[32mordinal-Cboi1Yqb.js                                       [39m[1m[2m    1.19 kB[22m[1m[22m
2026-10-09T16:23:03.5998246Z [2mdist/[22m[2massets/[22m[32mchunk-ND2GUHAM-DsQe8vO8.js                                [39m[1m[2m    1.88 kB[22m[1m[22m
2026-10-09T16:23:03.5998964Z [2mdist/[22m[32mindex.html                                                       [39m[1m[2m    2.06 kB[22m[1m[22m[2m │ gzip:   0.61 kB[22m
2026-10-09T16:23:03.5999462Z [2mdist/[22m[2massets/[22m[32mdiagram-5GNKFQAL-oINXfqFW.js                              [39m[1m[2m    2.73 kB[22m[1m[22m
2026-10-09T16:23:03.6000286Z [2mdist/[22m[2massets/[22m[32marc-CQPm63mI.js                                           [39m[1m[2m    3.44 kB[22m[1m[22m
2026-10-09T16:23:03.6000767Z [2mdist/[22m[2massets/[22m[32mdiagram-LMA3HP47-Jssmps6i.js                              [39m[1m[2m    4.18 kB[22m[1m[22m
2026-10-09T16:23:03.6001298Z [2mdist/[22m[2massets/[22m[32mnoto-sans-sc-latin-ext-700-normal-BmmacmUC.woff2          [39m[1m[2m    4.47 kB[22m[1m[22m
2026-10-09T16:23:03.6001855Z [2mdist/[22m[2massets/[22m[32mnoto-sans-sc-latin-ext-400-normal-KRK7eeLK.woff2          [39m[1m[2m    4.48 kB[22m[1m[22m
2026-10-09T16:23:03.6002413Z [2mdist/[22m[2massets/[22m[32mnoto-sans-sc-latin-ext-500-normal-GsgFcZNr.woff2          [39m[1m[2m    4.56 kB[22m[1m[22m
2026-10-09T16:23:03.6002931Z [2mdist/[22m[2massets/[22m[32mdefaultLocale-CCNgq9ws.js                                 [39m[1m[2m    4.69 kB[22m[1m[22m
2026-10-09T16:23:03.6003446Z [2mdist/[22m[2massets/[22m[32mnoto-sans-sc-91-400-normal-BdbNZCTz.woff2                 [39m[1m[2m    4.70 kB[22m[1m[22m
2026-10-09T16:23:03.6003993Z [2mdist/[22m[2massets/[22m[32mnoto-sans-sc-vietnamese-400-normal-Bi2eM1Po.woff2         [39m[1m[2m    4.71 kB[22m[1m[22m
2026-10-09T16:23:03.6004534Z [2mdist/[22m[2massets/[22m[32mnoto-sans-sc-91-500-normal-i0u1m_iB.woff2                 [39m[1m[2m    4.75 kB[22m[1m[22m
2026-10-09T16:23:03.6005058Z [2mdist/[22m[2massets/[22m[32mnoto-sans-sc-91-700-normal-D4Ei2NDt.woff2                 [39m[1m[2m    4.77 kB[22m[1m[22m
2026-10-09T16:23:03.6005783Z [2mdist/[22m[2massets/[22m[32mnoto-sans-sc-vietnamese-700-normal-B_BvGp8Q.woff2         [39m[1m[2m    4.77 kB[22m[1m[22m
2026-10-09T16:23:03.6006762Z [2mdist/[22m[2massets/[22m[32mnoto-sans-sc-vietnamese-500-normal-920XfTAD.woff2         [39m[1m[2m    4.83 kB[22m[1m[22m
2026-10-09T16:23:03.6007641Z [2mdist/[22m[2massets/[22m[32mnoto-sans-sc-99-500-normal-BWS8QmEB.woff2                 [39m[1m[2m    5.20 kB[22m[1m[22m
2026-10-09T16:23:03.6008495Z [2mdist/[22m[2massets/[22m[32mnoto-sans-sc-99-400-normal-BTAaudar.woff2                 [39m[1m[2m    5.20 kB[22m[1m[22m
2026-10-09T16:23:03.6009324Z [2mdist/[22m[2massets/[22m[32mnoto-sans-sc-87-400-normal-BGelIZWt.woff2                 [39m[1m[2m    5.21 kB[22m[1m[22m
2026-10-09T16:23:03.6009980Z [2mdist/[22m[2massets/[22m[32mpieDiagram-4H26LBE5-CtbLLDWz.js                           [39m[1m[2m    5.24 kB[22m[1m[22m
2026-10-09T16:23:03.6010498Z [2mdist/[22m[2massets/[22m[32mnoto-sans-sc-99-700-normal-fxRlH1CQ.woff2                 [39m[1m[2m    5.24 kB[22m[1m[22m
2026-10-09T16:23:03.6011030Z [2mdist/[22m[2massets/[22m[32mnoto-sans-sc-87-700-normal-BtlEwhOv.woff2                 [39m[1m[2m    5.25 kB[22m[1m[22m
2026-10-09T16:23:03.6011553Z [2mdist/[22m[2massets/[22m[32mnoto-sans-sc-90-500-normal-CzRUd9Y4.woff2                 [39m[1m[2m    5.26 kB[22m[1m[22m
2026-10-09T16:23:03.6012074Z [2mdist/[22m[2massets/[22m[32mnoto-sans-sc-87-500-normal-CyNxmc60.woff2                 [39m[1m[2m    5.27 kB[22m[1m[22m
2026-10-09T16:23:03.6012611Z [2mdist/[22m[2massets/[22m[32mnoto-sans-sc-cyrillic-400-normal-CgZvxLpU.woff2           [39m[1m[2m    5.30 kB[22m[1m[22m
2026-10-09T16:23:03.6013141Z [2mdist/[22m[2massets/[22m[32mnoto-sans-sc-90-700-normal-D_uM6Dda.woff2                 [39m[1m[2m    5.31 kB[22m[1m[22m
2026-10-09T16:23:03.6013657Z [2mdist/[22m[2massets/[22m[32mnoto-sans-sc-90-400-normal-DRuAc-VY.woff2                 [39m[1m[2m    5.32 kB[22m[1m[22m
2026-10-09T16:23:03.6014191Z [2mdist/[22m[2massets/[22m[32mnoto-sans-sc-cyrillic-700-normal-Cq1GCcGV.woff2           [39m[1m[2m    5.33 kB[22m[1m[22m
2026-10-09T16:23:03.6014734Z [2mdist/[22m[2massets/[22m[32mnoto-sans-sc-cyrillic-500-normal-DGAdDs8H.woff2           [39m[1m[2m    5.34 kB[22m[1m[22m
2026-10-09T16:23:03.6015454Z [2mdist/[22m[2massets/[22m[32mgoogle-sans-greek-ext-400-normal-CvNKagY6.woff2           [39m[1m[2m    5.34 kB[22m[1m[22m
2026-10-09T16:23:03.6016176Z [2mdist/[22m[2massets/[22m[32mgoogle-sans-greek-ext-700-normal-C6Vum4iB.woff2           [39m[1m[2m    5.34 kB[22m[1m[22m
2026-10-09T16:23:03.6016723Z [2mdist/[22m[2massets/[22m[32mgoogle-sans-greek-ext-500-normal-DCRd8yMr.woff2           [39m[1m[2m    5.34 kB[22m[1m[22m
2026-10-09T16:23:03.6017273Z [2mdist/[22m[2massets/[22m[32mgoogle-sans-vietnamese-400-normal-1y4TzZ7V.woff2          [39m[1m[2m    5.36 kB[22m[1m[22m
2026-10-09T16:23:03.6017825Z [2mdist/[22m[2massets/[22m[32mgoogle-sans-vietnamese-700-normal-DMQXG0ZG.woff2          [39m[1m[2m    5.41 kB[22m[1m[22m
2026-10-09T16:23:03.6018371Z [2mdist/[22m[2massets/[22m[32mgoogle-sans-vietnamese-500-normal-CcoyzoM_.woff2          [39m[1m[2m    5.50 kB[22m[1m[22m
2026-10-09T16:23:03.6018878Z [2mdist/[22m[2massets/[22m[32mlinear-BhzvsfGz.js                                        [39m[1m[2m    5.66 kB[22m[1m[22m
2026-10-09T16:23:03.6019376Z [2mdist/[22m[2massets/[22m[32mgoogle-sans-greek-400-normal-DxRB4CZs.woff2               [39m[1m[2m    5.70 kB[22m[1m[22m
2026-10-09T16:23:03.6019910Z [2mdist/[22m[2massets/[22m[32mgoogle-sans-greek-500-normal-CAe80kEf.woff2               [39m[1m[2m    5.77 kB[22m[1m[22m
2026-10-09T16:23:03.6020426Z [2mdist/[22m[2massets/[22m[32mdiagram-2AECGRRQ-BVuN8Kbg.js                              [39m[1m[2m    5.78 kB[22m[1m[22m
2026-10-09T16:23:03.6020937Z [2mdist/[22m[2massets/[22m[32mgoogle-sans-greek-700-normal-C3ggD1iR.woff2               [39m[1m[2m    5.78 kB[22m[1m[22m
2026-10-09T16:23:03.6021566Z [2mdist/[22m[2massets/[22m[32mnoto-sans-sc-latin-ext-400-normal-BZA_LfXq.woff           [39m[1m[2m    5.98 kB[22m[1m[22m
2026-10-09T16:23:03.6022104Z [2mdist/[22m[2massets/[22m[32mnoto-sans-sc-latin-ext-500-normal-D_wqt7jv.woff           [39m[1m[2m    5.99 kB[22m[1m[22m
2026-10-09T16:23:03.6022647Z [2mdist/[22m[2massets/[22m[32mnoto-sans-sc-latin-ext-700-normal-Ddn29awV.woff           [39m[1m[2m    6.05 kB[22m[1m[22m
2026-10-09T16:23:03.6023186Z [2mdist/[22m[2massets/[22m[32mnoto-sans-sc-89-400-normal-acup1U1Z.woff2                 [39m[1m[2m    6.11 kB[22m[1m[22m
2026-10-09T16:23:03.6023709Z [2mdist/[22m[2massets/[22m[32mnoto-sans-sc-21-400-normal-Bfz3Xm1a.woff2                 [39m[1m[2m    6.19 kB[22m[1m[22m
2026-10-09T16:23:03.6024234Z [2mdist/[22m[2massets/[22m[32mnoto-sans-sc-89-700-normal--Wr1YQox.woff2                 [39m[1m[2m    6.21 kB[22m[1m[22m
2026-10-09T16:23:03.6024757Z [2mdist/[22m[2massets/[22m[32mnoto-sans-sc-89-500-normal-z-0TkXtN.woff2                 [39m[1m[2m    6.22 kB[22m[1m[22m
2026-10-09T16:23:03.6025282Z [2mdist/[22m[2massets/[22m[32mnoto-sans-sc-88-400-normal-D3GwXLyo.woff2                 [39m[1m[2m    6.24 kB[22m[1m[22m
2026-10-09T16:23:03.6025803Z [2mdist/[22m[2massets/[22m[32mnoto-sans-sc-88-700-normal-Bnk-Qjhu.woff2                 [39m[1m[2m    6.25 kB[22m[1m[22m
2026-10-09T16:23:03.6026490Z [2mdist/[22m[2massets/[22m[32mnoto-sans-sc-88-500-normal-BfIgc9Wa.woff2                 [39m[1m[2m    6.26 kB[22m[1m[22m
2026-10-09T16:23:03.6027012Z [2mdist/[22m[2massets/[22m[32mnoto-sans-sc-21-500-normal-Dsw-xocd.woff2                 [39m[1m[2m    6.27 kB[22m[1m[22m
2026-10-09T16:23:03.6027537Z [2mdist/[22m[2massets/[22m[32mnoto-sans-sc-91-400-normal-C6Qii8Vp.woff                  [39m[1m[2m    6.30 kB[22m[1m[22m
2026-10-09T16:23:03.6028059Z [2mdist/[22m[2massets/[22m[32mnoto-sans-sc-21-700-normal-DNuQH_x9.woff2                 [39m[1m[2m    6.31 kB[22m[1m[22m
2026-10-09T16:23:03.6028673Z [2mdist/[22m[2massets/[22m[32mnoto-sans-sc-87-400-normal-DQpLjSpx.woff                  [39m[1m[2m    6.32 kB[22m[1m[22m
2026-10-09T16:23:03.6029311Z [2mdist/[22m[2massets/[22m[32mnoto-sans-sc-87-500-normal-DsIQtlth.woff                  [39m[1m[2m    6.33 kB[22m[1m[22m
2026-10-09T16:23:03.6029844Z [2mdist/[22m[2massets/[22m[32mgoogle-sans-greek-ext-700-normal-B5YQC0Ee.woff            [39m[1m[2m    6.34 kB[22m[1m[22m
2026-10-09T16:23:03.6030377Z [2mdist/[22m[2massets/[22m[32mnoto-sans-sc-91-500-normal-Be7m2sWM.woff                  [39m[1m[2m    6.36 kB[22m[1m[22m
2026-10-09T16:23:03.6030911Z [2mdist/[22m[2massets/[22m[32mgoogle-sans-greek-ext-400-normal-p1-FAml1.woff            [39m[1m[2m    6.36 kB[22m[1m[22m
2026-10-09T16:23:03.6031446Z [2mdist/[22m[2massets/[22m[32mnoto-sans-sc-87-700-normal-C2nqPuGz.woff                  [39m[1m[2m    6.36 kB[22m[1m[22m
2026-10-09T16:23:03.6031975Z [2mdist/[22m[2massets/[22m[32mgoogle-sans-greek-ext-500-normal-DM2xfr_W.woff            [39m[1m[2m    6.36 kB[22m[1m[22m
2026-10-09T16:23:03.6032507Z [2mdist/[22m[2massets/[22m[32mnoto-sans-sc-91-700-normal-CnFv2HUX.woff                  [39m[1m[2m    6.42 kB[22m[1m[22m
2026-10-09T16:23:03.6033032Z [2mdist/[22m[2massets/[22m[32mnoto-sans-sc-6-400-normal-D73klzWF.woff2                  [39m[1m[2m    6.47 kB[22m[1m[22m
2026-10-09T16:23:03.6033572Z [2mdist/[22m[2massets/[22m[32mnoto-sans-sc-vietnamese-400-normal-DSLtAGFP.woff          [39m[1m[2m    6.47 kB[22m[1m[22m
2026-10-09T16:23:03.6034133Z [2mdist/[22m[2massets/[22m[32mnoto-sans-sc-vietnamese-500-normal-FHUw6qRy.woff          [39m[1m[2m    6.52 kB[22m[1m[22m
2026-10-09T16:23:03.6034673Z [2mdist/[22m[2massets/[22m[32mnoto-sans-sc-6-500-normal-ClybqCn5.woff2                  [39m[1m[2m    6.55 kB[22m[1m[22m
2026-10-09T16:23:03.6035273Z [2mdist/[22m[2massets/[22m[32mnoto-sans-sc-6-700-normal-DV8I1q8y.woff2                  [39m[1m[2m    6.58 kB[22m[1m[22m
2026-10-09T16:23:03.6035808Z [2mdist/[22m[2massets/[22m[32mnoto-sans-sc-vietnamese-700-normal-Byuvj7pc.woff          [39m[1m[2m    6.58 kB[22m[1m[22m
2026-10-09T16:23:03.6036514Z [2mdist/[22m[2massets/[22m[32mnoto-sans-sc-cyrillic-500-normal-ncziUL7q.woff            [39m[1m[2m    6.68 kB[22m[1m[22m
2026-10-09T16:23:03.6037448Z [2mdist/[22m[2massets/[22m[32mnoto-sans-sc-cyrillic-400-normal-CxeT_sQD.woff            [39m[1m[2m    6.68 kB[22m[1m[22m
2026-10-09T16:23:03.6038319Z [2mdist/[22m[2massets/[22m[32mnoto-sans-sc-cyrillic-700-normal-D2iEev3Q.woff            [39m[1m[2m    6.70 kB[22m[1m[22m
2026-10-09T16:23:03.6039043Z [2mdist/[22m[2massets/[22m[32mgoogle-sans-greek-400-normal-CLMYqlHx.woff                [39m[1m[2m    6.77 kB[22m[1m[22m
2026-10-09T16:23:03.6039569Z [2mdist/[22m[2massets/[22m[32mnoto-sans-sc-90-500-normal-D7_0OMic.woff                  [39m[1m[2m    6.80 kB[22m[1m[22m
2026-10-09T16:23:03.6040101Z [2mdist/[22m[2massets/[22m[32mgoogle-sans-greek-700-normal-B6h7IT3s.woff                [39m[1m[2m    6.81 kB[22m[1m[22m
2026-10-09T16:23:03.6040633Z [2mdist/[22m[2massets/[22m[32mnoto-sans-sc-90-700-normal-CwWuy4eF.woff                  [39m[1m[2m    6.83 kB[22m[1m[22m
2026-10-09T16:23:03.6041173Z [2mdist/[22m[2massets/[22m[32mgoogle-sans-vietnamese-400-normal-gYrJJcZL.woff           [39m[1m[2m    6.86 kB[22m[1m[22m
2026-10-09T16:23:03.6041721Z [2mdist/[22m[2massets/[22m[32mgoogle-sans-greek-500-normal-D-iRUbOK.woff                [39m[1m[2m    6.87 kB[22m[1m[22m
2026-10-09T16:23:03.6042248Z [2mdist/[22m[2massets/[22m[32mnoto-sans-sc-90-400-normal-5erHZz-U.woff                  [39m[1m[2m    6.91 kB[22m[1m[22m
2026-10-09T16:23:03.6042768Z [2mdist/[22m[2massets/[22m[32mnoto-sans-sc-99-400-normal-Cm8xLDap.woff                  [39m[1m[2m    6.92 kB[22m[1m[22m
2026-10-09T16:23:03.6043288Z [2mdist/[22m[2massets/[22m[32mnoto-sans-sc-99-500-normal-DqWEBWBE.woff                  [39m[1m[2m    6.96 kB[22m[1m[22m
2026-10-09T16:23:03.6043822Z [2mdist/[22m[2massets/[22m[32mgoogle-sans-vietnamese-700-normal-BpW0e60c.woff           [39m[1m[2m    6.99 kB[22m[1m[22m
2026-10-09T16:23:03.6044493Z [2mdist/[22m[2massets/[22m[32mnoto-sans-sc-99-700-normal-DA94i8WC.woff                  [39m[1m[2m    7.02 kB[22m[1m[22m
2026-10-09T16:23:03.6045030Z [2mdist/[22m[2massets/[22m[32mgoogle-sans-vietnamese-500-normal-DfOdbAMM.woff           [39m[1m[2m    7.06 kB[22m[1m[22m
2026-10-09T16:23:03.6045563Z [2mdist/[22m[2massets/[22m[32mnoto-sans-sc-21-400-normal-B-kDkkaE.woff                  [39m[1m[2m    7.28 kB[22m[1m[22m
2026-10-09T16:23:03.6046181Z [2mdist/[22m[2massets/[22m[32mnoto-sans-sc-88-400-normal-qxvR3bf2.woff                  [39m[1m[2m    7.39 kB[22m[1m[22m
2026-10-09T16:23:03.6046703Z [2mdist/[22m[2massets/[22m[32mnoto-sans-sc-21-500-normal-WlgWrgNw.woff                  [39m[1m[2m    7.40 kB[22m[1m[22m
2026-10-09T16:23:03.6047221Z [2mdist/[22m[2massets/[22m[32mnoto-sans-sc-88-500-normal-DJBmTWTX.woff                  [39m[1m[2m    7.40 kB[22m[1m[22m
2026-10-09T16:23:03.6047745Z [2mdist/[22m[2massets/[22m[32mnoto-sans-sc-21-700-normal-BWzQWlmz.woff                  [39m[1m[2m    7.40 kB[22m[1m[22m
2026-10-09T16:23:03.6048265Z [2mdist/[22m[2massets/[22m[32mnoto-sans-sc-88-700-normal-DKzXmE9H.woff                  [39m[1m[2m    7.41 kB[22m[1m[22m
2026-10-09T16:23:03.6048788Z [2mdist/[22m[2massets/[22m[32mnoto-sans-sc-89-400-normal-CdB4uotv.woff                  [39m[1m[2m    7.68 kB[22m[1m[22m
2026-10-09T16:23:03.6049306Z [2mdist/[22m[2massets/[22m[32mnoto-sans-sc-89-700-normal-DBdFHY3j.woff                  [39m[1m[2m    7.77 kB[22m[1m[22m
2026-10-09T16:23:03.6049822Z [2mdist/[22m[2massets/[22m[32mnoto-sans-sc-89-500-normal-BozrAalc.woff                  [39m[1m[2m    7.78 kB[22m[1m[22m
2026-10-09T16:23:03.6050440Z [2mdist/[22m[2massets/[22m[32mgoogle-sans-hebrew-700-normal-ArNis8pE.woff2              [39m[1m[2m    8.31 kB[22m[1m[22m
2026-10-09T16:23:03.6050983Z [2mdist/[22m[2massets/[22m[32mgoogle-sans-hebrew-400-normal-B-GglnrG.woff2              [39m[1m[2m    8.35 kB[22m[1m[22m
2026-10-09T16:23:03.6051518Z [2mdist/[22m[2massets/[22m[32mnoto-sans-sc-6-500-normal-B1ik41kx.woff                   [39m[1m[2m    8.40 kB[22m[1m[22m
2026-10-09T16:23:03.6052049Z [2mdist/[22m[2massets/[22m[32mgoogle-sans-hebrew-500-normal-BtnBSeDA.woff2              [39m[1m[2m    8.42 kB[22m[1m[22m
2026-10-09T16:23:03.6052579Z [2mdist/[22m[2massets/[22m[32mnoto-sans-sc-6-400-normal-BbNanP_g.woff                   [39m[1m[2m    8.45 kB[22m[1m[22m
2026-10-09T16:23:03.6053099Z [2mdist/[22m[2massets/[22m[32mnoto-sans-sc-6-700-normal-BofO56NU.woff                   [39m[1m[2m    8.47 kB[22m[1m[22m
2026-10-09T16:23:03.6053643Z [2mdist/[22m[2massets/[22m[32mgoogle-sans-cyrillic-400-normal-C40CWPaK.woff2            [39m[1m[2m    9.42 kB[22m[1m[22m
2026-10-09T16:23:03.6054190Z [2mdist/[22m[2massets/[22m[32mgoogle-sans-cyrillic-700-normal-DMyXZpJK.woff2            [39m[1m[2m    9.54 kB[22m[1m[22m
2026-10-09T16:23:03.6054738Z [2mdist/[22m[2massets/[22m[32mgoogle-sans-cyrillic-500-normal-B1EV4J8T.woff2            [39m[1m[2m    9.62 kB[22m[1m[22m
2026-10-09T16:23:03.6055282Z [2mdist/[22m[2massets/[22m[32mgoogle-sans-cyrillic-ext-400-normal-DRX-4_Sg.woff2        [39m[1m[2m    9.62 kB[22m[1m[22m
2026-10-09T16:23:03.6055827Z [2mdist/[22m[2massets/[22m[32mgoogle-sans-lao-400-normal-BE9Av--w.woff2                 [39m[1m[2m    9.68 kB[22m[1m[22m
2026-10-09T16:23:03.6056433Z [2mdist/[22m[2massets/[22m[32mgoogle-sans-thai-400-normal-C4osmL5X.woff2                [39m[1m[2m    9.71 kB[22m[1m[22m
2026-10-09T16:23:03.6056971Z [2mdist/[22m[2massets/[22m[32mgoogle-sans-armenian-700-normal-DvCQGcIA.woff2            [39m[1m[2m    9.78 kB[22m[1m[22m
2026-10-09T16:23:03.6057520Z [2mdist/[22m[2massets/[22m[32mgoogle-sans-cyrillic-ext-700-normal-UtuRbSeU.woff2        [39m[1m[2m    9.78 kB[22m[1m[22m
2026-10-09T16:23:03.6058155Z [2mdist/[22m[2massets/[22m[32mgoogle-sans-armenian-400-normal-B-STzTxI.woff2            [39m[1m[2m    9.80 kB[22m[1m[22m
2026-10-09T16:23:03.6058693Z [2mdist/[22m[2massets/[22m[32mgoogle-sans-thai-700-normal-CjNUGbLK.woff2                [39m[1m[2m    9.84 kB[22m[1m[22m
2026-10-09T16:23:03.6059231Z [2mdist/[22m[2massets/[22m[32mgoogle-sans-armenian-500-normal-Bz_ye3vR.woff2            [39m[1m[2m    9.87 kB[22m[1m[22m
2026-10-09T16:23:03.6059783Z [2mdist/[22m[2massets/[22m[32mgoogle-sans-cyrillic-ext-500-normal-CoDO2SHo.woff2        [39m[1m[2m    9.87 kB[22m[1m[22m
2026-10-09T16:23:03.6060332Z [2mdist/[22m[2massets/[22m[32mgoogle-sans-hebrew-400-normal-Cp17riXE.woff               [39m[1m[2m    9.95 kB[22m[1m[22m
2026-10-09T16:23:03.6060869Z [2mdist/[22m[2massets/[22m[32mgoogle-sans-hebrew-700-normal-tXD-QzUD.woff               [39m[1m[2m   10.01 kB[22m[1m[22m
2026-10-09T16:23:03.6061410Z [2mdist/[22m[2massets/[22m[32mgoogle-sans-georgian-400-normal-DfppG5YQ.woff2            [39m[1m[2m   10.05 kB[22m[1m[22m
2026-10-09T16:23:03.6061952Z [2mdist/[22m[2massets/[22m[32mgoogle-sans-hebrew-500-normal-BMh1EmDG.woff               [39m[1m[2m   10.06 kB[22m[1m[22m
2026-10-09T16:23:03.6062488Z [2mdist/[22m[2massets/[22m[32mgoogle-sans-lao-700-normal-C4WV7a9S.woff2                 [39m[1m[2m   10.10 kB[22m[1m[22m
2026-10-09T16:23:03.6063025Z [2mdist/[22m[2massets/[22m[32mgoogle-sans-georgian-700-normal-qRdGbKyX.woff2            [39m[1m[2m   10.19 kB[22m[1m[22m
2026-10-09T16:23:03.6063554Z [2mdist/[22m[2massets/[22m[32mstateDiagram-AJRCARHV-CapoRxaG.js                         [39m[1m[2m   10.33 kB[22m[1m[22m
2026-10-09T16:23:03.6064154Z [2mdist/[22m[2massets/[22m[32mgoogle-sans-lao-500-normal-OKj3OPtQ.woff2                 [39m[1m[2m   10.38 kB[22m[1m[22m
2026-10-09T16:23:03.6064757Z [2mdist/[22m[2massets/[22m[32mgoogle-sans-thai-500-normal-CoqF56H8.woff2                [39m[1m[2m   10.38 kB[22m[1m[22m
2026-10-09T16:23:03.6065594Z [2mdist/[22m[2massets/[22m[32mgoogle-sans-georgian-500-normal-C64traQV.woff2            [39m[1m[2m   10.47 kB[22m[1m[22m
2026-10-09T16:23:03.6066517Z [2mdist/[22m[2massets/[22m[32mdiagram-KO2AKTUF-o3Pf_Kys.js                              [39m[1m[2m   10.69 kB[22m[1m[22m
2026-10-09T16:23:03.6067316Z [2mdist/[22m[2massets/[22m[32mdata-pipeline.worker-B10UU85-.js                          [39m[1m[2m   10.75 kB[22m[1m[22m
2026-10-09T16:23:03.6068138Z [2mdist/[22m[2massets/[22m[32mnoto-sans-sc-5-400-normal-3RzBeGhg.woff2                  [39m[1m[2m   10.90 kB[22m[1m[22m
2026-10-09T16:23:03.6068948Z [2mdist/[22m[2massets/[22m[32mnoto-sans-sc-5-500-normal-BdqLNb8-.woff2                  [39m[1m[2m   10.94 kB[22m[1m[22m
2026-10-09T16:23:03.6069771Z [2mdist/[22m[2massets/[22m[32mdagre-BM42HDAG-zzoh-X60.js                                [39m[1m[2m   11.11 kB[22m[1m[22m
2026-10-09T16:23:03.6070568Z [2mdist/[22m[2massets/[22m[32mgithub-light-Rcb2q3L5.js                                  [39m[1m[2m   11.18 kB[22m[1m[22m
2026-10-09T16:23:03.6071379Z [2mdist/[22m[2massets/[22m[32mgithub-dark-BQV5ugrc.js                                   [39m[1m[2m   11.40 kB[22m[1m[22m
2026-10-09T16:23:03.6072230Z [2mdist/[22m[2massets/[22m[32mnoto-sans-sc-5-700-normal-x9UYIBA3.woff2                  [39m[1m[2m   11.41 kB[22m[1m[22m
2026-10-09T16:23:03.6073326Z [2mdist/[22m[2massets/[22m[32mgoogle-sans-cyrillic-400-normal-CIC-zVTk.woff             [39m[1m[2m   11.44 kB[22m[1m[22m
2026-10-09T16:23:03.6074272Z [2mdist/[22m[2massets/[22m[32mgoogle-sans-cyrillic-700-normal-BYFnon4y.woff             [39m[1m[2m   11.53 kB[22m[1m[22m
2026-10-09T16:23:03.6075194Z [2mdist/[22m[2massets/[22m[32mgoogle-sans-armenian-400-normal-DAPVGnZn.woff             [39m[1m[2m   11.64 kB[22m[1m[22m
2026-10-09T16:23:03.6077007Z [2mdist/[22m[2massets/[22m[32mgoogle-sans-cyrillic-ext-400-normal-L2lMuFoo.woff         [39m[1m[2m   11.65 kB[22m[1m[22m
2026-10-09T16:23:03.6078241Z [2mdist/[22m[2massets/[22m[32mgoogle-sans-armenian-700-normal-DJB0c5EI.woff             [39m[1m[2m   11.66 kB[22m[1m[22m
2026-10-09T16:23:03.6079166Z [2mdist/[22m[2massets/[22m[32mgoogle-sans-georgian-400-normal-BLwoPzer.woff             [39m[1m[2m   11.69 kB[22m[1m[22m
2026-10-09T16:23:03.6080070Z [2mdist/[22m[2massets/[22m[32mgoogle-sans-cyrillic-500-normal-BGc4tBtF.woff             [39m[1m[2m   11.70 kB[22m[1m[22m
2026-10-09T16:23:03.6080990Z [2mdist/[22m[2massets/[22m[32mgoogle-sans-cyrillic-ext-700-normal-Beu8W2CW.woff         [39m[1m[2m   11.72 kB[22m[1m[22m
2026-10-09T16:23:03.6081950Z [2mdist/[22m[2massets/[22m[32mgoogle-sans-georgian-700-normal-BkXR2S5u.woff             [39m[1m[2m   11.74 kB[22m[1m[22m
2026-10-09T16:23:03.6082880Z [2mdist/[22m[2massets/[22m[32mgoogle-sans-gurmukhi-400-normal-D3jXAZ_D.woff2            [39m[1m[2m   11.80 kB[22m[1m[22m
2026-10-09T16:23:03.6083805Z [2mdist/[22m[2massets/[22m[32mgoogle-sans-armenian-500-normal-CQQJ6idU.woff             [39m[1m[2m   11.82 kB[22m[1m[22m
2026-10-09T16:23:03.6084747Z [2mdist/[22m[2massets/[22m[32mgoogle-sans-lao-400-normal-3RH2VW75.woff                  [39m[1m[2m   11.88 kB[22m[1m[22m
2026-10-09T16:23:03.6085684Z [2mdist/[22m[2massets/[22m[32mgoogle-sans-cyrillic-ext-500-normal-DHV8CslW.woff         [39m[1m[2m   11.88 kB[22m[1m[22m
2026-10-09T16:23:03.6086720Z [2mdist/[22m[2massets/[22m[32mgoogle-sans-thai-400-normal-BMI4kf0H.woff                 [39m[1m[2m   11.90 kB[22m[1m[22m
2026-10-09T16:23:03.6087612Z [2mdist/[22m[2massets/[22m[32mgoogle-sans-thai-700-normal-D_c-mtRV.woff                 [39m[1m[2m   11.95 kB[22m[1m[22m
2026-10-09T16:23:03.6088694Z [2mdist/[22m[2massets/[22m[32mgoogle-sans-gurmukhi-700-normal-CbrwK1o6.woff2            [39m[1m[2m   11.98 kB[22m[1m[22m
2026-10-09T16:23:03.6089629Z [2mdist/[22m[2massets/[22m[32mgoogle-sans-georgian-500-normal-CTj1q8Lb.woff             [39m[1m[2m   12.02 kB[22m[1m[22m
2026-10-09T16:23:03.6090537Z [2mdist/[22m[2massets/[22m[32mgoogle-sans-lao-700-normal-CsEb-AR8.woff                  [39m[1m[2m   12.04 kB[22m[1m[22m
2026-10-09T16:23:03.6091441Z [2mdist/[22m[2massets/[22m[32mgoogle-sans-gurmukhi-500-normal-DYGYixLa.woff2            [39m[1m[2m   12.08 kB[22m[1m[22m
2026-10-09T16:23:03.6092363Z [2mdist/[22m[2massets/[22m[32mgoogle-sans-thai-500-normal-DJq9BWFD.woff                 [39m[1m[2m   12.38 kB[22m[1m[22m
2026-10-09T16:23:03.6093251Z [2mdist/[22m[2massets/[22m[32mgoogle-sans-lao-500-normal-Balkklfl.woff                  [39m[1m[2m   12.43 kB[22m[1m[22m
2026-10-09T16:23:03.6094147Z [2mdist/[22m[2massets/[22m[32mgoogle-sans-symbols-400-normal-lbQHVV-2.woff2             [39m[1m[2m   12.52 kB[22m[1m[22m
2026-10-09T16:23:03.6094995Z [2mdist/[22m[2massets/[22m[32mmarkdown_simd-BQofM-ng.js                                 [39m[1m[2m   12.54 kB[22m[1m[22m
2026-10-09T16:23:03.6095805Z [2mdist/[22m[2massets/[22m[32mmarkdown_basic-DVKV2liU.js                                [39m[1m[2m   12.54 kB[22m[1m[22m
2026-10-09T16:23:03.6096808Z [2mdist/[22m[2massets/[22m[32mgoogle-sans-symbols-700-normal-600QOhOj.woff2             [39m[1m[2m   12.58 kB[22m[1m[22m
2026-10-09T16:23:03.6097703Z [2mdist/[22m[2massets/[22m[32mmarkdown-feature-output-gateway-CtVvWhQD.js               [39m[1m[2m   12.73 kB[22m[1m[22m
2026-10-09T16:23:03.6098593Z [2mdist/[22m[2massets/[22m[32mgoogle-sans-symbols-500-normal-B9HTLMXr.woff2             [39m[1m[2m   12.81 kB[22m[1m[22m
2026-10-09T16:23:03.6099479Z [2mdist/[22m[2massets/[22m[32mnoto-sans-sc-5-400-normal-CbEP9VxY.woff                   [39m[1m[2m   13.26 kB[22m[1m[22m
2026-10-09T16:23:03.6100416Z [2mdist/[22m[2massets/[22m[32mnoto-sans-sc-latin-400-normal-C8q2FS1w.woff2              [39m[1m[2m   13.30 kB[22m[1m[22m
2026-10-09T16:23:03.6101459Z [2mdist/[22m[2massets/[22m[32mnoto-sans-sc-5-500-normal-m39LDTOV.woff                   [39m[1m[2m   13.31 kB[22m[1m[22m
2026-10-09T16:23:03.6102338Z [2mdist/[22m[2massets/[22m[32mnoto-sans-sc-latin-500-normal-JVPArRf3.woff2              [39m[1m[2m   13.32 kB[22m[1m[22m
2026-10-09T16:23:03.6103254Z [2mdist/[22m[2massets/[22m[32mnoto-sans-sc-latin-700-normal-BzR54Sjf.woff2              [39m[1m[2m   13.42 kB[22m[1m[22m
2026-10-09T16:23:03.6104145Z [2mdist/[22m[2massets/[22m[32mgoogle-sans-tamil-400-normal-4jaSJPAD.woff2               [39m[1m[2m   13.43 kB[22m[1m[22m
2026-10-09T16:23:03.6105040Z [2mdist/[22m[2massets/[22m[32mgoogle-sans-latin-ext-400-normal-UKbRv1Qt.woff2           [39m[1m[2m   13.44 kB[22m[1m[22m
2026-10-09T16:23:03.6105954Z [2mdist/[22m[2massets/[22m[32mgoogle-sans-latin-ext-700-normal-BFgLMrUW.woff2           [39m[1m[2m   13.58 kB[22m[1m[22m
2026-10-09T16:23:03.6106966Z [2mdist/[22m[2massets/[22m[32mgoogle-sans-latin-ext-500-normal-BCpH9zE5.woff2           [39m[1m[2m   13.73 kB[22m[1m[22m
2026-10-09T16:23:03.6107863Z [2mdist/[22m[2massets/[22m[32mnoto-sans-sc-5-700-normal-CPiMvAj8.woff                   [39m[1m[2m   13.78 kB[22m[1m[22m
2026-10-09T16:23:03.6108744Z [2mdist/[22m[2massets/[22m[32mgoogle-sans-gurmukhi-400-normal-B696KfSs.woff             [39m[1m[2m   14.13 kB[22m[1m[22m
2026-10-09T16:23:03.6109643Z [2mdist/[22m[2massets/[22m[32mgoogle-sans-tamil-700-normal-B94SgOhq.woff2               [39m[1m[2m   14.26 kB[22m[1m[22m
2026-10-09T16:23:03.6110535Z [2mdist/[22m[2massets/[22m[32mgoogle-sans-gurmukhi-700-normal-6xgriXld.woff             [39m[1m[2m   14.35 kB[22m[1m[22m
2026-10-09T16:23:03.6111548Z [2mdist/[22m[2massets/[22m[32mgoogle-sans-gurmukhi-500-normal-CIPhMJpQ.woff             [39m[1m[2m   14.40 kB[22m[1m[22m
2026-10-09T16:23:03.6112445Z [2mdist/[22m[2massets/[22m[32mgoogle-sans-tamil-500-normal-Djb01Dys.woff2               [39m[1m[2m   14.40 kB[22m[1m[22m
2026-10-09T16:23:03.6113333Z [2mdist/[22m[2massets/[22m[32mnoto-sans-sc-85-400-normal-CNc66YTY.woff2                 [39m[1m[2m   14.60 kB[22m[1m[22m
2026-10-09T16:23:03.6114208Z [2mdist/[22m[2massets/[22m[32mnoto-sans-sc-85-500-normal-BHnspF-n.woff2                 [39m[1m[2m   14.70 kB[22m[1m[22m
2026-10-09T16:23:03.6115091Z [2mdist/[22m[2massets/[22m[32mnoto-sans-sc-85-700-normal-CbxuEJPm.woff2                 [39m[1m[2m   14.79 kB[22m[1m[22m
2026-10-09T16:23:03.6116078Z [2mdist/[22m[2massets/[22m[32mgoogle-sans-symbols-400-normal-DOk7ubmR.woff              [39m[1m[2m   15.28 kB[22m[1m[22m
2026-10-09T16:23:03.6116959Z [2mdist/[22m[2massets/[22m[32mgoogle-sans-symbols-700-normal-DeKsKyy2.woff              [39m[1m[2m   15.42 kB[22m[1m[22m
2026-10-09T16:23:03.6117840Z [2mdist/[22m[2massets/[22m[32mgoogle-sans-symbols-500-normal-BVlbRUiO.woff              [39m[1m[2m   15.67 kB[22m[1m[22m
2026-10-09T16:23:03.6118676Z [2mdist/[22m[2massets/[22m[32mdiagram-OG6HWLK6-BLGhNN5V.js                              [39m[1m[2m   15.77 kB[22m[1m[22m
2026-10-09T16:23:03.6119493Z [2mdist/[22m[2massets/[22m[32mgoogle-sans-latin-ext-400-normal-CmTJllIR.woff            [39m[1m[2m   16.76 kB[22m[1m[22m
2026-10-09T16:23:03.6120393Z [2mdist/[22m[2massets/[22m[32mgoogle-sans-latin-ext-700-normal-Bsvv629D.woff            [39m[1m[2m   16.76 kB[22m[1m[22m
2026-10-09T16:23:03.6121289Z [2mdist/[22m[2massets/[22m[32mgoogle-sans-latin-ext-500-normal-DLZGvPNG.woff            [39m[1m[2m   16.98 kB[22m[1m[22m
2026-10-09T16:23:03.6122190Z [2mdist/[22m[2massets/[22m[32mnoto-sans-sc-80-400-normal-psViYwkz.woff2                 [39m[1m[2m   17.30 kB[22m[1m[22m
2026-10-09T16:23:03.6123063Z [2mdist/[22m[2massets/[22m[32mishikawaDiagram-YF4QCWOH-CBHN_v9f.js                      [39m[1m[2m   17.44 kB[22m[1m[22m
2026-10-09T16:23:03.6123947Z [2mdist/[22m[2massets/[22m[32mnoto-sans-sc-80-500-normal-Di8G0AhH.woff2                 [39m[1m[2m   17.47 kB[22m[1m[22m
2026-10-09T16:23:03.6124933Z [2mdist/[22m[2massets/[22m[32mnoto-sans-sc-84-400-normal-BtmNIfry.woff2                 [39m[1m[2m   17.54 kB[22m[1m[22m
2026-10-09T16:23:03.6125794Z [2mdist/[22m[2massets/[22m[32mnoto-sans-sc-80-700-normal-UCchT3b6.woff2                 [39m[1m[2m   17.57 kB[22m[1m[22m
2026-10-09T16:23:03.6126760Z [2mdist/[22m[2massets/[22m[32mnoto-sans-sc-84-500-normal-3O-pFZPI.woff2                 [39m[1m[2m   17.61 kB[22m[1m[22m
2026-10-09T16:23:03.6127635Z [2mdist/[22m[2massets/[22m[32mgoogle-sans-tamil-400-normal-DljycBoB.woff                [39m[1m[2m   17.70 kB[22m[1m[22m
2026-10-09T16:23:03.6128513Z [2mdist/[22m[2massets/[22m[32mnoto-sans-sc-84-700-normal-O2_u3aEA.woff2                 [39m[1m[2m   17.74 kB[22m[1m[22m
2026-10-09T16:23:03.6129382Z [2mdist/[22m[2massets/[22m[32mnoto-sans-sc-latin-400-normal-ned8RRXO.woff               [39m[1m[2m   17.80 kB[22m[1m[22m
2026-10-09T16:23:03.6130269Z [2mdist/[22m[2massets/[22m[32mnoto-sans-sc-latin-500-normal-c5FVqAg8.woff               [39m[1m[2m   17.85 kB[22m[1m[22m
2026-10-09T16:23:03.6131141Z [2mdist/[22m[2massets/[22m[32mnoto-sans-sc-86-400-normal-Cs9yXoGU.woff2                 [39m[1m[2m   17.91 kB[22m[1m[22m
2026-10-09T16:23:03.6132019Z [2mdist/[22m[2massets/[22m[32mnoto-sans-sc-latin-700-normal-B17hb4LK.woff               [39m[1m[2m   17.93 kB[22m[1m[22m
2026-10-09T16:23:03.6132893Z [2mdist/[22m[2massets/[22m[32mnoto-sans-sc-86-500-normal-BdmmPOi_.woff2                 [39m[1m[2m   17.97 kB[22m[1m[22m
2026-10-09T16:23:03.6133878Z [2mdist/[22m[2massets/[22m[32mnoto-sans-sc-85-400-normal-DMllyR_f.woff                  [39m[1m[2m   18.42 kB[22m[1m[22m
2026-10-09T16:23:03.6134746Z [2mdist/[22m[2massets/[22m[32mnoto-sans-sc-85-500-normal-D036mTIk.woff                  [39m[1m[2m   18.42 kB[22m[1m[22m
2026-10-09T16:23:03.6135611Z [2mdist/[22m[2massets/[22m[32mnoto-sans-sc-85-700-normal-CukCnpgt.woff                  [39m[1m[2m   18.44 kB[22m[1m[22m
2026-10-09T16:23:03.6136572Z [2mdist/[22m[2massets/[22m[32mnoto-sans-sc-86-700-normal-DcKO2wZq.woff2                 [39m[1m[2m   18.45 kB[22m[1m[22m
2026-10-09T16:23:03.6137430Z [2mdist/[22m[2massets/[22m[32mgoogle-sans-tamil-700-normal-CyV3_18u.woff                [39m[1m[2m   18.49 kB[22m[1m[22m
2026-10-09T16:23:03.6138307Z [2mdist/[22m[2massets/[22m[32mgoogle-sans-tamil-500-normal-B4Gsc96i.woff                [39m[1m[2m   18.70 kB[22m[1m[22m
2026-10-09T16:23:03.6139177Z [2mdist/[22m[2massets/[22m[32mnoto-sans-sc-41-400-normal-CwF0ysup.woff2                 [39m[1m[2m   19.41 kB[22m[1m[22m
2026-10-09T16:23:03.6140005Z [2mdist/[22m[2massets/[22m[32mnoto-sans-sc-41-500-normal-DxaQVwJP.woff2                 [39m[1m[2m   19.68 kB[22m[1m[22m
2026-10-09T16:23:03.6140864Z [2mdist/[22m[2massets/[22m[32mnoto-sans-sc-77-400-normal-CxYpJvkI.woff2                 [39m[1m[2m   19.71 kB[22m[1m[22m
2026-10-09T16:23:03.6141740Z [2mdist/[22m[2massets/[22m[32mnoto-sans-sc-41-700-normal-C9Fm98h0.woff2                 [39m[1m[2m   19.84 kB[22m[1m[22m
2026-10-09T16:23:03.6142596Z [2mdist/[22m[2massets/[22m[32mnoto-sans-sc-77-500-normal-3BTwE5uB.woff2                 [39m[1m[2m   19.99 kB[22m[1m[22m
2026-10-09T16:23:03.6143459Z [2mdist/[22m[2massets/[22m[32mnoto-sans-sc-77-700-normal-a-oEDj-K.woff2                 [39m[1m[2m   20.11 kB[22m[1m[22m
2026-10-09T16:23:03.6144329Z [2mdist/[22m[2massets/[22m[32mkanban-definition-UN3LZRKU-BkHGVf-m.js                    [39m[1m[2m   20.26 kB[22m[1m[22m
2026-10-09T16:23:03.6145198Z [2mdist/[22m[2massets/[22m[32mmarkdown-heavy-feature-frame-Btsr-apw.js                  [39m[1m[2m   20.57 kB[22m[1m[22m
2026-10-09T16:23:03.6146161Z [2mdist/[22m[2massets/[22m[32mnoto-sans-sc-73-400-normal-tzRZHUkU.woff2                 [39m[1m[2m   20.84 kB[22m[1m[22m
2026-10-09T16:23:03.6147133Z [2mdist/[22m[2massets/[22m[32mnoto-sans-sc-73-500-normal-Cw_tnR9p.woff2                 [39m[1m[2m   20.99 kB[22m[1m[22m
2026-10-09T16:23:03.6147981Z [2mdist/[22m[2massets/[22m[32mnoto-sans-sc-73-700-normal-I6Weyh5u.woff2                 [39m[1m[2m   21.21 kB[22m[1m[22m
2026-10-09T16:23:03.6148839Z [2mdist/[22m[2massets/[22m[32mnoto-sans-sc-64-400-normal-9n4RwFjr.woff2                 [39m[1m[2m   21.89 kB[22m[1m[22m
2026-10-09T16:23:03.6149691Z [2mdist/[22m[2massets/[22m[32mnoto-sans-sc-79-400-normal-Bs84SZW2.woff2                 [39m[1m[2m   21.94 kB[22m[1m[22m
2026-10-09T16:23:03.6150550Z [2mdist/[22m[2massets/[22m[32mnoto-sans-sc-64-500-normal-B5UNeVXi.woff2                 [39m[1m[2m   22.11 kB[22m[1m[22m
2026-10-09T16:23:03.6151413Z [2mdist/[22m[2massets/[22m[32mnoto-sans-sc-64-700-normal-D6d3HRSr.woff2                 [39m[1m[2m   22.13 kB[22m[1m[22m
2026-10-09T16:23:03.6152285Z [2mdist/[22m[2massets/[22m[32mgoogle-sans-latin-400-normal-Bn77j4QQ.woff2               [39m[1m[2m   22.18 kB[22m[1m[22m
2026-10-09T16:23:03.6153110Z [2mdist/[22m[2massets/[22m[32mnoto-sans-sc-79-500-normal-C-QvHj7p.woff2                 [39m[1m[2m   22.23 kB[22m[1m[22m
2026-10-09T16:23:03.6153969Z [2mdist/[22m[2massets/[22m[32mnoto-sans-sc-60-400-normal-BkgLo8ii.woff2                 [39m[1m[2m   22.24 kB[22m[1m[22m
2026-10-09T16:23:03.6154822Z [2mdist/[22m[2massets/[22m[32mnoto-sans-sc-68-400-normal-DhhAKUnY.woff2                 [39m[1m[2m   22.24 kB[22m[1m[22m
2026-10-09T16:23:03.6155679Z [2mdist/[22m[2massets/[22m[32mnoto-sans-sc-86-500-normal-DBO--cXc.woff                  [39m[1m[2m   22.30 kB[22m[1m[22m
2026-10-09T16:23:03.6156745Z [2mdist/[22m[2massets/[22m[32mnoto-sans-sc-79-700-normal-DdtsIzyh.woff2                 [39m[1m[2m   22.34 kB[22m[1m[22m
2026-10-09T16:23:03.6157593Z [2mdist/[22m[2massets/[22m[32mnoto-sans-sc-80-400-normal-Dwrnaqm2.woff                  [39m[1m[2m   22.35 kB[22m[1m[22m
2026-10-09T16:23:03.6158464Z [2mdist/[22m[2massets/[22m[32mnoto-sans-sc-80-700-normal-DmGx7RLg.woff                  [39m[1m[2m   22.35 kB[22m[1m[22m
2026-10-09T16:23:03.6159323Z [2mdist/[22m[2massets/[22m[32mnoto-sans-sc-65-400-normal-Co4l6Z_j.woff2                 [39m[1m[2m   22.38 kB[22m[1m[22m
2026-10-09T16:23:03.6160180Z [2mdist/[22m[2massets/[22m[32mnoto-sans-sc-86-400-normal-BsrXDN1H.woff                  [39m[1m[2m   22.39 kB[22m[1m[22m
2026-10-09T16:23:03.6161046Z [2mdist/[22m[2massets/[22m[32mnoto-sans-sc-80-500-normal-pkF20v8D.woff                  [39m[1m[2m   22.40 kB[22m[1m[22m
2026-10-09T16:23:03.6161915Z [2mdist/[22m[2massets/[22m[32mnoto-sans-sc-84-500-normal-BXlAVyFt.woff                  [39m[1m[2m   22.40 kB[22m[1m[22m
2026-10-09T16:23:03.6162788Z [2mdist/[22m[2massets/[22m[32mnoto-sans-sc-84-400-normal-BYc3ckpR.woff                  [39m[1m[2m   22.42 kB[22m[1m[22m
2026-10-09T16:23:03.6163661Z [2mdist/[22m[2massets/[22m[32mnoto-sans-sc-84-700-normal-BS3hEiWG.woff                  [39m[1m[2m   22.42 kB[22m[1m[22m
2026-10-09T16:23:03.6164527Z [2mdist/[22m[2massets/[22m[32mnoto-sans-sc-70-400-normal-BlWmkfgH.woff2                 [39m[1m[2m   22.44 kB[22m[1m[22m
2026-10-09T16:23:03.6165405Z [2mdist/[22m[2massets/[22m[32mnoto-sans-sc-51-400-normal-BXmprHGd.woff2                 [39m[1m[2m   22.50 kB[22m[1m[22m
2026-10-09T16:23:03.6166375Z [2mdist/[22m[2massets/[22m[32mnoto-sans-sc-68-500-normal-BRRTtSYi.woff2                 [39m[1m[2m   22.50 kB[22m[1m[22m
2026-10-09T16:23:03.6167246Z [2mdist/[22m[2massets/[22m[32mnoto-sans-sc-65-500-normal-CFOLBwGK.woff2                 [39m[1m[2m   22.57 kB[22m[1m[22m
2026-10-09T16:23:03.6168115Z [2mdist/[22m[2massets/[22m[32mnoto-sans-sc-60-500-normal-DFqPQqQq.woff2                 [39m[1m[2m   22.60 kB[22m[1m[22m
2026-10-09T16:23:03.6168977Z [2mdist/[22m[2massets/[22m[32mnoto-sans-sc-86-700-normal-CzXs1BXS.woff                  [39m[1m[2m   22.64 kB[22m[1m[22m
2026-10-09T16:23:03.6169958Z [2mdist/[22m[2massets/[22m[32mnoto-sans-sc-36-400-normal-BxBT42kb.woff2                 [39m[1m[2m   22.65 kB[22m[1m[22m
2026-10-09T16:23:03.6170822Z [2mdist/[22m[2massets/[22m[32mnoto-sans-sc-68-700-normal-LGMmxj6K.woff2                 [39m[1m[2m   22.65 kB[22m[1m[22m
2026-10-09T16:23:03.6171678Z [2mdist/[22m[2massets/[22m[32mnoto-sans-sc-65-700-normal-BUpqu4D4.woff2                 [39m[1m[2m   22.68 kB[22m[1m[22m
2026-10-09T16:23:03.6172549Z [2mdist/[22m[2massets/[22m[32mnoto-sans-sc-51-500-normal-B5-dbmQ8.woff2                 [39m[1m[2m   22.78 kB[22m[1m[22m
2026-10-09T16:23:03.6173415Z [2mdist/[22m[2massets/[22m[32mnoto-sans-sc-51-700-normal-Bon9yel0.woff2                 [39m[1m[2m   22.86 kB[22m[1m[22m
2026-10-09T16:23:03.6174278Z [2mdist/[22m[2massets/[22m[32mnoto-sans-sc-36-500-normal-CaI-3T3h.woff2                 [39m[1m[2m   22.90 kB[22m[1m[22m
2026-10-09T16:23:03.6175138Z [2mdist/[22m[2massets/[22m[32mnoto-sans-sc-60-700-normal-Bc_5YyR0.woff2                 [39m[1m[2m   22.91 kB[22m[1m[22m
2026-10-09T16:23:03.6176097Z [2mdist/[22m[2massets/[22m[32mnoto-sans-sc-70-500-normal-CUVD271H.woff2                 [39m[1m[2m   22.96 kB[22m[1m[22m
2026-10-09T16:23:03.6176950Z [2mdist/[22m[2massets/[22m[32mnoto-sans-sc-36-700-normal-D_nEfnKk.woff2                 [39m[1m[2m   23.00 kB[22m[1m[22m
2026-10-09T16:23:03.6177817Z [2mdist/[22m[2massets/[22m[32mgoogle-sans-latin-700-normal-D1IKhQ3D.woff2               [39m[1m[2m   23.08 kB[22m[1m[22m
2026-10-09T16:23:03.6178787Z [2mdist/[22m[2massets/[22m[32mnoto-sans-sc-53-400-normal-DpzojyPN.woff2                 [39m[1m[2m   23.08 kB[22m[1m[22m
2026-10-09T16:23:03.6179659Z [2mdist/[22m[2massets/[22m[32mnoto-sans-sc-83-400-normal-cx8M2qMo.woff2                 [39m[1m[2m   23.08 kB[22m[1m[22m
2026-10-09T16:23:03.6180532Z [2mdist/[22m[2massets/[22m[32mmindmap-definition-RKZ34NQL-CxbxiY_d.js                   [39m[1m[2m   23.15 kB[22m[1m[22m
2026-10-09T16:23:03.6181385Z [2mdist/[22m[2massets/[22m[32mnoto-sans-sc-70-700-normal-D_WqSwix.woff2                 [39m[1m[2m   23.15 kB[22m[1m[22m
2026-10-09T16:23:03.6182232Z [2mdist/[22m[2massets/[22m[32msankeyDiagram-5OEKKPKP-BnSpY5rO.js                        [39m[1m[2m   23.17 kB[22m[1m[22m
2026-10-09T16:23:03.6183049Z [2mdist/[22m[2massets/[22m[32mnoto-sans-sc-83-500-normal-CngP5iwW.woff2                 [39m[1m[2m   23.39 kB[22m[1m[22m
2026-10-09T16:23:03.6183931Z [2mdist/[22m[2massets/[22m[32mgoogle-sans-malayalam-400-normal-6a5vDNml.woff2           [39m[1m[2m   23.40 kB[22m[1m[22m
2026-10-09T16:23:03.6184824Z [2mdist/[22m[2massets/[22m[32mgoogle-sans-latin-500-normal-BG7i7tRe.woff2               [39m[1m[2m   23.43 kB[22m[1m[22m
2026-10-09T16:23:03.6185662Z [2mdist/[22m[2massets/[22m[32mnoto-sans-sc-53-500-normal-4I_fEgQd.woff2                 [39m[1m[2m   23.46 kB[22m[1m[22m
2026-10-09T16:23:03.6186620Z [2mdist/[22m[2massets/[22m[32mnoto-sans-sc-83-700-normal-5yUCUUlF.woff2                 [39m[1m[2m   23.48 kB[22m[1m[22m
2026-10-09T16:23:03.6187436Z [2mdist/[22m[2massets/[22m[32mjourneyDiagram-JHISSGLW-ghZ_zArZ.js                       [39m[1m[2m   23.54 kB[22m[1m[22m
2026-10-09T16:23:03.6188401Z [2mdist/[22m[2massets/[22m[32mnoto-sans-sc-75-400-normal-CUYSz9vA.woff2                 [39m[1m[2m   23.67 kB[22m[1m[22m
2026-10-09T16:23:03.6189267Z [2mdist/[22m[2massets/[22m[32mnoto-sans-sc-53-700-normal-Cvcae_Sp.woff2                 [39m[1m[2m   23.72 kB[22m[1m[22m
2026-10-09T16:23:03.6190067Z [2mdist/[22m[2massets/[22m[32mgraph-BwjfAU3j.js                                         [39m[1m[2m   23.92 kB[22m[1m[22m
2026-10-09T16:23:03.6190843Z [2mdist/[22m[2massets/[22m[32mnoto-sans-sc-75-500-normal-RnXI8R7b.woff2                 [39m[1m[2m   24.05 kB[22m[1m[22m
2026-10-09T16:23:03.6191818Z [2mdist/[22m[2massets/[22m[32mgoogle-sans-gujarati-400-normal-CESeojbv.woff2            [39m[1m[2m   24.08 kB[22m[1m[22m
2026-10-09T16:23:03.6192707Z [2mdist/[22m[2massets/[22m[32mnoto-sans-sc-61-400-normal-ggoUFMmb.woff2                 [39m[1m[2m   24.18 kB[22m[1m[22m
2026-10-09T16:23:03.6193572Z [2mdist/[22m[2massets/[22m[32mnoto-sans-sc-75-700-normal-mpNhFFB1.woff2                 [39m[1m[2m   24.32 kB[22m[1m[22m
2026-10-09T16:23:03.6194438Z [2mdist/[22m[2massets/[22m[32mnoto-sans-sc-82-400-normal-BZZDzro0.woff2                 [39m[1m[2m   24.40 kB[22m[1m[22m
2026-10-09T16:23:03.6195311Z [2mdist/[22m[2massets/[22m[32mnoto-sans-sc-42-400-normal-ZKOUmsTa.woff2                 [39m[1m[2m   24.46 kB[22m[1m[22m
2026-10-09T16:23:03.6196812Z [2mdist/[22m[2massets/[22m[32mnoto-sans-sc-61-500-normal-BB7Zjp1f.woff2                 [39m[1m[2m   24.49 kB[22m[1m[22m
2026-10-09T16:23:03.6197671Z [2mdist/[22m[2massets/[22m[32mnoto-sans-sc-82-500-normal-DyyUtoXj.woff2                 [39m[1m[2m   24.66 kB[22m[1m[22m
2026-10-09T16:23:03.6198513Z [2mdist/[22m[2massets/[22m[32mnoto-sans-sc-42-500-normal-BqjPf_lN.woff2                 [39m[1m[2m   24.68 kB[22m[1m[22m
2026-10-09T16:23:03.6199366Z [2mdist/[22m[2massets/[22m[32mnoto-sans-sc-40-400-normal-DcIMWQiP.woff2                 [39m[1m[2m   24.70 kB[22m[1m[22m
2026-10-09T16:23:03.6200261Z [2mdist/[22m[2massets/[22m[32mnoto-sans-sc-118-400-normal-CqQ_A8sl.woff2                [39m[1m[2m   24.72 kB[22m[1m[22m
2026-10-09T16:23:03.6201107Z [2mdist/[22m[2massets/[22m[32mnoto-sans-sc-61-700-normal-Ckxgx8cS.woff2                 [39m[1m[2m   24.77 kB[22m[1m[22m
2026-10-09T16:23:03.6202071Z [2mdist/[22m[2massets/[22m[32mnoto-sans-sc-50-400-normal-BeYaGcbF.woff2                 [39m[1m[2m   24.79 kB[22m[1m[22m
2026-10-09T16:23:03.6202939Z [2mdist/[22m[2massets/[22m[32mnoto-sans-sc-82-700-normal-BPEBmW4D.woff2                 [39m[1m[2m   24.79 kB[22m[1m[22m
2026-10-09T16:23:03.6203806Z [2mdist/[22m[2massets/[22m[32mnoto-sans-sc-118-500-normal-BkdpJ3OC.woff2                [39m[1m[2m   24.81 kB[22m[1m[22m
2026-10-09T16:23:03.6204671Z [2mdist/[22m[2massets/[22m[32mnoto-sans-sc-42-700-normal-DatVBEhz.woff2                 [39m[1m[2m   24.92 kB[22m[1m[22m
2026-10-09T16:23:03.6205537Z [2mdist/[22m[2massets/[22m[32mnoto-sans-sc-43-400-normal-WDsqqjmk.woff2                 [39m[1m[2m   24.95 kB[22m[1m[22m
2026-10-09T16:23:03.6206502Z [2mdist/[22m[2massets/[22m[32mnoto-sans-sc-40-500-normal-CFdw4jgZ.woff2                 [39m[1m[2m   24.98 kB[22m[1m[22m
2026-10-09T16:23:03.6207366Z [2mdist/[22m[2massets/[22m[32mnoto-sans-sc-41-400-normal-vQF1biVP.woff                  [39m[1m[2m   25.00 kB[22m[1m[22m
2026-10-09T16:23:03.6208221Z [2mdist/[22m[2massets/[22m[32mnoto-sans-sc-72-400-normal-BLx1zxYv.woff2                 [39m[1m[2m   25.01 kB[22m[1m[22m
2026-10-09T16:23:03.6209094Z [2mdist/[22m[2massets/[22m[32mnoto-sans-sc-118-700-normal-BitkqWcz.woff2                [39m[1m[2m   25.02 kB[22m[1m[22m
2026-10-09T16:23:03.6209955Z [2mdist/[22m[2massets/[22m[32mnoto-sans-sc-50-500-normal-DlintQvq.woff2                 [39m[1m[2m   25.04 kB[22m[1m[22m
2026-10-09T16:23:03.6210800Z [2mdist/[22m[2massets/[22m[32mnoto-sans-sc-81-400-normal-BImDXGMr.woff2                 [39m[1m[2m   25.12 kB[22m[1m[22m
2026-10-09T16:23:03.6211651Z [2mdist/[22m[2massets/[22m[32mnoto-sans-sc-59-400-normal-D7wWmpIm.woff2                 [39m[1m[2m   25.13 kB[22m[1m[22m
2026-10-09T16:23:03.6212525Z [2mdist/[22m[2massets/[22m[32mnoto-sans-sc-41-500-normal-Bo36dSjP.woff                  [39m[1m[2m   25.13 kB[22m[1m[22m
2026-10-09T16:23:03.6213385Z [2mdist/[22m[2massets/[22m[32mnoto-sans-sc-40-700-normal-CQq8R_A5.woff2                 [39m[1m[2m   25.16 kB[22m[1m[22m
2026-10-09T16:23:03.6214358Z [2mdist/[22m[2massets/[22m[32mnoto-sans-sc-50-700-normal-eWm1DQPT.woff2                 [39m[1m[2m   25.20 kB[22m[1m[22m
2026-10-09T16:23:03.6215224Z [2mdist/[22m[2massets/[22m[32mnoto-sans-sc-41-700-normal-xD-i7Orz.woff                  [39m[1m[2m   25.21 kB[22m[1m[22m
2026-10-09T16:23:03.6216193Z [2mdist/[22m[2massets/[22m[32mgoogle-sans-oriya-400-normal-CeIrmlDL.woff2               [39m[1m[2m   25.27 kB[22m[1m[22m
2026-10-09T16:23:03.6217079Z [2mdist/[22m[2massets/[22m[32mnoto-sans-sc-34-400-normal-Djw1IAuw.woff2                 [39m[1m[2m   25.29 kB[22m[1m[22m
2026-10-09T16:23:03.6217947Z [2mdist/[22m[2massets/[22m[32mnoto-sans-sc-43-500-normal-Btkg4xpj.woff2                 [39m[1m[2m   25.32 kB[22m[1m[22m
2026-10-09T16:23:03.6218799Z [2mdist/[22m[2massets/[22m[32mnoto-sans-sc-72-500-normal-DTeK03yK.woff2                 [39m[1m[2m   25.37 kB[22m[1m[22m
2026-10-09T16:23:03.6219642Z [2mdist/[22m[2massets/[22m[32mnoto-sans-sc-31-400-normal-Cngcbauu.woff2                 [39m[1m[2m   25.40 kB[22m[1m[22m
2026-10-09T16:23:03.6220524Z [2mdist/[22m[2massets/[22m[32mnoto-sans-sc-33-400-normal-CUXtFK-t.woff2                 [39m[1m[2m   25.44 kB[22m[1m[22m
2026-10-09T16:23:03.6221385Z [2mdist/[22m[2massets/[22m[32mnoto-sans-sc-81-500-normal-DUcTi26F.woff2                 [39m[1m[2m   25.44 kB[22m[1m[22m
2026-10-09T16:23:03.6222246Z [2mdist/[22m[2massets/[22m[32mnoto-sans-sc-27-400-normal-LzZF_NqI.woff2                 [39m[1m[2m   25.45 kB[22m[1m[22m
2026-10-09T16:23:03.6223104Z [2mdist/[22m[2massets/[22m[32mgoogle-sans-malayalam-500-normal-Cv0yBxLq.woff2           [39m[1m[2m   25.46 kB[22m[1m[22m
2026-10-09T16:23:03.6224095Z [2mdist/[22m[2massets/[22m[32mnoto-sans-sc-72-700-normal-OdQF7L87.woff2                 [39m[1m[2m   25.47 kB[22m[1m[22m
2026-10-09T16:23:03.6224958Z [2mdist/[22m[2massets/[22m[32mwardleyDiagram-YWT4CUSO-T0bStDy2.js                       [39m[1m[2m   25.47 kB[22m[1m[22m
2026-10-09T16:23:03.6225823Z [2mdist/[22m[2massets/[22m[32mnoto-sans-sc-34-500-normal-Bs1nGgXz.woff2                 [39m[1m[2m   25.48 kB[22m[1m[22m
2026-10-09T16:23:03.6226784Z [2mdist/[22m[2massets/[22m[32mnoto-sans-sc-43-700-normal-CXBy1e3m.woff2                 [39m[1m[2m   25.50 kB[22m[1m[22m
2026-10-09T16:23:03.6227668Z [2mdist/[22m[2massets/[22m[32mgoogle-sans-malayalam-700-normal-ROW2c3zw.woff2           [39m[1m[2m   25.52 kB[22m[1m[22m
2026-10-09T16:23:03.6228557Z [2mdist/[22m[2massets/[22m[32mnoto-sans-sc-71-400-normal-HYJki_zr.woff2                 [39m[1m[2m   25.54 kB[22m[1m[22m
2026-10-09T16:23:03.6229421Z [2mdist/[22m[2massets/[22m[32mnoto-sans-sc-77-700-normal-DJB_rVNe.woff                  [39m[1m[2m   25.55 kB[22m[1m[22m
2026-10-09T16:23:03.6230286Z [2mdist/[22m[2massets/[22m[32mnoto-sans-sc-81-700-normal-B19yzEES.woff2                 [39m[1m[2m   25.59 kB[22m[1m[22m
2026-10-09T16:23:03.6231146Z [2mdist/[22m[2massets/[22m[32mnoto-sans-sc-77-500-normal-DoweSMr1.woff                  [39m[1m[2m   25.59 kB[22m[1m[22m
2026-10-09T16:23:03.6232029Z [2mdist/[22m[2massets/[22m[32mgoogle-sans-gujarati-500-normal-Da8b2vYN.woff2            [39m[1m[2m   25.59 kB[22m[1m[22m
2026-10-09T16:23:03.6232928Z [2mdist/[22m[2massets/[22m[32mgoogle-sans-gujarati-700-normal-D8kfT68L.woff2            [39m[1m[2m   25.59 kB[22m[1m[22m
2026-10-09T16:23:03.6233804Z [2mdist/[22m[2massets/[22m[32mnoto-sans-sc-77-400-normal-vrZaEvff.woff                  [39m[1m[2m   25.61 kB[22m[1m[22m
2026-10-09T16:23:03.6234669Z [2mdist/[22m[2massets/[22m[32mnoto-sans-sc-59-500-normal-BxaY6bmN.woff2                 [39m[1m[2m   25.62 kB[22m[1m[22m
2026-10-09T16:23:03.6235544Z [2mdist/[22m[2massets/[22m[32mnoto-sans-sc-34-700-normal-CQMxhMlx.woff2                 [39m[1m[2m   25.72 kB[22m[1m[22m
2026-10-09T16:23:03.6236509Z [2mdist/[22m[2massets/[22m[32mnoto-sans-sc-31-500-normal-CXR93Yl5.woff2                 [39m[1m[2m   25.72 kB[22m[1m[22m
2026-10-09T16:23:03.6237490Z [2mdist/[22m[2massets/[22m[32mnoto-sans-sc-71-500-normal-Dz2iPqSM.woff2                 [39m[1m[2m   25.77 kB[22m[1m[22m
2026-10-09T16:23:03.6238370Z [2mdist/[22m[2massets/[22m[32mnoto-sans-sc-76-400-normal-JtvMmeCp.woff2                 [39m[1m[2m   25.79 kB[22m[1m[22m
2026-10-09T16:23:03.6239244Z [2mdist/[22m[2massets/[22m[32mnoto-sans-sc-55-400-normal-CYV3hjnq.woff2                 [39m[1m[2m   25.82 kB[22m[1m[22m
2026-10-09T16:23:03.6240112Z [2mdist/[22m[2massets/[22m[32mnoto-sans-sc-33-500-normal-Co2VsUhm.woff2                 [39m[1m[2m   25.84 kB[22m[1m[22m
2026-10-09T16:23:03.6240983Z [2mdist/[22m[2massets/[22m[32mnoto-sans-sc-31-700-normal-kfjyItub.woff2                 [39m[1m[2m   25.88 kB[22m[1m[22m
2026-10-09T16:23:03.6241847Z [2mdist/[22m[2massets/[22m[32mnoto-sans-sc-59-700-normal-BhdW5HYb.woff2                 [39m[1m[2m   25.90 kB[22m[1m[22m
2026-10-09T16:23:03.6242697Z [2mdist/[22m[2massets/[22m[32mnoto-sans-sc-27-500-normal-8q_kP--H.woff2                 [39m[1m[2m   25.93 kB[22m[1m[22m
2026-10-09T16:23:03.6243538Z [2mdist/[22m[2massets/[22m[32mnoto-sans-sc-63-400-normal-BYQsjKYd.woff2                 [39m[1m[2m   25.95 kB[22m[1m[22m
2026-10-09T16:23:03.6244401Z [2mdist/[22m[2massets/[22m[32mnoto-sans-sc-71-700-normal-DyQkUuN6.woff2                 [39m[1m[2m   25.98 kB[22m[1m[22m
2026-10-09T16:23:03.6245274Z [2mdist/[22m[2massets/[22m[32mnoto-sans-sc-76-500-normal-B9Jbkcne.woff2                 [39m[1m[2m   26.05 kB[22m[1m[22m
2026-10-09T16:23:03.6246242Z [2mdist/[22m[2massets/[22m[32mnoto-sans-sc-27-700-normal-BgbFkYQY.woff2                 [39m[1m[2m   26.06 kB[22m[1m[22m
2026-10-09T16:23:03.6247278Z [2mdist/[22m[2massets/[22m[32mnoto-sans-sc-33-700-normal-C8RIXC6K.woff2                 [39m[1m[2m   26.09 kB[22m[1m[22m
2026-10-09T16:23:03.6248157Z [2mdist/[22m[2massets/[22m[32mnoto-sans-sc-78-400-normal-AGz1p3mV.woff2                 [39m[1m[2m   26.12 kB[22m[1m[22m
2026-10-09T16:23:03.6249030Z [2mdist/[22m[2massets/[22m[32mnoto-sans-sc-55-500-normal-Dx0OnOTe.woff2                 [39m[1m[2m   26.14 kB[22m[1m[22m
2026-10-09T16:23:03.6249873Z [2mdist/[22m[2massets/[22m[32mnoto-sans-sc-63-500-normal-BUjOaASF.woff2                 [39m[1m[2m   26.28 kB[22m[1m[22m
2026-10-09T16:23:03.6250743Z [2mdist/[22m[2massets/[22m[32mnoto-sans-sc-76-700-normal-E5jLJMfB.woff2                 [39m[1m[2m   26.30 kB[22m[1m[22m
2026-10-09T16:23:03.6251612Z [2mdist/[22m[2massets/[22m[32mnoto-sans-sc-55-700-normal-B36T3m4k.woff2                 [39m[1m[2m   26.31 kB[22m[1m[22m
2026-10-09T16:23:03.6252487Z [2mdist/[22m[2massets/[22m[32mnoto-sans-sc-63-700-normal-CIGqoDcs.woff2                 [39m[1m[2m   26.34 kB[22m[1m[22m
2026-10-09T16:23:03.6253367Z [2mdist/[22m[2massets/[22m[32mnoto-sans-sc-73-500-normal-I9SOtShl.woff                  [39m[1m[2m   26.45 kB[22m[1m[22m
2026-10-09T16:23:03.6254236Z [2mdist/[22m[2massets/[22m[32mnoto-sans-sc-28-400-normal-CEc-bbYn.woff2                 [39m[1m[2m   26.46 kB[22m[1m[22m
2026-10-09T16:23:03.6255104Z [2mdist/[22m[2massets/[22m[32mnoto-sans-sc-73-400-normal-B1YbkDe7.woff                  [39m[1m[2m   26.47 kB[22m[1m[22m
2026-10-09T16:23:03.6256067Z [2mdist/[22m[2massets/[22m[32mnoto-sans-sc-78-500-normal-BVk9bSPD.woff2                 [39m[1m[2m   26.48 kB[22m[1m[22m
2026-10-09T16:23:03.6256914Z [2mdist/[22m[2massets/[22m[32mnoto-sans-sc-73-700-normal-CQi5GozA.woff                  [39m[1m[2m   26.52 kB[22m[1m[22m
2026-10-09T16:23:03.6257767Z [2mdist/[22m[2massets/[22m[32mnoto-sans-sc-78-700-normal-C-s_97KM.woff2                 [39m[1m[2m   26.66 kB[22m[1m[22m
2026-10-09T16:23:03.6258625Z [2mdist/[22m[2massets/[22m[32mnoto-sans-sc-35-400-normal-Chgyqx1E.woff2                 [39m[1m[2m   26.69 kB[22m[1m[22m
2026-10-09T16:23:03.6259590Z [2mdist/[22m[2massets/[22m[32merDiagram-TEJ5UH35-uPVO-IT5.js                            [39m[1m[2m   26.83 kB[22m[1m[22m
2026-10-09T16:23:03.6260445Z [2mdist/[22m[2massets/[22m[32mnoto-sans-sc-48-400-normal-JHdMabvg.woff2                 [39m[1m[2m   26.89 kB[22m[1m[22m
2026-10-09T16:23:03.6261304Z [2mdist/[22m[2massets/[22m[32mnoto-sans-sc-28-500-normal-CivsKE7T.woff2                 [39m[1m[2m   26.98 kB[22m[1m[22m
2026-10-09T16:23:03.6262159Z [2mdist/[22m[2massets/[22m[32mnoto-sans-sc-35-500-normal-_sfdXfug.woff2                 [39m[1m[2m   27.04 kB[22m[1m[22m
2026-10-09T16:23:03.6263028Z [2mdist/[22m[2massets/[22m[32mnoto-sans-sc-28-700-normal-CuobRVBH.woff2                 [39m[1m[2m   27.08 kB[22m[1m[22m
2026-10-09T16:23:03.6263880Z [2mdist/[22m[2massets/[22m[32mnoto-sans-sc-26-400-normal-B306_DcA.woff2                 [39m[1m[2m   27.22 kB[22m[1m[22m
2026-10-09T16:23:03.6264742Z [2mdist/[22m[2massets/[22m[32mnoto-sans-sc-48-500-normal-Bqt1gTC7.woff2                 [39m[1m[2m   27.22 kB[22m[1m[22m
2026-10-09T16:23:03.6265619Z [2mdist/[22m[2massets/[22m[32mnoto-sans-sc-35-700-normal-GWSrRah9.woff2                 [39m[1m[2m   27.24 kB[22m[1m[22m
2026-10-09T16:23:03.6266576Z [2mdist/[22m[2massets/[22m[32mnoto-sans-sc-48-700-normal-Bpf2wVKJ.woff2                 [39m[1m[2m   27.24 kB[22m[1m[22m
2026-10-09T16:23:03.6267430Z [2mdist/[22m[2massets/[22m[32mnoto-sans-sc-52-400-normal-D6TC2b36.woff2                 [39m[1m[2m   27.40 kB[22m[1m[22m
2026-10-09T16:23:03.6268292Z [2mdist/[22m[2massets/[22m[32mnoto-sans-sc-26-500-normal-Bc3Q36GO.woff2                 [39m[1m[2m   27.54 kB[22m[1m[22m
2026-10-09T16:23:03.6269280Z [2mdist/[22m[2massets/[22m[32mgoogle-sans-oriya-700-normal-B52HSnhN.woff2               [39m[1m[2m   27.60 kB[22m[1m[22m
2026-10-09T16:23:03.6270161Z [2mdist/[22m[2massets/[22m[32mnoto-sans-sc-32-400-normal-BqAPF1tT.woff2                 [39m[1m[2m   27.60 kB[22m[1m[22m
2026-10-09T16:23:03.6271042Z [2mdist/[22m[2massets/[22m[32mnoto-sans-sc-39-400-normal-CNreqa8s.woff2                 [39m[1m[2m   27.70 kB[22m[1m[22m
2026-10-09T16:23:03.6271899Z [2mdist/[22m[2massets/[22m[32mnoto-sans-sc-64-700-normal-c4KhnsST.woff                  [39m[1m[2m   27.70 kB[22m[1m[22m
2026-10-09T16:23:03.6272767Z [2mdist/[22m[2massets/[22m[32mnoto-sans-sc-64-500-normal-d-GSIW15.woff                  [39m[1m[2m   27.73 kB[22m[1m[22m
2026-10-09T16:23:03.6273629Z [2mdist/[22m[2massets/[22m[32mnoto-sans-sc-26-700-normal-8Q5a-yXf.woff2                 [39m[1m[2m   27.73 kB[22m[1m[22m
2026-10-09T16:23:03.6274495Z [2mdist/[22m[2massets/[22m[32mnoto-sans-sc-54-400-normal-B9QLYnEh.woff2                 [39m[1m[2m   27.74 kB[22m[1m[22m
2026-10-09T16:23:03.6275354Z [2mdist/[22m[2massets/[22m[32mnoto-sans-sc-64-400-normal-BdSyTeU5.woff                  [39m[1m[2m   27.77 kB[22m[1m[22m
2026-10-09T16:23:03.6276310Z [2mdist/[22m[2massets/[22m[32mnoto-sans-sc-52-500-normal-C_fGT2yH.woff2                 [39m[1m[2m   27.84 kB[22m[1m[22m
2026-10-09T16:23:03.6277187Z [2mdist/[22m[2massets/[22m[32mnoto-sans-sc-117-400-normal-QPrBdlQO.woff2                [39m[1m[2m   27.86 kB[22m[1m[22m
2026-10-09T16:23:03.6278072Z [2mdist/[22m[2massets/[22m[32mgoogle-sans-latin-400-normal-BHjWeAb1.woff                [39m[1m[2m   27.92 kB[22m[1m[22m
2026-10-09T16:23:03.6278948Z [2mdist/[22m[2massets/[22m[32mnoto-sans-sc-66-400-normal-BELuybXz.woff2                 [39m[1m[2m   27.96 kB[22m[1m[22m
2026-10-09T16:23:03.6279822Z [2mdist/[22m[2massets/[22m[32mnoto-sans-sc-52-700-normal-C8tjb5CW.woff2                 [39m[1m[2m   27.98 kB[22m[1m[22m
2026-10-09T16:23:03.6280690Z [2mdist/[22m[2massets/[22m[32mnoto-sans-sc-39-500-normal-CAOP0xX7.woff2                 [39m[1m[2m   28.02 kB[22m[1m[22m
2026-10-09T16:23:03.6281556Z [2mdist/[22m[2massets/[22m[32mnoto-sans-sc-67-400-normal-BS_2ddPd.woff2                 [39m[1m[2m   28.05 kB[22m[1m[22m
2026-10-09T16:23:03.6282531Z [2mdist/[22m[2massets/[22m[32mnoto-sans-sc-49-400-normal-B43LfYL1.woff2                 [39m[1m[2m   28.08 kB[22m[1m[22m
2026-10-09T16:23:03.6283403Z [2mdist/[22m[2massets/[22m[32mnoto-sans-sc-116-400-normal-B9rv4EzF.woff2                [39m[1m[2m   28.12 kB[22m[1m[22m
2026-10-09T16:23:03.6284288Z [2mdist/[22m[2massets/[22m[32mnoto-sans-sc-32-500-normal-bEbagM5b.woff2                 [39m[1m[2m   28.14 kB[22m[1m[22m
2026-10-09T16:23:03.6285153Z [2mdist/[22m[2massets/[22m[32mnoto-sans-sc-37-400-normal-CjshmOwp.woff2                 [39m[1m[2m   28.16 kB[22m[1m[22m
2026-10-09T16:23:03.6286125Z [2mdist/[22m[2massets/[22m[32mnoto-sans-sc-117-500-normal-ma0iM6M2.woff2                [39m[1m[2m   28.16 kB[22m[1m[22m
2026-10-09T16:23:03.6286990Z [2mdist/[22m[2massets/[22m[32mnoto-sans-sc-54-500-normal-D-1v3FoB.woff2                 [39m[1m[2m   28.18 kB[22m[1m[22m
2026-10-09T16:23:03.6287863Z [2mdist/[22m[2massets/[22m[32mnoto-sans-sc-66-500-normal-BH_NxZif.woff2                 [39m[1m[2m   28.18 kB[22m[1m[22m
2026-10-09T16:23:03.6288726Z [2mdist/[22m[2massets/[22m[32mnoto-sans-sc-39-700-normal-npthtH81.woff2                 [39m[1m[2m   28.24 kB[22m[1m[22m
2026-10-09T16:23:03.6289603Z [2mdist/[22m[2massets/[22m[32mnoto-sans-sc-66-700-normal-BZJjilRc.woff2                 [39m[1m[2m   28.26 kB[22m[1m[22m
2026-10-09T16:23:03.6290476Z [2mdist/[22m[2massets/[22m[32mnoto-sans-sc-51-700-normal-Bb2PveoN.woff                  [39m[1m[2m   28.33 kB[22m[1m[22m
2026-10-09T16:23:03.6291348Z [2mdist/[22m[2massets/[22m[32mnoto-sans-sc-67-500-normal-DWzpSa9_.woff2                 [39m[1m[2m   28.35 kB[22m[1m[22m
2026-10-09T16:23:03.6292340Z [2mdist/[22m[2massets/[22m[32mnoto-sans-sc-116-500-normal-Cn7hj0Qe.woff2                [39m[1m[2m   28.37 kB[22m[1m[22m
2026-10-09T16:23:03.6293221Z [2mdist/[22m[2massets/[22m[32mnoto-sans-sc-117-700-normal-Lia4tG1S.woff2                [39m[1m[2m   28.38 kB[22m[1m[22m
2026-10-09T16:23:03.6294104Z [2mdist/[22m[2massets/[22m[32mnoto-sans-sc-32-700-normal-aXuO7zcD.woff2                 [39m[1m[2m   28.39 kB[22m[1m[22m
2026-10-09T16:23:03.6294990Z [2mdist/[22m[2massets/[22m[32mgoogle-sans-oriya-500-normal-BchOZ3bN.woff2               [39m[1m[2m   28.41 kB[22m[1m[22m
2026-10-09T16:23:03.6295866Z [2mdist/[22m[2massets/[22m[32mnoto-sans-sc-54-700-normal-DOGLmyCV.woff2                 [39m[1m[2m   28.41 kB[22m[1m[22m
2026-10-09T16:23:03.6296827Z [2mdist/[22m[2massets/[22m[32mnoto-sans-sc-49-500-normal-BZeNF2SD.woff2                 [39m[1m[2m   28.43 kB[22m[1m[22m
2026-10-09T16:23:03.6297696Z [2mdist/[22m[2massets/[22m[32mnoto-sans-sc-60-400-normal-DJkFqFe-.woff                  [39m[1m[2m   28.44 kB[22m[1m[22m
2026-10-09T16:23:03.6298564Z [2mdist/[22m[2massets/[22m[32mnoto-sans-sc-60-500-normal-CVwOLIba.woff                  [39m[1m[2m   28.45 kB[22m[1m[22m
2026-10-09T16:23:03.6299434Z [2mdist/[22m[2massets/[22m[32mnoto-sans-sc-79-400-normal-DdgS4gu-.woff                  [39m[1m[2m   28.48 kB[22m[1m[22m
2026-10-09T16:23:03.6300332Z [2mdist/[22m[2massets/[22m[32mnoto-sans-sc-70-400-normal-Bj2ymydL.woff                  [39m[1m[2m   28.50 kB[22m[1m[22m
2026-10-09T16:23:03.6301200Z [2mdist/[22m[2massets/[22m[32mnoto-sans-sc-65-500-normal-CBhf8-YN.woff                  [39m[1m[2m   28.51 kB[22m[1m[22m
2026-10-09T16:23:03.6302064Z [2mdist/[22m[2massets/[22m[32mnoto-sans-sc-51-400-normal-CdQwHzNj.woff                  [39m[1m[2m   28.54 kB[22m[1m[22m
2026-10-09T16:23:03.6302928Z [2mdist/[22m[2massets/[22m[32mnoto-sans-sc-65-400-normal-CZvN3Y2R.woff                  [39m[1m[2m   28.54 kB[22m[1m[22m
2026-10-09T16:23:03.6303781Z [2mdist/[22m[2massets/[22m[32mnoto-sans-sc-65-700-normal-85LtJ570.woff                  [39m[1m[2m   28.54 kB[22m[1m[22m
2026-10-09T16:23:03.6304764Z [2mdist/[22m[2massets/[22m[32mnoto-sans-sc-56-400-normal-B57fiM3p.woff2                 [39m[1m[2m   28.55 kB[22m[1m[22m
2026-10-09T16:23:03.6305637Z [2mdist/[22m[2massets/[22m[32mnoto-sans-sc-116-700-normal-C8Y6fFkh.woff2                [39m[1m[2m   28.56 kB[22m[1m[22m
2026-10-09T16:23:03.6306793Z [2mdist/[22m[2massets/[22m[32mnoto-sans-sc-67-700-normal-CHv8ONeB.woff2                 [39m[1m[2m   28.57 kB[22m[1m[22m
2026-10-09T16:23:03.6307661Z [2mdist/[22m[2massets/[22m[32mnoto-sans-sc-79-500-normal-C0AR2XOO.woff                  [39m[1m[2m   28.57 kB[22m[1m[22m
2026-10-09T16:23:03.6308541Z [2mdist/[22m[2massets/[22m[32mnoto-sans-sc-37-500-normal-B98IgClf.woff2                 [39m[1m[2m   28.58 kB[22m[1m[22m
2026-10-09T16:23:03.6309413Z [2mdist/[22m[2massets/[22m[32mnoto-sans-sc-60-700-normal-Dqu3xJ2c.woff                  [39m[1m[2m   28.60 kB[22m[1m[22m
2026-10-09T16:23:03.6310277Z [2mdist/[22m[2massets/[22m[32mnoto-sans-sc-51-500-normal-DZrtrgZU.woff                  [39m[1m[2m   28.60 kB[22m[1m[22m
2026-10-09T16:23:03.6311141Z [2mdist/[22m[2massets/[22m[32mnoto-sans-sc-79-700-normal-F7_rA_l6.woff                  [39m[1m[2m   28.64 kB[22m[1m[22m
2026-10-09T16:23:03.6312007Z [2mdist/[22m[2massets/[22m[32mnoto-sans-sc-29-400-normal-CTMIENlc.woff2                 [39m[1m[2m   28.68 kB[22m[1m[22m
2026-10-09T16:23:03.6312974Z [2mdist/[22m[2massets/[22m[32mnoto-sans-sc-44-400-normal-wq9JI-iJ.woff2                 [39m[1m[2m   28.75 kB[22m[1m[22m
2026-10-09T16:23:03.6314244Z [2mdist/[22m[2massets/[22m[32mnoto-sans-sc-49-700-normal-BrS2TIwO.woff2                 [39m[1m[2m   28.76 kB[22m[1m[22m
2026-10-09T16:23:03.6315327Z [2mdist/[22m[2massets/[22m[32mnoto-sans-sc-37-700-normal-DW7SpU8K.woff2                 [39m[1m[2m   28.77 kB[22m[1m[22m
2026-10-09T16:23:03.6316662Z [2mdist/[22m[2massets/[22m[32mgoogle-sans-latin-700-normal-CWhHQOrW.woff                [39m[1m[2m   28.93 kB[22m[1m[22m
2026-10-09T16:23:03.6330006Z [2mdist/[22m[2massets/[22m[32mnoto-sans-sc-38-400-normal-D0ErwWLV.woff2                 [39m[1m[2m   28.94 kB[22m[1m[22m
2026-10-09T16:23:03.6331017Z [2mdist/[22m[2massets/[22m[32mnoto-sans-sc-56-500-normal-l5dSnWaL.woff2                 [39m[1m[2m   28.97 kB[22m[1m[22m
2026-10-09T16:23:03.6331887Z [2mdist/[22m[2massets/[22m[32mnoto-sans-sc-70-500-normal-B7ouqNxU.woff                  [39m[1m[2m   28.98 kB[22m[1m[22m
2026-10-09T16:23:03.6332761Z [2mdist/[22m[2massets/[22m[32mnoto-sans-sc-29-500-normal-BTXg8v_Z.woff2                 [39m[1m[2m   29.10 kB[22m[1m[22m
2026-10-09T16:23:03.6333665Z [2mdist/[22m[2massets/[22m[32mgoogle-sans-devanagari-400-normal-DBapmlg3.woff2          [39m[1m[2m   29.11 kB[22m[1m[22m
2026-10-09T16:23:03.6334560Z [2mdist/[22m[2massets/[22m[32mnoto-sans-sc-44-500-normal-DX-NL8hl.woff2                 [39m[1m[2m   29.14 kB[22m[1m[22m
2026-10-09T16:23:03.6335433Z [2mdist/[22m[2massets/[22m[32mnoto-sans-sc-30-400-normal-Dzb6Zn8O.woff2                 [39m[1m[2m   29.16 kB[22m[1m[22m
2026-10-09T16:23:03.6336422Z [2mdist/[22m[2massets/[22m[32mnoto-sans-sc-56-700-normal-4ifjnB0Y.woff2                 [39m[1m[2m   29.18 kB[22m[1m[22m
2026-10-09T16:23:03.6337288Z [2mdist/[22m[2massets/[22m[32mnoto-sans-sc-68-400-normal-CKNCGw77.woff                  [39m[1m[2m   29.20 kB[22m[1m[22m
2026-10-09T16:23:03.6338145Z [2mdist/[22m[2massets/[22m[32mnoto-sans-sc-70-700-normal-5v74k1eI.woff                  [39m[1m[2m   29.26 kB[22m[1m[22m
2026-10-09T16:23:03.6338991Z [2mdist/[22m[2massets/[22m[32mnoto-sans-sc-29-700-normal-D-3W49Od.woff2                 [39m[1m[2m   29.28 kB[22m[1m[22m
2026-10-09T16:23:03.6339847Z [2mdist/[22m[2massets/[22m[32mnoto-sans-sc-68-500-normal-CFuVMgUR.woff                  [39m[1m[2m   29.30 kB[22m[1m[22m
2026-10-09T16:23:03.6340708Z [2mdist/[22m[2massets/[22m[32mnoto-sans-sc-44-700-normal-BFXLL_IX.woff2                 [39m[1m[2m   29.30 kB[22m[1m[22m
2026-10-09T16:23:03.6341724Z [2mdist/[22m[2massets/[22m[32mnoto-sans-sc-68-700-normal-bKTneXJr.woff                  [39m[1m[2m   29.34 kB[22m[1m[22m
2026-10-09T16:23:03.6342599Z [2mdist/[22m[2massets/[22m[32mgoogle-sans-latin-500-normal-5o9yVdts.woff                [39m[1m[2m   29.39 kB[22m[1m[22m
2026-10-09T16:23:03.6343489Z [2mdist/[22m[2massets/[22m[32mgitGraphDiagram-PVQCEYII-dvV7UmLX.js                      [39m[1m[2m   29.39 kB[22m[1m[22m
2026-10-09T16:23:03.6344355Z [2mdist/[22m[2massets/[22m[32mnoto-sans-sc-38-500-normal-DRw4QbjB.woff2                 [39m[1m[2m   29.50 kB[22m[1m[22m
2026-10-09T16:23:03.6345223Z [2mdist/[22m[2massets/[22m[32mnoto-sans-sc-30-500-normal-BvVSvPAW.woff2                 [39m[1m[2m   29.53 kB[22m[1m[22m
2026-10-09T16:23:03.6346191Z [2mdist/[22m[2massets/[22m[32mnoto-sans-sc-69-400-normal-o5cK7hs4.woff2                 [39m[1m[2m   29.56 kB[22m[1m[22m
2026-10-09T16:23:03.6347060Z [2mdist/[22m[2massets/[22m[32mnoto-sans-sc-57-400-normal-0KJcqtwa.woff2                 [39m[1m[2m   29.64 kB[22m[1m[22m
2026-10-09T16:23:03.6347920Z [2mdist/[22m[2massets/[22m[32mnoto-sans-sc-30-700-normal-jFw539n2.woff2                 [39m[1m[2m   29.68 kB[22m[1m[22m
2026-10-09T16:23:03.6348786Z [2mdist/[22m[2massets/[22m[32mnoto-sans-sc-36-500-normal-B2QtfesO.woff                  [39m[1m[2m   29.70 kB[22m[1m[22m
2026-10-09T16:23:03.6349654Z [2mdist/[22m[2massets/[22m[32mnoto-sans-sc-38-700-normal-VDGgCvkV.woff2                 [39m[1m[2m   29.75 kB[22m[1m[22m
2026-10-09T16:23:03.6350630Z [2mdist/[22m[2massets/[22m[32mnoto-sans-sc-47-400-normal-CZbI_HNG.woff2                 [39m[1m[2m   29.78 kB[22m[1m[22m
2026-10-09T16:23:03.6351494Z [2mdist/[22m[2massets/[22m[32mnoto-sans-sc-36-400-normal-DN0g7scF.woff                  [39m[1m[2m   29.79 kB[22m[1m[22m
2026-10-09T16:23:03.6352361Z [2mdist/[22m[2massets/[22m[32mnoto-sans-sc-36-700-normal-BDBHItfZ.woff                  [39m[1m[2m   29.80 kB[22m[1m[22m
2026-10-09T16:23:03.6353212Z [2mdist/[22m[2massets/[22m[32mnoto-sans-sc-53-700-normal-lFiTZDtm.woff                  [39m[1m[2m   29.92 kB[22m[1m[22m
2026-10-09T16:23:03.6354084Z [2mdist/[22m[2massets/[22m[32mnoto-sans-sc-115-400-normal-BQfWDt6M.woff2                [39m[1m[2m   29.97 kB[22m[1m[22m
2026-10-09T16:23:03.6354959Z [2mdist/[22m[2massets/[22m[32mgoogle-sans-gujarati-400-normal-CQ27_ktQ.woff             [39m[1m[2m   30.02 kB[22m[1m[22m
2026-10-09T16:23:03.6355836Z [2mdist/[22m[2massets/[22m[32mnoto-sans-sc-74-400-normal-C40Ur-xi.woff2                 [39m[1m[2m   30.04 kB[22m[1m[22m
2026-10-09T16:23:03.6356844Z [2mdist/[22m[2massets/[22m[32mnoto-sans-sc-57-500-normal-CInU2z8g.woff2                 [39m[1m[2m   30.06 kB[22m[1m[22m
2026-10-09T16:23:03.6357703Z [2mdist/[22m[2massets/[22m[32mnoto-sans-sc-69-500-normal-CyfyID68.woff2                 [39m[1m[2m   30.11 kB[22m[1m[22m
2026-10-09T16:23:03.6358566Z [2mdist/[22m[2massets/[22m[32mnoto-sans-sc-53-400-normal-BGkD8B0l.woff                  [39m[1m[2m   30.12 kB[22m[1m[22m
2026-10-09T16:23:03.6359432Z [2mdist/[22m[2massets/[22m[32mnoto-sans-sc-53-500-normal-h3p8yfgx.woff                  [39m[1m[2m   30.13 kB[22m[1m[22m
2026-10-09T16:23:03.6360295Z [2mdist/[22m[2massets/[22m[32mnoto-sans-sc-83-500-normal-DoN7qDgS.woff                  [39m[1m[2m   30.15 kB[22m[1m[22m
2026-10-09T16:23:03.6361146Z [2mdist/[22m[2massets/[22m[32mnoto-sans-sc-83-400-normal-DFsfcicZ.woff                  [39m[1m[2m   30.18 kB[22m[1m[22m
2026-10-09T16:23:03.6362004Z [2mdist/[22m[2massets/[22m[32mnoto-sans-sc-83-700-normal-pshnBNob.woff                  [39m[1m[2m   30.18 kB[22m[1m[22m
2026-10-09T16:23:03.6362867Z [2mdist/[22m[2massets/[22m[32mnoto-sans-sc-47-500-normal-D7tRwN0h.woff2                 [39m[1m[2m   30.22 kB[22m[1m[22m
2026-10-09T16:23:03.6363886Z [2mdist/[22m[2massets/[22m[32mgoogle-sans-devanagari-700-normal-C5gL9nr7.woff2          [39m[1m[2m   30.32 kB[22m[1m[22m
2026-10-09T16:23:03.6364817Z [2mdist/[22m[2massets/[22m[32mnoto-sans-sc-115-500-normal-BO06SmMa.woff2                [39m[1m[2m   30.33 kB[22m[1m[22m
2026-10-09T16:23:03.6365693Z [2mdist/[22m[2massets/[22m[32mnoto-sans-sc-57-700-normal-BGCjBx-g.woff2                 [39m[1m[2m   30.33 kB[22m[1m[22m
2026-10-09T16:23:03.6366653Z [2mdist/[22m[2massets/[22m[32mnoto-sans-sc-58-400-normal-DHIustpc.woff2                 [39m[1m[2m   30.38 kB[22m[1m[22m
2026-10-09T16:23:03.6367520Z [2mdist/[22m[2massets/[22m[32mnoto-sans-sc-47-700-normal-BF63qZLo.woff2                 [39m[1m[2m   30.38 kB[22m[1m[22m
2026-10-09T16:23:03.6368400Z [2mdist/[22m[2massets/[22m[32mnoto-sans-sc-69-700-normal-B6LPcA-t.woff2                 [39m[1m[2m   30.44 kB[22m[1m[22m
2026-10-09T16:23:03.6369280Z [2mdist/[22m[2massets/[22m[32mnoto-sans-sc-112-400-normal-F9zvXQVU.woff2                [39m[1m[2m   30.47 kB[22m[1m[22m
2026-10-09T16:23:03.6370153Z [2mdist/[22m[2massets/[22m[32mnoto-sans-sc-115-700-normal-_I8wVcfS.woff2                [39m[1m[2m   30.48 kB[22m[1m[22m
2026-10-09T16:23:03.6371032Z [2mdist/[22m[2massets/[22m[32mnoto-sans-sc-23-400-normal-D0XQUkMM.woff2                 [39m[1m[2m   30.52 kB[22m[1m[22m
2026-10-09T16:23:03.6371889Z [2mdist/[22m[2massets/[22m[32mnoto-sans-sc-74-500-normal-DkeJ_Z7u.woff2                 [39m[1m[2m   30.54 kB[22m[1m[22m
2026-10-09T16:23:03.6372752Z [2mdist/[22m[2massets/[22m[32mnoto-sans-sc-61-400-normal-Yc1oyJEY.woff                  [39m[1m[2m   30.57 kB[22m[1m[22m
2026-10-09T16:23:03.6373726Z [2mdist/[22m[2massets/[22m[32mnoto-sans-sc-61-700-normal-D_ogklBc.woff                  [39m[1m[2m   30.61 kB[22m[1m[22m
2026-10-09T16:23:03.6374588Z [2mdist/[22m[2massets/[22m[32mnoto-sans-sc-42-400-normal-B14lEgGt.woff                  [39m[1m[2m   30.69 kB[22m[1m[22m
2026-10-09T16:23:03.6375456Z [2mdist/[22m[2massets/[22m[32mnoto-sans-sc-114-400-normal-CZUMxNv_.woff2                [39m[1m[2m   30.71 kB[22m[1m[22m
2026-10-09T16:23:03.6376419Z [2mdist/[22m[2massets/[22m[32mnoto-sans-sc-61-500-normal-Bl8oSe0h.woff                  [39m[1m[2m   30.72 kB[22m[1m[22m
2026-10-09T16:23:03.6377270Z [2mdist/[22m[2massets/[22m[32mnoto-sans-sc-82-400-normal-DQBY4i_c.woff                  [39m[1m[2m   30.79 kB[22m[1m[22m
2026-10-09T16:23:03.6378134Z [2mdist/[22m[2massets/[22m[32mtimeline-definition-PNZ67QCA-CUioRdLB.js                  [39m[1m[2m   30.80 kB[22m[1m[22m
2026-10-09T16:23:03.6379005Z [2mdist/[22m[2massets/[22m[32mnoto-sans-sc-42-500-normal-Ae6Z2TU4.woff                  [39m[1m[2m   30.80 kB[22m[1m[22m
2026-10-09T16:23:03.6379873Z [2mdist/[22m[2massets/[22m[32mnoto-sans-sc-112-500-normal-p2Brug1G.woff2                [39m[1m[2m   30.82 kB[22m[1m[22m
2026-10-09T16:23:03.6380755Z [2mdist/[22m[2massets/[22m[32mnoto-sans-sc-74-700-normal-iLR6bNzA.woff2                 [39m[1m[2m   30.84 kB[22m[1m[22m
2026-10-09T16:23:03.6381621Z [2mdist/[22m[2massets/[22m[32mnoto-sans-sc-82-500-normal-COwBshwl.woff                  [39m[1m[2m   30.84 kB[22m[1m[22m
2026-10-09T16:23:03.6382482Z [2mdist/[22m[2massets/[22m[32mnoto-sans-sc-58-500-normal-DUnNpYKw.woff2                 [39m[1m[2m   30.97 kB[22m[1m[22m
2026-10-09T16:23:03.6383346Z [2mdist/[22m[2massets/[22m[32mrequirementDiagram-4Y6WPE33-BlHZ6fy-.js                   [39m[1m[2m   30.97 kB[22m[1m[22m
2026-10-09T16:23:03.6384221Z [2mdist/[22m[2massets/[22m[32mnoto-sans-sc-113-400-normal-DZoqVzDv.woff2                [39m[1m[2m   31.00 kB[22m[1m[22m
2026-10-09T16:23:03.6385089Z [2mdist/[22m[2massets/[22m[32mnoto-sans-sc-101-400-normal-DYFU5ahq.woff2                [39m[1m[2m   31.03 kB[22m[1m[22m
2026-10-09T16:23:03.6386233Z [2mdist/[22m[2massets/[22m[32mnoto-sans-sc-112-700-normal-MSnZyhNJ.woff2                [39m[1m[2m   31.04 kB[22m[1m[22m
2026-10-09T16:23:03.6387128Z [2mdist/[22m[2massets/[22m[32mgoogle-sans-devanagari-500-normal-Bvt9c185.woff2          [39m[1m[2m   31.04 kB[22m[1m[22m
2026-10-09T16:23:03.6388019Z [2mdist/[22m[2massets/[22m[32mnoto-sans-sc-82-700-normal-BFS1wMi0.woff                  [39m[1m[2m   31.06 kB[22m[1m[22m
2026-10-09T16:23:03.6388873Z [2mdist/[22m[2massets/[22m[32mnoto-sans-sc-72-400-normal-Cov3RN_O.woff                  [39m[1m[2m   31.08 kB[22m[1m[22m
2026-10-09T16:23:03.6389731Z [2mdist/[22m[2massets/[22m[32mnoto-sans-sc-114-500-normal-Dz3EZ57H.woff2                [39m[1m[2m   31.10 kB[22m[1m[22m
2026-10-09T16:23:03.6390603Z [2mdist/[22m[2massets/[22m[32mnoto-sans-sc-23-500-normal-BvADtLGk.woff2                 [39m[1m[2m   31.14 kB[22m[1m[22m
2026-10-09T16:23:03.6391469Z [2mdist/[22m[2massets/[22m[32mnoto-sans-sc-62-400-normal-ytbDME29.woff2                 [39m[1m[2m   31.15 kB[22m[1m[22m
2026-10-09T16:23:03.6392337Z [2mdist/[22m[2massets/[22m[32mnoto-sans-sc-25-400-normal-CD3JKveN.woff2                 [39m[1m[2m   31.22 kB[22m[1m[22m
2026-10-09T16:23:03.6393210Z [2mdist/[22m[2massets/[22m[32mnoto-sans-sc-114-700-normal-CjhZr28b.woff2                [39m[1m[2m   31.22 kB[22m[1m[22m
2026-10-09T16:23:03.6394076Z [2mdist/[22m[2massets/[22m[32mnoto-sans-sc-23-700-normal-Dk_rc58K.woff2                 [39m[1m[2m   31.22 kB[22m[1m[22m
2026-10-09T16:23:03.6394925Z [2mdist/[22m[2massets/[22m[32mnoto-sans-sc-42-700-normal-B4TaGZWm.woff                  [39m[1m[2m   31.22 kB[22m[1m[22m
2026-10-09T16:23:03.6395887Z [2mdist/[22m[2massets/[22m[32mnoto-sans-sc-72-500-normal-DA8vyDo_.woff                  [39m[1m[2m   31.24 kB[22m[1m[22m
2026-10-09T16:23:03.6396847Z [2mdist/[22m[2massets/[22m[32mgoogle-sans-gujarati-500-normal-BcjfxTGG.woff             [39m[1m[2m   31.24 kB[22m[1m[22m
2026-10-09T16:23:03.6397751Z [2mdist/[22m[2massets/[22m[32mgoogle-sans-gujarati-700-normal-DsyCo5Nk.woff             [39m[1m[2m   31.32 kB[22m[1m[22m
2026-10-09T16:23:03.6398631Z [2mdist/[22m[2massets/[22m[32mnoto-sans-sc-58-700-normal-UyEQ1UZ0.woff2                 [39m[1m[2m   31.34 kB[22m[1m[22m
2026-10-09T16:23:03.6399511Z [2mdist/[22m[2massets/[22m[32mnoto-sans-sc-101-500-normal-CjWROJGG.woff2                [39m[1m[2m   31.35 kB[22m[1m[22m
2026-10-09T16:23:03.6400434Z [2mdist/[22m[2massets/[22m[32mnoto-sans-sc-25-500-normal-DKB1lxHE.woff2                 [39m[1m[2m   31.39 kB[22m[1m[22m
2026-10-09T16:23:03.6401302Z [2mdist/[22m[2massets/[22m[32mnoto-sans-sc-113-500-normal-C8tnUFPA.woff2                [39m[1m[2m   31.43 kB[22m[1m[22m
2026-10-09T16:23:03.6402155Z [2mdist/[22m[2massets/[22m[32mnoto-sans-sc-113-700-normal-O1EkYODd.woff2                [39m[1m[2m   31.60 kB[22m[1m[22m
2026-10-09T16:23:03.6403018Z [2mdist/[22m[2massets/[22m[32mnoto-sans-sc-72-700-normal-Se3HnBik.woff                  [39m[1m[2m   31.61 kB[22m[1m[22m
2026-10-09T16:23:03.6403880Z [2mdist/[22m[2massets/[22m[32mnoto-sans-sc-62-500-normal-U8mQETkr.woff2                 [39m[1m[2m   31.62 kB[22m[1m[22m
2026-10-09T16:23:03.6404742Z [2mdist/[22m[2massets/[22m[32mnoto-sans-sc-101-700-normal-dFJVjo-b.woff2                [39m[1m[2m   31.66 kB[22m[1m[22m
2026-10-09T16:23:03.6405612Z [2mdist/[22m[2massets/[22m[32mnoto-sans-sc-62-700-normal-Cj6Ks4qP.woff2                 [39m[1m[2m   31.75 kB[22m[1m[22m
2026-10-09T16:23:03.6406565Z [2mdist/[22m[2massets/[22m[32mnoto-sans-sc-118-500-normal-DlcvZ0X5.woff                 [39m[1m[2m   31.90 kB[22m[1m[22m
2026-10-09T16:23:03.6407428Z [2mdist/[22m[2massets/[22m[32mnoto-sans-sc-40-500-normal-D6ByDKp7.woff                  [39m[1m[2m   31.91 kB[22m[1m[22m
2026-10-09T16:23:03.6408290Z [2mdist/[22m[2massets/[22m[32mnoto-sans-sc-25-700-normal-CxodwKtU.woff2                 [39m[1m[2m   31.94 kB[22m[1m[22m
2026-10-09T16:23:03.6409266Z [2mdist/[22m[2massets/[22m[32mnoto-sans-sc-40-400-normal-BD7DpqBx.woff                  [39m[1m[2m   31.97 kB[22m[1m[22m
2026-10-09T16:23:03.6410120Z [2mdist/[22m[2massets/[22m[32mnoto-sans-sc-40-700-normal-BQIG0I0N.woff                  [39m[1m[2m   31.97 kB[22m[1m[22m
2026-10-09T16:23:03.6410973Z [2mdist/[22m[2massets/[22m[32mnoto-sans-sc-81-400-normal-DYBc8XmL.woff                  [39m[1m[2m   31.99 kB[22m[1m[22m
2026-10-09T16:23:03.6411838Z [2mdist/[22m[2massets/[22m[32mnoto-sans-sc-118-700-normal-COXdnVqo.woff                 [39m[1m[2m   32.03 kB[22m[1m[22m
2026-10-09T16:23:03.6412699Z [2mdist/[22m[2massets/[22m[32mnoto-sans-sc-81-500-normal-DsxxgBny.woff                  [39m[1m[2m   32.04 kB[22m[1m[22m
2026-10-09T16:23:03.6413561Z [2mdist/[22m[2massets/[22m[32mnoto-sans-sc-118-400-normal-DVWlknTu.woff                 [39m[1m[2m   32.05 kB[22m[1m[22m
2026-10-09T16:23:03.6414432Z [2mdist/[22m[2massets/[22m[32mnoto-sans-sc-109-400-normal-ZEHPyOzB.woff2                [39m[1m[2m   32.06 kB[22m[1m[22m
2026-10-09T16:23:03.6415322Z [2mdist/[22m[2massets/[22m[32mgoogle-sans-malayalam-400-normal-BYpAYTtw.woff            [39m[1m[2m   32.07 kB[22m[1m[22m
2026-10-09T16:23:03.6416307Z [2mdist/[22m[2massets/[22m[32mnoto-sans-sc-102-400-normal-lPQNp5DG.woff2                [39m[1m[2m   32.10 kB[22m[1m[22m
2026-10-09T16:23:03.6417170Z [2mdist/[22m[2massets/[22m[32mnoto-sans-sc-81-700-normal-SM4qH-Z4.woff                  [39m[1m[2m   32.12 kB[22m[1m[22m
2026-10-09T16:23:03.6418017Z [2mdist/[22m[2massets/[22m[32mnoto-sans-sc-43-400-normal-CZXCb8ks.woff                  [39m[1m[2m   32.15 kB[22m[1m[22m
2026-10-09T16:23:03.6418983Z [2mdist/[22m[2massets/[22m[32mnoto-sans-sc-50-700-normal-DyLN9dHx.woff                  [39m[1m[2m   32.15 kB[22m[1m[22m
2026-10-09T16:23:03.6419833Z [2mdist/[22m[2massets/[22m[32mnoto-sans-sc-50-500-normal-WYEo6LaY.woff                  [39m[1m[2m   32.18 kB[22m[1m[22m
2026-10-09T16:23:03.6420698Z [2mdist/[22m[2massets/[22m[32mnoto-sans-sc-46-400-normal-DxQ4Lw-z.woff2                 [39m[1m[2m   32.19 kB[22m[1m[22m
2026-10-09T16:23:03.6421554Z [2mdist/[22m[2massets/[22m[32mnoto-sans-sc-43-500-normal-Y0JMOtXV.woff                  [39m[1m[2m   32.22 kB[22m[1m[22m
2026-10-09T16:23:03.6422404Z [2mdist/[22m[2massets/[22m[32mnoto-sans-sc-71-700-normal-DtgGMiFk.woff                  [39m[1m[2m   32.25 kB[22m[1m[22m
2026-10-09T16:23:03.6423255Z [2mdist/[22m[2massets/[22m[32mnoto-sans-sc-50-400-normal-CqgE5jGq.woff                  [39m[1m[2m   32.28 kB[22m[1m[22m
2026-10-09T16:23:03.6424119Z [2mdist/[22m[2massets/[22m[32mnoto-sans-sc-71-500-normal-bJyEzs_P.woff                  [39m[1m[2m   32.36 kB[22m[1m[22m
2026-10-09T16:23:03.6424983Z [2mdist/[22m[2massets/[22m[32mnoto-sans-sc-109-500-normal-CMa8AMM8.woff2                [39m[1m[2m   32.37 kB[22m[1m[22m
2026-10-09T16:23:03.6425858Z [2mdist/[22m[2massets/[22m[32mnoto-sans-sc-43-700-normal-Cpivpj9z.woff                  [39m[1m[2m   32.37 kB[22m[1m[22m
2026-10-09T16:23:03.6426820Z [2mdist/[22m[2massets/[22m[32mnoto-sans-sc-107-400-normal-DUS2YNa3.woff2                [39m[1m[2m   32.38 kB[22m[1m[22m
2026-10-09T16:23:03.6427699Z [2mdist/[22m[2massets/[22m[32mnoto-sans-sc-109-700-normal-DVabExlB.woff2                [39m[1m[2m   32.44 kB[22m[1m[22m
2026-10-09T16:23:03.6428569Z [2mdist/[22m[2massets/[22m[32mnoto-sans-sc-102-500-normal-BuRimFGI.woff2                [39m[1m[2m   32.47 kB[22m[1m[22m
2026-10-09T16:23:03.6429435Z [2mdist/[22m[2massets/[22m[32mnoto-sans-sc-71-400-normal-CiT500S9.woff                  [39m[1m[2m   32.52 kB[22m[1m[22m
2026-10-09T16:23:03.6430298Z [2mdist/[22m[2massets/[22m[32mnoto-sans-sc-104-400-normal-DbzfdvQ5.woff2                [39m[1m[2m   32.55 kB[22m[1m[22m
2026-10-09T16:23:03.6431265Z [2mdist/[22m[2massets/[22m[32mnoto-sans-sc-59-400-normal-BiAYxQsU.woff                  [39m[1m[2m   32.58 kB[22m[1m[22m
2026-10-09T16:23:03.6432120Z [2mdist/[22m[2massets/[22m[32mnoto-sans-sc-27-400-normal-D3MarmBt.woff                  [39m[1m[2m   32.59 kB[22m[1m[22m
2026-10-09T16:23:03.6432991Z [2mdist/[22m[2massets/[22m[32mnoto-sans-sc-110-400-normal-D1IYcvpb.woff2                [39m[1m[2m   32.68 kB[22m[1m[22m
2026-10-09T16:23:03.6433891Z [2mdist/[22m[2massets/[22m[32mnoto-sans-sc-102-700-normal-DCdJNbqs.woff2                [39m[1m[2m   32.73 kB[22m[1m[22m
2026-10-09T16:23:03.6977521Z [2mdist/[22m[2massets/[22m[32mnoto-sans-sc-105-400-normal-BiKizsW3.woff2                [39m[1m[2m   32.76 kB[22m[1m[22m
2026-10-09T16:23:03.7027210Z [2mdist/[22m[2massets/[22m[32mnoto-sans-sc-34-400-normal-BN6nGe8Q.woff                  [39m[1m[2m   32.78 kB[22m[1m[22m
2026-10-09T16:23:03.7028130Z [2mdist/[22m[2massets/[22m[32mnoto-sans-sc-107-500-normal-SPtoRxRh.woff2                [39m[1m[2m   32.79 kB[22m[1m[22m
2026-10-09T16:23:03.7067056Z [2mdist/[22m[2massets/[22m[32mnoto-sans-sc-59-500-normal-D5y4TkRi.woff                  [39m[1m[2m   32.81 kB[22m[1m[22m
2026-10-09T16:23:03.7086884Z [2mdist/[22m[2massets/[22m[32mnoto-sans-sc-59-700-normal-D7fMlYJc.woff                  [39m[1m[2m   32.84 kB[22m[1m[22m
2026-10-09T16:23:03.7096733Z [2mdist/[22m[2massets/[22m[32mnoto-sans-sc-27-500-normal-CuKXBDWb.woff                  [39m[1m[2m   32.91 kB[22m[1m[22m
2026-10-09T16:23:03.7126714Z [2mdist/[22m[2massets/[22m[32mnoto-sans-sc-34-500-normal-CQXas5iD.woff                  [39m[1m[2m   32.94 kB[22m[1m[22m
2026-10-09T16:23:03.7147143Z [2mdist/[22m[2massets/[22m[32mnoto-sans-sc-104-500-normal-jDvxI4uY.woff2                [39m[1m[2m   32.95 kB[22m[1m[22m
2026-10-09T16:23:03.7177305Z [2mdist/[22m[2massets/[22m[32mnoto-sans-sc-107-700-normal-CyOtrcxZ.woff2                [39m[1m[2m   32.96 kB[22m[1m[22m
2026-10-09T16:23:03.7186782Z [2mdist/[22m[2massets/[22m[32mnoto-sans-sc-33-500-normal-Cn8IAQqY.woff                  [39m[1m[2m   32.98 kB[22m[1m[22m
2026-10-09T16:23:03.7216708Z [2mdist/[22m[2massets/[22m[32mnoto-sans-sc-27-700-normal-DwPFfL1c.woff                  [39m[1m[2m   32.99 kB[22m[1m[22m
2026-10-09T16:23:03.7236649Z [2mdist/[22m[2massets/[22m[32mnoto-sans-sc-110-500-normal-jlYZJC5i.woff2                [39m[1m[2m   33.04 kB[22m[1m[22m
2026-10-09T16:23:03.7246756Z [2mdist/[22m[2massets/[22m[32mnoto-sans-sc-33-400-normal-Cd3lI6aO.woff                  [39m[1m[2m   33.04 kB[22m[1m[22m
2026-10-09T16:23:03.7276688Z [2mdist/[22m[2massets/[22m[32mnoto-sans-sc-33-700-normal-CN_dZpJB.woff                  [39m[1m[2m   33.10 kB[22m[1m[22m
2026-10-09T16:23:03.7306720Z [2mdist/[22m[2massets/[22m[32mnoto-sans-sc-34-700-normal-0NLh1H93.woff                  [39m[1m[2m   33.13 kB[22m[1m[22m
2026-10-09T16:23:03.7326654Z [2mdist/[22m[2massets/[22m[32mnoto-sans-sc-28-400-normal-bDrt87Cu.woff                  [39m[1m[2m   33.15 kB[22m[1m[22m
2026-10-09T16:23:03.7336759Z [2mdist/[22m[2massets/[22m[32mnoto-sans-sc-105-500-normal-DXW7JQ-g.woff2                [39m[1m[2m   33.16 kB[22m[1m[22m
2026-10-09T16:23:03.7366692Z [2mdist/[22m[2massets/[22m[32mnoto-sans-sc-111-400-normal-C5Xi9UGz.woff2                [39m[1m[2m   33.16 kB[22m[1m[22m
2026-10-09T16:23:03.7386661Z [2mdist/[22m[2massets/[22m[32mnoto-sans-sc-104-700-normal-AWqZgZB9.woff2                [39m[1m[2m   33.17 kB[22m[1m[22m
2026-10-09T16:23:03.7396754Z [2mdist/[22m[2massets/[22m[32mnoto-sans-sc-106-400-normal-DDMMORp2.woff2                [39m[1m[2m   33.21 kB[22m[1m[22m
2026-10-09T16:23:03.7426730Z [2mdist/[22m[2massets/[22m[32mnoto-sans-sc-46-500-normal-B_dRUXQz.woff2                 [39m[1m[2m   33.21 kB[22m[1m[22m
2026-10-09T16:23:03.7456700Z [2mdist/[22m[2massets/[22m[32mnoto-sans-sc-24-400-normal-mI4tDgE1.woff2                 [39m[1m[2m   33.33 kB[22m[1m[22m
2026-10-09T16:23:03.7476663Z [2mdist/[22m[2massets/[22m[32mnoto-sans-sc-110-700-normal-CDDEOvGI.woff2                [39m[1m[2m   33.34 kB[22m[1m[22m
2026-10-09T16:23:03.7486760Z [2mdist/[22m[2massets/[22m[32mnoto-sans-sc-31-500-normal-DQa8xzJN.woff                  [39m[1m[2m   33.36 kB[22m[1m[22m
2026-10-09T16:23:03.7516661Z [2mdist/[22m[2massets/[22m[32mgoogle-sans-oriya-400-normal-DjvxXhr-.woff                [39m[1m[2m   33.38 kB[22m[1m[22m
2026-10-09T16:23:03.7546694Z [2mdist/[22m[2massets/[22m[32mnoto-sans-sc-35-700-normal-Bb9NfDni.woff                  [39m[1m[2m   33.39 kB[22m[1m[22m
2026-10-09T16:23:03.7566680Z [2mdist/[22m[2massets/[22m[32mnoto-sans-sc-35-400-normal-BFozhrPD.woff                  [39m[1m[2m   33.43 kB[22m[1m[22m
2026-10-09T16:23:03.7576763Z [2mdist/[22m[2massets/[22m[32mnoto-sans-sc-105-700-normal-Dt9qhYJX.woff2                [39m[1m[2m   33.44 kB[22m[1m[22m
2026-10-09T16:23:03.7656837Z [2mdist/[22m[2massets/[22m[32mnoto-sans-sc-63-400-normal-43E68TXB.woff                  [39m[1m[2m   33.45 kB[22m[1m[22m
2026-10-09T16:23:03.7657843Z [2mdist/[22m[2massets/[22m[32mnoto-sans-sc-35-500-normal-CdekmrfQ.woff                  [39m[1m[2m   33.46 kB[22m[1m[22m
2026-10-09T16:23:03.7666651Z [2mdist/[22m[2massets/[22m[32mnoto-sans-sc-63-700-normal-7xP0xCX4.woff                  [39m[1m[2m   33.46 kB[22m[1m[22m
2026-10-09T16:23:03.7697100Z [2mdist/[22m[2massets/[22m[32mnoto-sans-sc-31-400-normal-BPTii1ve.woff                  [39m[1m[2m   33.46 kB[22m[1m[22m
2026-10-09T16:23:03.7726660Z [2mdist/[22m[2massets/[22m[32mnoto-sans-sc-76-700-normal-BHFT2F_X.woff                  [39m[1m[2m   33.46 kB[22m[1m[22m
2026-10-09T16:23:03.7747184Z [2mdist/[22m[2massets/[22m[32mnoto-sans-sc-78-400-normal-Ci_1_oIA.woff                  [39m[1m[2m   33.48 kB[22m[1m[22m
2026-10-09T16:23:03.7756657Z [2mdist/[22m[2massets/[22m[32mnoto-sans-sc-28-500-normal-BL3cgMas.woff                  [39m[1m[2m   33.48 kB[22m[1m[22m
2026-10-09T16:23:03.7786651Z [2mdist/[22m[2massets/[22m[32mnoto-sans-sc-111-500-normal-BSdshYmW.woff2                [39m[1m[2m   33.50 kB[22m[1m[22m
2026-10-09T16:23:03.7806720Z [2mdist/[22m[2massets/[22m[32mnoto-sans-sc-28-700-normal-BW8zAaFQ.woff                  [39m[1m[2m   33.51 kB[22m[1m[22m
2026-10-09T16:23:03.7816638Z [2mdist/[22m[2massets/[22m[32mnoto-sans-sc-55-700-normal-Byi6FQ83.woff                  [39m[1m[2m   33.54 kB[22m[1m[22m
2026-10-09T16:23:03.7846626Z [2mdist/[22m[2massets/[22m[32mnoto-sans-sc-76-500-normal-DMdFaTOn.woff                  [39m[1m[2m   33.55 kB[22m[1m[22m
2026-10-09T16:23:03.7876655Z [2mdist/[22m[2massets/[22m[32mnoto-sans-sc-63-500-normal-CW4hpvUm.woff                  [39m[1m[2m   33.56 kB[22m[1m[22m
2026-10-09T16:23:03.7906652Z [2mdist/[22m[2massets/[22m[32mnoto-sans-sc-106-500-normal-9h6-MSep.woff2                [39m[1m[2m   33.59 kB[22m[1m[22m
2026-10-09T16:23:03.7936640Z [2mdist/[22m[2massets/[22m[32mnoto-sans-sc-78-500-normal-BYy6elmt.woff                  [39m[1m[2m   33.60 kB[22m[1m[22m
2026-10-09T16:23:03.7966628Z [2mdist/[22m[2massets/[22m[32mnoto-sans-sc-55-500-normal-C9_jB6rN.woff                  [39m[1m[2m   33.66 kB[22m[1m[22m
2026-10-09T16:23:03.7996630Z [2mdist/[22m[2massets/[22m[32mnoto-sans-sc-76-400-normal-DuR1bff8.woff                  [39m[1m[2m   33.66 kB[22m[1m[22m
2026-10-09T16:23:03.8026622Z [2mdist/[22m[2massets/[22m[32mnoto-sans-sc-75-700-normal-BBiahKWM.woff                  [39m[1m[2m   33.71 kB[22m[1m[22m
2026-10-09T16:23:03.8056640Z [2mdist/[22m[2massets/[22m[32mnoto-sans-sc-75-400-normal-jdP8Zj87.woff                  [39m[1m[2m   33.72 kB[22m[1m[22m
2026-10-09T16:23:03.8086640Z [2mdist/[22m[2massets/[22m[32mnoto-sans-sc-24-500-normal-DMJ84PR8.woff2                 [39m[1m[2m   33.74 kB[22m[1m[22m
2026-10-09T16:23:03.8116662Z [2mdist/[22m[2massets/[22m[32mnoto-sans-sc-75-500-normal-CWbgoMjz.woff                  [39m[1m[2m   33.75 kB[22m[1m[22m
2026-10-09T16:23:03.8146653Z [2mdist/[22m[2massets/[22m[32mnoto-sans-sc-46-700-normal-BpaAdfvn.woff2                 [39m[1m[2m   33.76 kB[22m[1m[22m
2026-10-09T16:23:03.8168200Z [2mdist/[22m[2massets/[22m[32mnoto-sans-sc-111-700-normal-CCRAUGWF.woff2                [39m[1m[2m   33.77 kB[22m[1m[22m
2026-10-09T16:23:03.8206667Z [2mdist/[22m[2massets/[22m[32mgoogle-sans-malayalam-700-normal-DGis3zf-.woff            [39m[1m[2m   33.78 kB[22m[1m[22m
2026-10-09T16:23:03.8228655Z [2mdist/[22m[2massets/[22m[32mnoto-sans-sc-55-400-normal-BF6C8o6G.woff                  [39m[1m[2m   33.80 kB[22m[1m[22m
2026-10-09T16:23:03.8266679Z [2mdist/[22m[2massets/[22m[32mnoto-sans-sc-78-700-normal-BZruX3t9.woff                  [39m[1m[2m   33.84 kB[22m[1m[22m
2026-10-09T16:23:03.8286724Z [2mdist/[22m[2massets/[22m[32mnoto-sans-sc-103-400-normal-DrxRoDmn.woff2                [39m[1m[2m   33.84 kB[22m[1m[22m
2026-10-09T16:23:03.8326644Z [2mdist/[22m[2massets/[22m[32mnoto-sans-sc-106-700-normal-B8W_9tdk.woff2                [39m[1m[2m   33.86 kB[22m[1m[22m
2026-10-09T16:23:03.8356629Z [2mdist/[22m[2massets/[22m[32mnoto-sans-sc-31-700-normal-Bq6hde4y.woff                  [39m[1m[2m   33.87 kB[22m[1m[22m
2026-10-09T16:23:03.8386658Z [2mdist/[22m[2massets/[22m[32mgoogle-sans-malayalam-500-normal-CzZaiO1R.woff            [39m[1m[2m   33.93 kB[22m[1m[22m
2026-10-09T16:23:03.8416626Z [2mdist/[22m[2massets/[22m[32mquadrantDiagram-W4KKPZXB-BufNoKWJ.js                      [39m[1m[2m   33.99 kB[22m[1m[22m
2026-10-09T16:23:03.8447194Z [2mdist/[22m[2massets/[22m[32mnoto-sans-sc-24-700-normal-BGBBEWUn.woff2                 [39m[1m[2m   34.13 kB[22m[1m[22m
2026-10-09T16:23:03.8476642Z [2mdist/[22m[2massets/[22m[32mnoto-sans-sc-108-400-normal-D80tGT87.woff2                [39m[1m[2m   34.14 kB[22m[1m[22m
2026-10-09T16:23:03.8499076Z [2mdist/[22m[2massets/[22m[32mnoto-sans-sc-100-400-normal-CX-7pUk_.woff2                [39m[1m[2m   34.27 kB[22m[1m[22m
2026-10-09T16:23:03.8536668Z [2mdist/[22m[2massets/[22m[32mnoto-sans-sc-32-400-normal-Da_7IxW3.woff                  [39m[1m[2m   34.28 kB[22m[1m[22m
2026-10-09T16:23:03.8566666Z [2mdist/[22m[2massets/[22m[32mnoto-sans-sc-103-500-normal-BvWkBJSJ.woff2                [39m[1m[2m   34.29 kB[22m[1m[22m
2026-10-09T16:23:03.8586649Z [2mdist/[22m[2massets/[22m[32mgoogle-sans-khmer-400-normal-9NzNQbF3.woff2               [39m[1m[2m   34.31 kB[22m[1m[22m
2026-10-09T16:23:03.8616673Z [2mdist/[22m[2massets/[22m[32mnoto-sans-sc-32-500-normal-B17XySA0.woff                  [39m[1m[2m   34.40 kB[22m[1m[22m
2026-10-09T16:23:03.8646642Z [2mdist/[22m[2massets/[22m[32mnoto-sans-sc-103-700-normal-NwkDGJ-F.woff2                [39m[1m[2m   34.44 kB[22m[1m[22m
2026-10-09T16:23:03.8676669Z [2mdist/[22m[2massets/[22m[32mnoto-sans-sc-108-500-normal-clZ-BISV.woff2                [39m[1m[2m   34.53 kB[22m[1m[22m
2026-10-09T16:23:03.8706627Z [2mdist/[22m[2massets/[22m[32mnoto-sans-sc-22-400-normal-yOvQSDF6.woff2                 [39m[1m[2m   34.55 kB[22m[1m[22m
2026-10-09T16:23:03.8736614Z [2mdist/[22m[2massets/[22m[32mnoto-sans-sc-100-500-normal-LjZqvEsR.woff2                [39m[1m[2m   34.66 kB[22m[1m[22m
2026-10-09T16:23:03.8766633Z [2mdist/[22m[2massets/[22m[32mgoogle-sans-khmer-700-normal-CFZMjCD2.woff2               [39m[1m[2m   34.74 kB[22m[1m[22m
2026-10-09T16:23:03.8796641Z [2mdist/[22m[2massets/[22m[32mnoto-sans-sc-108-700-normal-O3gF6YEN.woff2                [39m[1m[2m   34.75 kB[22m[1m[22m
2026-10-09T16:23:03.8826661Z [2mdist/[22m[2massets/[22m[32mgoogle-sans-telugu-400-normal-1u60It7x.woff2              [39m[1m[2m   34.89 kB[22m[1m[22m
2026-10-09T16:23:03.8856668Z [2mdist/[22m[2massets/[22m[32mnoto-sans-sc-32-700-normal-DW2B16wz.woff                  [39m[1m[2m   34.90 kB[22m[1m[22m
2026-10-09T16:23:03.8880716Z [2mdist/[22m[2massets/[22m[32mnoto-sans-sc-22-500-normal-Duo_NxTl.woff2                 [39m[1m[2m   34.95 kB[22m[1m[22m
2026-10-09T16:23:03.8926760Z [2mdist/[22m[2massets/[22m[32mnoto-sans-sc-100-700-normal-skvlEtXa.woff2                [39m[1m[2m   34.98 kB[22m[1m[22m
2026-10-09T16:23:03.8956682Z [2mdist/[22m[2massets/[22m[32mnoto-sans-sc-54-500-normal-CbAgDkiC.woff                  [39m[1m[2m   34.98 kB[22m[1m[22m
2026-10-09T16:23:03.8986680Z [2mdist/[22m[2massets/[22m[32mnoto-sans-sc-54-400-normal-Uc93Hfze.woff                  [39m[1m[2m   35.02 kB[22m[1m[22m
2026-10-09T16:23:03.8996728Z [2mdist/[22m[2massets/[22m[32mnoto-sans-sc-39-500-normal-b7DPO8je.woff                  [39m[1m[2m   35.05 kB[22m[1m[22m
2026-10-09T16:23:03.8997632Z [2mdist/[22m[2massets/[22m[32mnoto-sans-sc-48-400-normal-C9-20xHo.woff                  [39m[1m[2m   35.07 kB[22m[1m[22m
2026-10-09T16:23:03.8998511Z [2mdist/[22m[2massets/[22m[32mnoto-sans-sc-39-700-normal-CTLLIGhO.woff                  [39m[1m[2m   35.09 kB[22m[1m[22m
2026-10-09T16:23:03.8999380Z [2mdist/[22m[2massets/[22m[32mnoto-sans-sc-26-400-normal-CW5LtD6m.woff                  [39m[1m[2m   35.16 kB[22m[1m[22m
2026-10-09T16:23:03.9000250Z [2mdist/[22m[2massets/[22m[32mnoto-sans-sc-39-400-normal-C6Ht4xV2.woff                  [39m[1m[2m   35.16 kB[22m[1m[22m
2026-10-09T16:23:03.9001099Z [2mdist/[22m[2massets/[22m[32mnoto-sans-sc-48-700-normal-Bb1Qvgnq.woff                  [39m[1m[2m   35.16 kB[22m[1m[22m
2026-10-09T16:23:03.9001947Z [2mdist/[22m[2massets/[22m[32mnoto-sans-sc-54-700-normal-czUrhCmS.woff                  [39m[1m[2m   35.21 kB[22m[1m[22m
2026-10-09T16:23:03.9003296Z [2mdist/[22m[2massets/[22m[32mnoto-sans-sc-52-400-normal-BnqQ1THd.woff                  [39m[1m[2m   35.24 kB[22m[1m[22m
2026-10-09T16:23:03.9004170Z [2mdist/[22m[2massets/[22m[32mnoto-sans-sc-48-500-normal-BULppnTq.woff                  [39m[1m[2m   35.24 kB[22m[1m[22m
2026-10-09T16:23:03.9005023Z [2mdist/[22m[2massets/[22m[32mnoto-sans-sc-26-500-normal-BW3UcLnD.woff                  [39m[1m[2m   35.34 kB[22m[1m[22m
2026-10-09T16:23:03.9005897Z [2mdist/[22m[2massets/[22m[32mnoto-sans-sc-22-700-normal-Byr9h8C5.woff2                 [39m[1m[2m   35.37 kB[22m[1m[22m
2026-10-09T16:23:03.9037010Z [2mdist/[22m[2massets/[22m[32mnoto-sans-sc-52-700-normal-Dvotpf_w.woff                  [39m[1m[2m   35.38 kB[22m[1m[22m
2026-10-09T16:23:03.9037871Z [2mdist/[22m[2massets/[22m[32mnoto-sans-sc-52-500-normal-6SdaaFwV.woff                  [39m[1m[2m   35.58 kB[22m[1m[22m
2026-10-09T16:23:03.9038741Z [2mdist/[22m[2massets/[22m[32mnoto-sans-sc-37-700-normal-BiGMp5hf.woff                  [39m[1m[2m   35.58 kB[22m[1m[22m
2026-10-09T16:23:03.9039596Z [2mdist/[22m[2massets/[22m[32mnoto-sans-sc-26-700-normal-Af3IkkME.woff                  [39m[1m[2m   35.60 kB[22m[1m[22m
2026-10-09T16:23:03.9040484Z [2mdist/[22m[2massets/[22m[32mgoogle-sans-oriya-700-normal-DbZLIM35.woff                [39m[1m[2m   35.68 kB[22m[1m[22m
2026-10-09T16:23:03.9041382Z [2mdist/[22m[2massets/[22m[32mgoogle-sans-devanagari-400-normal-BnEb54Pn.woff           [39m[1m[2m   35.71 kB[22m[1m[22m
2026-10-09T16:23:03.9042265Z [2mdist/[22m[2massets/[22m[32mnoto-sans-sc-117-500-normal-Dx8xuboZ.woff                 [39m[1m[2m   35.78 kB[22m[1m[22m
2026-10-09T16:23:03.9043128Z [2mdist/[22m[2massets/[22m[32mnoto-sans-sc-117-700-normal-yQE28R2D.woff                 [39m[1m[2m   35.79 kB[22m[1m[22m
2026-10-09T16:23:03.9044013Z [2mdist/[22m[2massets/[22m[32mnoto-sans-sc-49-400-normal-CPbXvy0J.woff                  [39m[1m[2m   35.80 kB[22m[1m[22m
2026-10-09T16:23:03.9044884Z [2mdist/[22m[2massets/[22m[32mnoto-sans-sc-49-500-normal-DYio7PDj.woff                  [39m[1m[2m   35.82 kB[22m[1m[22m
2026-10-09T16:23:03.9046262Z [2mdist/[22m[2massets/[22m[32mnoto-sans-sc-66-700-normal-Bp5owrRe.woff                  [39m[1m[2m   35.83 kB[22m[1m[22m
2026-10-09T16:23:03.9047088Z [2mdist/[22m[2massets/[22m[32mlayout-C1ojF0zw.js                                        [39m[1m[2m   35.84 kB[22m[1m[22m
2026-10-09T16:23:03.9047899Z [2mdist/[22m[2massets/[22m[32mnoto-sans-sc-117-400-normal-Bbe_I_Wd.woff                 [39m[1m[2m   35.87 kB[22m[1m[22m
2026-10-09T16:23:03.9048768Z [2mdist/[22m[2massets/[22m[32mnoto-sans-sc-116-500-normal-DPf05Kqc.woff                 [39m[1m[2m   35.88 kB[22m[1m[22m
2026-10-09T16:23:03.9049648Z [2mdist/[22m[2massets/[22m[32mnoto-sans-sc-66-400-normal-p6pVtSnw.woff                  [39m[1m[2m   35.92 kB[22m[1m[22m
2026-10-09T16:23:03.9050542Z [2mdist/[22m[2massets/[22m[32mnoto-sans-sc-66-500-normal-BI7p3gjr.woff                  [39m[1m[2m   35.92 kB[22m[1m[22m
2026-10-09T16:23:03.9051417Z [2mdist/[22m[2massets/[22m[32mnoto-sans-sc-116-400-normal-gCBeyT9X.woff                 [39m[1m[2m   35.96 kB[22m[1m[22m
2026-10-09T16:23:03.9052300Z [2mdist/[22m[2massets/[22m[32mnoto-sans-sc-37-500-normal-Vc9y1M8J.woff                  [39m[1m[2m   35.99 kB[22m[1m[22m
2026-10-09T16:23:03.9053182Z [2mdist/[22m[2massets/[22m[32mnoto-sans-sc-116-700-normal-DbpXygn3.woff                 [39m[1m[2m   35.99 kB[22m[1m[22m
2026-10-09T16:23:03.9054059Z [2mdist/[22m[2massets/[22m[32mnoto-sans-sc-37-400-normal-DU1y2gli.woff                  [39m[1m[2m   36.01 kB[22m[1m[22m
2026-10-09T16:23:03.9054934Z [2mdist/[22m[2massets/[22m[32mnoto-sans-sc-29-400-normal-DcvtRzWo.woff                  [39m[1m[2m   36.02 kB[22m[1m[22m
2026-10-09T16:23:03.9056271Z [2mdist/[22m[2massets/[22m[32mnoto-sans-sc-49-700-normal-DVd1f_Kk.woff                  [39m[1m[2m   36.10 kB[22m[1m[22m
2026-10-09T16:23:03.9057131Z [2mdist/[22m[2massets/[22m[32mnoto-sans-sc-29-500-normal-BEBtMOtk.woff                  [39m[1m[2m   36.11 kB[22m[1m[22m
2026-10-09T16:23:03.9058016Z [2mdist/[22m[2massets/[22m[32mnoto-sans-sc-67-500-normal-BTUyW6x1.woff                  [39m[1m[2m   36.18 kB[22m[1m[22m
2026-10-09T16:23:03.9058903Z [2mdist/[22m[2massets/[22m[32mgoogle-sans-oriya-500-normal-DM4WfAFt.woff                [39m[1m[2m   36.24 kB[22m[1m[22m
2026-10-09T16:23:03.9059795Z [2mdist/[22m[2massets/[22m[32mnoto-sans-sc-67-700-normal-CcLE2jws.woff                  [39m[1m[2m   36.32 kB[22m[1m[22m
2026-10-09T16:23:03.9060653Z [2mdist/[22m[2massets/[22m[32mnoto-sans-sc-29-700-normal-DKEXUUYP.woff                  [39m[1m[2m   36.36 kB[22m[1m[22m
2026-10-09T16:23:03.9061520Z [2mdist/[22m[2massets/[22m[32mnoto-sans-sc-44-400-normal-DnbJBllz.woff                  [39m[1m[2m   36.37 kB[22m[1m[22m
2026-10-09T16:23:03.9062368Z [2mdist/[22m[2massets/[22m[32mnoto-sans-sc-67-400-normal-CAq65l33.woff                  [39m[1m[2m   36.38 kB[22m[1m[22m
2026-10-09T16:23:03.9063235Z [2mdist/[22m[2massets/[22m[32mgoogle-sans-khmer-500-normal-CTUyUy-q.woff2               [39m[1m[2m   36.44 kB[22m[1m[22m
2026-10-09T16:23:03.9064105Z [2mdist/[22m[2massets/[22m[32mnoto-sans-sc-44-500-normal-rMiRG68k.woff                  [39m[1m[2m   36.55 kB[22m[1m[22m
2026-10-09T16:23:03.9064964Z [2mdist/[22m[2massets/[22m[32mnoto-sans-sc-44-700-normal-OEV9W1ul.woff                  [39m[1m[2m   36.55 kB[22m[1m[22m
2026-10-09T16:23:03.9065825Z [2mdist/[22m[2massets/[22m[32mnoto-sans-sc-45-400-normal-DdOuPp0S.woff2                 [39m[1m[2m   36.84 kB[22m[1m[22m
2026-10-09T16:23:03.9097183Z [2mdist/[22m[2massets/[22m[32mgoogle-sans-devanagari-700-normal-LfNz2VtL.woff           [39m[1m[2m   36.86 kB[22m[1m[22m
2026-10-09T16:23:03.9098099Z [2mdist/[22m[2massets/[22m[32mchunk-AQP2D5EJ-WAsRq8xz.js                                [39m[1m[2m   37.11 kB[22m[1m[22m
2026-10-09T16:23:03.9098949Z [2mdist/[22m[2massets/[22m[32mgoogle-sans-sinhala-400-normal-M18RPCCP.woff2             [39m[1m[2m   37.42 kB[22m[1m[22m
2026-10-09T16:23:03.9100313Z [2mdist/[22m[2massets/[22m[32mgoogle-sans-devanagari-500-normal-BsUy2fbJ.woff           [39m[1m[2m   37.52 kB[22m[1m[22m
2026-10-09T16:23:03.9101197Z [2mdist/[22m[2massets/[22m[32mnoto-sans-sc-56-500-normal-D__8AxqG.woff                  [39m[1m[2m   37.58 kB[22m[1m[22m
2026-10-09T16:23:03.9101819Z [2mdist/[22m[2massets/[22m[32mnoto-sans-sc-56-400-normal-Bg-NSr13.woff                  [39m[1m[2m   37.60 kB[22m[1m[22m
2026-10-09T16:23:03.9102348Z [2mdist/[22m[2massets/[22m[32mnoto-sans-sc-38-700-normal-Bqag6MCX.woff                  [39m[1m[2m   37.72 kB[22m[1m[22m
2026-10-09T16:23:03.9102873Z [2mdist/[22m[2massets/[22m[32mnoto-sans-sc-56-700-normal-ZORCRKKS.woff                  [39m[1m[2m   37.74 kB[22m[1m[22m
2026-10-09T16:23:03.9103395Z [2mdist/[22m[2massets/[22m[32mnoto-sans-sc-38-500-normal-BB5K_eYn.woff                  [39m[1m[2m   37.80 kB[22m[1m[22m
2026-10-09T16:23:03.9103920Z [2mdist/[22m[2massets/[22m[32mnoto-sans-sc-45-500-normal-BQ7H7gEJ.woff2                 [39m[1m[2m   37.93 kB[22m[1m[22m
2026-10-09T16:23:03.9104444Z [2mdist/[22m[2massets/[22m[32mnoto-sans-sc-38-400-normal-ChDAhN8Z.woff                  [39m[1m[2m   37.98 kB[22m[1m[22m
2026-10-09T16:23:03.9104962Z [2mdist/[22m[2massets/[22m[32mnoto-sans-sc-57-400-normal-CW2-fu7m.woff                  [39m[1m[2m   37.98 kB[22m[1m[22m
2026-10-09T16:23:03.9105493Z [2mdist/[22m[2massets/[22m[32mgoogle-sans-telugu-700-normal-DziWwrC0.woff2              [39m[1m[2m   38.06 kB[22m[1m[22m
2026-10-09T16:23:03.9106413Z [2mdist/[22m[2massets/[22m[32mnoto-sans-sc-115-400-normal-BmtvHPLK.woff                 [39m[1m[2m   38.12 kB[22m[1m[22m
2026-10-09T16:23:03.9107300Z [2mdist/[22m[2massets/[22m[32mnoto-sans-sc-115-700-normal-D39d_uHY.woff                 [39m[1m[2m   38.17 kB[22m[1m[22m
2026-10-09T16:23:03.9108191Z [2mdist/[22m[2massets/[22m[32mnoto-sans-sc-115-500-normal-DobR3Z2J.woff                 [39m[1m[2m   38.20 kB[22m[1m[22m
2026-10-09T16:23:03.9109086Z [2mdist/[22m[2massets/[22m[32mnoto-sans-sc-23-400-normal-B63mf8yb.woff                  [39m[1m[2m   38.28 kB[22m[1m[22m
2026-10-09T16:23:03.9109990Z [2mdist/[22m[2massets/[22m[32mnoto-sans-sc-23-500-normal-CeoVwp7h.woff                  [39m[1m[2m   38.36 kB[22m[1m[22m
2026-10-09T16:23:03.9110883Z [2mdist/[22m[2massets/[22m[32mnoto-sans-sc-57-500-normal-BtRL1Ue4.woff                  [39m[1m[2m   38.37 kB[22m[1m[22m
2026-10-09T16:23:03.9111736Z [2mdist/[22m[2massets/[22m[32mep_wasm-l2YJbjqP.mjs                                      [39m[1m[2m   38.38 kB[22m[1m[22m
2026-10-09T16:23:03.9112590Z [2mdist/[22m[2massets/[22m[32mnoto-sans-sc-45-700-normal-DUqJO8E-.woff2                 [39m[1m[2m   38.41 kB[22m[1m[22m
2026-10-09T16:23:03.9113476Z [2mdist/[22m[2massets/[22m[32mnoto-sans-sc-23-700-normal-Bx1KZ_j2.woff                  [39m[1m[2m   38.51 kB[22m[1m[22m
2026-10-09T16:23:03.9114345Z [2mdist/[22m[2massets/[22m[32mnoto-sans-sc-69-400-normal-CVwnf7oH.woff                  [39m[1m[2m   38.62 kB[22m[1m[22m
2026-10-09T16:23:03.9115090Z [2mdist/[22m[2massets/[22m[32mnoto-sans-sc-57-700-normal-VRE6ovpi.woff                  [39m[1m[2m   38.72 kB[22m[1m[22m
2026-10-09T16:23:03.9115627Z [2mdist/[22m[2massets/[22m[32mgoogle-sans-telugu-500-normal-Do43X_5G.woff2              [39m[1m[2m   38.78 kB[22m[1m[22m
2026-10-09T16:23:03.9116254Z [2mdist/[22m[2massets/[22m[32mnoto-sans-sc-30-500-normal--r7G7aYC.woff                  [39m[1m[2m   38.91 kB[22m[1m[22m
2026-10-09T16:23:03.9116778Z [2mdist/[22m[2massets/[22m[32mnoto-sans-sc-69-500-normal-D80fOm9i.woff                  [39m[1m[2m   38.94 kB[22m[1m[22m
2026-10-09T16:23:03.9117298Z [2mdist/[22m[2massets/[22m[32mnoto-sans-sc-30-400-normal-CkB3lx0Z.woff                  [39m[1m[2m   38.95 kB[22m[1m[22m
2026-10-09T16:23:03.9117984Z [2mdist/[22m[2massets/[22m[32mnoto-sans-sc-112-400-normal-B-VskpJl.woff                 [39m[1m[2m   39.12 kB[22m[1m[22m
2026-10-09T16:23:03.9118520Z [2mdist/[22m[2massets/[22m[32mnoto-sans-sc-112-700-normal-CnBU66Mo.woff                 [39m[1m[2m   39.14 kB[22m[1m[22m
2026-10-09T16:23:03.9119046Z [2mdist/[22m[2massets/[22m[32mnoto-sans-sc-114-700-normal-CSHH6Zvw.woff                 [39m[1m[2m   39.22 kB[22m[1m[22m
2026-10-09T16:23:03.9119575Z [2mdist/[22m[2massets/[22m[32mnoto-sans-sc-58-400-normal-BDlalWDa.woff                  [39m[1m[2m   39.24 kB[22m[1m[22m
2026-10-09T16:23:03.9120100Z [2mdist/[22m[2massets/[22m[32mnoto-sans-sc-47-400-normal-CCY4VgJL.woff                  [39m[1m[2m   39.27 kB[22m[1m[22m
2026-10-09T16:23:03.9120626Z [2mdist/[22m[2massets/[22m[32mnoto-sans-sc-112-500-normal-YiAdImja.woff                 [39m[1m[2m   39.27 kB[22m[1m[22m
2026-10-09T16:23:03.9121177Z [2mdist/[22m[2massets/[22m[32mnoto-sans-sc-69-700-normal-_CEy_mR8.woff                  [39m[1m[2m   39.27 kB[22m[1m[22m
2026-10-09T16:23:03.9121693Z [2mdist/[22m[2massets/[22m[32mnoto-sans-sc-58-500-normal-B36yolqf.woff                  [39m[1m[2m   39.34 kB[22m[1m[22m
2026-10-09T16:23:03.9122214Z [2mdist/[22m[2massets/[22m[32mnoto-sans-sc-114-500-normal-B9ihajv1.woff                 [39m[1m[2m   39.34 kB[22m[1m[22m
2026-10-09T16:23:03.9122740Z [2mdist/[22m[2massets/[22m[32mnoto-sans-sc-114-400-normal-DlU15Lsl.woff                 [39m[1m[2m   39.40 kB[22m[1m[22m
2026-10-09T16:23:03.9123260Z [2mdist/[22m[2massets/[22m[32mnoto-sans-sc-47-700-normal-DvskdQVX.woff                  [39m[1m[2m   39.52 kB[22m[1m[22m
2026-10-09T16:23:03.9123868Z [2mdist/[22m[2massets/[22m[32mnoto-sans-sc-58-700-normal-B-hzt7XC.woff                  [39m[1m[2m   39.54 kB[22m[1m[22m
2026-10-09T16:23:03.9124389Z [2mdist/[22m[2massets/[22m[32mnoto-sans-sc-47-500-normal-CQxzf5Sr.woff                  [39m[1m[2m   39.55 kB[22m[1m[22m
2026-10-09T16:23:03.9124915Z [2mdist/[22m[2massets/[22m[32mnoto-sans-sc-62-400-normal-dP33Mln4.woff                  [39m[1m[2m   39.62 kB[22m[1m[22m
2026-10-09T16:23:03.9125437Z [2mdist/[22m[2massets/[22m[32mnoto-sans-sc-113-400-normal-B7cJXcYC.woff                 [39m[1m[2m   39.71 kB[22m[1m[22m
2026-10-09T16:23:03.9126077Z [2mdist/[22m[2massets/[22m[32mnoto-sans-sc-113-500-normal-COFHEv0b.woff                 [39m[1m[2m   39.76 kB[22m[1m[22m
2026-10-09T16:23:03.9126599Z [2mdist/[22m[2massets/[22m[32mnoto-sans-sc-62-500-normal-CwRzSXnn.woff                  [39m[1m[2m   39.78 kB[22m[1m[22m
2026-10-09T16:23:03.9127119Z [2mdist/[22m[2massets/[22m[32mnoto-sans-sc-62-700-normal-_4IeCQ5H.woff                  [39m[1m[2m   39.78 kB[22m[1m[22m
2026-10-09T16:23:03.9127634Z [2mdist/[22m[2massets/[22m[32mnoto-sans-sc-25-400-normal-zOs-X-G_.woff                  [39m[1m[2m   39.78 kB[22m[1m[22m
2026-10-09T16:23:03.9128158Z [2mdist/[22m[2massets/[22m[32mnoto-sans-sc-113-700-normal-BkQ69Lpa.woff                 [39m[1m[2m   39.79 kB[22m[1m[22m
2026-10-09T16:23:03.9128685Z [2mdist/[22m[2massets/[22m[32mnoto-sans-sc-74-700-normal-BXUuammx.woff                  [39m[1m[2m   39.85 kB[22m[1m[22m
2026-10-09T16:23:03.9129204Z [2mdist/[22m[2massets/[22m[32mnoto-sans-sc-74-400-normal-CkWbRQMz.woff                  [39m[1m[2m   39.94 kB[22m[1m[22m
2026-10-09T16:23:03.9129721Z [2mdist/[22m[2massets/[22m[32mnoto-sans-sc-74-500-normal-CLV9ffdu.woff                  [39m[1m[2m   39.96 kB[22m[1m[22m
2026-10-09T16:23:03.9130241Z [2mdist/[22m[2massets/[22m[32mnoto-sans-sc-25-500-normal-q9nJXXPW.woff                  [39m[1m[2m   39.99 kB[22m[1m[22m
2026-10-09T16:23:03.9130771Z [2mdist/[22m[2massets/[22m[32mnoto-sans-sc-101-400-normal-Dq3acU6l.woff                 [39m[1m[2m   40.01 kB[22m[1m[22m
2026-10-09T16:23:03.9131395Z [2mdist/[22m[2massets/[22m[32mnoto-sans-sc-30-700-normal-Bs8qB3ml.woff                  [39m[1m[2m   40.04 kB[22m[1m[22m
2026-10-09T16:23:03.9131919Z [2mdist/[22m[2massets/[22m[32mnoto-sans-sc-101-500-normal-CwMv3vYI.woff                 [39m[1m[2m   40.09 kB[22m[1m[22m
2026-10-09T16:23:03.9132662Z [2mdist/[22m[2massets/[22m[32mnoto-sans-sc-101-700-normal-Cw2UuRPG.woff                 [39m[1m[2m   40.14 kB[22m[1m[22m
2026-10-09T16:23:03.9133496Z [2mdist/[22m[2massets/[22m[32mnoto-sans-sc-25-700-normal-C3fGC8yQ.woff                  [39m[1m[2m   40.19 kB[22m[1m[22m
2026-10-09T16:23:03.9134323Z [2mdist/[22m[2massets/[22m[32mxychartDiagram-2RQKCTM6-vMrQv_eG.js                       [39m[1m[2m   40.37 kB[22m[1m[22m
2026-10-09T16:23:03.9135217Z [2mdist/[22m[2massets/[22m[32mnoto-sans-sc-46-400-normal-BWwPqlLB.woff                  [39m[1m[2m   40.40 kB[22m[1m[22m
2026-10-09T16:23:03.9136189Z [2mdist/[22m[2massets/[22m[32mnoto-sans-sc-46-500-normal-2EPnv0Tr.woff                  [39m[1m[2m   40.70 kB[22m[1m[22m
2026-10-09T16:23:03.9137088Z [2mdist/[22m[2massets/[22m[32mnoto-sans-sc-109-700-normal-BnjTat19.woff                 [39m[1m[2m   40.91 kB[22m[1m[22m
2026-10-09T16:23:03.9137963Z [2mdist/[22m[2massets/[22m[32mnoto-sans-sc-109-400-normal-D2D79WYY.woff                 [39m[1m[2m   41.01 kB[22m[1m[22m
2026-10-09T16:23:03.9138814Z [2mdist/[22m[2massets/[22m[32mnoto-sans-sc-109-500-normal-CdLYJL9i.woff                 [39m[1m[2m   41.01 kB[22m[1m[22m
2026-10-09T16:23:03.9139673Z [2mdist/[22m[2massets/[22m[32mnoto-sans-sc-102-700-normal-D-GlI9oq.woff                 [39m[1m[2m   41.11 kB[22m[1m[22m
2026-10-09T16:23:03.9140677Z [2mdist/[22m[2massets/[22m[32mnoto-sans-sc-102-500-normal-C2Im1n3z.woff                 [39m[1m[2m   41.14 kB[22m[1m[22m
2026-10-09T16:23:03.9141577Z [2mdist/[22m[2massets/[22m[32mnoto-sans-sc-102-400-normal-Bh9JnXUa.woff                 [39m[1m[2m   41.18 kB[22m[1m[22m
2026-10-09T16:23:03.9142522Z [2mdist/[22m[2massets/[22m[32mnoto-sans-sc-119-400-normal-flOVnW3A.woff2                [39m[1m[2m   41.29 kB[22m[1m[22m
2026-10-09T16:23:03.9143440Z [2mdist/[22m[2massets/[22m[32mnoto-sans-sc-46-700-normal-BqjXlbMe.woff                  [39m[1m[2m   41.34 kB[22m[1m[22m
2026-10-09T16:23:03.9144366Z [2mdist/[22m[2massets/[22m[32mnoto-sans-sc-107-400-normal-C2BeKKK_.woff                 [39m[1m[2m   41.35 kB[22m[1m[22m
2026-10-09T16:23:03.9145262Z [2mdist/[22m[2massets/[22m[32mvennDiagram-CIIHVFJN-CYsVnGSS.js                          [39m[1m[2m   41.40 kB[22m[1m[22m
2026-10-09T16:23:03.9146238Z [2mdist/[22m[2massets/[22m[32mbash-DgJyDXW6.js                                          [39m[1m[2m   41.48 kB[22m[1m[22m
2026-10-09T16:23:03.9146998Z [2mdist/[22m[2massets/[22m[32mnoto-sans-sc-104-500-normal-C6b6k6yZ.woff                 [39m[1m[2m   41.48 kB[22m[1m[22m
2026-10-09T16:23:03.9147779Z [2mdist/[22m[2massets/[22m[32mnoto-sans-sc-110-500-normal-0FbokW-C.woff                 [39m[1m[2m   41.50 kB[22m[1m[22m
2026-10-09T16:23:03.9148565Z [2mdist/[22m[2massets/[22m[32mnoto-sans-sc-104-400-normal-9L_BvGGN.woff                 [39m[1m[2m   41.51 kB[22m[1m[22m
2026-10-09T16:23:03.9149345Z [2mdist/[22m[2massets/[22m[32mnoto-sans-sc-107-500-normal-CkBJ97ZT.woff                 [39m[1m[2m   41.52 kB[22m[1m[22m
2026-10-09T16:23:03.9150127Z [2mdist/[22m[2massets/[22m[32mnoto-sans-sc-107-700-normal-jwrsk2lV.woff                 [39m[1m[2m   41.54 kB[22m[1m[22m
2026-10-09T16:23:03.9150914Z [2mdist/[22m[2massets/[22m[32mnoto-sans-sc-119-500-normal-Bg7BvryU.woff2                [39m[1m[2m   41.60 kB[22m[1m[22m
2026-10-09T16:23:03.9151706Z [2mdist/[22m[2massets/[22m[32mnoto-sans-sc-110-400-normal-DC8b8TiM.woff                 [39m[1m[2m   41.62 kB[22m[1m[22m
2026-10-09T16:23:03.9152493Z [2mdist/[22m[2massets/[22m[32mnoto-sans-sc-110-700-normal-BfiEKmvY.woff                 [39m[1m[2m   41.62 kB[22m[1m[22m
2026-10-09T16:23:03.9153390Z [2mdist/[22m[2massets/[22m[32mnoto-sans-sc-104-700-normal-NsSOK-Pg.woff                 [39m[1m[2m   41.64 kB[22m[1m[22m
2026-10-09T16:23:03.9154152Z [2mdist/[22m[2massets/[22m[32mnoto-sans-sc-24-700-normal-D1jCRdZo.woff                  [39m[1m[2m   41.98 kB[22m[1m[22m
2026-10-09T16:23:03.9154989Z [2mdist/[22m[2massets/[22m[32mnoto-sans-sc-105-500-normal-BBrVcssH.woff                 [39m[1m[2m   42.04 kB[22m[1m[22m
2026-10-09T16:23:03.9155806Z [2mdist/[22m[2massets/[22m[32mnoto-sans-sc-105-400-normal-DqDMVLHo.woff                 [39m[1m[2m   42.06 kB[22m[1m[22m
2026-10-09T16:23:03.9156723Z [2mdist/[22m[2massets/[22m[32mnoto-sans-sc-24-500-normal-BKgjshnM.woff                  [39m[1m[2m   42.07 kB[22m[1m[22m
2026-10-09T16:23:03.9157542Z [2mdist/[22m[2massets/[22m[32mnoto-sans-sc-105-700-normal-BViFgsqg.woff                 [39m[1m[2m   42.24 kB[22m[1m[22m
2026-10-09T16:23:03.9158367Z [2mdist/[22m[2massets/[22m[32mnoto-sans-sc-24-400-normal-DBLAZKBQ.woff                  [39m[1m[2m   42.32 kB[22m[1m[22m
2026-10-09T16:23:03.9159194Z [2mdist/[22m[2massets/[22m[32mnoto-sans-sc-111-700-normal-BUEFRfLD.woff                 [39m[1m[2m   42.54 kB[22m[1m[22m
2026-10-09T16:23:03.9160027Z [2mdist/[22m[2massets/[22m[32mnoto-sans-sc-111-400-normal-23lX9UBL.woff                 [39m[1m[2m   42.58 kB[22m[1m[22m
2026-10-09T16:23:03.9160861Z [2mdist/[22m[2massets/[22m[32mnoto-sans-sc-111-500-normal-8QdsF8Hf.woff                 [39m[1m[2m   42.64 kB[22m[1m[22m
2026-10-09T16:23:03.9161693Z [2mdist/[22m[2massets/[22m[32mnoto-sans-sc-106-500-normal-B1OOXxQo.woff                 [39m[1m[2m   42.72 kB[22m[1m[22m
2026-10-09T16:23:03.9162635Z [2mdist/[22m[2massets/[22m[32mnoto-sans-sc-106-400-normal-Uusbi0kF.woff                 [39m[1m[2m   42.73 kB[22m[1m[22m
2026-10-09T16:23:03.9163468Z [2mdist/[22m[2massets/[22m[32mnoto-sans-sc-106-700-normal-B9xn-v6Z.woff                 [39m[1m[2m   42.80 kB[22m[1m[22m
2026-10-09T16:23:03.9164315Z [2mdist/[22m[2massets/[22m[32mnoto-sans-sc-119-700-normal-B05r3al5.woff2                [39m[1m[2m   42.84 kB[22m[1m[22m
2026-10-09T16:23:03.9165153Z [2mdist/[22m[2massets/[22m[32mnoto-sans-sc-108-500-normal-C_zp3ctC.woff                 [39m[1m[2m   43.24 kB[22m[1m[22m
2026-10-09T16:23:03.9166081Z [2mdist/[22m[2massets/[22m[32mnoto-sans-sc-108-400-normal-C8R9Wka9.woff                 [39m[1m[2m   43.34 kB[22m[1m[22m
2026-10-09T16:23:03.9166913Z [2mdist/[22m[2massets/[22m[32mnoto-sans-sc-108-700-normal-D87s13EV.woff                 [39m[1m[2m   43.34 kB[22m[1m[22m
2026-10-09T16:23:03.9167756Z [2mdist/[22m[2massets/[22m[32mnoto-sans-sc-103-400-normal-DwzII0uz.woff                 [39m[1m[2m   43.38 kB[22m[1m[22m
2026-10-09T16:23:03.9168597Z [2mdist/[22m[2massets/[22m[32mnoto-sans-sc-103-500-normal-P2_o0oGP.woff                 [39m[1m[2m   43.50 kB[22m[1m[22m
2026-10-09T16:23:03.9169453Z [2mdist/[22m[2massets/[22m[32mgoogle-sans-bengali-400-normal-D-znE2pt.woff2             [39m[1m[2m   43.52 kB[22m[1m[22m
2026-10-09T16:23:03.9170308Z [2mdist/[22m[2massets/[22m[32mnoto-sans-sc-22-400-normal-Ddldhbk8.woff                  [39m[1m[2m   43.59 kB[22m[1m[22m
2026-10-09T16:23:03.9171149Z [2mdist/[22m[2massets/[22m[32mnoto-sans-sc-103-700-normal-tqx8P1_B.woff                 [39m[1m[2m   43.59 kB[22m[1m[22m
2026-10-09T16:23:03.9172007Z [2mdist/[22m[2massets/[22m[32mgoogle-sans-sinhala-700-normal-BeS8KwQ0.woff2             [39m[1m[2m   43.91 kB[22m[1m[22m
2026-10-09T16:23:03.9172888Z [2mdist/[22m[2massets/[22m[32mnoto-sans-sc-22-500-normal-Cxl44hxS.woff                  [39m[1m[2m   43.94 kB[22m[1m[22m
2026-10-09T16:23:03.9173742Z [2mdist/[22m[2massets/[22m[32mnoto-sans-sc-100-700-normal-uCPG_WyB.woff                 [39m[1m[2m   44.03 kB[22m[1m[22m
2026-10-09T16:23:03.9174678Z [2mdist/[22m[2massets/[22m[32mnoto-sans-sc-100-500-normal-CH5Kc3eP.woff                 [39m[1m[2m   44.13 kB[22m[1m[22m
2026-10-09T16:23:03.9175516Z [2mdist/[22m[2massets/[22m[32mnoto-sans-sc-100-400-normal-CJZg4ujK.woff                 [39m[1m[2m   44.13 kB[22m[1m[22m
2026-10-09T16:23:03.9176498Z [2mdist/[22m[2massets/[22m[32mnoto-sans-sc-22-700-normal-Yx6N_Dih.woff                  [39m[1m[2m   44.24 kB[22m[1m[22m
2026-10-09T16:23:03.9177357Z [2mdist/[22m[2massets/[22m[32mgoogle-sans-khmer-400-normal-BWqQWqEu.woff                [39m[1m[2m   44.27 kB[22m[1m[22m
2026-10-09T16:23:03.9178300Z [2mdist/[22m[2massets/[22m[32mgoogle-sans-sinhala-500-normal-CGj89JnB.woff2             [39m[1m[2m   44.30 kB[22m[1m[22m
2026-10-09T16:23:03.9179214Z [2mdist/[22m[2massets/[22m[32mgoogle-sans-khmer-700-normal-Dp52d2sH.woff                [39m[1m[2m   44.66 kB[22m[1m[22m
2026-10-09T16:23:03.9180108Z [2mdist/[22m[2massets/[22m[32mgoogle-sans-bengali-700-normal-BFXwU4un.woff2             [39m[1m[2m   46.04 kB[22m[1m[22m
2026-10-09T16:23:03.9180967Z [2mdist/[22m[2massets/[22m[32mnoto-sans-sc-45-400-normal-CHTNLOI-.woff                  [39m[1m[2m   46.13 kB[22m[1m[22m
2026-10-09T16:23:03.9181804Z [2mdist/[22m[2massets/[22m[32mgoogle-sans-khmer-500-normal-sPhBYjZL.woff                [39m[1m[2m   46.52 kB[22m[1m[22m
2026-10-09T16:23:03.9182672Z [2mdist/[22m[2massets/[22m[32mnoto-sans-sc-45-500-normal-W_NCciw4.woff                  [39m[1m[2m   46.62 kB[22m[1m[22m
2026-10-09T16:23:03.9183505Z [2mdist/[22m[2massets/[22m[32mnoto-sans-sc-45-700-normal-B269Wkb6.woff                  [39m[1m[2m   47.32 kB[22m[1m[22m
2026-10-09T16:23:03.9184500Z [2mdist/[22m[2massets/[22m[32mgoogle-sans-bengali-500-normal-BQVpxezO.woff2             [39m[1m[2m   47.90 kB[22m[1m[22m
2026-10-09T16:23:03.9185321Z [2mdist/[22m[2massets/[22m[32mchunk-727SXJPM-eXQYxy3Z.js                                [39m[1m[2m   48.94 kB[22m[1m[22m
2026-10-09T16:23:03.9186279Z [2mdist/[22m[2massets/[22m[32mgoogle-sans-bengali-400-normal-B1YvpxSA.woff              [39m[1m[2m   54.61 kB[22m[1m[22m
2026-10-09T16:23:03.9187148Z [2mdist/[22m[2massets/[22m[32mgoogle-sans-telugu-400-normal-D0jXAclh.woff               [39m[1m[2m   54.76 kB[22m[1m[22m
2026-10-09T16:23:03.9188008Z [2mdist/[22m[2massets/[22m[32mnoto-sans-sc-119-500-normal-Cn0i5wE2.woff                 [39m[1m[2m   55.08 kB[22m[1m[22m
2026-10-09T16:23:03.9188892Z [2mdist/[22m[2massets/[22m[32mnoto-sans-sc-119-700-normal-C6KcnDB8.woff                 [39m[1m[2m   55.35 kB[22m[1m[22m
2026-10-09T16:23:03.9189774Z [2mdist/[22m[2massets/[22m[32mnoto-sans-sc-119-400-normal-D625KYTf.woff                 [39m[1m[2m   55.53 kB[22m[1m[22m
2026-10-09T16:23:03.9190695Z [2mdist/[22m[2massets/[22m[32mgoogle-sans-bengali-700-normal-CHKIVYXN.woff              [39m[1m[2m   56.42 kB[22m[1m[22m
2026-10-09T16:23:03.9191611Z [2mdist/[22m[2massets/[22m[32mgoogle-sans-bengali-500-normal-of9jSBVs.woff              [39m[1m[2m   57.89 kB[22m[1m[22m
2026-10-09T16:23:03.9192597Z [2mdist/[22m[2massets/[22m[32mgoogle-sans-telugu-700-normal-awsSG5R1.woff               [39m[1m[2m   58.82 kB[22m[1m[22m
2026-10-09T16:23:03.9193530Z [2mdist/[22m[2massets/[22m[32mengine-javascript-ZX5pI3G3.js                             [39m[1m[2m   59.09 kB[22m[1m[22m
2026-10-09T16:23:03.9194408Z [2mdist/[22m[2massets/[22m[32mgoogle-sans-telugu-500-normal-iqX-06XK.woff               [39m[1m[2m   59.53 kB[22m[1m[22m
2026-10-09T16:23:03.9195249Z [2mdist/[22m[2massets/[22m[32mflowDiagram-I6XJVG4X-Bu25XL5n.js                          [39m[1m[2m   60.47 kB[22m[1m[22m
2026-10-09T16:23:03.9196233Z [2mdist/[22m[2massets/[22m[32mgoogle-sans-sinhala-400-normal-DB1Y6_WZ.woff              [39m[1m[2m   68.00 kB[22m[1m[22m
2026-10-09T16:23:03.9197149Z [2mdist/[22m[2massets/[22m[32mganttDiagram-6RSMTGT7-euVIzp4r.js                         [39m[1m[2m   69.50 kB[22m[1m[22m
2026-10-09T16:23:03.9198118Z [2mdist/[22m[2massets/[22m[32mc4Diagram-AAUBKEIU-DvbRIW-W.js                            [39m[1m[2m   69.92 kB[22m[1m[22m
2026-10-09T16:23:03.9199117Z [2mdist/[22m[2massets/[22m[32mblockDiagram-GPEHLZMM-C7RPPwAX.js                         [39m[1m[2m   73.51 kB[22m[1m[22m
2026-10-09T16:23:03.9200031Z [2mdist/[22m[2massets/[22m[32mgoogle-sans-sinhala-700-normal-BUvEu6Xb.woff              [39m[1m[2m   76.17 kB[22m[1m[22m
2026-10-09T16:23:03.9200966Z [2mdist/[22m[2massets/[22m[32mgoogle-sans-sinhala-500-normal-BpEjh-Up.woff              [39m[1m[2m   76.79 kB[22m[1m[22m
2026-10-09T16:23:03.9201899Z [2mdist/[22m[2massets/[22m[32mcose-bilkent-S5V4N54A-CddUSnLw.js                         [39m[1m[2m   81.66 kB[22m[1m[22m
2026-10-09T16:23:03.9202833Z [2mdist/[22m[2massets/[22m[32mgoogle-sans-ethiopic-400-normal-CZts8I4S.woff2            [39m[1m[2m   82.88 kB[22m[1m[22m
2026-10-09T16:23:03.9203813Z [2mdist/[22m[2massets/[22m[32mgoogle-sans-ethiopic-700-normal-CJQcUkJh.woff2            [39m[1m[2m   89.82 kB[22m[1m[22m
2026-10-09T16:23:03.9204631Z [2mdist/[22m[2massets/[22m[32mcsharp-CFxe5pRo.js                                        [39m[1m[2m   90.19 kB[22m[1m[22m
2026-10-09T16:23:03.9205426Z [2mdist/[22m[2massets/[22m[32mgoogle-sans-ethiopic-500-normal-yyUJZbic.woff2            [39m[1m[2m  108.97 kB[22m[1m[22m
2026-10-09T16:23:03.9206312Z [2mdist/[22m[2massets/[22m[32mcore-Cmkhzapn.js                                          [39m[1m[2m  113.28 kB[22m[1m[22m
2026-10-09T16:23:03.9207086Z [2mdist/[22m[2massets/[22m[32msequenceDiagram-3UESZ5HK-CrSnT6ER.js                      [39m[1m[2m  116.84 kB[22m[1m[22m
2026-10-09T16:23:03.9208107Z [2mdist/[22m[2massets/[22m[32mmarkdown-projection.worker-BevTZOVd.js                    [39m[1m[2m  122.21 kB[22m[1m[22m
2026-10-09T16:23:03.9209027Z [2mdist/[22m[2massets/[22m[32mmarkdown_basic-DGGPRIyU.wasm                              [39m[1m[2m  144.83 kB[22m[1m[22m[2m │ gzip:  52.80 kB[22m
2026-10-09T16:23:03.9209995Z [2mdist/[22m[2massets/[22m[32mmarkdown_simd-XkJFBUnl.wasm                               [39m[1m[2m  145.34 kB[22m[1m[22m[2m │ gzip:  52.52 kB[22m
2026-10-09T16:23:03.9210910Z [2mdist/[22m[2massets/[22m[32marchitectureDiagram-3BPJPVTR-CKQ9Lxqd.js                  [39m[1m[2m  149.39 kB[22m[1m[22m
2026-10-09T16:23:03.9211824Z [2mdist/[22m[2massets/[22m[32mgoogle-sans-ethiopic-400-normal-C91nBKs3.woff             [39m[1m[2m  167.75 kB[22m[1m[22m
2026-10-09T16:23:03.9212693Z [2mdist/[22m[2massets/[22m[32mjavascript-WyGyM1wV.js                                    [39m[1m[2m  174.83 kB[22m[1m[22m
2026-10-09T16:23:03.9213516Z [2mdist/[22m[2massets/[22m[32mtypescript-BqvgUolh.js                                    [39m[1m[2m  181.08 kB[22m[1m[22m
2026-10-09T16:23:03.9214388Z [2mdist/[22m[2massets/[22m[32mgoogle-sans-ethiopic-700-normal-C_Ff2IaX.woff             [39m[1m[2m  183.08 kB[22m[1m[22m
2026-10-09T16:23:03.9215341Z [2mdist/[22m[2massets/[22m[32mep_wasm-2q5L3V8y.wasm                                     [39m[1m[2m  218.23 kB[22m[1m[22m[2m │ gzip:  78.55 kB[22m
2026-10-09T16:23:03.9216320Z [2mdist/[22m[2massets/[22m[32mgoogle-sans-ethiopic-500-normal-CMZKpimZ.woff             [39m[1m[2m  218.74 kB[22m[1m[22m
2026-10-09T16:23:03.9217128Z [2mdist/[22m[2massets/[22m[32mkatex-DnlPpQZa.js                                         [39m[1m[2m  260.01 kB[22m[1m[22m
2026-10-09T16:23:03.9217872Z [2mdist/[22m[2massets/[22m[32mcytoscape.esm-D3_iZ_3b.js                                 [39m[1m[2m  442.92 kB[22m[1m[22m
2026-10-09T16:23:03.9218643Z [2mdist/[22m[2massets/[22m[32mmermaid.core-C8V2WzxK.js                                  [39m[1m[2m  603.30 kB[22m[1m[22m
2026-10-09T16:23:03.9219530Z [2mdist/[22m[2massets/[22m[32mwardley-L42UT6IY-AikIT8mr.js                              [39m[1m[2m  611.11 kB[22m[1m[22m
2026-10-09T16:23:03.9220525Z [2mdist/[22m[2massets/[22m[35mPerformanceFixture-BdmGKm-L.css                           [39m[1m[2m    0.75 kB[22m[1m[22m[2m │ gzip:   0.32 kB[22m
2026-10-09T16:23:03.9221590Z [2mdist/[22m[2massets/[22m[35mViewTransitionSection-DipahSq9.css                        [39m[1m[2m    1.05 kB[22m[1m[22m[2m │ gzip:   0.42 kB[22m
2026-10-09T16:23:03.9222549Z [2mdist/[22m[2massets/[22m[35mApp-DzvGIgH1.css                                          [39m[1m[2m   13.62 kB[22m[1m[22m[2m │ gzip:   2.71 kB[22m
2026-10-09T16:23:03.9223371Z [2mdist/[22m[2massets/[22m[35mindex-0PXY4b7E.css                                        [39m[1m[2m   25.82 kB[22m[1m[22m[2m │ gzip:   4.61 kB[22m
2026-10-09T16:23:03.9224264Z [2mdist/[22m[2massets/[22m[35mvendor-fontsource-google-sans-CKSNzMDF.css                [39m[1m[2m   45.22 kB[22m[1m[22m[2m │ gzip:  14.63 kB[22m
2026-10-09T16:23:03.9225192Z [2mdist/[22m[2massets/[22m[35mvendor-fontsource-noto-sans-sc-CucVcRXd.css               [39m[1m[2m  353.88 kB[22m[1m[22m[2m │ gzip: 146.86 kB[22m
2026-10-09T16:23:03.9226160Z [2mdist/[22m[2massets/[22m[35mfsus-ui-CpceUb7n.css                                      [39m[1m[2m  650.86 kB[22m[1m[22m[2m │ gzip:  87.40 kB[22m
2026-10-09T16:23:03.9226985Z [2mdist/[22m[2massets/[22m[36mvendor-d3-brush-DhBWyyHd.js                               [39m[1m[2m    0.04 kB[22m[1m[22m[2m │ gzip:   0.06 kB[22m
2026-10-09T16:23:03.9227867Z [2mdist/[22m[2massets/[22m[36mvendor-space-separated-tokens-DD3iYX1K.js                 [39m[1m[2m    0.06 kB[22m[1m[22m[2m │ gzip:   0.08 kB[22m
2026-10-09T16:23:03.9228880Z [2mdist/[22m[2massets/[22m[36mvendor-d3-ease-DRPgKoYJ.js                                [39m[1m[2m    0.07 kB[22m[1m[22m[2m │ gzip:   0.09 kB[22m
2026-10-09T16:23:03.9229752Z [2mdist/[22m[2massets/[22m[36mvendor-shikijs-types-CMm9t4ll.js                          [39m[1m[2m    0.09 kB[22m[1m[22m[2m │ gzip:   0.11 kB[22m
2026-10-09T16:23:03.9230660Z [2mdist/[22m[2massets/[22m[36mvendor-comma-separated-tokens-D8TqSuIK.js                 [39m[1m[2m    0.15 kB[22m[1m[22m[2m │ gzip:   0.15 kB[22m
2026-10-09T16:23:03.9231581Z [2mdist/[22m[2massets/[22m[36mvendor-hast-util-whitespace-D4Wp6AEg.js                   [39m[1m[2m    0.16 kB[22m[1m[22m[2m │ gzip:   0.14 kB[22m
2026-10-09T16:23:03.9232493Z [2mdist/[22m[2massets/[22m[36mvendor-html-void-elements-CkdplsNl.js                     [39m[1m[2m    0.18 kB[22m[1m[22m[2m │ gzip:   0.14 kB[22m
2026-10-09T16:23:03.9233401Z [2mdist/[22m[2massets/[22m[36mvendor-d3-scale-chromatic-CvOaoHrI.js                     [39m[1m[2m    0.19 kB[22m[1m[22m[2m │ gzip:   0.18 kB[22m
2026-10-09T16:23:03.9234280Z [2mdist/[22m[2massets/[22m[36mvendor-ccount-c2V3InAJ.js                                 [39m[1m[2m    0.19 kB[22m[1m[22m[2m │ gzip:   0.16 kB[22m
2026-10-09T16:23:03.9235175Z [2mdist/[22m[2massets/[22m[36mvendor-mermaid-chunk-QZHKN3VN-c9vrYmGZ.js                 [39m[1m[2m    0.21 kB[22m[1m[22m[2m │ gzip:   0.18 kB[22m
2026-10-09T16:23:03.9236189Z [2mdist/[22m[2massets/[22m[36mvendor-mermaid-chunk-4BX2VUAB-CAcq07ZT.js                 [39m[1m[2m    0.24 kB[22m[1m[22m[2m │ gzip:   0.19 kB[22m
2026-10-09T16:23:03.9237108Z [2mdist/[22m[2massets/[22m[36mvendor-mermaid-parser-pie-LRSECV5Y-CaqaGHbF.js            [39m[1m[2m    0.25 kB[22m[1m[22m[2m │ gzip:   0.16 kB[22m
2026-10-09T16:23:03.9238061Z [2mdist/[22m[2massets/[22m[36mvendor-mermaid-parser-info-J43DQDTF-BmUC0dPZ.js           [39m[1m[2m    0.25 kB[22m[1m[22m[2m │ gzip:   0.16 kB[22m
2026-10-09T16:23:03.9239031Z [2mdist/[22m[2massets/[22m[36mvendor-mermaid-parser-radar-GUYGQ44K-CfS1KFHK.js          [39m[1m[2m    0.25 kB[22m[1m[22m[2m │ gzip:   0.16 kB[22m
2026-10-09T16:23:03.9239995Z [2mdist/[22m[2massets/[22m[36mvendor-mermaid-parser-packet-YPE3B663-BxW0R19T.js         [39m[1m[2m    0.25 kB[22m[1m[22m[2m │ gzip:   0.16 kB[22m
2026-10-09T16:23:03.9241087Z [2mdist/[22m[2massets/[22m[36mvendor-mermaid-parser-treemap-LRROVOQU-0LOmw7Fr.js        [39m[1m[2m    0.26 kB[22m[1m[22m[2m │ gzip:   0.16 kB[22m
2026-10-09T16:23:03.9242061Z [2mdist/[22m[2massets/[22m[36mvendor-mermaid-parser-wardley-L42UT6IY-DbQ27ksE.js        [39m[1m[2m    0.26 kB[22m[1m[22m[2m │ gzip:   0.17 kB[22m
2026-10-09T16:23:03.9243034Z [2mdist/[22m[2massets/[22m[36mvendor-mermaid-parser-treeView-BLDUP644-CpV-482a.js       [39m[1m[2m    0.26 kB[22m[1m[22m[2m │ gzip:   0.17 kB[22m
2026-10-09T16:23:03.9244017Z [2mdist/[22m[2massets/[22m[36mvendor-mermaid-parser-gitGraph-WXDBUCRP-B15ltO5l.js       [39m[1m[2m    0.26 kB[22m[1m[22m[2m │ gzip:   0.17 kB[22m
2026-10-09T16:23:03.9245013Z [2mdist/[22m[2massets/[22m[36mvendor-mermaid-parser-architecture-7EHR7CIX-6gwBy_zb.js   [39m[1m[2m    0.27 kB[22m[1m[22m[2m │ gzip:   0.17 kB[22m
2026-10-09T16:23:03.9246115Z [2mdist/[22m[2massets/[22m[36mvendor-mermaid-parser-eventmodeling-FCH6USID-BAUHj7B3.js  [39m[1m[2m    0.27 kB[22m[1m[22m[2m │ gzip:   0.17 kB[22m
2026-10-09T16:23:03.9247026Z [2mdist/[22m[2massets/[22m[36mvendor-zwitch-C2o2j-tx.js                                 [39m[1m[2m    0.30 kB[22m[1m[22m[2m │ gzip:   0.21 kB[22m
2026-10-09T16:23:03.9247896Z [2mdist/[22m[2massets/[22m[36mvendor-mermaid-chunk-55IACEB6-B0zCSGM9.js                 [39m[1m[2m    0.38 kB[22m[1m[22m[2m │ gzip:   0.29 kB[22m
2026-10-09T16:23:03.9248805Z [2mdist/[22m[2massets/[22m[36mvendor-mermaid-chunk-FMBD7UC4-B2cEfqhw.js                 [39m[1m[2m    0.38 kB[22m[1m[22m[2m │ gzip:   0.29 kB[22m
2026-10-09T16:23:03.9249836Z [2mdist/[22m[2massets/[22m[36mvendor-mermaid-chunk-WU5MYG2G-B4HP6Cos.js                 [39m[1m[2m    0.46 kB[22m[1m[22m[2m │ gzip:   0.32 kB[22m
2026-10-09T16:23:03.9250788Z [2mdist/[22m[2massets/[22m[36mvendor-mermaid-parser-chunk-5DO6E6H7-33jE9PtT.js          [39m[1m[2m    0.47 kB[22m[1m[22m[2m │ gzip:   0.33 kB[22m
2026-10-09T16:23:03.9251754Z [2mdist/[22m[2massets/[22m[36mvendor-mermaid-parser-chunk-MPE355IW-C06Nfb2u.js          [39m[1m[2m    0.48 kB[22m[1m[22m[2m │ gzip:   0.33 kB[22m
2026-10-09T16:23:03.9252720Z [2mdist/[22m[2massets/[22m[36mvendor-mermaid-parser-chunk-FHYWG6QK-Dz4l2viE.js          [39m[1m[2m    0.48 kB[22m[1m[22m[2m │ gzip:   0.33 kB[22m
2026-10-09T16:23:03.9253643Z [2mdist/[22m[2massets/[22m[36mvendor-escape-html-3I37OdEr.js                            [39m[1m[2m    0.49 kB[22m[1m[22m[2m │ gzip:   0.33 kB[22m
2026-10-09T16:23:03.9254578Z [2mdist/[22m[2massets/[22m[36mvendor-mermaid-parser-chunk-UIBZB4QT-Bu5FhiDA.js          [39m[1m[2m    0.49 kB[22m[1m[22m[2m │ gzip:   0.33 kB[22m
2026-10-09T16:23:03.9255544Z [2mdist/[22m[2massets/[22m[36mvendor-mermaid-parser-chunk-PUPMXCY4-B3qx9wW8.js          [39m[1m[2m    0.50 kB[22m[1m[22m[2m │ gzip:   0.36 kB[22m
2026-10-09T16:23:03.9256565Z [2mdist/[22m[2massets/[22m[36mvendor-mermaid-chunk-2J33WTMH-C2zNG0ni.js                 [39m[1m[2m    0.58 kB[22m[1m[22m[2m │ gzip:   0.40 kB[22m
2026-10-09T16:23:03.9257186Z [2mdist/[22m[2massets/[22m[36mvendor-mermaid-parser-chunk-MZUSXYTE-DIVeZRlc.js          [39m[1m[2m    0.62 kB[22m[1m[22m[2m │ gzip:   0.41 kB[22m
2026-10-09T16:23:03.9257779Z [2mdist/[22m[2massets/[22m[36mvendor-uuid-Dnyct6Ft.js                                   [39m[1m[2m    0.62 kB[22m[1m[22m[2m │ gzip:   0.37 kB[22m
2026-10-09T16:23:03.9258343Z [2mdist/[22m[2massets/[22m[36mvendor-internmap-BkD7Hj8s.js                              [39m[1m[2m    0.64 kB[22m[1m[22m[2m │ gzip:   0.31 kB[22m
2026-10-09T16:23:03.9258943Z [2mdist/[22m[2massets/[22m[36mvendor-mermaid-parser-chunk-WCWK7LTN-Dvvg3tWZ.js          [39m[1m[2m    0.67 kB[22m[1m[22m[2m │ gzip:   0.43 kB[22m
2026-10-09T16:23:03.9259642Z [2mdist/[22m[2massets/[22m[36mvendor-ts-dedent-DrFu-skq.js                              [39m[1m[2m    0.77 kB[22m[1m[22m[2m │ gzip:   0.47 kB[22m
2026-10-09T16:23:03.9260521Z [2mdist/[22m[2massets/[22m[36mvendor-character-entities-legacy-BpoLgcEt.js              [39m[1m[2m    0.85 kB[22m[1m[22m[2m │ gzip:   0.40 kB[22m
2026-10-09T16:23:03.9261291Z [2mdist/[22m[2massets/[22m[36mvendor-d3-zoom-ZvcUQ8tA.js                                [39m[1m[2m    0.87 kB[22m[1m[22m[2m │ gzip:   0.35 kB[22m
2026-10-09T16:23:03.9262110Z [2mdist/[22m[2massets/[22m[36mvendor-mermaid-parser-chunk-4EGX6M5U-zZuyidz4.js          [39m[1m[2m    0.92 kB[22m[1m[22m[2m │ gzip:   0.51 kB[22m
2026-10-09T16:23:03.9263214Z [2mdist/[22m[2massets/[22m[36mAvatarFixture-CcMXCHJN.js                                 [39m[1m[2m    1.02 kB[22m[1m[22m[2m │ gzip:   0.55 kB[22m
2026-10-09T16:23:03.9264355Z [2mdist/[22m[2massets/[22m[36mvendor-mermaid-chunk-L5ZTLDWV-bVuFILOA.js                 [39m[1m[2m    1.03 kB[22m[1m[22m[2m │ gzip:   0.62 kB[22m
2026-10-09T16:23:03.9265487Z [2mdist/[22m[2massets/[22m[36mvendor-regex-utilities-2BQyy0xI.js                        [39m[1m[2m    1.08 kB[22m[1m[22m[2m │ gzip:   0.59 kB[22m
2026-10-09T16:23:03.9266688Z [2mdist/[22m[2massets/[22m[36mCheckTagFixture-CUMgDCsX.js                               [39m[1m[2m    1.25 kB[22m[1m[22m[2m │ gzip:   0.64 kB[22m
2026-10-09T16:23:03.9267762Z [2mdist/[22m[2massets/[22m[36mfsus-markdown-heavy-identity-g0sf7ZDg.js                  [39m[1m[2m    1.32 kB[22m[1m[22m[2m │ gzip:   0.63 kB[22m
2026-10-09T16:23:03.9268850Z [2mdist/[22m[2massets/[22m[36mvendor-d3-timer-DdKHrDhs.js                               [39m[1m[2m    1.35 kB[22m[1m[22m[2m │ gzip:   0.69 kB[22m
2026-10-09T16:23:03.9270073Z [2mdist/[22m[2massets/[22m[36mCollapseFixture-Bu5nGfd_.js                               [39m[1m[2m    1.36 kB[22m[1m[22m[2m │ gzip:   0.65 kB[22m
2026-10-09T16:23:03.9271212Z [2mdist/[22m[2massets/[22m[36mCheckboxButtonFixture-C7QB1zcp.js                         [39m[1m[2m    1.37 kB[22m[1m[22m[2m │ gzip:   0.64 kB[22m
2026-10-09T16:23:03.9272367Z [2mdist/[22m[2massets/[22m[36mvendor-mermaid-chunk-AGHRB4JF-BycDeGNN.js                 [39m[1m[2m    1.54 kB[22m[1m[22m[2m │ gzip:   0.63 kB[22m
2026-10-09T16:23:03.9273533Z [2mdist/[22m[2massets/[22m[36mvendor-d3-dispatch-kxCwF96_.js                            [39m[1m[2m    1.54 kB[22m[1m[22m[2m │ gzip:   0.73 kB[22m
2026-10-09T16:23:03.9274648Z [2mdist/[22m[2massets/[22m[36mvendor-motion-utils-CR9CRx3u.js                           [39m[1m[2m    1.61 kB[22m[1m[22m[2m │ gzip:   0.88 kB[22m
2026-10-09T16:23:03.9275813Z [2mdist/[22m[2massets/[22m[36mvendor-mermaid-parser-chunk-BR22UD5L-SCRtGG9p.js          [39m[1m[2m    1.61 kB[22m[1m[22m[2m │ gzip:   0.82 kB[22m
2026-10-09T16:23:03.9277110Z [2mdist/[22m[2massets/[22m[36mvendor-shikijs-engine-javascript-BCY_9Sl4.js              [39m[1m[2m    1.68 kB[22m[1m[22m[2m │ gzip:   0.89 kB[22m
2026-10-09T16:23:03.9278294Z [2mdist/[22m[2massets/[22m[36mvendor-mermaid-parser-chunk-N66VUXT2-BrYAoiYR.js          [39m[1m[2m    1.70 kB[22m[1m[22m[2m │ gzip:   0.77 kB[22m
2026-10-09T16:23:03.9279465Z [2mdist/[22m[2massets/[22m[36mvendor-stringify-entities-CsH1VEn9.js                     [39m[1m[2m    1.79 kB[22m[1m[22m[2m │ gzip:   0.92 kB[22m
2026-10-09T16:23:03.9280647Z [2mdist/[22m[2massets/[22m[36mvendor-braintree-sanitize-url-CwNcbkkA.js                 [39m[1m[2m    1.90 kB[22m[1m[22m[2m │ gzip:   0.84 kB[22m
2026-10-09T16:23:03.9281799Z [2mdist/[22m[2massets/[22m[36mvendor-mermaid-chunk-NZK2D7GU-kcJXxVC1.js                 [39m[1m[2m    1.91 kB[22m[1m[22m[2m │ gzip:   0.93 kB[22m
2026-10-09T16:23:03.9282872Z [2mdist/[22m[2massets/[22m[36mvendor-d3-path-CimkQT29.js                                [39m[1m[2m    2.03 kB[22m[1m[22m[2m │ gzip:   0.91 kB[22m
2026-10-09T16:23:03.9284125Z [2mdist/[22m[2massets/[22m[36mvendor-mermaid-chunk-ND2GUHAM-CvEmnnrP.js                 [39m[1m[2m    2.14 kB[22m[1m[22m[2m │ gzip:   0.95 kB[22m
2026-10-09T16:23:03.9285318Z [2mdist/[22m[2massets/[22m[36mvendor-mermaid-chunk-BSJP7CBP-Bvq_OFOH.js                 [39m[1m[2m    2.16 kB[22m[1m[22m[2m │ gzip:   0.86 kB[22m
2026-10-09T16:23:03.9286570Z [2mdist/[22m[2massets/[22m[36mvendor-d3-array-DGRYoJHh.js                               [39m[1m[2m    2.18 kB[22m[1m[22m[2m │ gzip:   0.91 kB[22m
2026-10-09T16:23:03.9287809Z [2mdist/[22m[2massets/[22m[36mvendor-mermaid-stateDiagram-v2-BHNVJYJU-BMsTABEP.js       [39m[1m[2m    2.22 kB[22m[1m[22m[2m │ gzip:   0.92 kB[22m
2026-10-09T16:23:03.9289129Z [2mdist/[22m[2massets/[22m[36mvendor-mermaid-classDiagram-4FO5ZUOK-BTw9XDow.js          [39m[1m[2m    2.33 kB[22m[1m[22m[2m │ gzip:   0.95 kB[22m
2026-10-09T16:23:03.9290434Z [2mdist/[22m[2massets/[22m[36mvendor-mermaid-classDiagram-v2-Q7XG4LA2-BTw9XDow.js       [39m[1m[2m    2.33 kB[22m[1m[22m[2m │ gzip:   0.95 kB[22m
2026-10-09T16:23:03.9291672Z [2mdist/[22m[2massets/[22m[36mvendor-mermaid-infoDiagram-5YYISTIA-zx2XYa5c.js           [39m[1m[2m    2.36 kB[22m[1m[22m[2m │ gzip:   1.01 kB[22m
2026-10-09T16:23:03.9292975Z [2mdist/[22m[2massets/[22m[36mfsus-markdown-heavy-isolated-adapter-DkHOIq3A.js          [39m[1m[2m    2.36 kB[22m[1m[22m[2m │ gzip:   1.11 kB[22m
2026-10-09T16:23:03.9294126Z [2mdist/[22m[2massets/[22m[36mvendor-regex-BBWcyTkg.js                                  [39m[1m[2m    2.52 kB[22m[1m[22m[2m │ gzip:   1.34 kB[22m
2026-10-09T16:23:03.9295377Z [2mdist/[22m[2massets/[22m[36mvendor-normalize-wheel-es-BikNlmlf.js                     [39m[1m[2m    2.63 kB[22m[1m[22m[2m │ gzip:   1.20 kB[22m
2026-10-09T16:23:03.9296635Z [2mdist/[22m[2massets/[22m[36mvendor-d3-axis-DSWTncID.js                                [39m[1m[2m    2.67 kB[22m[1m[22m[2m │ gzip:   1.12 kB[22m
2026-10-09T16:23:03.9297672Z [2mdist/[22m[2massets/[22m[36mvendor-shiki-Bs5LfwCm.js                                  [39m[1m[2m    2.71 kB[22m[1m[22m[2m │ gzip:   0.99 kB[22m
2026-10-09T16:23:03.9298781Z [2mdist/[22m[2massets/[22m[36mvendor-character-entities-html4-D7taRCQ7.js               [39m[1m[2m    2.79 kB[22m[1m[22m[2m │ gzip:   1.51 kB[22m
2026-10-09T16:23:03.9299888Z [2mdist/[22m[2massets/[22m[36mvendor-floating-ui-utils-GzetoTNp.js                      [39m[1m[2m    3.07 kB[22m[1m[22m[2m │ gzip:   1.35 kB[22m
2026-10-09T16:23:03.9301033Z [2mdist/[22m[2massets/[22m[36mfsus-markdown-heavy-resource-XhXb3FmY.js                  [39m[1m[2m    3.18 kB[22m[1m[22m[2m │ gzip:   1.33 kB[22m
2026-10-09T16:23:03.9302167Z [2mdist/[22m[2massets/[22m[36mvendor-regex-recursion-JU4mF-dD.js                        [39m[1m[2m    3.31 kB[22m[1m[22m[2m │ gzip:   1.63 kB[22m
2026-10-09T16:23:03.9303298Z [2mdist/[22m[2massets/[22m[36mViewTransitionSection-fuIWOjra.js                         [39m[1m[2m    3.74 kB[22m[1m[22m[2m │ gzip:   1.55 kB[22m
2026-10-09T16:23:03.9304382Z [2mdist/[22m[2massets/[22m[36mvendor-stylis-De4UH-1x.js                                 [39m[1m[2m    4.03 kB[22m[1m[22m[2m │ gzip:   1.89 kB[22m
2026-10-09T16:23:03.9305481Z [2mdist/[22m[2massets/[22m[36mvendor-floating-ui-core-CPkXyvmC.js                       [39m[1m[2m    4.10 kB[22m[1m[22m[2m │ gzip:   1.83 kB[22m
2026-10-09T16:23:03.9306702Z [2mdist/[22m[2massets/[22m[36mfsus-markdown-heavy-isolated-client-DPfINFTh.js           [39m[1m[2m    4.41 kB[22m[1m[22m[2m │ gzip:   1.89 kB[22m
2026-10-09T16:23:03.9307866Z [2mdist/[22m[2massets/[22m[36mvendor-iconify-utils-DoddmNeG.js                          [39m[1m[2m    4.42 kB[22m[1m[22m[2m │ gzip:   2.01 kB[22m
2026-10-09T16:23:03.9308970Z [2mdist/[22m[2massets/[22m[36mvendor-d3-interpolate-CQYOIADF.js                         [39m[1m[2m    4.43 kB[22m[1m[22m[2m │ gzip:   2.01 kB[22m
2026-10-09T16:23:03.9310184Z [2mdist/[22m[2massets/[22m[36mvendor-d3-time-Bb02kTJV.js                                [39m[1m[2m    4.63 kB[22m[1m[22m[2m │ gzip:   1.65 kB[22m
2026-10-09T16:23:03.9311311Z [2mdist/[22m[2massets/[22m[36mvendor-mermaid-cose-bilkent-S5V4N54A-B8dalJk7.js          [39m[1m[2m    4.66 kB[22m[1m[22m[2m │ gzip:   2.01 kB[22m
2026-10-09T16:23:03.9312477Z [2mdist/[22m[2massets/[22m[36mvendor-mermaid-diagram-5GNKFQAL-alVDkekE.js               [39m[1m[2m    4.78 kB[22m[1m[22m[2m │ gzip:   2.08 kB[22m
2026-10-09T16:23:03.9313542Z [2mdist/[22m[2massets/[22m[36mvendor-d3-D3E13pKz.js                                     [39m[1m[2m    4.82 kB[22m[1m[22m[2m │ gzip:   1.92 kB[22m
2026-10-09T16:23:03.9314678Z [2mdist/[22m[2massets/[22m[36mvendor-mermaid-chunk-LZXEDZCA-CLJ-6P0-.js                 [39m[1m[2m    4.93 kB[22m[1m[22m[2m │ gzip:   1.96 kB[22m
2026-10-09T16:23:03.9316223Z [2mdist/[22m[2massets/[22m[36mvendor-d3-format-BvjxjtCR.js                              [39m[1m[2m    4.93 kB[22m[1m[22m[2m │ gzip:   2.25 kB[22m
2026-10-09T16:23:03.9317412Z [2mdist/[22m[2massets/[22m[36mvendor-floating-ui-dom-DhS5uynv.js                        [39m[1m[2m    5.73 kB[22m[1m[22m[2m │ gzip:   2.50 kB[22m
2026-10-09T16:23:03.9318714Z [2mdist/[22m[2massets/[22m[36mvendor-mermaid-parser-core-B-r2qbu2.js                    [39m[1m[2m    5.77 kB[22m[1m[22m[2m │ gzip:   1.49 kB[22m
2026-10-09T16:23:03.9319944Z [2mdist/[22m[2massets/[22m[36mvendor-d3-scale-CPmItgDX.js                               [39m[1m[2m    5.77 kB[22m[1m[22m[2m │ gzip:   2.26 kB[22m
2026-10-09T16:23:03.9321398Z [2mdist/[22m[2massets/[22m[36mvendor-mermaid-diagram-LMA3HP47-D2R0xaCE.js               [39m[1m[2m    6.22 kB[22m[1m[22m[2m │ gzip:   2.55 kB[22m
2026-10-09T16:23:03.9322680Z [2mdist/[22m[2massets/[22m[36mvendor-mermaid-pieDiagram-4H26LBE5-CSXnxEYR.js            [39m[1m[2m    6.28 kB[22m[1m[22m[2m │ gzip:   2.64 kB[22m
2026-10-09T16:23:03.9323987Z [2mdist/[22m[2massets/[22m[36mvendor-cytoscape-cose-bilkent-C3shlV6C.js                 [39m[1m[2m    6.42 kB[22m[1m[22m[2m │ gzip:   2.51 kB[22m
2026-10-09T16:23:03.9338843Z [2mdist/[22m[2massets/[22m[36mvendor-mermaid-diagram-2AECGRRQ-CSfH-dEQ.js               [39m[1m[2m    7.82 kB[22m[1m[22m[2m │ gzip:   3.18 kB[22m
2026-10-09T16:23:03.9339981Z [2mdist/[22m[2massets/[22m[36mInteractionTraceFixture-D9kc7qw_.js                       [39m[1m[2m    8.23 kB[22m[1m[22m[2m │ gzip:   3.12 kB[22m
2026-10-09T16:23:03.9341075Z [2mdist/[22m[2massets/[22m[36mvendor-hast-util-to-html-O3stl53j.js                      [39m[1m[2m    8.40 kB[22m[1m[22m[2m │ gzip:   2.78 kB[22m
2026-10-09T16:23:03.9342137Z [2mdist/[22m[2massets/[22m[36mvendor-d3-sankey-CgO6js3K.js                              [39m[1m[2m    8.46 kB[22m[1m[22m[2m │ gzip:   2.89 kB[22m
2026-10-09T16:23:03.9343218Z [2mdist/[22m[2massets/[22m[36mvendor-mermaid-chunk-O5CBEL6O-im9UyPK0.js                 [39m[1m[2m    8.70 kB[22m[1m[22m[2m │ gzip:   3.66 kB[22m
2026-10-09T16:23:03.9344304Z [2mdist/[22m[2massets/[22m[36mvendor-es-toolkit-B05YpuAj.js                             [39m[1m[2m    8.76 kB[22m[1m[22m[2m │ gzip:   2.72 kB[22m
2026-10-09T16:23:03.9345350Z [2mdist/[22m[2massets/[22m[36mvendor-d3-time-format-BYnbkkMv.js                         [39m[1m[2m    9.01 kB[22m[1m[22m[2m │ gzip:   2.83 kB[22m
2026-10-09T16:23:03.9346492Z [2mdist/[22m[2massets/[22m[36mvendor-d3-color-amxIadob.js                               [39m[1m[2m    9.11 kB[22m[1m[22m[2m │ gzip:   3.74 kB[22m
2026-10-09T16:23:03.9347577Z [2mdist/[22m[2massets/[22m[36mvendor-mermaid-chunk-5ZQYHXKU-CGVvbV1K.js                 [39m[1m[2m    9.40 kB[22m[1m[22m[2m │ gzip:   4.25 kB[22m
2026-10-09T16:23:03.9348676Z [2mdist/[22m[2massets/[22m[36mvendor-khroma-CpvsyfFH.js                                 [39m[1m[2m   10.33 kB[22m[1m[22m[2m │ gzip:   3.86 kB[22m
2026-10-09T16:23:03.9349838Z [2mdist/[22m[2massets/[22m[36mindex-Bj9BNGoN.js                                         [39m[1m[2m   10.34 kB[22m[1m[22m[2m │ gzip:   3.98 kB[22m
2026-10-09T16:23:03.9350848Z [2mdist/[22m[2massets/[22m[36mvendor-d3-transition-8rf0seS3.js                          [39m[1m[2m   11.18 kB[22m[1m[22m[2m │ gzip:   3.68 kB[22m
2026-10-09T16:23:03.9351922Z [2mdist/[22m[2massets/[22m[36mvendor-d3-selection-Bj1BqfTz.js                           [39m[1m[2m   12.18 kB[22m[1m[22m[2m │ gzip:   3.82 kB[22m
2026-10-09T16:23:03.9353057Z [2mdist/[22m[2massets/[22m[36mvendor-mermaid-stateDiagram-AJRCARHV-DPDQ7-8p.js          [39m[1m[2m   12.18 kB[22m[1m[22m[2m │ gzip:   4.30 kB[22m
2026-10-09T16:23:03.9354206Z [2mdist/[22m[2massets/[22m[36mvendor-mermaid-dagre-BM42HDAG-BU3l9zmu.js                 [39m[1m[2m   12.35 kB[22m[1m[22m[2m │ gzip:   4.58 kB[22m
2026-10-09T16:23:03.9355353Z [2mdist/[22m[2massets/[22m[36mvendor-mermaid-diagram-KO2AKTUF-9IcvbYD3.js               [39m[1m[2m   12.67 kB[22m[1m[22m[2m │ gzip:   4.85 kB[22m
2026-10-09T16:23:03.9356549Z [2mdist/[22m[2massets/[22m[36mvendor-mermaid-diagram-OG6HWLK6-CguCcANM.js               [39m[1m[2m   13.29 kB[22m[1m[22m[2m │ gzip:   4.70 kB[22m
2026-10-09T16:23:03.9357628Z [2mdist/[22m[2massets/[22m[36mfsus-markdown-feature-gateway-DEaeBCc5.js                 [39m[1m[2m   13.30 kB[22m[1m[22m[2m │ gzip:   4.42 kB[22m
2026-10-09T16:23:03.9358239Z [2mdist/[22m[2massets/[22m[36mvendor-shikijs-primitive-CNRm5M83.js                      [39m[1m[2m   13.76 kB[22m[1m[22m[2m │ gzip:   5.18 kB[22m
2026-10-09T16:23:03.9358972Z [2mdist/[22m[2massets/[22m[36mvendor-ctrl-tinycolor-BuyEbX8F.js                         [39m[1m[2m   14.13 kB[22m[1m[22m[2m │ gzip:   4.76 kB[22m
2026-10-09T16:23:03.9360053Z [2mdist/[22m[2massets/[22m[36mPerformanceFixture-ByescE5I.js                            [39m[1m[2m   15.84 kB[22m[1m[22m[2m │ gzip:   6.10 kB[22m
2026-10-09T16:23:03.9361172Z [2mdist/[22m[2massets/[22m[36mvendor-mermaid-sankeyDiagram-5OEKKPKP-DUM0lgdu.js         [39m[1m[2m   15.95 kB[22m[1m[22m[2m │ gzip:   6.25 kB[22m
2026-10-09T16:23:03.9362275Z [2mdist/[22m[2massets/[22m[36mvendor-async-validator-Cp9QasH9.js                        [39m[1m[2m   16.88 kB[22m[1m[22m[2m │ gzip:   5.41 kB[22m
2026-10-09T16:23:03.9363354Z [2mdist/[22m[2massets/[22m[36mvendor-property-information-C40bX6nM.js                   [39m[1m[2m   17.87 kB[22m[1m[22m[2m │ gzip:   5.93 kB[22m
2026-10-09T16:23:03.9364537Z [2mdist/[22m[2massets/[22m[36mvendor-mermaid-ishikawaDiagram-YF4QCWOH-vetDu9Bz.js       [39m[1m[2m   18.84 kB[22m[1m[22m[2m │ gzip:   7.19 kB[22m
2026-10-09T16:23:03.9365639Z [2mdist/[22m[2massets/[22m[36mvendor-cose-base-5YKIJIcb.js                              [39m[1m[2m   19.72 kB[22m[1m[22m[2m │ gzip:   5.93 kB[22m
2026-10-09T16:23:03.9366824Z [2mdist/[22m[2massets/[22m[36mvendor-popperjs-core-CUumdR8o.js                          [39m[1m[2m   20.05 kB[22m[1m[22m[2m │ gzip:   7.51 kB[22m
2026-10-09T16:23:03.9367921Z [2mdist/[22m[2massets/[22m[36mvendor-upsetjs-vennjs-1KZX49pH.js                         [39m[1m[2m   20.14 kB[22m[1m[22m[2m │ gzip:   7.98 kB[22m
2026-10-09T16:23:03.9368975Z [2mdist/[22m[2massets/[22m[36mvendor-d3-shape-lLd3e4_I.js                               [39m[1m[2m   21.21 kB[22m[1m[22m[2m │ gzip:   4.83 kB[22m
2026-10-09T16:23:03.9369989Z [2mdist/[22m[2massets/[22m[36mvendor-motion-dom-DpEFtvUV.js                             [39m[1m[2m   21.34 kB[22m[1m[22m[2m │ gzip:   8.06 kB[22m
2026-10-09T16:23:03.9371035Z [2mdist/[22m[2massets/[22m[36mvendor-dayjs-CE3JMyRd.js                                  [39m[1m[2m   21.79 kB[22m[1m[22m[2m │ gzip:   7.96 kB[22m
2026-10-09T16:23:03.9372144Z [2mdist/[22m[2massets/[22m[36mvendor-mermaid-kanban-definition-UN3LZRKU-CYGEai-b.js     [39m[1m[2m   22.06 kB[22m[1m[22m[2m │ gzip:   7.90 kB[22m
2026-10-09T16:23:03.9373406Z [2mdist/[22m[2massets/[22m[36mvendor-shikijs-themes-CFu2YQE1.js                         [39m[1m[2m   22.56 kB[22m[1m[22m[2m │ gzip:   3.78 kB[22m
2026-10-09T16:23:03.9374527Z [2mdist/[22m[2massets/[22m[36mvendor-mermaid-vennDiagram-CIIHVFJN-B-gP_xhg.js           [39m[1m[2m   22.69 kB[22m[1m[22m[2m │ gzip:   8.33 kB[22m
2026-10-09T16:23:03.9375668Z [2mdist/[22m[2massets/[22m[36mvendor-oniguruma-parser-BrbMHgHx.js                       [39m[1m[2m   24.02 kB[22m[1m[22m[2m │ gzip:   8.24 kB[22m
2026-10-09T16:23:03.9376907Z [2mdist/[22m[2massets/[22m[36mvendor-mermaid-mindmap-definition-RKZ34NQL-iBCDOSnL.js    [39m[1m[2m   24.43 kB[22m[1m[22m[2m │ gzip:   8.28 kB[22m
2026-10-09T16:23:03.9378034Z [2mdist/[22m[2massets/[22m[36mvendor-shikijs-core-gN5yB7Bz.js                           [39m[1m[2m   24.51 kB[22m[1m[22m[2m │ gzip:   8.39 kB[22m
2026-10-09T16:23:03.9379161Z [2mdist/[22m[2massets/[22m[36mvendor-mermaid-journeyDiagram-JHISSGLW-CiZ7vXmG.js        [39m[1m[2m   24.76 kB[22m[1m[22m[2m │ gzip:   8.83 kB[22m
2026-10-09T16:23:03.9380255Z [2mdist/[22m[2massets/[22m[36mvendor-dompurify-BYaiJS3n.js                              [39m[1m[2m   26.73 kB[22m[1m[22m[2m │ gzip:  10.05 kB[22m
2026-10-09T16:23:03.9381371Z [2mdist/[22m[2massets/[22m[36mvendor-mermaid-architectureDiagram-3BPJPVTR-WOUV9TWb.js   [39m[1m[2m   26.88 kB[22m[1m[22m[2m │ gzip:   8.63 kB[22m
2026-10-09T16:23:03.9382480Z [2mdist/[22m[2massets/[22m[36mvendor-oniguruma-to-es-DgwFOwdE.js                        [39m[1m[2m   26.89 kB[22m[1m[22m[2m │ gzip:  10.13 kB[22m
2026-10-09T16:23:03.9383698Z [2mdist/[22m[2massets/[22m[36mvendor-mermaid-wardleyDiagram-YWT4CUSO-Dn6bv8cE.js        [39m[1m[2m   27.51 kB[22m[1m[22m[2m │ gzip:   7.52 kB[22m
2026-10-09T16:23:03.9384814Z [2mdist/[22m[2massets/[22m[36mvendor-roughjs-CycZv-lV.js                                [39m[1m[2m   27.72 kB[22m[1m[22m[2m │ gzip:   9.24 kB[22m
2026-10-09T16:23:03.9385876Z [2mdist/[22m[2massets/[22m[36mvendor-mermaid-erDiagram-TEJ5UH35-tJjlWt6N.js             [39m[1m[2m   28.66 kB[22m[1m[22m[2m │ gzip:  10.05 kB[22m
2026-10-09T16:23:03.9387064Z [2mdist/[22m[2massets/[22m[36mvendor-lodash-BuTv5Xf3.js                                 [39m[1m[2m   30.26 kB[22m[1m[22m[2m │ gzip:  10.75 kB[22m
2026-10-09T16:23:03.9388155Z [2mdist/[22m[2massets/[22m[36mvendor-mermaid-gitGraphDiagram-PVQCEYII-DPXerbvg.js       [39m[1m[2m   31.39 kB[22m[1m[22m[2m │ gzip:   9.42 kB[22m
2026-10-09T16:23:03.9389282Z [2mdist/[22m[2massets/[22m[36mvendor-dagre-d3-es-DUWgOTEW.js                            [39m[1m[2m   31.40 kB[22m[1m[22m[2m │ gzip:  10.45 kB[22m
2026-10-09T16:23:03.9390408Z [2mdist/[22m[2massets/[22m[36mvendor-mermaid-timeline-definition-PNZ67QCA-CNU9Aln1.js   [39m[1m[2m   32.14 kB[22m[1m[22m[2m │ gzip:  10.70 kB[22m
2026-10-09T16:23:03.9391609Z [2mdist/[22m[2massets/[22m[36mvendor-mermaid-requirementDiagram-4Y6WPE33-BtO09DEq.js    [39m[1m[2m   32.83 kB[22m[1m[22m[2m │ gzip:  10.45 kB[22m
2026-10-09T16:23:03.9392768Z [2mdist/[22m[2massets/[22m[36mvendor-mermaid-chunk-KSCS5N6A-D5R1vzxf.js                 [39m[1m[2m   34.16 kB[22m[1m[22m[2m │ gzip:   7.35 kB[22m
2026-10-09T16:23:03.9393922Z [2mdist/[22m[2massets/[22m[36mvendor-mermaid-quadrantDiagram-W4KKPZXB-NNvH4HYk.js       [39m[1m[2m   35.22 kB[22m[1m[22m[2m │ gzip:  10.45 kB[22m
2026-10-09T16:23:03.9395048Z [2mdist/[22m[2massets/[22m[36mvendor-mermaid-core-C4QRxADb.js                           [39m[1m[2m   36.77 kB[22m[1m[22m[2m │ gzip:  11.02 kB[22m
2026-10-09T16:23:03.9396211Z [2mdist/[22m[2massets/[22m[36mvendor-mermaid-chunk-AQP2D5EJ-Dcr2RW0T.js                 [39m[1m[2m   37.33 kB[22m[1m[22m[2m │ gzip:  12.18 kB[22m
2026-10-09T16:23:03.9397399Z [2mdist/[22m[2massets/[22m[36mvendor-marked-B5D8JARp.js                                 [39m[1m[2m   39.47 kB[22m[1m[22m[2m │ gzip:  12.11 kB[22m
2026-10-09T16:23:03.9398478Z [2mdist/[22m[2massets/[22m[36mvendor-mermaid-ganttDiagram-6RSMTGT7-BPIoeZ5I.js          [39m[1m[2m   40.68 kB[22m[1m[22m[2m │ gzip:  13.56 kB[22m
2026-10-09T16:23:03.9399664Z [2mdist/[22m[2massets/[22m[36mvendor-mermaid-xychartDiagram-2RQKCTM6-CPgLCEGk.js        [39m[1m[2m   40.76 kB[22m[1m[22m[2m │ gzip:  11.71 kB[22m
2026-10-09T16:23:03.9400799Z [2mdist/[22m[2massets/[22m[36mvendor-shiki-lang-shellscript-CVShcJ-M.js                 [39m[1m[2m   41.47 kB[22m[1m[22m[2m │ gzip:   6.09 kB[22m
2026-10-09T16:23:03.9401900Z [2mdist/[22m[2massets/[22m[36mvendor-mermaid-chunk-XPW4576I-DRFC3M8p.js                 [39m[1m[2m   42.22 kB[22m[1m[22m[2m │ gzip:  14.35 kB[22m
2026-10-09T16:23:03.9403034Z [2mdist/[22m[2massets/[22m[36mvendor-shikijs-vscode-textmate-BgLrS_2D.js                [39m[1m[2m   42.45 kB[22m[1m[22m[2m │ gzip:  11.97 kB[22m
2026-10-09T16:23:03.9404127Z [2mdist/[22m[2massets/[22m[36mvendor-mermaid-chunk-727SXJPM-D_ykg8zx.js                 [39m[1m[2m   49.36 kB[22m[1m[22m[2m │ gzip:  15.84 kB[22m
2026-10-09T16:23:03.9405197Z [2mdist/[22m[2massets/[22m[36mvendor-layout-base-CMXQqlmj.js                            [39m[1m[2m   51.53 kB[22m[1m[22m[2m │ gzip:  13.88 kB[22m
2026-10-09T16:23:03.9406389Z [2mdist/[22m[2massets/[22m[36mvendor-mermaid-flowDiagram-I6XJVG4X-BWcwJyWf.js           [39m[1m[2m   62.40 kB[22m[1m[22m[2m │ gzip:  20.08 kB[22m
2026-10-09T16:23:03.9407624Z [2mdist/[22m[2massets/[22m[36mvendor-mermaid-c4Diagram-AAUBKEIU-DbCxSl2V.js             [39m[1m[2m   71.24 kB[22m[1m[22m[2m │ gzip:  20.14 kB[22m
2026-10-09T16:23:03.9408757Z [2mdist/[22m[2massets/[22m[36mvendor-mermaid-blockDiagram-GPEHLZMM-CyNvjzBz.js          [39m[1m[2m   73.09 kB[22m[1m[22m[2m │ gzip:  21.06 kB[22m
2026-10-09T16:23:03.9409866Z [2mdist/[22m[2massets/[22m[36mAuditFixtures-CIyP-JbO.js                                 [39m[1m[2m   79.35 kB[22m[1m[22m[2m │ gzip:  21.28 kB[22m
2026-10-09T16:23:03.9410869Z [2mdist/[22m[2massets/[22m[36mvue-vendor-BAqfWcF5.js                                    [39m[1m[2m   79.66 kB[22m[1m[22m[2m │ gzip:  31.49 kB[22m
2026-10-09T16:23:03.9411914Z [2mdist/[22m[2massets/[22m[36mvendor-shiki-lang-csharp-C5da4HE5.js                      [39m[1m[2m   90.18 kB[22m[1m[22m[2m │ gzip:  10.75 kB[22m
2026-10-09T16:23:03.9413001Z [2mdist/[22m[2massets/[22m[36mvendor-mermaid-chunk-3OPIFGDE-nq3mWoSr.js                 [39m[1m[2m  100.88 kB[22m[1m[22m[2m │ gzip:  25.06 kB[22m
2026-10-09T16:23:03.9414077Z [2mdist/[22m[2massets/[22m[36mvendor-gsap-a3sj5zmn.js                                   [39m[1m[2m  114.01 kB[22m[1m[22m[2m │ gzip:  45.16 kB[22m
2026-10-09T16:23:03.9415168Z [2mdist/[22m[2massets/[22m[36mvendor-mermaid-sequenceDiagram-3UESZ5HK-BjdCYko_.js       [39m[1m[2m  118.24 kB[22m[1m[22m[2m │ gzip:  31.60 kB[22m
2026-10-09T16:23:03.9416380Z [2mdist/[22m[2massets/[22m[36mvendor-cytoscape-fcose-BxiXe0hV.js                        [39m[1m[2m  124.53 kB[22m[1m[22m[2m │ gzip:  34.53 kB[22m
2026-10-09T16:23:03.9417391Z [2mdist/[22m[2massets/[22m[36mApp-CY3wu-DV.js                                           [39m[1m[2m  138.32 kB[22m[1m[22m[2m │ gzip:  42.49 kB[22m
2026-10-09T16:23:03.9418428Z [2mdist/[22m[2massets/[22m[36mvendor-shiki-lang-javascript-DI5JR1nB.js                  [39m[1m[2m  174.82 kB[22m[1m[22m[2m │ gzip:  16.51 kB[22m
2026-10-09T16:23:03.9419545Z [2mdist/[22m[2massets/[22m[36mvendor-shiki-lang-typescript-CLbcAoys.js                  [39m[1m[2m  181.07 kB[22m[1m[22m[2m │ gzip:  16.03 kB[22m
2026-10-09T16:23:03.9420659Z [2mdist/[22m[2massets/[22m[36mvendor-mermaid-chunk-CSCIHK7Q-CLr9xABC.js                 [39m[1m[2m  192.44 kB[22m[1m[22m[2m │ gzip:  20.17 kB[22m
2026-10-09T16:23:03.9421949Z [2mdist/[22m[2massets/[22m[36mvendor-katex-DnlPpQZa.js                                  [39m[1m[2m  260.01 kB[22m[1m[22m[2m │ gzip:  77.34 kB[22m
2026-10-09T16:23:03.9422928Z [2mdist/[22m[2massets/[22m[36mkatex-HP8lGamR.js                                         [39m[1m[2m  261.31 kB[22m[1m[22m[2m │ gzip:  77.57 kB[22m
2026-10-09T16:23:03.9423917Z [2mdist/[22m[2massets/[22m[36mvendor-cytoscape-D3_iZ_3b.js                              [39m[1m[2m  442.92 kB[22m[1m[22m[2m │ gzip: 141.93 kB[22m
2026-10-09T16:23:03.9425004Z [2mdist/[22m[2massets/[22m[36mvendor-mermaid-parser-chunk-NNHCCRGN-BEXJcytT.js          [39m[1m[2m  601.26 kB[22m[1m[22m[2m │ gzip: 144.96 kB[22m
2026-10-09T16:23:03.9426183Z [2mdist/[22m[2massets/[22m[36mfsus-ui-Dg8iXZVJ.js                                       [39m[1m[2m1,749.45 kB[22m[1m[22m[2m │ gzip: 521.34 kB[22m
2026-10-09T16:23:03.9426798Z [32m✓ built in 24.18s[39m
2026-10-09T16:23:05.0834122Z [visual-runtime] ready manifest=.tmp/visual-runtime-playwright/manifest.json
2026-10-09T16:23:05.0834632Z [visual-runtime] demo-dist=demo-dist source-fingerprint=2418b0a18a770cfce13d37e36c9a775470a35813629d8bbe7e93865efebc2a2d
2026-10-09T16:23:05.1020926Z ##[group]Run node scripts/layout-playwright-owner-run.mjs --owner playwright-layout --group pr --impact-plan .tmp/playwright-impact/receipt.json --runtime-dir .tmp/visual-runtime-playwright --evidence-dir .tmp/playwright-layout --server-port 4181 --skip-prepare
2026-10-09T16:23:05.1021891Z [36;1mnode scripts/layout-playwright-owner-run.mjs --owner playwright-layout --group pr --impact-plan .tmp/playwright-impact/receipt.json --runtime-dir .tmp/visual-runtime-playwright --evidence-dir .tmp/playwright-layout --server-port 4181 --skip-prepare[0m
2026-10-09T16:23:05.1073865Z shell: /usr/bin/bash -e {0}
2026-10-09T16:23:05.1074022Z env:
2026-10-09T16:23:05.1074226Z   PLAYWRIGHT_BROWSERS_PATH: /home/runner/work/FsusUI/FsusUI/.tmp/playwright-browsers
2026-10-09T16:23:05.1074481Z   FSUS_DOM_LAYOUT_WORKERS: 4
2026-10-09T16:23:05.1074661Z   PNPM_HOME: /home/runner/setup-pnpm/node_modules/.bin
2026-10-09T16:23:05.1075570Z   PATH: /home/runner/work/FsusUI/FsusUI/emsdk-cache/emsdk-main:/home/runner/work/FsusUI/FsusUI/emsdk-cache/emsdk-main/upstream/emscripten:/opt/hostedtoolcache/node/22.23.3/x64/bin:/home/runner/setup-pnpm/node_modules/.bin:/snap/bin:/home/runner/.local/bin:/opt/pipx_bin:/home/runner/.cargo/bin:/home/runner/.config/composer/vendor/bin:/usr/local/.ghcup/bin:/home/runner/.dotnet/tools:/usr/local/sbin:/usr/local/bin:/usr/sbin:/usr/bin:/sbin:/bin:/usr/games:/usr/local/games
2026-10-09T16:23:05.1076580Z   EMSDK: /home/runner/work/FsusUI/FsusUI/emsdk-cache/emsdk-main
2026-10-09T16:23:05.1076869Z   EMSDK_NODE: /home/runner/work/FsusUI/FsusUI/emsdk-cache/emsdk-main/node/22.16.0_64bit/bin/node
2026-10-09T16:23:05.1077117Z ##[endgroup]
2026-10-09T16:23:05.3150068Z [playwright-layout] owner=playwright-layout group=pr cells=1 commit=de0b90b49697a40741220e5e8cce23f7dc460195 digest=63bdf6453f85852d081127328b63b683237d2e827413485a4d4c040f27df8500
2026-10-09T16:24:28.9959445Z [playwright-layout] geometry-smoke/chromium status=failure passed=35 failed=1 skipped=0 receipt=.readiness/receipts/playwright-layout/geometry-smoke-chromium.json
2026-10-09T16:24:28.9983630Z [playwright-layout] invalid receipt geometry-smoke/chromium: cell geometry-smoke/chromium status=failure
2026-10-09T16:24:28.9984178Z [playwright-layout] owner=playwright-layout group=pr status=failure cells=1 evidence=.tmp/playwright-layout/evidence.json
2026-10-09T16:24:29.0183649Z ##[error]Process completed with exit code 1.
2026-10-09T16:24:29.0232358Z ##[group]Run actions/upload-artifact@v4
2026-10-09T16:24:29.0232545Z with:
2026-10-09T16:24:29.0232689Z   name: playwright-layout-evidence-pr
2026-10-09T16:24:29.0233031Z   path: .tmp/playwright-layout
.tmp/visual-runtime-playwright/manifest.json
.readiness/receipts/playwright-layout

2026-10-09T16:24:29.0233353Z   retention-days: 14
2026-10-09T16:24:29.0233643Z   if-no-files-found: warn
2026-10-09T16:24:29.0233795Z   compression-level: 6
2026-10-09T16:24:29.0233935Z   overwrite: false
2026-10-09T16:24:29.0234079Z   include-hidden-files: false
2026-10-09T16:24:29.0234233Z env:
2026-10-09T16:24:29.0234446Z   PLAYWRIGHT_BROWSERS_PATH: /home/runner/work/FsusUI/FsusUI/.tmp/playwright-browsers
2026-10-09T16:24:29.0234703Z   FSUS_DOM_LAYOUT_WORKERS: 4
2026-10-09T16:24:29.0234889Z   PNPM_HOME: /home/runner/setup-pnpm/node_modules/.bin
2026-10-09T16:24:29.0235875Z   PATH: /home/runner/work/FsusUI/FsusUI/emsdk-cache/emsdk-main:/home/runner/work/FsusUI/FsusUI/emsdk-cache/emsdk-main/upstream/emscripten:/opt/hostedtoolcache/node/22.23.3/x64/bin:/home/runner/setup-pnpm/node_modules/.bin:/snap/bin:/home/runner/.local/bin:/opt/pipx_bin:/home/runner/.cargo/bin:/home/runner/.config/composer/vendor/bin:/usr/local/.ghcup/bin:/home/runner/.dotnet/tools:/usr/local/sbin:/usr/local/bin:/usr/sbin:/usr/bin:/sbin:/bin:/usr/games:/usr/local/games
2026-10-09T16:24:29.0237005Z   EMSDK: /home/runner/work/FsusUI/FsusUI/emsdk-cache/emsdk-main
2026-10-09T16:24:29.0237321Z   EMSDK_NODE: /home/runner/work/FsusUI/FsusUI/emsdk-cache/emsdk-main/node/22.16.0_64bit/bin/node
2026-10-09T16:24:29.0237592Z ##[endgroup]
2026-10-09T16:24:29.1315949Z (node:4700) [DEP0040] DeprecationWarning: The `punycode` module is deprecated. Please use a userland alternative instead.
2026-10-09T16:24:29.1316611Z (Use `node --trace-deprecation ...` to show where the warning was created)
2026-10-09T16:24:29.1419869Z Multiple search paths detected. Calculating the least common ancestor of all paths
2026-10-09T16:24:29.1421508Z The least common ancestor is /home/runner/work/FsusUI/FsusUI. This will be the root directory of the artifact
2026-10-09T16:24:29.1422113Z With the provided path, there will be 5 files uploaded
2026-10-09T16:24:29.1425005Z Artifact name is valid!
2026-10-09T16:24:29.1425629Z Root directory input is valid!
2026-10-09T16:24:29.4225946Z Beginning upload of artifact content to blob storage
2026-10-09T16:24:29.5949419Z (node:4700) [DEP0169] DeprecationWarning: `url.parse()` behavior is not standardized and prone to errors that have security implications. Use the WHATWG URL API instead. CVEs are not issued for `url.parse()` vulnerabilities.
2026-10-09T16:24:30.0653194Z Uploaded bytes 5627650
2026-10-09T16:24:30.1028712Z Finished uploading artifact content to blob storage!
2026-10-09T16:24:30.1029521Z SHA256 digest of uploaded artifact zip is a8ad64afca993f7e067dd71ae4ba20da0df54d49dafd2a814d27b9de1ec28f6e
2026-10-09T16:24:30.1031000Z Finalizing artifact upload
2026-10-09T16:24:30.3589620Z Artifact playwright-layout-evidence-pr.zip successfully finalized. Artifact ID 11631211100
2026-10-09T16:24:30.3590448Z Artifact playwright-layout-evidence-pr has been successfully uploaded! Final size is 5627650 bytes. Artifact ID is 11631211100
2026-10-09T16:24:30.3594154Z Artifact download URL: https://github.com/Ozwasyd/FsusUI/actions/runs/37958456189/artifacts/11631211100
2026-10-09T16:24:30.3762506Z Prepare all required actions
2026-10-09T16:24:30.3762843Z Getting action download info
2026-10-09T16:24:30.5621261Z ##[group]Run ./.github/actions/readiness-manifest
2026-10-09T16:24:30.5621447Z with:
2026-10-09T16:24:30.5621578Z   gate: playwright-layout
2026-10-09T16:24:30.5621721Z   group: pr
2026-10-09T16:24:30.5621841Z   status: failure
2026-10-09T16:24:30.5622020Z   playwright-receipts: .readiness/receipts/playwright-layout
2026-10-09T16:24:30.5622252Z   playwright-plan: .tmp/playwright-impact/receipt.json
2026-10-09T16:24:30.5622442Z   artifact-suffix: single
2026-10-09T16:24:30.5622584Z env:
2026-10-09T16:24:30.5622782Z   PLAYWRIGHT_BROWSERS_PATH: /home/runner/work/FsusUI/FsusUI/.tmp/playwright-browsers
2026-10-09T16:24:30.5623021Z   FSUS_DOM_LAYOUT_WORKERS: 4
2026-10-09T16:24:30.5623194Z   PNPM_HOME: /home/runner/setup-pnpm/node_modules/.bin
2026-10-09T16:24:30.5624085Z   PATH: /home/runner/work/FsusUI/FsusUI/emsdk-cache/emsdk-main:/home/runner/work/FsusUI/FsusUI/emsdk-cache/emsdk-main/upstream/emscripten:/opt/hostedtoolcache/node/22.23.3/x64/bin:/home/runner/setup-pnpm/node_modules/.bin:/snap/bin:/home/runner/.local/bin:/opt/pipx_bin:/home/runner/.cargo/bin:/home/runner/.config/composer/vendor/bin:/usr/local/.ghcup/bin:/home/runner/.dotnet/tools:/usr/local/sbin:/usr/local/bin:/usr/sbin:/usr/bin:/sbin:/bin:/usr/games:/usr/local/games
2026-10-09T16:24:30.5625122Z   EMSDK: /home/runner/work/FsusUI/FsusUI/emsdk-cache/emsdk-main
2026-10-09T16:24:30.5625407Z   EMSDK_NODE: /home/runner/work/FsusUI/FsusUI/emsdk-cache/emsdk-main/node/22.16.0_64bit/bin/node
2026-10-09T16:24:30.5625650Z ##[endgroup]
2026-10-09T16:24:30.5661292Z ##[start-action display=Emit structured leaf manifest;id=__self.__run]
2026-10-09T16:24:30.5677730Z ##[group]Run args=(emit --gate "$READINESS_GATE" --group "$READINESS_GROUP" --status "$READINESS_STATUS")
2026-10-09T16:24:30.5678118Z [36;1margs=(emit --gate "$READINESS_GATE" --group "$READINESS_GROUP" --status "$READINESS_STATUS")[0m
2026-10-09T16:24:30.5678415Z [36;1mif [ -n "$READINESS_PLAYWRIGHT_RECEIPTS" ]; then[0m
2026-10-09T16:24:30.5678678Z [36;1m  args+=(--playwright-receipts "$READINESS_PLAYWRIGHT_RECEIPTS")[0m
2026-10-09T16:24:30.5678892Z [36;1mfi[0m
2026-10-09T16:24:30.5679041Z [36;1mif [ -n "$READINESS_PLAYWRIGHT_PLAN" ]; then[0m
2026-10-09T16:24:30.5679265Z [36;1m  args+=(--playwright-plan "$READINESS_PLAYWRIGHT_PLAN")[0m
2026-10-09T16:24:30.5679456Z [36;1mfi[0m
2026-10-09T16:24:30.5679626Z [36;1mIFS=',' read -ra dimensions <<< "$READINESS_DIMENSIONS"[0m
2026-10-09T16:24:30.5679835Z [36;1mfor dimension in "${dimensions[@]}"; do[0m
2026-10-09T16:24:30.5680055Z [36;1m  test -z "$dimension" || args+=(--dimension "$dimension")[0m
2026-10-09T16:24:30.5680243Z [36;1mdone[0m
2026-10-09T16:24:30.5680377Z [36;1mwhile IFS= read -r artifact; do[0m
2026-10-09T16:24:30.5680578Z [36;1m  test -z "$artifact" || args+=(--artifact "$artifact")[0m
2026-10-09T16:24:30.5680772Z [36;1mdone <<< "$READINESS_ARTIFACTS"[0m
2026-10-09T16:24:30.5680959Z [36;1mnode scripts/ci-readiness.mjs "${args[@]}"[0m
2026-10-09T16:24:30.5733414Z shell: /usr/bin/bash --noprofile --norc -e -o pipefail {0}
2026-10-09T16:24:30.5733611Z env:
2026-10-09T16:24:30.5733816Z   PLAYWRIGHT_BROWSERS_PATH: /home/runner/work/FsusUI/FsusUI/.tmp/playwright-browsers
2026-10-09T16:24:30.5734057Z   FSUS_DOM_LAYOUT_WORKERS: 4
2026-10-09T16:24:30.5734236Z   PNPM_HOME: /home/runner/setup-pnpm/node_modules/.bin
2026-10-09T16:24:30.5735118Z   PATH: /home/runner/work/FsusUI/FsusUI/emsdk-cache/emsdk-main:/home/runner/work/FsusUI/FsusUI/emsdk-cache/emsdk-main/upstream/emscripten:/opt/hostedtoolcache/node/22.23.3/x64/bin:/home/runner/setup-pnpm/node_modules/.bin:/snap/bin:/home/runner/.local/bin:/opt/pipx_bin:/home/runner/.cargo/bin:/home/runner/.config/composer/vendor/bin:/usr/local/.ghcup/bin:/home/runner/.dotnet/tools:/usr/local/sbin:/usr/local/bin:/usr/sbin:/usr/bin:/sbin:/bin:/usr/games:/usr/local/games
2026-10-09T16:24:30.5736300Z   EMSDK: /home/runner/work/FsusUI/FsusUI/emsdk-cache/emsdk-main
2026-10-09T16:24:30.5736596Z   EMSDK_NODE: /home/runner/work/FsusUI/FsusUI/emsdk-cache/emsdk-main/node/22.16.0_64bit/bin/node
2026-10-09T16:24:30.5736851Z   READINESS_GATE: playwright-layout
2026-10-09T16:24:30.5737015Z   READINESS_GROUP: pr
2026-10-09T16:24:30.5737160Z   READINESS_STATUS: failure
2026-10-09T16:24:30.5737311Z   READINESS_DIMENSIONS: 
2026-10-09T16:24:30.5737453Z   READINESS_ARTIFACTS: 
2026-10-09T16:24:30.5737652Z   READINESS_PLAYWRIGHT_RECEIPTS: .readiness/receipts/playwright-layout
2026-10-09T16:24:30.5737912Z   READINESS_PLAYWRIGHT_PLAN: .tmp/playwright-impact/receipt.json
2026-10-09T16:24:30.5738111Z ##[endgroup]
2026-10-09T16:24:30.6056516Z file:///home/runner/work/FsusUI/FsusUI/scripts/ci-readiness.mjs:175
2026-10-09T16:24:30.6056874Z       throw new Error(
2026-10-09T16:24:30.6057061Z             ^
2026-10-09T16:24:30.6057176Z 
2026-10-09T16:24:30.6057490Z Error: playwright receipt geometry-smoke/chromium status is failure.
2026-10-09T16:24:30.6058086Z     at emitPlaywright (file:///home/runner/work/FsusUI/FsusUI/scripts/ci-readiness.mjs:175:13)
2026-10-09T16:24:30.6058854Z     at file:///home/runner/work/FsusUI/FsusUI/scripts/ci-readiness.mjs:363:5
2026-10-09T16:24:30.6059306Z     at ModuleJob.run (node:internal/modules/esm/module_job:343:25)
2026-10-09T16:24:30.6059811Z     at async onImport.tracePromise.__proto__ (node:internal/modules/esm/loader:681:26)
2026-10-09T16:24:30.6060349Z     at async asyncRunEntryPointWithESMLoader (node:internal/modules/run_main:117:5)
2026-10-09T16:24:30.6060635Z 
2026-10-09T16:24:30.6060720Z Node.js v22.23.3
2026-10-09T16:24:30.6087785Z ##[error]Process completed with exit code 1.
2026-10-09T16:24:30.6094977Z ##[end-action id=__self.__run;outcome=failure;conclusion=failure;duration_ms=43]
2026-10-09T16:24:30.6096963Z ##[start-action display=Upload structured leaf manifest;id=__self.__actions_upload-artifact]
2026-10-09T16:24:30.6120039Z ##[group]Run actions/upload-artifact@v4
2026-10-09T16:24:30.6120209Z with:
2026-10-09T16:24:30.6120374Z   name: readiness-manifest-playwright-layout-single
2026-10-09T16:24:30.6120576Z   path: .readiness
2026-10-09T16:24:30.6120716Z   include-hidden-files: true
2026-10-09T16:24:30.6120870Z   if-no-files-found: warn
2026-10-09T16:24:30.6121011Z   overwrite: true
2026-10-09T16:24:30.6121137Z   retention-days: 7
2026-10-09T16:24:30.6121271Z   compression-level: 6
2026-10-09T16:24:30.6121405Z env:
2026-10-09T16:24:30.6121609Z   PLAYWRIGHT_BROWSERS_PATH: /home/runner/work/FsusUI/FsusUI/.tmp/playwright-browsers
2026-10-09T16:24:30.6121850Z   FSUS_DOM_LAYOUT_WORKERS: 4
2026-10-09T16:24:30.6122025Z   PNPM_HOME: /home/runner/setup-pnpm/node_modules/.bin
2026-10-09T16:24:30.6122913Z   PATH: /home/runner/work/FsusUI/FsusUI/emsdk-cache/emsdk-main:/home/runner/work/FsusUI/FsusUI/emsdk-cache/emsdk-main/upstream/emscripten:/opt/hostedtoolcache/node/22.23.3/x64/bin:/home/runner/setup-pnpm/node_modules/.bin:/snap/bin:/home/runner/.local/bin:/opt/pipx_bin:/home/runner/.cargo/bin:/home/runner/.config/composer/vendor/bin:/usr/local/.ghcup/bin:/home/runner/.dotnet/tools:/usr/local/sbin:/usr/local/bin:/usr/sbin:/usr/bin:/sbin:/bin:/usr/games:/usr/local/games
2026-10-09T16:24:30.6123808Z   EMSDK: /home/runner/work/FsusUI/FsusUI/emsdk-cache/emsdk-main
2026-10-09T16:24:30.6124098Z   EMSDK_NODE: /home/runner/work/FsusUI/FsusUI/emsdk-cache/emsdk-main/node/22.16.0_64bit/bin/node
2026-10-09T16:24:30.6124344Z ##[endgroup]
2026-10-09T16:24:30.7160487Z (node:4723) [DEP0040] DeprecationWarning: The `punycode` module is deprecated. Please use a userland alternative instead.
2026-10-09T16:24:30.7161197Z (Use `node --trace-deprecation ...` to show where the warning was created)
2026-10-09T16:24:30.7237214Z With the provided path, there will be 1 file uploaded
2026-10-09T16:24:30.9197429Z Artifact name is valid!
2026-10-09T16:24:30.9198355Z Root directory input is valid!
2026-10-09T16:24:31.1248287Z Beginning upload of artifact content to blob storage
2026-10-09T16:24:31.1348765Z (node:4723) [DEP0169] DeprecationWarning: `url.parse()` behavior is not standardized and prone to errors that have security implications. Use the WHATWG URL API instead. CVEs are not issued for `url.parse()` vulnerabilities.
2026-10-09T16:24:31.2582892Z Uploaded bytes 932
2026-10-09T16:24:31.2953199Z Finished uploading artifact content to blob storage!
2026-10-09T16:24:31.2953879Z SHA256 digest of uploaded artifact zip is 573506adcf4f7c558384a2faaa861680241a726c9fb77b2cf0071a36d9a6403a
2026-10-09T16:24:31.2954375Z Finalizing artifact upload
2026-10-09T16:24:31.5555679Z Artifact readiness-manifest-playwright-layout-single.zip successfully finalized. Artifact ID 11629836409
2026-10-09T16:24:31.5556403Z Artifact readiness-manifest-playwright-layout-single has been successfully uploaded! Final size is 932 bytes. Artifact ID is 11629836409
2026-10-09T16:24:31.5560179Z Artifact download URL: https://github.com/Ozwasyd/FsusUI/actions/runs/37958456189/artifacts/11629836409
2026-10-09T16:24:31.5647486Z ##[end-action id=__self.__actions_upload-artifact;outcome=success;conclusion=success;duration_ms=954]
2026-10-09T16:24:31.5706428Z Post job cleanup.
2026-10-09T16:24:31.6515857Z Pruning is unnecessary.
2026-10-09T16:24:31.6664588Z Post job cleanup.
2026-10-09T16:24:31.7206594Z [command]/usr/bin/git version
2026-10-09T16:24:31.7236125Z git version 2.55.0
2026-10-09T16:24:31.7257727Z Temporarily overriding HOME='/home/runner/work/_temp/2a82f7eb-dbaa-4bfc-9771-0486f571e117' before making global git config changes
2026-10-09T16:24:31.7258509Z Adding repository directory to the temporary git global config as a safe directory
2026-10-09T16:24:31.7261222Z [command]/usr/bin/git config --global --add safe.directory /home/runner/work/FsusUI/FsusUI
2026-10-09T16:24:31.7288928Z [command]/usr/bin/git config --local --name-only --get-regexp core\.sshCommand
2026-10-09T16:24:31.7313272Z [command]/usr/bin/git submodule foreach --recursive sh -c "git config --local --name-only --get-regexp 'core\.sshCommand' && git config --local --unset-all 'core.sshCommand' || :"
2026-10-09T16:24:31.7500446Z [command]/usr/bin/git config --local --name-only --get-regexp http\.https\:\/\/github\.com\/\.extraheader
2026-10-09T16:24:31.7523808Z http.https://github.com/.extraheader
2026-10-09T16:24:31.7538248Z [command]/usr/bin/git config --local --unset-all http.https://github.com/.extraheader
2026-10-09T16:24:31.7564764Z [command]/usr/bin/git submodule foreach --recursive sh -c "git config --local --name-only --get-regexp 'http\.https\:\/\/github\.com\/\.extraheader' && git config --local --unset-all 'http.https://github.com/.extraheader' || :"
2026-10-09T16:24:31.7779183Z [command]/usr/bin/git config --local --name-only --get-regexp ^includeIf\.gitdir:
2026-10-09T16:24:31.7815053Z [command]/usr/bin/git submodule foreach --recursive git config --local --show-origin --name-only --get-regexp remote.origin.url
2026-10-09T16:24:31.8091658Z Cleaning up orphan processes
2026-10-09T16:24:31.8314336Z ##[warning]Node.js 20 is deprecated. The following actions target Node.js 20 but are being forced to run on Node.js 24: actions/cache@v4, actions/checkout@v4, actions/download-artifact@v4, actions/setup-node@v4, actions/upload-artifact@v4, pnpm/action-setup@v4. For more information see: https://github.blog/changelog/2025-09-19-deprecation-of-node-20-on-github-actions-runners/
