2026-10-09T16:21:50.6038566Z Current runner version: '2.337.0'
2026-10-09T16:21:50.6055924Z ##[group]Runner Image Provisioner
2026-10-09T16:21:50.6056534Z Hosted Compute Agent
2026-10-09T16:21:50.6056902Z Version: 20261002.596
2026-10-09T16:21:50.6057289Z Commit: c3d12f3313a95f25162a1503be624f3b0617f8c0
2026-10-09T16:21:50.6057745Z Build Date: 2026-10-02T22:28:27Z
2026-10-09T16:21:50.6058131Z Worker ID: {b3abe699-9b86-4049-a728-419967fc8d9a}
2026-10-09T16:21:50.6058567Z Region: westus2
2026-10-09T16:21:50.6058886Z Cloud: Azure
2026-10-09T16:21:50.6059187Z ##[endgroup]
2026-10-09T16:21:50.6059973Z ##[group]Operating System
2026-10-09T16:21:50.6060315Z Ubuntu
2026-10-09T16:21:50.6060638Z 24.04.5
2026-10-09T16:21:50.6060951Z LTS
2026-10-09T16:21:50.6061267Z ##[endgroup]
2026-10-09T16:21:50.6061651Z ##[group]Runner Image
2026-10-09T16:21:50.6062008Z Image: ubuntu-24.04
2026-10-09T16:21:50.6062356Z Version: 20261004.327.1
2026-10-09T16:21:50.6063090Z Included Software: https://github.com/actions/runner-images/blob/ubuntu24/20261004.327/images/ubuntu/Ubuntu2404-Readme.md
2026-10-09T16:21:50.6063997Z Image Release: https://github.com/actions/runner-images/releases/tag/ubuntu24%2F20261004.327
2026-10-09T16:21:50.6064539Z ##[endgroup]
2026-10-09T16:21:50.6065338Z ##[group]GITHUB_TOKEN Permissions
2026-10-09T16:21:50.6066450Z Contents: read
2026-10-09T16:21:50.6066844Z Metadata: read
2026-10-09T16:21:50.6067176Z Packages: read
2026-10-09T16:21:50.6067494Z ##[endgroup]
2026-10-09T16:21:50.6069070Z Secret source: Actions
2026-10-09T16:21:50.6069625Z Cache mode: write
2026-10-09T16:21:50.6070078Z Prepare workflow directory
2026-10-09T16:21:50.6385877Z Prepare all required actions
2026-10-09T16:21:50.6417584Z Getting action download info
2026-10-09T16:21:51.0245512Z Download action repository 'actions/checkout@v4' (SHA:11d5960a326750d5838078e36cf38b85af677262)
2026-10-09T16:21:51.1060733Z Download action repository 'pnpm/action-setup@v4' (SHA:b906affcce14559ad1aafd4ab0e942779e9f58b1)
2026-10-09T16:21:51.4187169Z Download action repository 'actions/setup-node@v4' (SHA:49933ea5288caeca8642d1e84afbd3f7d6820020)
2026-10-09T16:21:51.5280871Z Download action repository 'emscripten-core/setup-emsdk@v15' (SHA:667eb33f24e84e7f362c16d8d7fff0629a73e15e)
2026-10-09T16:21:51.7763324Z Download action repository 'actions/cache@v4' (SHA:0057852bfaa89a56745cba8c7296529d2fc39830)
2026-10-09T16:21:51.9354530Z Download action repository 'actions/download-artifact@v4' (SHA:d3f86a106a0bac45b974a628896c90dbdf5c8093)
2026-10-09T16:21:52.2020687Z Download action repository 'actions/upload-artifact@v4' (SHA:ea165f8d65b6e75b540449e92b4886f43607fa02)
2026-10-09T16:21:52.5127309Z Uses: Ozwasyd/FsusUI/.github/workflows/_quality-playwright.yml@refs/pull/889/merge (de0b90b49697a40741220e5e8cce23f7dc460195)
2026-10-09T16:21:52.5130281Z ##[group] Inputs
2026-10-09T16:21:52.5130806Z   group: pr
2026-10-09T16:21:52.5131287Z ##[endgroup]
2026-10-09T16:21:52.5131955Z Complete job name: premerge-playwright / playwright-conformance
2026-10-09T16:21:52.5711312Z ##[group]Run actions/checkout@v4
2026-10-09T16:21:52.5712028Z with:
2026-10-09T16:21:52.5712500Z   repository: Ozwasyd/FsusUI
2026-10-09T16:21:52.5717173Z   token: ***
2026-10-09T16:21:52.5717638Z   ssh-strict: true
2026-10-09T16:21:52.5718111Z   ssh-user: git
2026-10-09T16:21:52.5718598Z   persist-credentials: true
2026-10-09T16:21:52.5719119Z   clean: true
2026-10-09T16:21:52.5719608Z   sparse-checkout-cone-mode: true
2026-10-09T16:21:52.5720170Z   fetch-depth: 1
2026-10-09T16:21:52.5720637Z   fetch-tags: false
2026-10-09T16:21:52.5721113Z   show-progress: true
2026-10-09T16:21:52.5721593Z   lfs: false
2026-10-09T16:21:52.5722036Z   submodules: false
2026-10-09T16:21:52.5722527Z   set-safe-directory: true
2026-10-09T16:21:52.5723090Z   allow-unsafe-pr-checkout: false
2026-10-09T16:21:52.5723728Z env:
2026-10-09T16:21:52.5724450Z   PLAYWRIGHT_BROWSERS_PATH: /home/runner/work/FsusUI/FsusUI/.tmp/playwright-browsers
2026-10-09T16:21:52.5725393Z ##[endgroup]
2026-10-09T16:21:52.6400264Z Syncing repository: Ozwasyd/FsusUI
2026-10-09T16:21:52.6402147Z ##[group]Getting Git version info
2026-10-09T16:21:52.6402865Z Working directory is '/home/runner/work/FsusUI/FsusUI'
2026-10-09T16:21:52.6403958Z [command]/usr/bin/git version
2026-10-09T16:21:52.6666208Z git version 2.55.0
2026-10-09T16:21:52.6690417Z ##[endgroup]
2026-10-09T16:21:52.6698865Z Temporarily overriding HOME='/home/runner/work/_temp/73ca4b6c-d4d5-458c-9079-b20c527726f4' before making global git config changes
2026-10-09T16:21:52.6701100Z Adding repository directory to the temporary git global config as a safe directory
2026-10-09T16:21:52.6702831Z [command]/usr/bin/git config --global --add safe.directory /home/runner/work/FsusUI/FsusUI
2026-10-09T16:21:52.6755483Z Deleting the contents of '/home/runner/work/FsusUI/FsusUI'
2026-10-09T16:21:52.6757988Z ##[group]Initializing the repository
2026-10-09T16:21:52.6761452Z [command]/usr/bin/git init /home/runner/work/FsusUI/FsusUI
2026-10-09T16:21:52.6935165Z hint: Using 'master' as the name for the initial branch. This default branch name
2026-10-09T16:21:52.6937165Z hint: will change to "main" in Git 3.0. To configure the initial branch name
2026-10-09T16:21:52.6938876Z hint: to use in all of your new repositories, which will suppress this warning,
2026-10-09T16:21:52.6940177Z hint: call:
2026-10-09T16:21:52.6941373Z hint:
2026-10-09T16:21:52.6942465Z hint: 	git config --global init.defaultBranch <name>
2026-10-09T16:21:52.6943566Z hint:
2026-10-09T16:21:52.6944610Z hint: Names commonly chosen instead of 'master' are 'main', 'trunk' and
2026-10-09T16:21:52.6946452Z hint: 'development'. The just-created branch can be renamed via this command:
2026-10-09T16:21:52.6947843Z hint:
2026-10-09T16:21:52.6948616Z hint: 	git branch -m <name>
2026-10-09T16:21:52.6949464Z hint:
2026-10-09T16:21:52.6950567Z hint: Disable this message with "git config set advice.defaultBranchName false"
2026-10-09T16:21:52.6952337Z Initialized empty Git repository in /home/runner/work/FsusUI/FsusUI/.git/
2026-10-09T16:21:52.6955482Z [command]/usr/bin/git remote add origin https://github.com/Ozwasyd/FsusUI
2026-10-09T16:21:52.7001383Z ##[endgroup]
2026-10-09T16:21:52.7002678Z ##[group]Disabling automatic garbage collection
2026-10-09T16:21:52.7003855Z [command]/usr/bin/git config --local gc.auto 0
2026-10-09T16:21:52.7036290Z ##[endgroup]
2026-10-09T16:21:52.7037529Z ##[group]Setting up auth
2026-10-09T16:21:52.7038673Z [command]/usr/bin/git config --local --name-only --get-regexp core\.sshCommand
2026-10-09T16:21:52.7066178Z [command]/usr/bin/git submodule foreach --recursive sh -c "git config --local --name-only --get-regexp 'core\.sshCommand' && git config --local --unset-all 'core.sshCommand' || :"
2026-10-09T16:21:52.7349055Z [command]/usr/bin/git config --local --name-only --get-regexp http\.https\:\/\/github\.com\/\.extraheader
2026-10-09T16:21:52.7375536Z [command]/usr/bin/git submodule foreach --recursive sh -c "git config --local --name-only --get-regexp 'http\.https\:\/\/github\.com\/\.extraheader' && git config --local --unset-all 'http.https://github.com/.extraheader' || :"
2026-10-09T16:21:52.7535991Z [command]/usr/bin/git config --local --name-only --get-regexp ^includeIf\.gitdir:
2026-10-09T16:21:52.7562247Z [command]/usr/bin/git submodule foreach --recursive git config --local --show-origin --name-only --get-regexp remote.origin.url
2026-10-09T16:21:52.7726219Z [command]/usr/bin/git config --local http.https://github.com/.extraheader AUTHORIZATION: basic ***
2026-10-09T16:21:52.7756351Z ##[endgroup]
2026-10-09T16:21:52.7757647Z ##[group]Fetching the repository
2026-10-09T16:21:52.7763528Z [command]/usr/bin/git -c protocol.version=2 fetch --no-tags --prune --no-recurse-submodules --depth=1 origin +de0b90b49697a40741220e5e8cce23f7dc460195:refs/remotes/pull/889/merge
2026-10-09T16:21:53.8484083Z From https://github.com/Ozwasyd/FsusUI
2026-10-09T16:21:53.8484866Z  * [new ref]         de0b90b49697a40741220e5e8cce23f7dc460195 -> pull/889/merge
2026-10-09T16:21:53.8495051Z ##[endgroup]
2026-10-09T16:21:53.8495498Z ##[group]Determining the checkout info
2026-10-09T16:21:53.8495818Z ##[endgroup]
2026-10-09T16:21:53.8503533Z [command]/usr/bin/git sparse-checkout disable
2026-10-09T16:21:53.8588037Z [command]/usr/bin/git config --local --unset-all extensions.worktreeConfig
2026-10-09T16:21:53.8613353Z ##[group]Checking out the ref
2026-10-09T16:21:53.8615614Z [command]/usr/bin/git checkout --progress --force refs/remotes/pull/889/merge
2026-10-09T16:21:54.1645038Z Note: switching to 'refs/remotes/pull/889/merge'.
2026-10-09T16:21:54.1645496Z 
2026-10-09T16:21:54.1645693Z You are in 'detached HEAD' state. You can look around, make experimental
2026-10-09T16:21:54.1646185Z changes and commit them, and you can discard any commits you make in this
2026-10-09T16:21:54.1646586Z state without impacting any branches by switching back to a branch.
2026-10-09T16:21:54.1646822Z 
2026-10-09T16:21:54.1647000Z If you want to create a new branch to retain commits you create, you may
2026-10-09T16:21:54.1647443Z do so (now or later) by using -c with the switch command. Example:
2026-10-09T16:21:54.1647669Z 
2026-10-09T16:21:54.1647768Z   git switch -c <new-branch-name>
2026-10-09T16:21:54.1647915Z 
2026-10-09T16:21:54.1648009Z Or undo this operation with:
2026-10-09T16:21:54.1648141Z 
2026-10-09T16:21:54.1648224Z   git switch -
2026-10-09T16:21:54.1648342Z 
2026-10-09T16:21:54.1648610Z Turn off this advice by setting config variable advice.detachedHead to false
2026-10-09T16:21:54.1648859Z 
2026-10-09T16:21:54.1649165Z HEAD is now at de0b90b Merge 6b5bb2fcaf7d1eef066b5d8e3e867504d2e00b8f into 8db0ac8f49749e3e5f28be5051bb3d3ed71ada71
2026-10-09T16:21:54.1666124Z ##[endgroup]
2026-10-09T16:21:54.1711258Z [command]/usr/bin/git log -1 --format=%H
2026-10-09T16:21:54.1734639Z de0b90b49697a40741220e5e8cce23f7dc460195
2026-10-09T16:21:54.1908966Z ##[group]Run pnpm/action-setup@v4
2026-10-09T16:21:54.1909131Z with:
2026-10-09T16:21:54.1909247Z   version: 10.33.0
2026-10-09T16:21:54.1909365Z   dest: ~/setup-pnpm
2026-10-09T16:21:54.1909483Z   run_install: null
2026-10-09T16:21:54.1909597Z   cache: false
2026-10-09T16:21:54.1909737Z   cache_dependency_path: pnpm-lock.yaml
2026-10-09T16:21:54.1909895Z   package_json_file: package.json
2026-10-09T16:21:54.1910054Z   standalone: false
2026-10-09T16:21:54.1910185Z env:
2026-10-09T16:21:54.1910379Z   PLAYWRIGHT_BROWSERS_PATH: /home/runner/work/FsusUI/FsusUI/.tmp/playwright-browsers
2026-10-09T16:21:54.1910606Z ##[endgroup]
2026-10-09T16:21:54.2753973Z ##[group]Running self-installer...
2026-10-09T16:21:54.5024763Z (node:2123) [DEP0169] DeprecationWarning: `url.parse()` behavior is not standardized and prone to errors that have security implications. Use the WHATWG URL API instead. CVEs are not issued for `url.parse()` vulnerabilities.
2026-10-09T16:21:54.5025567Z (Use `node --trace-deprecation ...` to show where the warning was created)
2026-10-09T16:21:54.6374299Z Progress: resolved 1, reused 0, downloaded 0, added 0
2026-10-09T16:21:54.8623107Z 
2026-10-09T16:21:54.8623658Z dependencies:
2026-10-09T16:21:54.8623898Z + pnpm 10.33.0
2026-10-09T16:21:54.8623996Z 
2026-10-09T16:21:54.8707805Z Packages: +1
2026-10-09T16:21:54.8736472Z +
2026-10-09T16:21:54.9148545Z Progress: resolved 1, reused 0, downloaded 1, added 1, done
2026-10-09T16:21:55.0132448Z Done in 636ms
2026-10-09T16:21:55.0263966Z ##[endgroup]
2026-10-09T16:21:55.0264351Z Installation Completed!
2026-10-09T16:21:55.0390842Z ##[group]Run actions/setup-node@v4
2026-10-09T16:21:55.0390990Z with:
2026-10-09T16:21:55.0391099Z   node-version: 22
2026-10-09T16:21:55.0391213Z   cache: pnpm
2026-10-09T16:21:55.0391339Z   cache-dependency-path: pnpm-lock.yaml
2026-10-09T16:21:55.0391488Z   always-auth: false
2026-10-09T16:21:55.0391604Z   check-latest: false
2026-10-09T16:21:55.0392899Z   token: ***
2026-10-09T16:21:55.0393008Z env:
2026-10-09T16:21:55.0393194Z   PLAYWRIGHT_BROWSERS_PATH: /home/runner/work/FsusUI/FsusUI/.tmp/playwright-browsers
2026-10-09T16:21:55.0393441Z   PNPM_HOME: /home/runner/setup-pnpm/node_modules/.bin
2026-10-09T16:21:55.0393602Z ##[endgroup]
2026-10-09T16:21:55.1252045Z Found in cache @ /opt/hostedtoolcache/node/22.23.3/x64
2026-10-09T16:21:55.1254927Z (node:2136) [DEP0040] DeprecationWarning: The `punycode` module is deprecated. Please use a userland alternative instead.
2026-10-09T16:21:55.1255619Z (Use `node --trace-deprecation ...` to show where the warning was created)
2026-10-09T16:21:55.1257017Z ##[group]Environment details
2026-10-09T16:21:58.2854033Z node: v22.23.3
2026-10-09T16:21:58.2854294Z npm: 10.9.9
2026-10-09T16:21:58.2854514Z yarn: 1.22.22
2026-10-09T16:21:58.2855847Z ##[endgroup]
2026-10-09T16:21:58.2870767Z [command]/home/runner/setup-pnpm/node_modules/.bin/pnpm store path --silent
2026-10-09T16:21:58.6693648Z /home/runner/setup-pnpm/node_modules/.bin/store/v10
2026-10-09T16:21:58.9486252Z Cache hit for: node-cache-Linux-x64-pnpm-6488f186c6e4d670f8d817ffdc3198dfda2e2a93c1c69fad45acdcee91a9fe09
2026-10-09T16:21:58.9547448Z (node:2136) [DEP0169] DeprecationWarning: `url.parse()` behavior is not standardized and prone to errors that have security implications. Use the WHATWG URL API instead. CVEs are not issued for `url.parse()` vulnerabilities.
2026-10-09T16:22:00.2646479Z Received 4194304 of 222137478 (1.9%), 4.0 MBs/sec
2026-10-09T16:22:01.2652408Z Received 130023424 of 222137478 (58.5%), 62.0 MBs/sec
2026-10-09T16:22:02.2651829Z Received 217943174 of 222137478 (98.1%), 69.3 MBs/sec
2026-10-09T16:22:02.7824419Z Received 222137478 of 222137478 (100.0%), 60.2 MBs/sec
2026-10-09T16:22:02.7824915Z Cache Size: ~212 MB (222137478 B)
2026-10-09T16:22:02.7847351Z [command]/usr/bin/tar -xf /home/runner/work/_temp/8b701f04-e277-468e-b651-16432795065b/cache.tzst -P -C /home/runner/work/FsusUI/FsusUI --use-compress-program unzstd
2026-10-09T16:22:04.5508505Z Cache restored successfully
2026-10-09T16:22:04.5600022Z Cache restored from key: node-cache-Linux-x64-pnpm-6488f186c6e4d670f8d817ffdc3198dfda2e2a93c1c69fad45acdcee91a9fe09
2026-10-09T16:22:04.5854644Z ##[group]Run emscripten-core/setup-emsdk@v15
2026-10-09T16:22:04.5854810Z with:
2026-10-09T16:22:04.5854919Z   version: 5.0.4
2026-10-09T16:22:04.5855058Z   actions-cache-folder: emsdk-cache
2026-10-09T16:22:04.5855392Z   no-install: false
2026-10-09T16:22:04.5855510Z   no-cache: false
2026-10-09T16:22:04.5855618Z   update: false
2026-10-09T16:22:04.5855731Z   update-tags: false
2026-10-09T16:22:04.5855847Z env:
2026-10-09T16:22:04.5856108Z   PLAYWRIGHT_BROWSERS_PATH: /home/runner/work/FsusUI/FsusUI/.tmp/playwright-browsers
2026-10-09T16:22:04.5856475Z   PNPM_HOME: /home/runner/setup-pnpm/node_modules/.bin
2026-10-09T16:22:04.5856734Z ##[endgroup]
2026-10-09T16:22:04.9201991Z Cache hit for: Quality Gates-5.0.4-linux-x64
2026-10-09T16:22:06.2316956Z Received 0 of 531478605 (0.0%), 0.0 MBs/sec
2026-10-09T16:22:07.2292415Z Received 130023424 of 531478605 (24.5%), 62.0 MBs/sec
2026-10-09T16:22:08.2298563Z Received 260046848 of 531478605 (48.9%), 82.7 MBs/sec
2026-10-09T16:22:09.2336391Z Received 398458880 of 531478605 (75.0%), 95.0 MBs/sec
2026-10-09T16:22:10.1882056Z Received 531478605 of 531478605 (100.0%), 102.2 MBs/sec
2026-10-09T16:22:10.1882495Z Cache Size: ~507 MB (531478605 B)
2026-10-09T16:22:10.1908167Z [command]/usr/bin/tar -xf /home/runner/work/_temp/51859b87-4759-4cd5-afb0-b1d55bff1ab8/cache.tzst -P -C /home/runner/work/FsusUI/FsusUI --use-compress-program unzstd
2026-10-09T16:22:14.8545913Z Cache restored successfully
2026-10-09T16:22:14.8760220Z [command]/home/runner/work/FsusUI/FsusUI/emsdk-cache/emsdk-main/emsdk activate 5.0.4
2026-10-09T16:22:14.9476557Z Resolving SDK version '5.0.4' to 'sdk-releases-54d45123d7ad4aa96ce57e74a1f3f9d1c54e6402-64bit'
2026-10-09T16:22:14.9477072Z Setting the following tools as active:
2026-10-09T16:22:14.9477253Z    node-22.16.0-64bit
2026-10-09T16:22:14.9477453Z    releases-54d45123d7ad4aa96ce57e74a1f3f9d1c54e6402-64bit
2026-10-09T16:22:14.9477603Z 
2026-10-09T16:22:14.9477661Z Next steps:
2026-10-09T16:22:14.9477872Z - To conveniently access emsdk tools from the command line,
2026-10-09T16:22:14.9478148Z   consider adding the following directories to your PATH:
2026-10-09T16:22:14.9478383Z     /home/runner/work/FsusUI/FsusUI/emsdk-cache/emsdk-main
2026-10-09T16:22:14.9478854Z     /home/runner/work/FsusUI/FsusUI/emsdk-cache/emsdk-main/upstream/emscripten
2026-10-09T16:22:14.9479138Z - This can be done for the current shell by running:
2026-10-09T16:22:14.9479398Z     source "/home/runner/work/FsusUI/FsusUI/emsdk-cache/emsdk-main/emsdk_env.sh"
2026-10-09T16:22:14.9479684Z - Configure emsdk in your shell startup scripts by running:
2026-10-09T16:22:14.9480017Z     echo 'source "/home/runner/work/FsusUI/FsusUI/emsdk-cache/emsdk-main/emsdk_env.sh"' >> $HOME/.bash_profile
2026-10-09T16:22:14.9540156Z [command]/home/runner/work/FsusUI/FsusUI/emsdk-cache/emsdk-main/emsdk construct_env
2026-10-09T16:22:15.0254626Z Setting up EMSDK environment (suppress these messages with EMSDK_QUIET=1)
2026-10-09T16:22:15.0255601Z Adding directories to PATH:
2026-10-09T16:22:15.0256171Z PATH += /home/runner/work/FsusUI/FsusUI/emsdk-cache/emsdk-main
2026-10-09T16:22:15.0256681Z PATH += /home/runner/work/FsusUI/FsusUI/emsdk-cache/emsdk-main/upstream/emscripten
2026-10-09T16:22:15.0256983Z 
2026-10-09T16:22:15.0257114Z Setting environment variables:
2026-10-09T16:22:15.0258990Z PATH = /home/runner/work/FsusUI/FsusUI/emsdk-cache/emsdk-main:/home/runner/work/FsusUI/FsusUI/emsdk-cache/emsdk-main/upstream/emscripten:/opt/hostedtoolcache/node/22.23.3/x64/bin:/home/runner/setup-pnpm/node_modules/.bin:/snap/bin:/home/runner/.local/bin:/opt/pipx_bin:/home/runner/.cargo/bin:/home/runner/.config/composer/vendor/bin:/usr/local/.ghcup/bin:/home/runner/.dotnet/tools:/usr/local/sbin:/usr/local/bin:/usr/sbin:/usr/bin:/sbin:/bin:/usr/games:/usr/local/games
2026-10-09T16:22:15.0260674Z EMSDK = /home/runner/work/FsusUI/FsusUI/emsdk-cache/emsdk-main
2026-10-09T16:22:15.0261224Z EMSDK_NODE = /home/runner/work/FsusUI/FsusUI/emsdk-cache/emsdk-main/node/22.16.0_64bit/bin/node
2026-10-09T16:22:15.0263597Z export PATH="/home/runner/work/FsusUI/FsusUI/emsdk-cache/emsdk-main:/home/runner/work/FsusUI/FsusUI/emsdk-cache/emsdk-main/upstream/emscripten:/opt/hostedtoolcache/node/22.23.3/x64/bin:/home/runner/setup-pnpm/node_modules/.bin:/snap/bin:/home/runner/.local/bin:/opt/pipx_bin:/home/runner/.cargo/bin:/home/runner/.config/composer/vendor/bin:/usr/local/.ghcup/bin:/home/runner/.dotnet/tools:/usr/local/sbin:/usr/local/bin:/usr/sbin:/usr/bin:/sbin:/bin:/usr/games:/usr/local/games";
2026-10-09T16:22:15.0265300Z export EMSDK="/home/runner/work/FsusUI/FsusUI/emsdk-cache/emsdk-main";
2026-10-09T16:22:15.0265891Z export EMSDK_NODE="/home/runner/work/FsusUI/FsusUI/emsdk-cache/emsdk-main/node/22.16.0_64bit/bin/node";
2026-10-09T16:22:15.1517238Z ##[group]Run pnpm install --frozen-lockfile
2026-10-09T16:22:15.1517483Z [36;1mpnpm install --frozen-lockfile[0m
2026-10-09T16:22:15.2562654Z shell: /usr/bin/bash -e {0}
2026-10-09T16:22:15.2562810Z env:
2026-10-09T16:22:15.2563016Z   PLAYWRIGHT_BROWSERS_PATH: /home/runner/work/FsusUI/FsusUI/.tmp/playwright-browsers
2026-10-09T16:22:15.2563282Z   PNPM_HOME: /home/runner/setup-pnpm/node_modules/.bin
2026-10-09T16:22:15.2564172Z   PATH: /home/runner/work/FsusUI/FsusUI/emsdk-cache/emsdk-main:/home/runner/work/FsusUI/FsusUI/emsdk-cache/emsdk-main/upstream/emscripten:/opt/hostedtoolcache/node/22.23.3/x64/bin:/home/runner/setup-pnpm/node_modules/.bin:/snap/bin:/home/runner/.local/bin:/opt/pipx_bin:/home/runner/.cargo/bin:/home/runner/.config/composer/vendor/bin:/usr/local/.ghcup/bin:/home/runner/.dotnet/tools:/usr/local/sbin:/usr/local/bin:/usr/sbin:/usr/bin:/sbin:/bin:/usr/games:/usr/local/games
2026-10-09T16:22:15.2565103Z   EMSDK: /home/runner/work/FsusUI/FsusUI/emsdk-cache/emsdk-main
2026-10-09T16:22:15.2565570Z   EMSDK_NODE: /home/runner/work/FsusUI/FsusUI/emsdk-cache/emsdk-main/node/22.16.0_64bit/bin/node
2026-10-09T16:22:15.2565814Z ##[endgroup]
2026-10-09T16:22:15.4743929Z Scope: all 20 workspace projects
2026-10-09T16:22:15.5450915Z Lockfile is up to date, resolution step is skipped
2026-10-09T16:22:15.7267324Z Packages: +1697
2026-10-09T16:22:15.7272281Z ++++++++++++++++++++++++++++++++++++++++++++++++++++++++++++++++++++++++++++++++
2026-10-09T16:22:15.7304985Z Progress: resolved 0, reused 1, downloaded 0, added 0
2026-10-09T16:22:16.7305620Z Progress: resolved 0, reused 1547, downloaded 0, added 1051
2026-10-09T16:22:17.1858494Z Progress: resolved 0, reused 1547, downloaded 0, added 1697, done
2026-10-09T16:22:17.4058233Z 
2026-10-09T16:22:17.4058933Z dependencies:
2026-10-09T16:22:17.4059312Z + @element-plus/components 0.0.5 <- vue/packages/components
2026-10-09T16:22:17.4059580Z + @element-plus/constants <- vue/packages/constants
2026-10-09T16:22:17.4059873Z + @element-plus/directives 0.0.5 <- vue/packages/directives
2026-10-09T16:22:17.4060101Z + @element-plus/hooks 0.0.5 <- vue/packages/hooks
2026-10-09T16:22:17.4060331Z + @element-plus/icons-vue 2.3.2 <- vue/packages/icons-vue
2026-10-09T16:22:17.4060557Z + @element-plus/locale 0.0.5 <- vue/packages/locale
2026-10-09T16:22:17.4060788Z + @element-plus/test-utils 0.0.5 <- vue/packages/test-utils
2026-10-09T16:22:17.4061085Z + @element-plus/theme-chalk 0.1.0 <- vue/packages/theme-chalk
2026-10-09T16:22:17.4061463Z + @element-plus/utils <- vue/packages/utils
2026-10-09T16:22:17.4061722Z + @element-plus/wasm 1.0.0 <- vue/packages/wasm
2026-10-09T16:22:17.4061839Z 
2026-10-09T16:22:17.4061896Z devDependencies:
2026-10-09T16:22:17.4062067Z + @element-plus/build 0.0.1 <- vue/internal/build
2026-10-09T16:22:17.4062307Z + @element-plus/build-utils 0.0.1 <- vue/internal/build-utils
2026-10-09T16:22:17.4062572Z + @element-plus/eslint-config 0.0.1 <- vue/internal/eslint-config
2026-10-09T16:22:17.4062826Z + @element-plus/icons-svg 2.3.2 <- vue/packages/icons-svg
2026-10-09T16:22:17.4062956Z 
2026-10-09T16:22:17.5246790Z . postinstall$ pnpm stub
2026-10-09T16:22:17.6850575Z . postinstall: > @ stub /home/runner/work/FsusUI/FsusUI
2026-10-09T16:22:17.6853039Z . postinstall: > node ./scripts/with-node-heap.mjs pnpm run -r --parallel stub
2026-10-09T16:22:18.0086559Z . postinstall: Scope: 19 of 20 workspace projects
2026-10-09T16:22:18.0116872Z . postinstall: vue/internal/build stub$ unbuild --stub
2026-10-09T16:22:18.0122107Z . postinstall: vue/internal/build-constants stub$ node ../../../scripts/with-node-heap.mjs unbuild --stub
2026-10-09T16:22:18.0127192Z . postinstall: vue/internal/build-utils stub$ node ../../../scripts/with-node-heap.mjs unbuild --stub
2026-10-09T16:22:18.0131272Z . postinstall: vue/packages/wasm stub$ node ../../../scripts/with-node-heap.mjs unbuild --stub
2026-10-09T16:22:18.9085964Z . postinstall: vue/internal/build-utils stub: Browserslist: browsers data (caniuse-lite) is 7 months old. Please run:
2026-10-09T16:22:18.9111668Z . postinstall: vue/internal/build-utils stub:   npx update-browserslist-db@latest
2026-10-09T16:22:18.9126148Z . postinstall: vue/internal/build-utils stub:   Why you should do it regularly: https://github.com/browserslist/update-db#readme
2026-10-09T16:22:18.9155974Z . postinstall: vue/packages/wasm stub: Browserslist: browsers data (caniuse-lite) is 7 months old. Please run:
2026-10-09T16:22:18.9185822Z . postinstall: vue/packages/wasm stub:   npx update-browserslist-db@latest
2026-10-09T16:22:18.9186588Z . postinstall: vue/packages/wasm stub:   Why you should do it regularly: https://github.com/browserslist/update-db#readme
2026-10-09T16:22:18.9216751Z . postinstall: vue/internal/build stub: Browserslist: browsers data (caniuse-lite) is 7 months old. Please run:
2026-10-09T16:22:18.9245769Z . postinstall: vue/internal/build stub:   npx update-browserslist-db@latest
2026-10-09T16:22:18.9276003Z . postinstall: vue/internal/build stub:   Why you should do it regularly: https://github.com/browserslist/update-db#readme
2026-10-09T16:22:18.9306000Z . postinstall: vue/internal/build-constants stub: Browserslist: browsers data (caniuse-lite) is 7 months old. Please run:
2026-10-09T16:22:18.9331626Z . postinstall: vue/internal/build-constants stub:   npx update-browserslist-db@latest
2026-10-09T16:22:18.9366073Z . postinstall: vue/internal/build-constants stub:   Why you should do it regularly: https://github.com/browserslist/update-db#readme
2026-10-09T16:22:19.2487072Z . postinstall: vue/internal/build stub: [info] [36mStubbing build[39m
2026-10-09T16:22:19.2580270Z . postinstall: vue/internal/build stub: [info] Cleaning dist directory: `./dist`
2026-10-09T16:22:19.2696654Z . postinstall: vue/internal/build-utils stub: [info] [36mStubbing build-utils[39m
2026-10-09T16:22:19.2809854Z . postinstall: vue/internal/build-utils stub: [info] Cleaning dist directory: `./dist`
2026-10-09T16:22:19.3315980Z . postinstall: vue/internal/build-constants stub: [info] [36mStubbing build-constants[39m
2026-10-09T16:22:19.3349988Z . postinstall: vue/internal/build-constants stub: [info] Cleaning dist directory: `./dist`
2026-10-09T16:22:19.3350812Z . postinstall: vue/packages/wasm stub: [info] [36mStubbing wasm[39m
2026-10-09T16:22:19.3589632Z . postinstall: vue/internal/build-utils stub: Done
2026-10-09T16:22:19.3839476Z . postinstall: vue/internal/build stub: Done
2026-10-09T16:22:19.3918187Z . postinstall: vue/internal/build-constants stub: Done
2026-10-09T16:22:19.4066221Z . postinstall: vue/packages/wasm stub: Done
2026-10-09T16:22:19.4277829Z . postinstall: Done
2026-10-09T16:22:19.4282016Z . prepare$ husky
2026-10-09T16:22:19.4588713Z . prepare: Done
2026-10-09T16:22:19.4623611Z ╭ Warning ─────────────────────────────────────────────────────────────────────╮
2026-10-09T16:22:19.4624164Z │                                                                              │
2026-10-09T16:22:19.4624719Z │   Ignored build scripts: @parcel/watcher@2.5.6, esbuild@0.18.20,             │
2026-10-09T16:22:19.4625497Z │   esbuild@0.25.12, esbuild@0.27.7, esbuild@0.28.0.                           │
2026-10-09T16:22:19.4626078Z │   Run "pnpm approve-builds" to pick which dependencies should be allowed     │
2026-10-09T16:22:19.4626634Z │   to run scripts.                                                            │
2026-10-09T16:22:19.4627094Z │                                                                              │
2026-10-09T16:22:19.4627602Z ╰──────────────────────────────────────────────────────────────────────────────╯
2026-10-09T16:22:19.4795042Z Done in 4.1s using pnpm v10.33.0
2026-10-09T16:22:19.5452555Z ##[group]Run actions/cache@v4
2026-10-09T16:22:19.5452709Z with:
2026-10-09T16:22:19.5452834Z   path: .tmp/playwright-browsers
2026-10-09T16:22:19.5453110Z   key: Linux-playwright-browsers-791f9120f08141036bec66ee7f70abb878a23c771f035a63e9b5dd6b3f153594
2026-10-09T16:22:19.5453392Z   enableCrossOsArchive: false
2026-10-09T16:22:19.5453538Z   fail-on-cache-miss: false
2026-10-09T16:22:19.5453675Z   lookup-only: false
2026-10-09T16:22:19.5453803Z   save-always: false
2026-10-09T16:22:19.5453921Z env:
2026-10-09T16:22:19.5454112Z   PLAYWRIGHT_BROWSERS_PATH: /home/runner/work/FsusUI/FsusUI/.tmp/playwright-browsers
2026-10-09T16:22:19.5454372Z   PNPM_HOME: /home/runner/setup-pnpm/node_modules/.bin
2026-10-09T16:22:19.5455589Z   PATH: /home/runner/work/FsusUI/FsusUI/emsdk-cache/emsdk-main:/home/runner/work/FsusUI/FsusUI/emsdk-cache/emsdk-main/upstream/emscripten:/opt/hostedtoolcache/node/22.23.3/x64/bin:/home/runner/setup-pnpm/node_modules/.bin:/snap/bin:/home/runner/.local/bin:/opt/pipx_bin:/home/runner/.cargo/bin:/home/runner/.config/composer/vendor/bin:/usr/local/.ghcup/bin:/home/runner/.dotnet/tools:/usr/local/sbin:/usr/local/bin:/usr/sbin:/usr/bin:/sbin:/bin:/usr/games:/usr/local/games
2026-10-09T16:22:19.5456537Z   EMSDK: /home/runner/work/FsusUI/FsusUI/emsdk-cache/emsdk-main
2026-10-09T16:22:19.5456820Z   EMSDK_NODE: /home/runner/work/FsusUI/FsusUI/emsdk-cache/emsdk-main/node/22.16.0_64bit/bin/node
2026-10-09T16:22:19.5457056Z ##[endgroup]
2026-10-09T16:22:19.6134644Z (node:2345) [DEP0040] DeprecationWarning: The `punycode` module is deprecated. Please use a userland alternative instead.
2026-10-09T16:22:19.6135640Z (Use `node --trace-deprecation ...` to show where the warning was created)
2026-10-09T16:22:19.8981508Z Cache hit for: Linux-playwright-browsers-791f9120f08141036bec66ee7f70abb878a23c771f035a63e9b5dd6b3f153594
2026-10-09T16:22:19.9046087Z (node:2345) [DEP0169] DeprecationWarning: `url.parse()` behavior is not standardized and prone to errors that have security implications. Use the WHATWG URL API instead. CVEs are not issued for `url.parse()` vulnerabilities.
2026-10-09T16:22:21.2306813Z Received 4194304 of 465349576 (0.9%), 4.0 MBs/sec
2026-10-09T16:22:22.2289100Z Received 134217728 of 465349576 (28.8%), 64.0 MBs/sec
2026-10-09T16:22:23.2289290Z Received 268435456 of 465349576 (57.7%), 85.3 MBs/sec
2026-10-09T16:22:24.2293019Z Received 406847488 of 465349576 (87.4%), 97.0 MBs/sec
2026-10-09T16:22:24.6030584Z Received 465349576 of 465349576 (100.0%), 101.4 MBs/sec
2026-10-09T16:22:24.6031634Z Cache Size: ~444 MB (465349576 B)
2026-10-09T16:22:24.6115006Z [command]/usr/bin/tar -xf /home/runner/work/_temp/93665402-46fa-48f7-964f-c1ea2ac0b3dd/cache.tzst -P -C /home/runner/work/FsusUI/FsusUI --use-compress-program unzstd
2026-10-09T16:22:25.7965817Z Cache restored successfully
2026-10-09T16:22:25.8202609Z Cache restored from key: Linux-playwright-browsers-791f9120f08141036bec66ee7f70abb878a23c771f035a63e9b5dd6b3f153594
2026-10-09T16:22:26.0971528Z ##[group]Run actions/cache@v4
2026-10-09T16:22:26.0971696Z with:
2026-10-09T16:22:26.0971824Z   path: vue/packages/icons-vue/dist
2026-10-09T16:22:26.0972135Z   key: Linux-fsusui-test-artifacts-icons-ca973adedbfae2d959cd5814052293a2707667114d5eeda9610a68f1fe53e468
2026-10-09T16:22:26.0972461Z   enableCrossOsArchive: false
2026-10-09T16:22:26.0972610Z   fail-on-cache-miss: false
2026-10-09T16:22:26.0972755Z   lookup-only: false
2026-10-09T16:22:26.0972882Z   save-always: false
2026-10-09T16:22:26.0973010Z env:
2026-10-09T16:22:26.0973210Z   PLAYWRIGHT_BROWSERS_PATH: /home/runner/work/FsusUI/FsusUI/.tmp/playwright-browsers
2026-10-09T16:22:26.0973474Z   PNPM_HOME: /home/runner/setup-pnpm/node_modules/.bin
2026-10-09T16:22:26.0974425Z   PATH: /home/runner/work/FsusUI/FsusUI/emsdk-cache/emsdk-main:/home/runner/work/FsusUI/FsusUI/emsdk-cache/emsdk-main/upstream/emscripten:/opt/hostedtoolcache/node/22.23.3/x64/bin:/home/runner/setup-pnpm/node_modules/.bin:/snap/bin:/home/runner/.local/bin:/opt/pipx_bin:/home/runner/.cargo/bin:/home/runner/.config/composer/vendor/bin:/usr/local/.ghcup/bin:/home/runner/.dotnet/tools:/usr/local/sbin:/usr/local/bin:/usr/sbin:/usr/bin:/sbin:/bin:/usr/games:/usr/local/games
2026-10-09T16:22:26.0975592Z   EMSDK: /home/runner/work/FsusUI/FsusUI/emsdk-cache/emsdk-main
2026-10-09T16:22:26.0975890Z   EMSDK_NODE: /home/runner/work/FsusUI/FsusUI/emsdk-cache/emsdk-main/node/22.16.0_64bit/bin/node
2026-10-09T16:22:26.0976142Z ##[endgroup]
2026-10-09T16:22:26.1629651Z (node:2374) [DEP0040] DeprecationWarning: The `punycode` module is deprecated. Please use a userland alternative instead.
2026-10-09T16:22:26.1630305Z (Use `node --trace-deprecation ...` to show where the warning was created)
2026-10-09T16:22:26.4350848Z Cache hit for: Linux-fsusui-test-artifacts-icons-ca973adedbfae2d959cd5814052293a2707667114d5eeda9610a68f1fe53e468
2026-10-09T16:22:26.4414444Z (node:2374) [DEP0169] DeprecationWarning: `url.parse()` behavior is not standardized and prone to errors that have security implications. Use the WHATWG URL API instead. CVEs are not issued for `url.parse()` vulnerabilities.
2026-10-09T16:22:26.9533950Z Received 103315 of 103315 (100.0%), 0.5 MBs/sec
2026-10-09T16:22:26.9534489Z Cache Size: ~0 MB (103315 B)
2026-10-09T16:22:26.9552203Z [command]/usr/bin/tar -xf /home/runner/work/_temp/c8bebece-de34-4cde-bf84-f9e2bcee4f92/cache.tzst -P -C /home/runner/work/FsusUI/FsusUI --use-compress-program unzstd
2026-10-09T16:22:26.9696841Z Cache restored successfully
2026-10-09T16:22:26.9745689Z Cache restored from key: Linux-fsusui-test-artifacts-icons-ca973adedbfae2d959cd5814052293a2707667114d5eeda9610a68f1fe53e468
2026-10-09T16:22:27.1070572Z ##[group]Run actions/cache@v4
2026-10-09T16:22:27.1070739Z with:
2026-10-09T16:22:27.1070869Z   path: vue/packages/wasm/dist
2026-10-09T16:22:27.1071178Z   key: Linux-fsusui-test-artifacts-wasm-bb3f82e823bb57bd28bd3015042d8ee3cc0ccfd58ccc5ff2f93a2fd4eb7d2733
2026-10-09T16:22:27.1071497Z   enableCrossOsArchive: false
2026-10-09T16:22:27.1071809Z   fail-on-cache-miss: false
2026-10-09T16:22:27.1071953Z   lookup-only: false
2026-10-09T16:22:27.1072085Z   save-always: false
2026-10-09T16:22:27.1072216Z env:
2026-10-09T16:22:27.1072418Z   PLAYWRIGHT_BROWSERS_PATH: /home/runner/work/FsusUI/FsusUI/.tmp/playwright-browsers
2026-10-09T16:22:27.1072690Z   PNPM_HOME: /home/runner/setup-pnpm/node_modules/.bin
2026-10-09T16:22:27.1073632Z   PATH: /home/runner/work/FsusUI/FsusUI/emsdk-cache/emsdk-main:/home/runner/work/FsusUI/FsusUI/emsdk-cache/emsdk-main/upstream/emscripten:/opt/hostedtoolcache/node/22.23.3/x64/bin:/home/runner/setup-pnpm/node_modules/.bin:/snap/bin:/home/runner/.local/bin:/opt/pipx_bin:/home/runner/.cargo/bin:/home/runner/.config/composer/vendor/bin:/usr/local/.ghcup/bin:/home/runner/.dotnet/tools:/usr/local/sbin:/usr/local/bin:/usr/sbin:/usr/bin:/sbin:/bin:/usr/games:/usr/local/games
2026-10-09T16:22:27.1074568Z   EMSDK: /home/runner/work/FsusUI/FsusUI/emsdk-cache/emsdk-main
2026-10-09T16:22:27.1074859Z   EMSDK_NODE: /home/runner/work/FsusUI/FsusUI/emsdk-cache/emsdk-main/node/22.16.0_64bit/bin/node
2026-10-09T16:22:27.1075113Z ##[endgroup]
2026-10-09T16:22:27.1764043Z (node:2402) [DEP0040] DeprecationWarning: The `punycode` module is deprecated. Please use a userland alternative instead.
2026-10-09T16:22:27.1764514Z (Use `node --trace-deprecation ...` to show where the warning was created)
2026-10-09T16:22:27.4173004Z Cache hit for: Linux-fsusui-test-artifacts-wasm-bb3f82e823bb57bd28bd3015042d8ee3cc0ccfd58ccc5ff2f93a2fd4eb7d2733
2026-10-09T16:22:27.4230892Z (node:2402) [DEP0169] DeprecationWarning: `url.parse()` behavior is not standardized and prone to errors that have security implications. Use the WHATWG URL API instead. CVEs are not issued for `url.parse()` vulnerabilities.
2026-10-09T16:22:27.8028024Z Received 3256 of 3256 (100.0%), 0.0 MBs/sec
2026-10-09T16:22:27.8028371Z Cache Size: ~0 MB (3256 B)
2026-10-09T16:22:27.8044959Z [command]/usr/bin/tar -xf /home/runner/work/_temp/b27327e0-40c7-404b-842d-d7055dbfebcd/cache.tzst -P -C /home/runner/work/FsusUI/FsusUI --use-compress-program unzstd
2026-10-09T16:22:27.8090184Z Cache restored successfully
2026-10-09T16:22:27.8141136Z Cache restored from key: Linux-fsusui-test-artifacts-wasm-bb3f82e823bb57bd28bd3015042d8ee3cc0ccfd58ccc5ff2f93a2fd4eb7d2733
2026-10-09T16:22:27.9163452Z ##[group]Run pnpm exec playwright install --with-deps chromium
2026-10-09T16:22:27.9163896Z [36;1mpnpm exec playwright install --with-deps chromium[0m
2026-10-09T16:22:27.9237431Z shell: /usr/bin/bash -e {0}
2026-10-09T16:22:27.9237684Z env:
2026-10-09T16:22:27.9238023Z   PLAYWRIGHT_BROWSERS_PATH: /home/runner/work/FsusUI/FsusUI/.tmp/playwright-browsers
2026-10-09T16:22:27.9238483Z   PNPM_HOME: /home/runner/setup-pnpm/node_modules/.bin
2026-10-09T16:22:27.9240018Z   PATH: /home/runner/work/FsusUI/FsusUI/emsdk-cache/emsdk-main:/home/runner/work/FsusUI/FsusUI/emsdk-cache/emsdk-main/upstream/emscripten:/opt/hostedtoolcache/node/22.23.3/x64/bin:/home/runner/setup-pnpm/node_modules/.bin:/snap/bin:/home/runner/.local/bin:/opt/pipx_bin:/home/runner/.cargo/bin:/home/runner/.config/composer/vendor/bin:/usr/local/.ghcup/bin:/home/runner/.dotnet/tools:/usr/local/sbin:/usr/local/bin:/usr/sbin:/usr/bin:/sbin:/bin:/usr/games:/usr/local/games
2026-10-09T16:22:27.9241624Z   EMSDK: /home/runner/work/FsusUI/FsusUI/emsdk-cache/emsdk-main
2026-10-09T16:22:27.9242110Z   EMSDK_NODE: /home/runner/work/FsusUI/FsusUI/emsdk-cache/emsdk-main/node/22.16.0_64bit/bin/node
2026-10-09T16:22:27.9242526Z ##[endgroup]
2026-10-09T16:22:28.3422635Z Installing dependencies...
2026-10-09T16:22:28.3483634Z Switching to root user to install dependencies...
2026-10-09T16:22:28.4195364Z Get:1 file:/etc/apt/apt-mirrors.txt Mirrorlist [144 B]
2026-10-09T16:22:28.4911344Z Hit:2 http://azure.archive.ubuntu.com/ubuntu noble InRelease
2026-10-09T16:22:28.4922487Z Get:3 http://azure.archive.ubuntu.com/ubuntu noble-updates InRelease [126 kB]
2026-10-09T16:22:28.4934271Z Get:6 https://packages.microsoft.com/ubuntu/24.04/prod noble InRelease [3600 B]
2026-10-09T16:22:28.5076048Z Get:4 http://azure.archive.ubuntu.com/ubuntu noble-backports InRelease [126 kB]
2026-10-09T16:22:28.5730012Z Get:5 http://azure.archive.ubuntu.com/ubuntu noble-security InRelease [126 kB]
2026-10-09T16:22:28.5821941Z Get:7 https://packages.microsoft.com/ubuntu/24.04/prod noble/main amd64 Packages [531 kB]
2026-10-09T16:22:28.6328712Z Get:8 http://azure.archive.ubuntu.com/ubuntu noble-updates/main amd64 Packages [1375 kB]
2026-10-09T16:22:28.6341505Z Get:16 https://packages.microsoft.com/ubuntu/24.04/prod noble/main all Packages [640 B]
2026-10-09T16:22:28.6381408Z Get:17 https://packages.microsoft.com/ubuntu/24.04/prod noble/main armhf Packages [12.3 kB]
2026-10-09T16:22:28.6402719Z Get:9 http://azure.archive.ubuntu.com/ubuntu noble-updates/main Translation-en [306 kB]
2026-10-09T16:22:28.6418062Z Get:18 https://packages.microsoft.com/ubuntu/24.04/prod noble/main arm64 Packages [475 kB]
2026-10-09T16:22:28.6448596Z Get:10 http://azure.archive.ubuntu.com/ubuntu noble-updates/universe amd64 Packages [1702 kB]
2026-10-09T16:22:28.6858830Z Get:11 http://azure.archive.ubuntu.com/ubuntu noble-updates/universe Translation-en [342 kB]
2026-10-09T16:22:28.6883406Z Get:12 http://azure.archive.ubuntu.com/ubuntu noble-updates/restricted amd64 Packages [1761 kB]
2026-10-09T16:22:28.6979846Z Get:13 http://azure.archive.ubuntu.com/ubuntu noble-updates/restricted Translation-en [401 kB]
2026-10-09T16:22:28.7003701Z Get:14 http://azure.archive.ubuntu.com/ubuntu noble-updates/multiverse amd64 Packages [55.0 kB]
2026-10-09T16:22:28.7016485Z Get:15 http://azure.archive.ubuntu.com/ubuntu noble-updates/multiverse Translation-en [14.3 kB]
2026-10-09T16:22:28.7031051Z Get:19 http://azure.archive.ubuntu.com/ubuntu noble-security/main amd64 Packages [1121 kB]
2026-10-09T16:22:28.7083838Z Get:20 http://azure.archive.ubuntu.com/ubuntu noble-security/main Translation-en [228 kB]
2026-10-09T16:22:28.7525630Z Get:21 http://azure.archive.ubuntu.com/ubuntu noble-security/universe amd64 Packages [1220 kB]
2026-10-09T16:22:28.7582017Z Get:22 http://azure.archive.ubuntu.com/ubuntu noble-security/universe Translation-en [245 kB]
2026-10-09T16:22:28.7604487Z Get:23 http://azure.archive.ubuntu.com/ubuntu noble-security/restricted amd64 Packages [1669 kB]
2026-10-09T16:22:28.7677163Z Get:24 http://azure.archive.ubuntu.com/ubuntu noble-security/restricted Translation-en [383 kB]
2026-10-09T16:22:28.7700147Z Get:25 http://azure.archive.ubuntu.com/ubuntu noble-security/multiverse amd64 Packages [49.8 kB]
2026-10-09T16:22:28.7712733Z Get:26 http://azure.archive.ubuntu.com/ubuntu noble-security/multiverse Translation-en [12.4 kB]
2026-10-09T16:22:33.5856898Z Fetched 12.3 MB in 1s (12.0 MB/s)
2026-10-09T16:22:34.1248734Z Reading package lists...
2026-10-09T16:22:34.1630151Z Reading package lists...
2026-10-09T16:22:34.2976127Z Building dependency tree...
2026-10-09T16:22:34.2981503Z Reading state information...
2026-10-09T16:22:34.4038314Z libasound2t64 is already the newest version (1.2.11-1ubuntu0.3).
2026-10-09T16:22:34.4038930Z libasound2t64 set to manually installed.
2026-10-09T16:22:34.4039496Z libatk-bridge2.0-0t64 is already the newest version (2.52.0-1build1).
2026-10-09T16:22:34.4040034Z libatk-bridge2.0-0t64 set to manually installed.
2026-10-09T16:22:34.4040575Z libatk1.0-0t64 is already the newest version (2.52.0-1build1).
2026-10-09T16:22:34.4041034Z libatk1.0-0t64 set to manually installed.
2026-10-09T16:22:34.4041421Z libatspi2.0-0t64 is already the newest version (2.52.0-1build1).
2026-10-09T16:22:34.4041767Z libatspi2.0-0t64 set to manually installed.
2026-10-09T16:22:34.4042115Z libcairo2 is already the newest version (1.18.0-3build1).
2026-10-09T16:22:34.4042430Z libcairo2 set to manually installed.
2026-10-09T16:22:34.4042681Z libcups2t64 is already the newest version (2.4.7-1.2ubuntu7.14).
2026-10-09T16:22:34.4042916Z libcups2t64 set to manually installed.
2026-10-09T16:22:34.4043163Z libdbus-1-3 is already the newest version (1.14.10-4ubuntu4.1).
2026-10-09T16:22:34.4043398Z libdbus-1-3 set to manually installed.
2026-10-09T16:22:34.4044018Z libdrm2 is already the newest version (2.4.125-1ubuntu0.1~24.04.2).
2026-10-09T16:22:34.4044358Z libdrm2 set to manually installed.
2026-10-09T16:22:34.4044604Z libgbm1 is already the newest version (25.2.8-0ubuntu0.24.04.4).
2026-10-09T16:22:34.4044834Z libgbm1 set to manually installed.
2026-10-09T16:22:34.4045077Z libglib2.0-0t64 is already the newest version (2.80.0-6ubuntu3.9).
2026-10-09T16:22:34.4045592Z libglib2.0-0t64 set to manually installed.
2026-10-09T16:22:34.4045973Z libnspr4 is already the newest version (2:4.35-1.1build1).
2026-10-09T16:22:34.4046307Z libnspr4 set to manually installed.
2026-10-09T16:22:34.4046600Z libnss3 is already the newest version (2:3.98-1ubuntu0.2).
2026-10-09T16:22:34.4046817Z libnss3 set to manually installed.
2026-10-09T16:22:34.4047141Z libpango-1.0-0 is already the newest version (1.52.1+ds-1build1).
2026-10-09T16:22:34.4047391Z libpango-1.0-0 set to manually installed.
2026-10-09T16:22:34.4047626Z libx11-6 is already the newest version (2:1.8.7-1build1).
2026-10-09T16:22:34.4047847Z libx11-6 set to manually installed.
2026-10-09T16:22:34.4048067Z libxcb1 is already the newest version (1.15-1ubuntu2).
2026-10-09T16:22:34.4048281Z libxcb1 set to manually installed.
2026-10-09T16:22:34.4048528Z libxcomposite1 is already the newest version (1:0.4.5-1build3).
2026-10-09T16:22:34.4048765Z libxcomposite1 set to manually installed.
2026-10-09T16:22:34.4049010Z libxdamage1 is already the newest version (1:1.1.6-1build1).
2026-10-09T16:22:34.4049236Z libxdamage1 set to manually installed.
2026-10-09T16:22:34.4049467Z libxext6 is already the newest version (2:1.3.4-1build2).
2026-10-09T16:22:34.4049683Z libxext6 set to manually installed.
2026-10-09T16:22:34.4049915Z libxfixes3 is already the newest version (1:6.0.0-2build1).
2026-10-09T16:22:34.4050250Z libxfixes3 set to manually installed.
2026-10-09T16:22:34.4050601Z libxkbcommon0 is already the newest version (1.6.0-1build1).
2026-10-09T16:22:34.4050943Z libxkbcommon0 set to manually installed.
2026-10-09T16:22:34.4051302Z libxrandr2 is already the newest version (2:1.5.2-2build1).
2026-10-09T16:22:34.4051644Z libxrandr2 set to manually installed.
2026-10-09T16:22:34.4051999Z xvfb is already the newest version (2:21.1.12-1ubuntu1.8).
2026-10-09T16:22:34.4052701Z fonts-noto-color-emoji is already the newest version (2.047-0ubuntu0.24.04.1).
2026-10-09T16:22:34.4053036Z libfontconfig1 is already the newest version (2.15.0-1.1ubuntu2).
2026-10-09T16:22:34.4053279Z libfontconfig1 set to manually installed.
2026-10-09T16:22:34.4053522Z fonts-liberation is already the newest version (1:2.1.5-3).
2026-10-09T16:22:34.4053758Z fonts-liberation set to manually installed.
2026-10-09T16:22:34.4053996Z The following additional packages will be installed:
2026-10-09T16:22:34.4054210Z   xfonts-encodings xfonts-utils
2026-10-09T16:22:34.4054386Z Recommended packages:
2026-10-09T16:22:34.4054558Z   fonts-ipafont-mincho fonts-tlwg-loma
2026-10-09T16:22:34.4185684Z The following NEW packages will be installed:
2026-10-09T16:22:34.4186300Z   fonts-freefont-ttf fonts-ipafont-gothic fonts-tlwg-loma-otf fonts-unifont
2026-10-09T16:22:34.4188920Z   fonts-wqy-zenhei xfonts-cyrillic xfonts-encodings xfonts-scalable
2026-10-09T16:22:34.4189339Z   xfonts-utils
2026-10-09T16:22:34.4191803Z The following packages will be upgraded:
2026-10-09T16:22:34.4194779Z   libfreetype6
2026-10-09T16:22:34.4323048Z 1 upgraded, 9 newly installed, 0 to remove and 22 not upgraded.
2026-10-09T16:22:34.4323449Z Need to get 21.5 MB of archives.
2026-10-09T16:22:34.4323841Z After this operation, 79.5 MB of additional disk space will be used.
2026-10-09T16:22:34.4324298Z Get:1 file:/etc/apt/apt-mirrors.txt Mirrorlist [144 B]
2026-10-09T16:22:34.5432168Z Get:2 http://azure.archive.ubuntu.com/ubuntu noble/universe amd64 fonts-ipafont-gothic all 00303-21ubuntu1 [3513 kB]
2026-10-09T16:22:34.7410592Z Get:3 http://azure.archive.ubuntu.com/ubuntu noble/main amd64 fonts-freefont-ttf all 20211204+svn4273-2 [5641 kB]
2026-10-09T16:22:34.9789252Z Get:4 http://azure.archive.ubuntu.com/ubuntu noble/universe amd64 fonts-tlwg-loma-otf all 1:0.7.3-1 [107 kB]
2026-10-09T16:22:35.1985854Z Get:5 http://azure.archive.ubuntu.com/ubuntu noble/universe amd64 fonts-unifont all 1:15.1.01-1build1 [2993 kB]
2026-10-09T16:22:35.3859994Z Get:6 http://azure.archive.ubuntu.com/ubuntu noble/universe amd64 fonts-wqy-zenhei all 0.9.45-8 [7472 kB]
2026-10-09T16:22:35.7002483Z Get:7 http://azure.archive.ubuntu.com/ubuntu noble-updates/main amd64 libfreetype6 amd64 2.13.2+dfsg-1ubuntu0.2 [403 kB]
2026-10-09T16:22:35.7988422Z Get:8 http://azure.archive.ubuntu.com/ubuntu noble/main amd64 xfonts-encodings all 1:1.0.5-0ubuntu2 [578 kB]
2026-10-09T16:22:35.9202566Z Get:9 http://azure.archive.ubuntu.com/ubuntu noble/main amd64 xfonts-utils amd64 1:7.7+6build3 [94.4 kB]
2026-10-09T16:22:36.0382747Z Get:10 http://azure.archive.ubuntu.com/ubuntu noble/universe amd64 xfonts-cyrillic all 1:1.0.5+nmu1 [384 kB]
2026-10-09T16:22:36.1631357Z Get:11 http://azure.archive.ubuntu.com/ubuntu noble/main amd64 xfonts-scalable all 1:1.0.3-1.3 [304 kB]
2026-10-09T16:22:36.3990811Z Fetched 21.5 MB in 2s (12.1 MB/s)
2026-10-09T16:22:36.7462831Z Selecting previously unselected package fonts-ipafont-gothic.
2026-10-09T16:22:36.7987308Z (Reading database ... 
2026-10-09T16:22:36.7987864Z (Reading database ... 5%
2026-10-09T16:22:36.7988452Z (Reading database ... 10%
2026-10-09T16:22:36.7988808Z (Reading database ... 15%
2026-10-09T16:22:36.7989184Z (Reading database ... 20%
2026-10-09T16:22:36.7989436Z (Reading database ... 25%
2026-10-09T16:22:36.7989746Z (Reading database ... 30%
2026-10-09T16:22:36.8011196Z (Reading database ... 35%
2026-10-09T16:22:36.8011686Z (Reading database ... 40%
2026-10-09T16:22:36.8011936Z (Reading database ... 45%
2026-10-09T16:22:36.8012101Z (Reading database ... 50%
2026-10-09T16:22:36.8040299Z (Reading database ... 55%
2026-10-09T16:22:36.9103817Z (Reading database ... 60%
2026-10-09T16:22:37.1123013Z (Reading database ... 65%
2026-10-09T16:22:37.3257362Z (Reading database ... 70%
2026-10-09T16:22:37.5038673Z (Reading database ... 75%
2026-10-09T16:22:37.6653234Z (Reading database ... 80%
2026-10-09T16:22:37.9111638Z (Reading database ... 85%
2026-10-09T16:22:38.1006511Z (Reading database ... 90%
2026-10-09T16:22:38.2560428Z (Reading database ... 95%
2026-10-09T16:22:38.2561106Z (Reading database ... 100%
2026-10-09T16:22:38.2561382Z (Reading database ... 203191 files and directories currently installed.)
2026-10-09T16:22:38.2601010Z Preparing to unpack .../0-fonts-ipafont-gothic_00303-21ubuntu1_all.deb ...
2026-10-09T16:22:38.2677649Z Unpacking fonts-ipafont-gothic (00303-21ubuntu1) ...
2026-10-09T16:22:38.4937635Z Selecting previously unselected package fonts-freefont-ttf.
2026-10-09T16:22:38.5036108Z Preparing to unpack .../1-fonts-freefont-ttf_20211204+svn4273-2_all.deb ...
2026-10-09T16:22:38.5041655Z Unpacking fonts-freefont-ttf (20211204+svn4273-2) ...
2026-10-09T16:22:38.6124029Z Selecting previously unselected package fonts-tlwg-loma-otf.
2026-10-09T16:22:38.6221781Z Preparing to unpack .../2-fonts-tlwg-loma-otf_1%3a0.7.3-1_all.deb ...
2026-10-09T16:22:38.6227902Z Unpacking fonts-tlwg-loma-otf (1:0.7.3-1) ...
2026-10-09T16:22:38.6410638Z Selecting previously unselected package fonts-unifont.
2026-10-09T16:22:38.6509555Z Preparing to unpack .../3-fonts-unifont_1%3a15.1.01-1build1_all.deb ...
2026-10-09T16:22:38.6515812Z Unpacking fonts-unifont (1:15.1.01-1build1) ...
2026-10-09T16:22:38.8538366Z Selecting previously unselected package fonts-wqy-zenhei.
2026-10-09T16:22:38.8640425Z Preparing to unpack .../4-fonts-wqy-zenhei_0.9.45-8_all.deb ...
2026-10-09T16:22:38.8724857Z Unpacking fonts-wqy-zenhei (0.9.45-8) ...
2026-10-09T16:22:39.3406771Z Preparing to unpack .../5-libfreetype6_2.13.2+dfsg-1ubuntu0.2_amd64.deb ...
2026-10-09T16:22:39.3433283Z Unpacking libfreetype6:amd64 (2.13.2+dfsg-1ubuntu0.2) over (2.13.2+dfsg-1ubuntu0.1) ...
2026-10-09T16:22:39.3645304Z Selecting previously unselected package xfonts-encodings.
2026-10-09T16:22:39.3745499Z Preparing to unpack .../6-xfonts-encodings_1%3a1.0.5-0ubuntu2_all.deb ...
2026-10-09T16:22:39.3751990Z Unpacking xfonts-encodings (1:1.0.5-0ubuntu2) ...
2026-10-09T16:22:39.3973935Z Selecting previously unselected package xfonts-utils.
2026-10-09T16:22:39.4069211Z Preparing to unpack .../7-xfonts-utils_1%3a7.7+6build3_amd64.deb ...
2026-10-09T16:22:39.4075454Z Unpacking xfonts-utils (1:7.7+6build3) ...
2026-10-09T16:22:39.4461459Z Selecting previously unselected package xfonts-cyrillic.
2026-10-09T16:22:39.4558585Z Preparing to unpack .../8-xfonts-cyrillic_1%3a1.0.5+nmu1_all.deb ...
2026-10-09T16:22:39.4564044Z Unpacking xfonts-cyrillic (1:1.0.5+nmu1) ...
2026-10-09T16:22:39.4811799Z Selecting previously unselected package xfonts-scalable.
2026-10-09T16:22:39.4907587Z Preparing to unpack .../9-xfonts-scalable_1%3a1.0.3-1.3_all.deb ...
2026-10-09T16:22:39.4913524Z Unpacking xfonts-scalable (1:1.0.3-1.3) ...
2026-10-09T16:22:39.5257326Z Setting up fonts-wqy-zenhei (0.9.45-8) ...
2026-10-09T16:22:39.5544242Z Setting up fonts-freefont-ttf (20211204+svn4273-2) ...
2026-10-09T16:22:39.5561705Z Setting up fonts-tlwg-loma-otf (1:0.7.3-1) ...
2026-10-09T16:22:39.5577069Z Setting up libfreetype6:amd64 (2.13.2+dfsg-1ubuntu0.2) ...
2026-10-09T16:22:39.5591602Z Setting up xfonts-encodings (1:1.0.5-0ubuntu2) ...
2026-10-09T16:22:39.5606214Z Setting up fonts-ipafont-gothic (00303-21ubuntu1) ...
2026-10-09T16:22:39.5655866Z update-alternatives: using /usr/share/fonts/opentype/ipafont-gothic/ipag.ttf to provide /usr/share/fonts/truetype/fonts-japanese-gothic.ttf (fonts-japanese-gothic.ttf) in auto mode
2026-10-09T16:22:39.5669080Z Setting up fonts-unifont (1:15.1.01-1build1) ...
2026-10-09T16:22:39.5684284Z Setting up xfonts-utils (1:7.7+6build3) ...
2026-10-09T16:22:39.5716641Z Setting up xfonts-cyrillic (1:1.0.5+nmu1) ...
2026-10-09T16:22:39.5938361Z Setting up xfonts-scalable (1:1.0.3-1.3) ...
2026-10-09T16:22:39.6192829Z Processing triggers for libc-bin (2.39-0ubuntu8.9) ...
2026-10-09T16:22:39.8189368Z Processing triggers for man-db (2.12.0-4build2) ...
2026-10-09T16:22:39.8210444Z Not building database; man-db/auto-update is not 'true'.
2026-10-09T16:22:39.8221374Z Processing triggers for fontconfig (2.15.0-1.1ubuntu2) ...
2026-10-09T16:22:40.4175816Z 
2026-10-09T16:22:40.4176459Z Running kernel seems to be up-to-date.
2026-10-09T16:22:40.4176736Z 
2026-10-09T16:22:40.4177200Z Restarting services...
2026-10-09T16:22:40.4233650Z  systemctl restart php8.3-fpm.service
2026-10-09T16:22:40.5042133Z 
2026-10-09T16:22:40.5043405Z No containers need to be restarted.
2026-10-09T16:22:40.5043690Z 
2026-10-09T16:22:40.5043923Z No user sessions are running outdated binaries.
2026-10-09T16:22:40.5044162Z 
2026-10-09T16:22:40.5044498Z No VM guests are running outdated hypervisor (qemu) binaries on this host.
2026-10-09T16:22:41.1538029Z ##[group]Run pnpm exec playwright install --with-deps firefox
2026-10-09T16:22:41.1538480Z [36;1mpnpm exec playwright install --with-deps firefox[0m
2026-10-09T16:22:41.1597924Z shell: /usr/bin/bash -e {0}
2026-10-09T16:22:41.1598094Z env:
2026-10-09T16:22:41.1598330Z   PLAYWRIGHT_BROWSERS_PATH: /home/runner/work/FsusUI/FsusUI/.tmp/playwright-browsers
2026-10-09T16:22:41.1598618Z   PNPM_HOME: /home/runner/setup-pnpm/node_modules/.bin
2026-10-09T16:22:41.1599549Z   PATH: /home/runner/work/FsusUI/FsusUI/emsdk-cache/emsdk-main:/home/runner/work/FsusUI/FsusUI/emsdk-cache/emsdk-main/upstream/emscripten:/opt/hostedtoolcache/node/22.23.3/x64/bin:/home/runner/setup-pnpm/node_modules/.bin:/snap/bin:/home/runner/.local/bin:/opt/pipx_bin:/home/runner/.cargo/bin:/home/runner/.config/composer/vendor/bin:/usr/local/.ghcup/bin:/home/runner/.dotnet/tools:/usr/local/sbin:/usr/local/bin:/usr/sbin:/usr/bin:/sbin:/bin:/usr/games:/usr/local/games
2026-10-09T16:22:41.1600504Z   EMSDK: /home/runner/work/FsusUI/FsusUI/emsdk-cache/emsdk-main
2026-10-09T16:22:41.1600808Z   EMSDK_NODE: /home/runner/work/FsusUI/FsusUI/emsdk-cache/emsdk-main/node/22.16.0_64bit/bin/node
2026-10-09T16:22:41.1601067Z ##[endgroup]
2026-10-09T16:22:41.4686730Z Installing dependencies...
2026-10-09T16:22:41.4738615Z Switching to root user to install dependencies...
2026-10-09T16:22:41.5285996Z Get:1 file:/etc/apt/apt-mirrors.txt Mirrorlist [144 B]
2026-10-09T16:22:41.5751351Z Hit:6 https://packages.microsoft.com/ubuntu/24.04/prod noble InRelease
2026-10-09T16:22:41.5757691Z Hit:2 http://azure.archive.ubuntu.com/ubuntu noble InRelease
2026-10-09T16:22:41.5767097Z Hit:3 http://azure.archive.ubuntu.com/ubuntu noble-updates InRelease
2026-10-09T16:22:41.5776931Z Hit:4 http://azure.archive.ubuntu.com/ubuntu noble-backports InRelease
2026-10-09T16:22:41.5786958Z Hit:5 http://azure.archive.ubuntu.com/ubuntu noble-security InRelease
2026-10-09T16:22:42.3672587Z Reading package lists...
2026-10-09T16:22:42.3856076Z Reading package lists...
2026-10-09T16:22:42.5413137Z Building dependency tree...
2026-10-09T16:22:42.5419065Z Reading state information...
2026-10-09T16:22:42.6545839Z libasound2t64 is already the newest version (1.2.11-1ubuntu0.3).
2026-10-09T16:22:42.6546666Z libatk1.0-0t64 is already the newest version (2.52.0-1build1).
2026-10-09T16:22:42.6547396Z libcairo-gobject2 is already the newest version (1.18.0-3build1).
2026-10-09T16:22:42.6548021Z libcairo-gobject2 set to manually installed.
2026-10-09T16:22:42.6548598Z libcairo2 is already the newest version (1.18.0-3build1).
2026-10-09T16:22:42.6549257Z libdbus-1-3 is already the newest version (1.14.10-4ubuntu4.1).
2026-10-09T16:22:42.6549955Z libfontconfig1 is already the newest version (2.15.0-1.1ubuntu2).
2026-10-09T16:22:42.6550591Z libfreetype6 is already the newest version (2.13.2+dfsg-1ubuntu0.2).
2026-10-09T16:22:42.6551143Z libfreetype6 set to manually installed.
2026-10-09T16:22:42.6551690Z libgdk-pixbuf-2.0-0 is already the newest version (2.42.10+dfsg-3ubuntu3.3).
2026-10-09T16:22:42.6552284Z libgdk-pixbuf-2.0-0 set to manually installed.
2026-10-09T16:22:42.6552856Z libglib2.0-0t64 is already the newest version (2.80.0-6ubuntu3.9).
2026-10-09T16:22:42.6553471Z libgtk-3-0t64 is already the newest version (3.24.41-4ubuntu1.3).
2026-10-09T16:22:42.6553963Z libgtk-3-0t64 set to manually installed.
2026-10-09T16:22:42.6554452Z libpango-1.0-0 is already the newest version (1.52.1+ds-1build1).
2026-10-09T16:22:42.6555044Z libpangocairo-1.0-0 is already the newest version (1.52.1+ds-1build1).
2026-10-09T16:22:42.6555543Z libpangocairo-1.0-0 set to manually installed.
2026-10-09T16:22:42.6555918Z libx11-6 is already the newest version (2:1.8.7-1build1).
2026-10-09T16:22:42.6556303Z libx11-xcb1 is already the newest version (2:1.8.7-1build1).
2026-10-09T16:22:42.6556634Z libx11-xcb1 set to manually installed.
2026-10-09T16:22:42.6556978Z libxcb-shm0 is already the newest version (1.15-1ubuntu2).
2026-10-09T16:22:42.6557319Z libxcb-shm0 set to manually installed.
2026-10-09T16:22:42.6558094Z libxcb1 is already the newest version (1.15-1ubuntu2).
2026-10-09T16:22:42.6558517Z libxcomposite1 is already the newest version (1:0.4.5-1build3).
2026-10-09T16:22:42.6558952Z libxcursor1 is already the newest version (1:1.2.1-1build1).
2026-10-09T16:22:42.6559306Z libxcursor1 set to manually installed.
2026-10-09T16:22:42.6559672Z libxdamage1 is already the newest version (1:1.1.6-1build1).
2026-10-09T16:22:42.6560096Z libxext6 is already the newest version (2:1.3.4-1build2).
2026-10-09T16:22:42.6560538Z libxfixes3 is already the newest version (1:6.0.0-2build1).
2026-10-09T16:22:42.6560983Z libxi6 is already the newest version (2:1.8.1-1build1).
2026-10-09T16:22:42.6561329Z libxi6 set to manually installed.
2026-10-09T16:22:42.6561701Z libxrandr2 is already the newest version (2:1.5.2-2build1).
2026-10-09T16:22:42.6562160Z libxrender1 is already the newest version (1:0.9.10-1.1build1).
2026-10-09T16:22:42.6562527Z libxrender1 set to manually installed.
2026-10-09T16:22:42.6562903Z xvfb is already the newest version (2:21.1.12-1ubuntu1.8).
2026-10-09T16:22:42.6563392Z fonts-noto-color-emoji is already the newest version (2.047-0ubuntu0.24.04.1).
2026-10-09T16:22:42.6563892Z fonts-unifont is already the newest version (1:15.1.01-1build1).
2026-10-09T16:22:42.6564338Z xfonts-cyrillic is already the newest version (1:1.0.5+nmu1).
2026-10-09T16:22:42.6565044Z xfonts-scalable is already the newest version (1:1.0.3-1.3).
2026-10-09T16:22:42.6565629Z fonts-liberation is already the newest version (1:2.1.5-3).
2026-10-09T16:22:42.6566101Z fonts-ipafont-gothic is already the newest version (00303-21ubuntu1).
2026-10-09T16:22:42.6566564Z fonts-wqy-zenhei is already the newest version (0.9.45-8).
2026-10-09T16:22:42.6566993Z fonts-tlwg-loma-otf is already the newest version (1:0.7.3-1).
2026-10-09T16:22:42.6567467Z fonts-freefont-ttf is already the newest version (20211204+svn4273-2).
2026-10-09T16:22:42.6567906Z The following additional packages will be installed:
2026-10-09T16:22:42.6568354Z   libavutil58 libcodec2-1.2 libdav1d7 libgsm1 libhwy1t64 libjxl0.7 libmp3lame0
2026-10-09T16:22:42.6568878Z   libopus0 librav1e0 librsvg2-2 libshine3 libsoxr0 libspeex1 libsvtav1enc1d1
2026-10-09T16:22:42.6569361Z   libswresample4 libtheora0 libtwolame0 libva-drm2 libva-x11-2 libva2
2026-10-09T16:22:42.6569849Z   libvdpau1 libvorbisenc2 libvpl2 libvpx9 libx264-164 libx265-199 libxvidcore4
2026-10-09T16:22:42.6570273Z   libzvbi-common libzvbi0t64 ocl-icd-libopencl1
2026-10-09T16:22:42.6570571Z Suggested packages:
2026-10-09T16:22:42.6570916Z   libcuda1 libnvcuvid1 libnvidia-encode1 opus-tools librsvg2-bin speex
2026-10-09T16:22:42.6571261Z   opencl-icd
2026-10-09T16:22:42.6571476Z Recommended packages:
2026-10-09T16:22:42.6571859Z   librsvg2-common va-driver-all | va-driver vdpau-driver-all | vdpau-driver
2026-10-09T16:22:42.6735163Z The following NEW packages will be installed:
2026-10-09T16:22:42.6735910Z   libavcodec60 libavutil58 libcodec2-1.2 libdav1d7 libgsm1 libhwy1t64
2026-10-09T16:22:42.6736626Z   libjxl0.7 libmp3lame0 libopus0 librav1e0 librsvg2-2 libshine3 libsoxr0
2026-10-09T16:22:42.6737316Z   libspeex1 libsvtav1enc1d1 libswresample4 libtheora0 libtwolame0 libva-drm2
2026-10-09T16:22:42.6737987Z   libva-x11-2 libva2 libvdpau1 libvorbisenc2 libvpl2 libvpx9 libx264-164
2026-10-09T16:22:42.6738636Z   libx265-199 libxvidcore4 libzvbi-common libzvbi0t64 ocl-icd-libopencl1
2026-10-09T16:22:42.6872669Z 0 upgraded, 31 newly installed, 0 to remove and 22 not upgraded.
2026-10-09T16:22:42.6873077Z Need to get 27.7 MB of archives.
2026-10-09T16:22:42.6873641Z After this operation, 88.1 MB of additional disk space will be used.
2026-10-09T16:22:42.6874117Z Get:1 file:/etc/apt/apt-mirrors.txt Mirrorlist [144 B]
2026-10-09T16:22:42.7852488Z Get:2 http://azure.archive.ubuntu.com/ubuntu noble-updates/universe amd64 libva2 amd64 2.20.0-2ubuntu0.2 [66.4 kB]
2026-10-09T16:22:42.8579969Z Get:3 http://azure.archive.ubuntu.com/ubuntu noble-updates/universe amd64 libva-drm2 amd64 2.20.0-2ubuntu0.2 [7124 B]
2026-10-09T16:22:42.9298498Z Get:4 http://azure.archive.ubuntu.com/ubuntu noble-updates/universe amd64 libva-x11-2 amd64 2.20.0-2ubuntu0.2 [12.0 kB]
2026-10-09T16:22:43.0002471Z Get:5 http://azure.archive.ubuntu.com/ubuntu noble/main amd64 libvdpau1 amd64 1.5-2build1 [27.8 kB]
2026-10-09T16:22:43.0707328Z Get:6 http://azure.archive.ubuntu.com/ubuntu noble/universe amd64 libvpl2 amd64 2023.3.0-1build1 [99.8 kB]
2026-10-09T16:22:43.1420518Z Get:7 http://azure.archive.ubuntu.com/ubuntu noble/universe amd64 ocl-icd-libopencl1 amd64 2.3.2-1build1 [38.5 kB]
2026-10-09T16:22:43.2142731Z Get:8 http://azure.archive.ubuntu.com/ubuntu noble/universe amd64 libavutil58 amd64 7:6.1.1-3ubuntu5 [401 kB]
2026-10-09T16:22:43.2916136Z Get:9 http://azure.archive.ubuntu.com/ubuntu noble/universe amd64 libcodec2-1.2 amd64 1.2.0-2build1 [8998 kB]
2026-10-09T16:22:43.5455982Z Get:10 http://azure.archive.ubuntu.com/ubuntu noble/universe amd64 libdav1d7 amd64 1.4.1-1build1 [604 kB]
2026-10-09T16:22:43.6291726Z Get:11 http://azure.archive.ubuntu.com/ubuntu noble/universe amd64 libgsm1 amd64 1.0.22-1build1 [27.8 kB]
2026-10-09T16:22:43.7002905Z Get:12 http://azure.archive.ubuntu.com/ubuntu noble/universe amd64 libhwy1t64 amd64 1.0.7-8.1build1 [584 kB]
2026-10-09T16:22:43.7836155Z Get:13 http://azure.archive.ubuntu.com/ubuntu noble-updates/universe amd64 libjxl0.7 amd64 0.7.0-10.2ubuntu6.1 [1001 kB]
2026-10-09T16:22:43.8638429Z Get:14 http://azure.archive.ubuntu.com/ubuntu noble/main amd64 libmp3lame0 amd64 3.100-6build1 [142 kB]
2026-10-09T16:22:43.9365712Z Get:15 http://azure.archive.ubuntu.com/ubuntu noble/main amd64 libopus0 amd64 1.4-1build1 [208 kB]
2026-10-09T16:22:44.0092827Z Get:16 http://azure.archive.ubuntu.com/ubuntu noble/universe amd64 librav1e0 amd64 0.7.1-2 [1022 kB]
2026-10-09T16:22:44.0889970Z Get:17 http://azure.archive.ubuntu.com/ubuntu noble-updates/main amd64 librsvg2-2 amd64 2.58.0+dfsg-1ubuntu0.1 [2141 kB]
2026-10-09T16:22:44.1784341Z Get:18 http://azure.archive.ubuntu.com/ubuntu noble/universe amd64 libshine3 amd64 3.1.1-2build1 [23.2 kB]
2026-10-09T16:22:44.2498438Z Get:19 http://azure.archive.ubuntu.com/ubuntu noble-updates/main amd64 libspeex1 amd64 1.2.1-2ubuntu2.24.04.1 [59.6 kB]
2026-10-09T16:22:44.3224550Z Get:20 http://azure.archive.ubuntu.com/ubuntu noble/universe amd64 libsvtav1enc1d1 amd64 1.7.0+dfsg-2build1 [2425 kB]
2026-10-09T16:22:44.4139030Z Get:21 http://azure.archive.ubuntu.com/ubuntu noble/universe amd64 libsoxr0 amd64 0.1.3-4build3 [80.0 kB]
2026-10-09T16:22:44.4858964Z Get:22 http://azure.archive.ubuntu.com/ubuntu noble/universe amd64 libswresample4 amd64 7:6.1.1-3ubuntu5 [63.8 kB]
2026-10-09T16:22:44.5576814Z Get:23 http://azure.archive.ubuntu.com/ubuntu noble/main amd64 libtheora0 amd64 1.1.1+dfsg.1-16.1build3 [211 kB]
2026-10-09T16:22:44.6333773Z Get:24 http://azure.archive.ubuntu.com/ubuntu noble/main amd64 libtwolame0 amd64 0.4.0-2build3 [52.3 kB]
2026-10-09T16:22:44.7052164Z Get:25 http://azure.archive.ubuntu.com/ubuntu noble/main amd64 libvorbisenc2 amd64 1.3.7-1build3 [80.8 kB]
2026-10-09T16:22:44.7771510Z Get:26 http://azure.archive.ubuntu.com/ubuntu noble-updates/main amd64 libvpx9 amd64 1.14.0-1ubuntu2.3 [1143 kB]
2026-10-09T16:22:44.8564770Z Get:27 http://azure.archive.ubuntu.com/ubuntu noble/universe amd64 libx264-164 amd64 2:0.164.3108+git31e19f9-1 [604 kB]
2026-10-09T16:22:44.9341155Z Get:28 http://azure.archive.ubuntu.com/ubuntu noble/universe amd64 libx265-199 amd64 3.5-2build1 [1226 kB]
2026-10-09T16:22:45.0201574Z Get:29 http://azure.archive.ubuntu.com/ubuntu noble/universe amd64 libxvidcore4 amd64 2:1.3.7-1build1 [219 kB]
2026-10-09T16:22:45.0929193Z Get:30 http://azure.archive.ubuntu.com/ubuntu noble/universe amd64 libzvbi-common all 0.2.42-2 [42.4 kB]
2026-10-09T16:22:45.1630643Z Get:31 http://azure.archive.ubuntu.com/ubuntu noble/universe amd64 libzvbi0t64 amd64 0.2.42-2 [261 kB]
2026-10-09T16:22:45.2358094Z Get:32 http://azure.archive.ubuntu.com/ubuntu noble/universe amd64 libavcodec60 amd64 7:6.1.1-3ubuntu5 [5851 kB]
2026-10-09T16:22:45.5646080Z Fetched 27.7 MB in 3s (10.3 MB/s)
2026-10-09T16:22:45.5786136Z Selecting previously unselected package libva2:amd64.
2026-10-09T16:22:45.5831781Z (Reading database ... 
2026-10-09T16:22:45.5832794Z (Reading database ... 5%
2026-10-09T16:22:45.5833165Z (Reading database ... 10%
2026-10-09T16:22:45.5833545Z (Reading database ... 15%
2026-10-09T16:22:45.5833928Z (Reading database ... 20%
2026-10-09T16:22:45.5834355Z (Reading database ... 25%
2026-10-09T16:22:45.5834718Z (Reading database ... 30%
2026-10-09T16:22:45.5835100Z (Reading database ... 35%
2026-10-09T16:22:45.5835585Z (Reading database ... 40%
2026-10-09T16:22:45.5835935Z (Reading database ... 45%
2026-10-09T16:22:45.5836301Z (Reading database ... 50%
2026-10-09T16:22:45.5848362Z (Reading database ... 55%
2026-10-09T16:22:45.5913907Z (Reading database ... 60%
2026-10-09T16:22:45.5932703Z (Reading database ... 65%
2026-10-09T16:22:45.5947293Z (Reading database ... 70%
2026-10-09T16:22:45.5971428Z (Reading database ... 75%
2026-10-09T16:22:45.5988104Z (Reading database ... 80%
2026-10-09T16:22:45.6075394Z (Reading database ... 85%
2026-10-09T16:22:45.6126211Z (Reading database ... 90%
2026-10-09T16:22:45.6281483Z (Reading database ... 95%
2026-10-09T16:22:45.6281766Z (Reading database ... 100%
2026-10-09T16:22:45.6282181Z (Reading database ... 203458 files and directories currently installed.)
2026-10-09T16:22:45.6314171Z Preparing to unpack .../00-libva2_2.20.0-2ubuntu0.2_amd64.deb ...
2026-10-09T16:22:45.6327217Z Unpacking libva2:amd64 (2.20.0-2ubuntu0.2) ...
2026-10-09T16:22:45.6506024Z Selecting previously unselected package libva-drm2:amd64.
2026-10-09T16:22:45.6598081Z Preparing to unpack .../01-libva-drm2_2.20.0-2ubuntu0.2_amd64.deb ...
2026-10-09T16:22:45.6603726Z Unpacking libva-drm2:amd64 (2.20.0-2ubuntu0.2) ...
2026-10-09T16:22:45.6838100Z Selecting previously unselected package libva-x11-2:amd64.
2026-10-09T16:22:45.6928211Z Preparing to unpack .../02-libva-x11-2_2.20.0-2ubuntu0.2_amd64.deb ...
2026-10-09T16:22:45.6933837Z Unpacking libva-x11-2:amd64 (2.20.0-2ubuntu0.2) ...
2026-10-09T16:22:45.7096940Z Selecting previously unselected package libvdpau1:amd64.
2026-10-09T16:22:45.7188031Z Preparing to unpack .../03-libvdpau1_1.5-2build1_amd64.deb ...
2026-10-09T16:22:45.7193022Z Unpacking libvdpau1:amd64 (1.5-2build1) ...
2026-10-09T16:22:45.7357172Z Selecting previously unselected package libvpl2.
2026-10-09T16:22:45.7446278Z Preparing to unpack .../04-libvpl2_2023.3.0-1build1_amd64.deb ...
2026-10-09T16:22:45.7452401Z Unpacking libvpl2 (2023.3.0-1build1) ...
2026-10-09T16:22:45.7623022Z Selecting previously unselected package ocl-icd-libopencl1:amd64.
2026-10-09T16:22:45.7713404Z Preparing to unpack .../05-ocl-icd-libopencl1_2.3.2-1build1_amd64.deb ...
2026-10-09T16:22:45.7719046Z Unpacking ocl-icd-libopencl1:amd64 (2.3.2-1build1) ...
2026-10-09T16:22:45.7909222Z Selecting previously unselected package libavutil58:amd64.
2026-10-09T16:22:45.7999069Z Preparing to unpack .../06-libavutil58_7%3a6.1.1-3ubuntu5_amd64.deb ...
2026-10-09T16:22:45.8005407Z Unpacking libavutil58:amd64 (7:6.1.1-3ubuntu5) ...
2026-10-09T16:22:45.8196355Z Selecting previously unselected package libcodec2-1.2:amd64.
2026-10-09T16:22:45.8287660Z Preparing to unpack .../07-libcodec2-1.2_1.2.0-2build1_amd64.deb ...
2026-10-09T16:22:45.8293258Z Unpacking libcodec2-1.2:amd64 (1.2.0-2build1) ...
2026-10-09T16:22:45.9739238Z Selecting previously unselected package libdav1d7:amd64.
2026-10-09T16:22:45.9836505Z Preparing to unpack .../08-libdav1d7_1.4.1-1build1_amd64.deb ...
2026-10-09T16:22:45.9842107Z Unpacking libdav1d7:amd64 (1.4.1-1build1) ...
2026-10-09T16:22:46.0046007Z Selecting previously unselected package libgsm1:amd64.
2026-10-09T16:22:46.0142028Z Preparing to unpack .../09-libgsm1_1.0.22-1build1_amd64.deb ...
2026-10-09T16:22:46.0147906Z Unpacking libgsm1:amd64 (1.0.22-1build1) ...
2026-10-09T16:22:46.0311068Z Selecting previously unselected package libhwy1t64:amd64.
2026-10-09T16:22:46.0405638Z Preparing to unpack .../10-libhwy1t64_1.0.7-8.1build1_amd64.deb ...
2026-10-09T16:22:46.0411293Z Unpacking libhwy1t64:amd64 (1.0.7-8.1build1) ...
2026-10-09T16:22:46.0721687Z Selecting previously unselected package libjxl0.7:amd64.
2026-10-09T16:22:46.0816775Z Preparing to unpack .../11-libjxl0.7_0.7.0-10.2ubuntu6.1_amd64.deb ...
2026-10-09T16:22:46.0822207Z Unpacking libjxl0.7:amd64 (0.7.0-10.2ubuntu6.1) ...
2026-10-09T16:22:46.1117006Z Selecting previously unselected package libmp3lame0:amd64.
2026-10-09T16:22:46.1211364Z Preparing to unpack .../12-libmp3lame0_3.100-6build1_amd64.deb ...
2026-10-09T16:22:46.1216558Z Unpacking libmp3lame0:amd64 (3.100-6build1) ...
2026-10-09T16:22:46.1386800Z Selecting previously unselected package libopus0:amd64.
2026-10-09T16:22:46.1480893Z Preparing to unpack .../13-libopus0_1.4-1build1_amd64.deb ...
2026-10-09T16:22:46.1486786Z Unpacking libopus0:amd64 (1.4-1build1) ...
2026-10-09T16:22:46.1884683Z Selecting previously unselected package librav1e0:amd64.
2026-10-09T16:22:46.1979578Z Preparing to unpack .../14-librav1e0_0.7.1-2_amd64.deb ...
2026-10-09T16:22:46.1990678Z Unpacking librav1e0:amd64 (0.7.1-2) ...
2026-10-09T16:22:46.2317526Z Selecting previously unselected package librsvg2-2:amd64.
2026-10-09T16:22:46.2411435Z Preparing to unpack .../15-librsvg2-2_2.58.0+dfsg-1ubuntu0.1_amd64.deb ...
2026-10-09T16:22:46.2416951Z Unpacking librsvg2-2:amd64 (2.58.0+dfsg-1ubuntu0.1) ...
2026-10-09T16:22:46.3019942Z Selecting previously unselected package libshine3:amd64.
2026-10-09T16:22:46.3113915Z Preparing to unpack .../16-libshine3_3.1.1-2build1_amd64.deb ...
2026-10-09T16:22:46.3119517Z Unpacking libshine3:amd64 (3.1.1-2build1) ...
2026-10-09T16:22:46.3277550Z Selecting previously unselected package libspeex1:amd64.
2026-10-09T16:22:46.3369866Z Preparing to unpack .../17-libspeex1_1.2.1-2ubuntu2.24.04.1_amd64.deb ...
2026-10-09T16:22:46.3374991Z Unpacking libspeex1:amd64 (1.2.1-2ubuntu2.24.04.1) ...
2026-10-09T16:22:46.3536598Z Selecting previously unselected package libsvtav1enc1d1:amd64.
2026-10-09T16:22:46.3628590Z Preparing to unpack .../18-libsvtav1enc1d1_1.7.0+dfsg-2build1_amd64.deb ...
2026-10-09T16:22:46.3634151Z Unpacking libsvtav1enc1d1:amd64 (1.7.0+dfsg-2build1) ...
2026-10-09T16:22:46.4427394Z Selecting previously unselected package libsoxr0:amd64.
2026-10-09T16:22:46.4522709Z Preparing to unpack .../19-libsoxr0_0.1.3-4build3_amd64.deb ...
2026-10-09T16:22:46.4529323Z Unpacking libsoxr0:amd64 (0.1.3-4build3) ...
2026-10-09T16:22:46.4700770Z Selecting previously unselected package libswresample4:amd64.
2026-10-09T16:22:46.4793163Z Preparing to unpack .../20-libswresample4_7%3a6.1.1-3ubuntu5_amd64.deb ...
2026-10-09T16:22:46.4798819Z Unpacking libswresample4:amd64 (7:6.1.1-3ubuntu5) ...
2026-10-09T16:22:46.4966598Z Selecting previously unselected package libtheora0:amd64.
2026-10-09T16:22:46.5059131Z Preparing to unpack .../21-libtheora0_1.1.1+dfsg.1-16.1build3_amd64.deb ...
2026-10-09T16:22:46.5066278Z Unpacking libtheora0:amd64 (1.1.1+dfsg.1-16.1build3) ...
2026-10-09T16:22:46.5249536Z Selecting previously unselected package libtwolame0:amd64.
2026-10-09T16:22:46.5342214Z Preparing to unpack .../22-libtwolame0_0.4.0-2build3_amd64.deb ...
2026-10-09T16:22:46.5348770Z Unpacking libtwolame0:amd64 (0.4.0-2build3) ...
2026-10-09T16:22:46.5514689Z Selecting previously unselected package libvorbisenc2:amd64.
2026-10-09T16:22:46.5606564Z Preparing to unpack .../23-libvorbisenc2_1.3.7-1build3_amd64.deb ...
2026-10-09T16:22:46.5612126Z Unpacking libvorbisenc2:amd64 (1.3.7-1build3) ...
2026-10-09T16:22:46.5794461Z Selecting previously unselected package libvpx9:amd64.
2026-10-09T16:22:46.5885551Z Preparing to unpack .../24-libvpx9_1.14.0-1ubuntu2.3_amd64.deb ...
2026-10-09T16:22:46.5892444Z Unpacking libvpx9:amd64 (1.14.0-1ubuntu2.3) ...
2026-10-09T16:22:46.6206044Z Selecting previously unselected package libx264-164:amd64.
2026-10-09T16:22:46.6297934Z Preparing to unpack .../25-libx264-164_2%3a0.164.3108+git31e19f9-1_amd64.deb ...
2026-10-09T16:22:46.6304219Z Unpacking libx264-164:amd64 (2:0.164.3108+git31e19f9-1) ...
2026-10-09T16:22:46.6802529Z Selecting previously unselected package libx265-199:amd64.
2026-10-09T16:22:46.6895544Z Preparing to unpack .../26-libx265-199_3.5-2build1_amd64.deb ...
2026-10-09T16:22:46.6901178Z Unpacking libx265-199:amd64 (3.5-2build1) ...
2026-10-09T16:22:46.8096919Z Selecting previously unselected package libxvidcore4:amd64.
2026-10-09T16:22:46.8192660Z Preparing to unpack .../27-libxvidcore4_2%3a1.3.7-1build1_amd64.deb ...
2026-10-09T16:22:46.8199131Z Unpacking libxvidcore4:amd64 (2:1.3.7-1build1) ...
2026-10-09T16:22:46.8373350Z Selecting previously unselected package libzvbi-common.
2026-10-09T16:22:46.8467309Z Preparing to unpack .../28-libzvbi-common_0.2.42-2_all.deb ...
2026-10-09T16:22:46.8472991Z Unpacking libzvbi-common (0.2.42-2) ...
2026-10-09T16:22:46.9063657Z Selecting previously unselected package libzvbi0t64:amd64.
2026-10-09T16:22:46.9157987Z Preparing to unpack .../29-libzvbi0t64_0.2.42-2_amd64.deb ...
2026-10-09T16:22:46.9164210Z Unpacking libzvbi0t64:amd64 (0.2.42-2) ...
2026-10-09T16:22:46.9350200Z Selecting previously unselected package libavcodec60:amd64.
2026-10-09T16:22:46.9442480Z Preparing to unpack .../30-libavcodec60_7%3a6.1.1-3ubuntu5_amd64.deb ...
2026-10-09T16:22:46.9448163Z Unpacking libavcodec60:amd64 (7:6.1.1-3ubuntu5) ...
2026-10-09T16:22:47.1005594Z Setting up libhwy1t64:amd64 (1.0.7-8.1build1) ...
2026-10-09T16:22:47.1163098Z Setting up libspeex1:amd64 (1.2.1-2ubuntu2.24.04.1) ...
2026-10-09T16:22:47.1176678Z Setting up libshine3:amd64 (3.1.1-2build1) ...
2026-10-09T16:22:47.1189297Z Setting up libvpl2 (2023.3.0-1build1) ...
2026-10-09T16:22:47.1202274Z Setting up libx264-164:amd64 (2:0.164.3108+git31e19f9-1) ...
2026-10-09T16:22:47.1215480Z Setting up libtwolame0:amd64 (0.4.0-2build3) ...
2026-10-09T16:22:47.1228497Z Setting up libgsm1:amd64 (1.0.22-1build1) ...
2026-10-09T16:22:47.1241677Z Setting up libsoxr0:amd64 (0.1.3-4build3) ...
2026-10-09T16:22:47.1254418Z Setting up libcodec2-1.2:amd64 (1.2.0-2build1) ...
2026-10-09T16:22:47.1267151Z Setting up libsvtav1enc1d1:amd64 (1.7.0+dfsg-2build1) ...
2026-10-09T16:22:47.1280174Z Setting up libxvidcore4:amd64 (2:1.3.7-1build1) ...
2026-10-09T16:22:47.1292645Z Setting up librav1e0:amd64 (0.7.1-2) ...
2026-10-09T16:22:47.1305438Z Setting up librsvg2-2:amd64 (2.58.0+dfsg-1ubuntu0.1) ...
2026-10-09T16:22:47.1319127Z Setting up libva2:amd64 (2.20.0-2ubuntu0.2) ...
2026-10-09T16:22:47.1334009Z Setting up libopus0:amd64 (1.4-1build1) ...
2026-10-09T16:22:47.1348521Z Setting up libjxl0.7:amd64 (0.7.0-10.2ubuntu6.1) ...
2026-10-09T16:22:47.1363087Z Setting up libx265-199:amd64 (3.5-2build1) ...
2026-10-09T16:22:47.1674548Z Setting up libvpx9:amd64 (1.14.0-1ubuntu2.3) ...
2026-10-09T16:22:47.1766092Z Setting up libdav1d7:amd64 (1.4.1-1build1) ...
2026-10-09T16:22:47.1779010Z Setting up libva-drm2:amd64 (2.20.0-2ubuntu0.2) ...
2026-10-09T16:22:47.1791315Z Setting up ocl-icd-libopencl1:amd64 (2.3.2-1build1) ...
2026-10-09T16:22:47.1804130Z Setting up libvdpau1:amd64 (1.5-2build1) ...
2026-10-09T16:22:47.1822843Z Setting up libtheora0:amd64 (1.1.1+dfsg.1-16.1build3) ...
2026-10-09T16:22:47.1836772Z Setting up libva-x11-2:amd64 (2.20.0-2ubuntu0.2) ...
2026-10-09T16:22:47.1850559Z Setting up libzvbi-common (0.2.42-2) ...
2026-10-09T16:22:47.1864188Z Setting up libmp3lame0:amd64 (3.100-6build1) ...
2026-10-09T16:22:47.1879487Z Setting up libvorbisenc2:amd64 (1.3.7-1build3) ...
2026-10-09T16:22:47.1893271Z Setting up libzvbi0t64:amd64 (0.2.42-2) ...
2026-10-09T16:22:47.1906540Z Setting up libavutil58:amd64 (7:6.1.1-3ubuntu5) ...
2026-10-09T16:22:47.1919576Z Setting up libswresample4:amd64 (7:6.1.1-3ubuntu5) ...
2026-10-09T16:22:47.1932361Z Setting up libavcodec60:amd64 (7:6.1.1-3ubuntu5) ...
2026-10-09T16:22:47.1947062Z Processing triggers for man-db (2.12.0-4build2) ...
2026-10-09T16:22:47.1959636Z Not building database; man-db/auto-update is not 'true'.
2026-10-09T16:22:47.1968384Z Processing triggers for libc-bin (2.39-0ubuntu8.9) ...
2026-10-09T16:22:47.5873197Z 
2026-10-09T16:22:47.5873828Z Running kernel seems to be up-to-date.
2026-10-09T16:22:47.5874087Z 
2026-10-09T16:22:47.5874225Z No services need to be restarted.
2026-10-09T16:22:47.5874907Z 
2026-10-09T16:22:47.5875043Z No containers need to be restarted.
2026-10-09T16:22:47.5875363Z 
2026-10-09T16:22:47.5875527Z No user sessions are running outdated binaries.
2026-10-09T16:22:47.5875711Z 
2026-10-09T16:22:47.5875946Z No VM guests are running outdated hypervisor (qemu) binaries on this host.
2026-10-09T16:22:48.2742781Z ##[group]Run pnpm exec playwright install --with-deps webkit
2026-10-09T16:22:48.2743081Z [36;1mpnpm exec playwright install --with-deps webkit[0m
2026-10-09T16:22:48.2798121Z shell: /usr/bin/bash -e {0}
2026-10-09T16:22:48.2798283Z env:
2026-10-09T16:22:48.2798490Z   PLAYWRIGHT_BROWSERS_PATH: /home/runner/work/FsusUI/FsusUI/.tmp/playwright-browsers
2026-10-09T16:22:48.2798768Z   PNPM_HOME: /home/runner/setup-pnpm/node_modules/.bin
2026-10-09T16:22:48.2799699Z   PATH: /home/runner/work/FsusUI/FsusUI/emsdk-cache/emsdk-main:/home/runner/work/FsusUI/FsusUI/emsdk-cache/emsdk-main/upstream/emscripten:/opt/hostedtoolcache/node/22.23.3/x64/bin:/home/runner/setup-pnpm/node_modules/.bin:/snap/bin:/home/runner/.local/bin:/opt/pipx_bin:/home/runner/.cargo/bin:/home/runner/.config/composer/vendor/bin:/usr/local/.ghcup/bin:/home/runner/.dotnet/tools:/usr/local/sbin:/usr/local/bin:/usr/sbin:/usr/bin:/sbin:/bin:/usr/games:/usr/local/games
2026-10-09T16:22:48.2800656Z   EMSDK: /home/runner/work/FsusUI/FsusUI/emsdk-cache/emsdk-main
2026-10-09T16:22:48.2801111Z   EMSDK_NODE: /home/runner/work/FsusUI/FsusUI/emsdk-cache/emsdk-main/node/22.16.0_64bit/bin/node
2026-10-09T16:22:48.2801366Z ##[endgroup]
2026-10-09T16:22:48.5955863Z Installing dependencies...
2026-10-09T16:22:48.6000696Z Switching to root user to install dependencies...
2026-10-09T16:22:48.6518718Z Get:1 file:/etc/apt/apt-mirrors.txt Mirrorlist [144 B]
2026-10-09T16:22:48.6795477Z Hit:2 http://azure.archive.ubuntu.com/ubuntu noble InRelease
2026-10-09T16:22:48.6811741Z Hit:3 http://azure.archive.ubuntu.com/ubuntu noble-updates InRelease
2026-10-09T16:22:48.6835871Z Hit:4 http://azure.archive.ubuntu.com/ubuntu noble-backports InRelease
2026-10-09T16:22:48.6846359Z Hit:5 http://azure.archive.ubuntu.com/ubuntu noble-security InRelease
2026-10-09T16:22:48.6850085Z Hit:6 https://packages.microsoft.com/ubuntu/24.04/prod noble InRelease
2026-10-09T16:22:49.4612088Z Reading package lists...
2026-10-09T16:22:49.4786351Z Reading package lists...
2026-10-09T16:22:49.6044825Z Building dependency tree...
2026-10-09T16:22:49.6050297Z Reading state information...
2026-10-09T16:22:49.7135347Z libicu74 is already the newest version (74.2-1ubuntu3.1).
2026-10-09T16:22:49.7135867Z libatomic1 is already the newest version (14.2.0-4ubuntu2~24.04.1).
2026-10-09T16:22:49.7136254Z libatomic1 set to manually installed.
2026-10-09T16:22:49.7136660Z libatk-bridge2.0-0t64 is already the newest version (2.52.0-1build1).
2026-10-09T16:22:49.7137108Z libatk1.0-0t64 is already the newest version (2.52.0-1build1).
2026-10-09T16:22:49.7137549Z libcairo-gobject2 is already the newest version (1.18.0-3build1).
2026-10-09T16:22:49.7137970Z libcairo2 is already the newest version (1.18.0-3build1).
2026-10-09T16:22:49.7138396Z libdbus-1-3 is already the newest version (1.14.10-4ubuntu4.1).
2026-10-09T16:22:49.7138840Z libdrm2 is already the newest version (2.4.125-1ubuntu0.1~24.04.2).
2026-10-09T16:22:49.7139272Z libenchant-2-2 is already the newest version (2.3.3-2build2).
2026-10-09T16:22:49.7139679Z libenchant-2-2 set to manually installed.
2026-10-09T16:22:49.7140043Z libepoxy0 is already the newest version (1.5.10-1build1).
2026-10-09T16:22:49.7140385Z libepoxy0 set to manually installed.
2026-10-09T16:22:49.7140772Z libfontconfig1 is already the newest version (2.15.0-1.1ubuntu2).
2026-10-09T16:22:49.7141232Z libfreetype6 is already the newest version (2.13.2+dfsg-1ubuntu0.2).
2026-10-09T16:22:49.7141675Z libgbm1 is already the newest version (25.2.8-0ubuntu0.24.04.4).
2026-10-09T16:22:49.7142156Z libgdk-pixbuf-2.0-0 is already the newest version (2.42.10+dfsg-3ubuntu3.3).
2026-10-09T16:22:49.7142636Z libglib2.0-0t64 is already the newest version (2.80.0-6ubuntu3.9).
2026-10-09T16:22:49.7143093Z libgstreamer1.0-0 is already the newest version (1.24.2-1ubuntu0.1).
2026-10-09T16:22:49.7143478Z libgstreamer1.0-0 set to manually installed.
2026-10-09T16:22:49.7143860Z libharfbuzz0b is already the newest version (8.3.0-2build2).
2026-10-09T16:22:49.7144675Z libharfbuzz0b set to manually installed.
2026-10-09T16:22:49.7145062Z libjpeg-turbo8 is already the newest version (2.1.5-2ubuntu2).
2026-10-09T16:22:49.7145531Z libjpeg-turbo8 set to manually installed.
2026-10-09T16:22:49.7145862Z liblcms2-2 is already the newest version (2.14-2ubuntu0.1).
2026-10-09T16:22:49.7146089Z liblcms2-2 set to manually installed.
2026-10-09T16:22:49.7146310Z libopus0 is already the newest version (1.4-1build1).
2026-10-09T16:22:49.7146522Z libopus0 set to manually installed.
2026-10-09T16:22:49.7146763Z libpango-1.0-0 is already the newest version (1.52.1+ds-1build1).
2026-10-09T16:22:49.7147055Z libpangocairo-1.0-0 is already the newest version (1.52.1+ds-1build1).
2026-10-09T16:22:49.7147332Z libvpx9 is already the newest version (1.14.0-1ubuntu2.3).
2026-10-09T16:22:49.7147551Z libvpx9 set to manually installed.
2026-10-09T16:22:49.7147803Z libwayland-client0 is already the newest version (1.22.0-2.1build1).
2026-10-09T16:22:49.7148060Z libwayland-client0 set to manually installed.
2026-10-09T16:22:49.7148456Z libwayland-egl1 is already the newest version (1.22.0-2.1build1).
2026-10-09T16:22:49.7148695Z libwayland-egl1 set to manually installed.
2026-10-09T16:22:49.7148930Z libwebp7 is already the newest version (1.3.2-0.4build3).
2026-10-09T16:22:49.7149147Z libwebp7 set to manually installed.
2026-10-09T16:22:49.7149384Z libwebpdemux2 is already the newest version (1.3.2-0.4build3).
2026-10-09T16:22:49.7149616Z libwebpdemux2 set to manually installed.
2026-10-09T16:22:49.7149855Z libx11-6 is already the newest version (2:1.8.7-1build1).
2026-10-09T16:22:49.7150115Z libxkbcommon0 is already the newest version (1.6.0-1build1).
2026-10-09T16:22:49.7150404Z libxslt1.1 is already the newest version (1.1.39-0exp1ubuntu0.24.04.3).
2026-10-09T16:22:49.7150646Z libxslt1.1 set to manually installed.
2026-10-09T16:22:49.7150902Z libx264-164 is already the newest version (2:0.164.3108+git31e19f9-1).
2026-10-09T16:22:49.7151139Z libx264-164 set to manually installed.
2026-10-09T16:22:49.7151374Z xvfb is already the newest version (2:21.1.12-1ubuntu1.8).
2026-10-09T16:22:49.7151685Z fonts-noto-color-emoji is already the newest version (2.047-0ubuntu0.24.04.1).
2026-10-09T16:22:49.7152004Z fonts-unifont is already the newest version (1:15.1.01-1build1).
2026-10-09T16:22:49.7152287Z xfonts-cyrillic is already the newest version (1:1.0.5+nmu1).
2026-10-09T16:22:49.7152564Z xfonts-scalable is already the newest version (1:1.0.3-1.3).
2026-10-09T16:22:49.7152835Z fonts-liberation is already the newest version (1:2.1.5-3).
2026-10-09T16:22:49.7153134Z fonts-ipafont-gothic is already the newest version (00303-21ubuntu1).
2026-10-09T16:22:49.7153420Z fonts-wqy-zenhei is already the newest version (0.9.45-8).
2026-10-09T16:22:49.7153697Z fonts-tlwg-loma-otf is already the newest version (1:0.7.3-1).
2026-10-09T16:22:49.7153994Z fonts-freefont-ttf is already the newest version (20211204+svn4273-2).
2026-10-09T16:22:49.7154268Z The following additional packages will be installed:
2026-10-09T16:22:49.7154546Z   glib-networking glib-networking-common glib-networking-services
2026-10-09T16:22:49.7154856Z   gsettings-desktop-schemas libaa1 libabsl20220623t64 libass9 libasyncns0
2026-10-09T16:22:49.7155160Z   libavc1394-0 libavfilter9 libavformat60 libavtp0 libblas3 libbluray2
2026-10-09T16:22:49.7155598Z   libbs2b0 libcaca0 libcairo-script-interpreter2 libcdparanoia0
2026-10-09T16:22:49.7155891Z   libchromaprint1 libcjson1 libdc1394-25 libdca0 libde265-0 libdecor-0-0
2026-10-09T16:22:49.7156193Z   libdirectfb-1.7-7t64 libdv4t64 libdvdnav4 libdvdread8t64 libegl-mesa0
2026-10-09T16:22:49.7156503Z   libegl1 libfaad2 libflac12t64 libfluidsynth3 libfreeaptx0 libgav1-1 libgme0
2026-10-09T16:22:49.7156809Z   libgraphene-1.0-0 libgssdp-1.6-0 libgstreamer-plugins-good1.0-0
2026-10-09T16:22:49.7157094Z   libgtk-4-common libgupnp-1.6-0 libgupnp-igd-1.6-0 libiec61883-0
2026-10-09T16:22:49.7157397Z   libimath-3-1-29t64 libinstpatch-1.0-2 libjack-jackd2-0 liblapack3 liblc3-1
2026-10-09T16:22:49.7157872Z   libldacbt-enc2 liblilv-0-0 liblrdf0 libltc11 libmbedcrypto7t64 libmfx1
2026-10-09T16:22:49.7158182Z   libmjpegutils-2.1-0t64 libmodplug1 libmpcdec6 libmpeg2encpp-2.1-0t64
2026-10-09T16:22:49.7158486Z   libmpg123-0t64 libmplex2-2.1-0t64 libmysofa1 libneon27t64 libnice10
2026-10-09T16:22:49.7158784Z   libopenal-data libopenal1 libopenexr-3-1-30 libopenh264-7 libopenmpt0t64
2026-10-09T16:22:49.7159075Z   libopenni2-0 liborc-0.4-0t64 libpipewire-0.3-0t64 libplacebo338
2026-10-09T16:22:49.7159354Z   libpocketsphinx3 libpostproc57 libproxy1v5 libpulse0 libqrencode4
2026-10-09T16:22:49.7159655Z   libraptor2-0 libraw1394-11 librist4 librubberband2 libsamplerate0 libsbc1
2026-10-09T16:22:49.7159972Z   libsdl2-2.0-0 libsecret-common libserd-0-0 libshout3 libsndfile1 libsndio7.0
2026-10-09T16:22:49.7160264Z   libsord-0-0 libsoundtouch1 libsoup-3.0-0 libsoup-3.0-common
2026-10-09T16:22:49.7160536Z   libspa-0.2-modules libspandsp2t64 libsphinxbase3t64 libsratom-0-0
2026-10-09T16:22:49.7160815Z   libsrt1.5-gnutls libsrtp2-1 libssh-gcrypt-4 libswscale7 libtag1v5
2026-10-09T16:22:49.7161204Z   libtag1v5-vanilla libudfread0 libunibreak5 libv4l-0t64 libv4lconvert0t64
2026-10-09T16:22:49.7161511Z   libvidstab1.1 libvisual-0.4-0 libvo-aacenc0 libvo-amrwbenc0 libwavpack1
2026-10-09T16:22:49.7161824Z   libwebrtc-audio-processing1 libwildmidi2 libxcb-xkb1 libxkbcommon-x11-0
2026-10-09T16:22:49.7162115Z   libxml2-dev libyuv0 libzbar0t64 libzimg2 libzix-0-0 libzxing3
2026-10-09T16:22:49.7162349Z   session-migration timgm6mb-soundfont
2026-10-09T16:22:49.7162532Z Suggested packages:
2026-10-09T16:22:49.7162784Z   frei0r-plugins gvfs libbluray-bdj libdirectfb-extra libdv-bin oss-compat
2026-10-09T16:22:49.7163107Z   libdvdcss2 libvisual-0.4-plugins jackd2 liblrdf0-dev libportaudio2 pipewire
2026-10-09T16:22:49.7163409Z   pulseaudio raptor2-utils libraw1394-doc serdi sndiod sordi
2026-10-09T16:22:49.7163635Z   libwildmidi-config fluid-soundfont-gm
2026-10-09T16:22:49.7163813Z Recommended packages:
2026-10-09T16:22:49.7164055Z   gstreamer1.0-x libaacs0 default-libdecor-0-plugin-1 | libdecor-0-plugin-1
2026-10-09T16:22:49.7164368Z   gstreamer1.0-gl libgtk-4-bin librsvg2-common libgtk-4-media-gstreamer
2026-10-09T16:22:49.7164671Z   libpipewire-0.3-common pocketsphinx-en-us libmagickcore-6.q16-7-extra
2026-10-09T16:22:49.7520913Z The following NEW packages will be installed:
2026-10-09T16:22:49.7521414Z   glib-networking glib-networking-common glib-networking-services
2026-10-09T16:22:49.7521897Z   gsettings-desktop-schemas gstreamer1.0-libav gstreamer1.0-plugins-bad
2026-10-09T16:22:49.7522347Z   gstreamer1.0-plugins-base gstreamer1.0-plugins-good libaa1
2026-10-09T16:22:49.7522768Z   libabsl20220623t64 libass9 libasyncns0 libavc1394-0 libavfilter9
2026-10-09T16:22:49.7523216Z   libavformat60 libavif16 libavtp0 libblas3 libbluray2 libbs2b0 libcaca0
2026-10-09T16:22:49.7523689Z   libcairo-script-interpreter2 libcdparanoia0 libchromaprint1 libcjson1
2026-10-09T16:22:49.7524171Z   libdc1394-25 libdca0 libde265-0 libdecor-0-0 libdirectfb-1.7-7t64 libdv4t64
2026-10-09T16:22:49.7524679Z   libdvdnav4 libdvdread8t64 libegl-mesa0 libegl1 libevent-2.1-7t64 libfaad2
2026-10-09T16:22:49.7525165Z   libflac12t64 libflite1 libfluidsynth3 libfreeaptx0 libgav1-1 libgles2
2026-10-09T16:22:49.7525725Z   libgme0 libgraphene-1.0-0 libgssdp-1.6-0 libgstreamer-gl1.0-0
2026-10-09T16:22:49.7526153Z   libgstreamer-plugins-bad1.0-0 libgstreamer-plugins-base1.0-0
2026-10-09T16:22:49.7526615Z   libgstreamer-plugins-good1.0-0 libgtk-4-1 libgtk-4-common libgupnp-1.6-0
2026-10-09T16:22:49.7527062Z   libgupnp-igd-1.6-0 libharfbuzz-icu0 libhyphen0 libiec61883-0
2026-10-09T16:22:49.7527515Z   libimath-3-1-29t64 libinstpatch-1.0-2 libjack-jackd2-0 liblapack3 liblc3-1
2026-10-09T16:22:49.7527963Z   libldacbt-enc2 liblilv-0-0 liblrdf0 libltc11 libmanette-0.2-0
2026-10-09T16:22:49.7528405Z   libmbedcrypto7t64 libmfx1 libmjpegutils-2.1-0t64 libmodplug1 libmpcdec6
2026-10-09T16:22:49.7528865Z   libmpeg2encpp-2.1-0t64 libmpg123-0t64 libmplex2-2.1-0t64 libmysofa1
2026-10-09T16:22:49.7529591Z   libneon27t64 libnice10 libopenal-data libopenal1 libopenexr-3-1-30
2026-10-09T16:22:49.7530015Z   libopenh264-7 libopenmpt0t64 libopenni2-0 liborc-0.4-0t64
2026-10-09T16:22:49.7530431Z   libpipewire-0.3-0t64 libplacebo338 libpocketsphinx3 libpostproc57
2026-10-09T16:22:49.7530879Z   libproxy1v5 libpulse0 libqrencode4 libraptor2-0 libraw1394-11 librist4
2026-10-09T16:22:49.7531288Z   librubberband2 libsamplerate0 libsbc1 libsdl2-2.0-0 libsecret-1-0
2026-10-09T16:22:49.7531592Z   libsecret-common libserd-0-0 libshout3 libsndfile1 libsndio7.0 libsord-0-0
2026-10-09T16:22:49.7531899Z   libsoundtouch1 libsoup-3.0-0 libsoup-3.0-common libspa-0.2-modules
2026-10-09T16:22:49.7532199Z   libspandsp2t64 libsphinxbase3t64 libsratom-0-0 libsrt1.5-gnutls libsrtp2-1
2026-10-09T16:22:49.7532504Z   libssh-gcrypt-4 libswscale7 libtag1v5 libtag1v5-vanilla libudfread0
2026-10-09T16:22:49.7532802Z   libunibreak5 libv4l-0t64 libv4lconvert0t64 libvidstab1.1 libvisual-0.4-0
2026-10-09T16:22:49.7533092Z   libvo-aacenc0 libvo-amrwbenc0 libwavpack1 libwayland-server0
2026-10-09T16:22:49.7533475Z   libwebrtc-audio-processing1 libwildmidi2 libwoff1 libxcb-xkb1
2026-10-09T16:22:49.7533762Z   libxkbcommon-x11-0 libyuv0 libzbar0t64 libzimg2 libzix-0-0 libzxing3
2026-10-09T16:22:49.7534000Z   session-migration timgm6mb-soundfont
2026-10-09T16:22:49.7534208Z The following packages will be upgraded:
2026-10-09T16:22:49.7534398Z   libpng16-16t64 libxml2 libxml2-dev
2026-10-09T16:22:49.7687236Z 3 upgraded, 141 newly installed, 0 to remove and 19 not upgraded.
2026-10-09T16:22:49.7687642Z Need to get 67.1 MB of archives.
2026-10-09T16:22:49.7688025Z After this operation, 196 MB of additional disk space will be used.
2026-10-09T16:22:49.7688511Z Get:1 file:/etc/apt/apt-mirrors.txt Mirrorlist [144 B]
2026-10-09T16:22:49.9260610Z Get:2 http://azure.archive.ubuntu.com/ubuntu noble-updates/main amd64 libxml2-dev amd64 2.9.14+dfsg-1.3ubuntu3.10 [781 kB]
2026-10-09T16:22:50.3681581Z Get:3 http://azure.archive.ubuntu.com/ubuntu noble-updates/main amd64 libxml2 amd64 2.9.14+dfsg-1.3ubuntu3.10 [764 kB]
2026-10-09T16:22:50.5858891Z Get:4 http://azure.archive.ubuntu.com/ubuntu noble-updates/main amd64 libpng16-16t64 amd64 1.6.43-5ubuntu0.7 [189 kB]
2026-10-09T16:22:50.7252273Z Get:5 http://azure.archive.ubuntu.com/ubuntu noble/main amd64 libproxy1v5 amd64 0.5.4-4build1 [26.5 kB]
2026-10-09T16:22:50.8622261Z Get:6 http://azure.archive.ubuntu.com/ubuntu noble/main amd64 glib-networking-common all 2.80.0-1build1 [6702 B]
2026-10-09T16:22:50.9972840Z Get:7 http://azure.archive.ubuntu.com/ubuntu noble/main amd64 glib-networking-services amd64 2.80.0-1build1 [12.8 kB]
2026-10-09T16:22:51.1330803Z Get:8 http://azure.archive.ubuntu.com/ubuntu noble/main amd64 session-migration amd64 0.3.9build1 [9034 B]
2026-10-09T16:22:51.2713963Z Get:9 http://azure.archive.ubuntu.com/ubuntu noble-updates/main amd64 gsettings-desktop-schemas all 46.1-0ubuntu1 [35.6 kB]
2026-10-09T16:22:51.4078875Z Get:10 http://azure.archive.ubuntu.com/ubuntu noble/main amd64 glib-networking amd64 2.80.0-1build1 [64.1 kB]
2026-10-09T16:22:51.5434568Z Get:11 http://azure.archive.ubuntu.com/ubuntu noble/universe amd64 libunibreak5 amd64 5.1-2build1 [25.0 kB]
2026-10-09T16:22:51.6783799Z Get:12 http://azure.archive.ubuntu.com/ubuntu noble/universe amd64 libass9 amd64 1:0.17.1-2build1 [104 kB]
2026-10-09T16:22:51.8178345Z Get:13 http://azure.archive.ubuntu.com/ubuntu noble/universe amd64 libudfread0 amd64 1.1.2-1build1 [19.0 kB]
2026-10-09T16:22:51.9534404Z Get:14 http://azure.archive.ubuntu.com/ubuntu noble/universe amd64 libbluray2 amd64 1:1.3.4-1build1 [159 kB]
2026-10-09T16:22:52.0947596Z Get:15 http://azure.archive.ubuntu.com/ubuntu noble/universe amd64 libchromaprint1 amd64 1.5.1-5 [30.5 kB]
2026-10-09T16:22:52.2303254Z Get:16 http://azure.archive.ubuntu.com/ubuntu noble/universe amd64 libgme0 amd64 0.6.3-7build1 [134 kB]
2026-10-09T16:22:52.3698922Z Get:17 http://azure.archive.ubuntu.com/ubuntu noble-updates/main amd64 libmpg123-0t64 amd64 1.32.5-1ubuntu1.1 [169 kB]
2026-10-09T16:22:52.6507127Z Get:18 http://azure.archive.ubuntu.com/ubuntu noble/universe amd64 libopenmpt0t64 amd64 0.7.3-1.1build3 [647 kB]
2026-10-09T16:22:53.5947130Z Get:19 http://azure.archive.ubuntu.com/ubuntu noble/universe amd64 libcjson1 amd64 1.7.17-1 [24.8 kB]
2026-10-09T16:22:53.7332583Z Get:20 http://azure.archive.ubuntu.com/ubuntu noble/universe amd64 libmbedcrypto7t64 amd64 2.28.8-1 [209 kB]
2026-10-09T16:22:53.8995367Z Get:21 http://azure.archive.ubuntu.com/ubuntu noble/universe amd64 librist4 amd64 0.2.10+dfsg-2 [74.9 kB]
2026-10-09T16:22:54.0446732Z Get:22 http://azure.archive.ubuntu.com/ubuntu noble/universe amd64 libsrt1.5-gnutls amd64 1.5.3-1build2 [316 kB]
2026-10-09T16:22:54.2276124Z Get:23 http://azure.archive.ubuntu.com/ubuntu noble-updates/main amd64 libssh-gcrypt-4 amd64 0.10.6-2ubuntu0.5 [226 kB]
2026-10-09T16:22:54.3967087Z Get:24 http://azure.archive.ubuntu.com/ubuntu noble/universe amd64 libavformat60 amd64 7:6.1.1-3ubuntu5 [1153 kB]
2026-10-09T16:22:54.7047268Z Get:25 http://azure.archive.ubuntu.com/ubuntu noble/universe amd64 libbs2b0 amd64 3.1.0+dfsg-7build1 [10.6 kB]
2026-10-09T16:22:54.8401051Z Get:26 http://azure.archive.ubuntu.com/ubuntu noble/universe amd64 libflite1 amd64 2.2-6build3 [13.6 MB]
2026-10-09T16:22:55.6559628Z Get:27 http://azure.archive.ubuntu.com/ubuntu noble/universe amd64 libserd-0-0 amd64 0.32.2-1 [43.6 kB]
2026-10-09T16:22:55.7934883Z Get:28 http://azure.archive.ubuntu.com/ubuntu noble/universe amd64 libzix-0-0 amd64 0.4.2-2build1 [23.6 kB]
2026-10-09T16:22:55.9286463Z Get:29 http://azure.archive.ubuntu.com/ubuntu noble/universe amd64 libsord-0-0 amd64 0.16.16-2build1 [15.8 kB]
2026-10-09T16:22:56.0655330Z Get:30 http://azure.archive.ubuntu.com/ubuntu noble/universe amd64 libsratom-0-0 amd64 0.6.16-1build1 [17.3 kB]
2026-10-09T16:22:56.2001586Z Get:31 http://azure.archive.ubuntu.com/ubuntu noble/universe amd64 liblilv-0-0 amd64 0.24.22-1build1 [41.0 kB]
2026-10-09T16:22:56.3352956Z Get:32 http://azure.archive.ubuntu.com/ubuntu noble/universe amd64 libmysofa1 amd64 1.3.2+dfsg-2ubuntu2 [1158 kB]
2026-10-09T16:22:56.4861607Z Get:33 http://azure.archive.ubuntu.com/ubuntu noble/universe amd64 libplacebo338 amd64 6.338.2-2build1 [2654 kB]
2026-10-09T16:22:56.6589231Z Get:34 http://azure.archive.ubuntu.com/ubuntu noble-updates/main amd64 libblas3 amd64 3.12.0-3build1.1 [238 kB]
2026-10-09T16:22:56.7967445Z Get:35 http://azure.archive.ubuntu.com/ubuntu noble-updates/main amd64 liblapack3 amd64 3.12.0-3build1.1 [2646 kB]
2026-10-09T16:22:56.9691669Z Get:36 http://azure.archive.ubuntu.com/ubuntu noble/main amd64 libasyncns0 amd64 0.8-6build4 [11.3 kB]
2026-10-09T16:22:57.1043114Z Get:37 http://azure.archive.ubuntu.com/ubuntu noble/main amd64 libflac12t64 amd64 1.4.3+ds-2.1ubuntu2 [197 kB]
2026-10-09T16:22:57.2419406Z Get:38 http://azure.archive.ubuntu.com/ubuntu noble-updates/main amd64 libsndfile1 amd64 1.2.2-1ubuntu5.24.04.1 [209 kB]
2026-10-09T16:22:57.3803041Z Get:39 http://azure.archive.ubuntu.com/ubuntu noble-updates/main amd64 libpulse0 amd64 1:16.1+dfsg1-2ubuntu10.1 [292 kB]
2026-10-09T16:22:57.5185386Z Get:40 http://azure.archive.ubuntu.com/ubuntu noble/universe amd64 libsphinxbase3t64 amd64 0.8+5prealpha+1-17build2 [126 kB]
2026-10-09T16:22:57.6543482Z Get:41 http://azure.archive.ubuntu.com/ubuntu noble/universe amd64 libpocketsphinx3 amd64 0.8.0+real5prealpha+1-15ubuntu5 [133 kB]
2026-10-09T16:22:57.7905759Z Get:42 http://azure.archive.ubuntu.com/ubuntu noble/universe amd64 libpostproc57 amd64 7:6.1.1-3ubuntu5 [49.9 kB]
2026-10-09T16:22:57.9258321Z Get:43 http://azure.archive.ubuntu.com/ubuntu noble/main amd64 libsamplerate0 amd64 0.2.2-4build1 [1344 kB]
2026-10-09T16:22:58.0792599Z Get:44 http://azure.archive.ubuntu.com/ubuntu noble/universe amd64 librubberband2 amd64 3.3.0+dfsg-2build1 [130 kB]
2026-10-09T16:22:58.2164141Z Get:45 http://azure.archive.ubuntu.com/ubuntu noble/universe amd64 libswscale7 amd64 7:6.1.1-3ubuntu5 [193 kB]
2026-10-09T16:22:58.3694895Z Get:46 http://azure.archive.ubuntu.com/ubuntu noble/universe amd64 libvidstab1.1 amd64 1.1.0-2build1 [38.5 kB]
2026-10-09T16:22:58.5078484Z Get:47 http://azure.archive.ubuntu.com/ubuntu noble/universe amd64 libzimg2 amd64 3.0.5+ds1-1build1 [254 kB]
2026-10-09T16:22:58.6637895Z Get:48 http://azure.archive.ubuntu.com/ubuntu noble/universe amd64 libavfilter9 amd64 7:6.1.1-3ubuntu5 [4235 kB]
2026-10-09T16:22:59.1005651Z Get:49 http://azure.archive.ubuntu.com/ubuntu noble-updates/main amd64 liborc-0.4-0t64 amd64 1:0.4.38-1ubuntu0.1 [207 kB]
2026-10-09T16:22:59.2387621Z Get:50 http://azure.archive.ubuntu.com/ubuntu noble-updates/main amd64 libgstreamer-plugins-base1.0-0 amd64 1.24.2-1ubuntu0.5 [862 kB]
2026-10-09T16:22:59.4024851Z Get:51 http://azure.archive.ubuntu.com/ubuntu noble/universe amd64 gstreamer1.0-libav amd64 1.24.1-1build1 [103 kB]
2026-10-09T16:22:59.5388629Z Get:52 http://azure.archive.ubuntu.com/ubuntu noble/main amd64 libcdparanoia0 amd64 3.10.2+debian-14build3 [48.5 kB]
2026-10-09T16:22:59.6771406Z Get:53 http://azure.archive.ubuntu.com/ubuntu noble/main amd64 libvisual-0.4-0 amd64 0.4.2-2build1 [115 kB]
2026-10-09T16:22:59.8134440Z Get:54 http://azure.archive.ubuntu.com/ubuntu noble-updates/main amd64 gstreamer1.0-plugins-base amd64 1.24.2-1ubuntu0.5 [721 kB]
2026-10-09T16:22:59.9632026Z Get:55 http://azure.archive.ubuntu.com/ubuntu noble/main amd64 libaa1 amd64 1.4p5-51.1 [49.9 kB]
2026-10-09T16:23:00.0986303Z Get:56 http://azure.archive.ubuntu.com/ubuntu noble/main amd64 libraw1394-11 amd64 2.1.2-2build3 [26.2 kB]
2026-10-09T16:23:00.2345683Z Get:57 http://azure.archive.ubuntu.com/ubuntu noble/main amd64 libavc1394-0 amd64 0.5.4-5build3 [15.4 kB]
2026-10-09T16:23:00.3696395Z Get:58 http://azure.archive.ubuntu.com/ubuntu noble-updates/main amd64 libcaca0 amd64 0.99.beta20-4ubuntu0.2 [209 kB]
2026-10-09T16:23:00.5086687Z Get:59 http://azure.archive.ubuntu.com/ubuntu noble/main amd64 libdv4t64 amd64 1.0.0-17.1build1 [63.2 kB]
2026-10-09T16:23:00.6443920Z Get:60 http://azure.archive.ubuntu.com/ubuntu noble-updates/main amd64 libgstreamer-plugins-good1.0-0 amd64 1.24.2-1ubuntu1.8 [34.3 kB]
2026-10-09T16:23:00.7803886Z Get:61 http://azure.archive.ubuntu.com/ubuntu noble/main amd64 libiec61883-0 amd64 1.2.0-6build1 [24.5 kB]
2026-10-09T16:23:00.9156514Z Get:62 http://azure.archive.ubuntu.com/ubuntu noble/main amd64 libshout3 amd64 2.4.6-1build2 [50.3 kB]
2026-10-09T16:23:01.0524083Z Get:63 http://azure.archive.ubuntu.com/ubuntu noble/main amd64 libtag1v5-vanilla amd64 1.13.1-1build1 [326 kB]
2026-10-09T16:23:01.1985494Z Get:64 http://azure.archive.ubuntu.com/ubuntu noble/main amd64 libtag1v5 amd64 1.13.1-1build1 [11.7 kB]
2026-10-09T16:23:01.3344597Z Get:65 http://azure.archive.ubuntu.com/ubuntu noble/main amd64 libv4lconvert0t64 amd64 1.26.1-4build3 [87.6 kB]
2026-10-09T16:23:01.4710476Z Get:66 http://azure.archive.ubuntu.com/ubuntu noble/main amd64 libv4l-0t64 amd64 1.26.1-4build3 [46.9 kB]
2026-10-09T16:23:01.6096020Z Get:67 http://azure.archive.ubuntu.com/ubuntu noble/main amd64 libwavpack1 amd64 5.6.0-1build1 [84.6 kB]
2026-10-09T16:23:01.7461160Z Get:68 http://azure.archive.ubuntu.com/ubuntu noble-updates/main amd64 libsoup-3.0-common all 3.4.4-5ubuntu0.9 [12.3 kB]
2026-10-09T16:23:01.8824044Z Get:69 http://azure.archive.ubuntu.com/ubuntu noble-updates/main amd64 libsoup-3.0-0 amd64 3.4.4-5ubuntu0.9 [291 kB]
2026-10-09T16:23:02.0225376Z Get:70 http://azure.archive.ubuntu.com/ubuntu noble-updates/main amd64 gstreamer1.0-plugins-good amd64 1.24.2-1ubuntu1.8 [2236 kB]
2026-10-09T16:23:02.2051765Z Get:71 http://azure.archive.ubuntu.com/ubuntu noble-updates/main amd64 libabsl20220623t64 amd64 20220623.1-3.1ubuntu3.2 [423 kB]
2026-10-09T16:23:02.3478892Z Get:72 http://azure.archive.ubuntu.com/ubuntu noble/universe amd64 libgav1-1 amd64 0.18.0-1build3 [357 kB]
2026-10-09T16:23:02.4899318Z Get:73 http://azure.archive.ubuntu.com/ubuntu noble/universe amd64 libyuv0 amd64 0.0~git202401110.af6ac82-1 [178 kB]
2026-10-09T16:23:02.6281109Z Get:74 http://azure.archive.ubuntu.com/ubuntu noble/universe amd64 libavif16 amd64 1.0.4-1ubuntu3 [91.2 kB]
2026-10-09T16:23:02.7647275Z Get:75 http://azure.archive.ubuntu.com/ubuntu noble/universe amd64 libavtp0 amd64 0.2.0-1build1 [6414 B]
2026-10-09T16:23:02.9000134Z Get:76 http://azure.archive.ubuntu.com/ubuntu noble/main amd64 libcairo-script-interpreter2 amd64 1.18.0-3build1 [60.3 kB]
2026-10-09T16:23:03.0358896Z Get:77 http://azure.archive.ubuntu.com/ubuntu noble/universe amd64 libdc1394-25 amd64 2.2.6-4build1 [90.1 kB]
2026-10-09T16:23:03.2190183Z Get:78 http://azure.archive.ubuntu.com/ubuntu noble-updates/main amd64 libde265-0 amd64 1.0.15-1ubuntu0.2 [167 kB]
2026-10-09T16:23:03.3988050Z Get:79 http://azure.archive.ubuntu.com/ubuntu noble/main amd64 libdecor-0-0 amd64 0.2.2-1build2 [16.5 kB]
2026-10-09T16:23:03.5584347Z Get:80 http://azure.archive.ubuntu.com/ubuntu noble/main amd64 libgles2 amd64 1.7.0-1build1 [17.1 kB]
2026-10-09T16:23:03.7220499Z Get:81 http://azure.archive.ubuntu.com/ubuntu noble/universe amd64 libdirectfb-1.7-7t64 amd64 1.7.7-11.1ubuntu2 [1035 kB]
2026-10-09T16:23:03.8817545Z Get:82 http://azure.archive.ubuntu.com/ubuntu noble/universe amd64 libdvdread8t64 amd64 6.1.3-1.1build1 [54.7 kB]
2026-10-09T16:23:04.0203224Z Get:83 http://azure.archive.ubuntu.com/ubuntu noble/universe amd64 libdvdnav4 amd64 6.1.1-3build1 [39.5 kB]
2026-10-09T16:23:04.1587047Z Get:84 http://azure.archive.ubuntu.com/ubuntu noble-updates/main amd64 libegl-mesa0 amd64 25.2.8-0ubuntu0.24.04.4 [117 kB]
2026-10-09T16:23:04.3003619Z Get:85 http://azure.archive.ubuntu.com/ubuntu noble-updates/main amd64 libevent-2.1-7t64 amd64 2.1.12-stable-9ubuntu2.2 [146 kB]
2026-10-09T16:23:04.4418338Z Get:86 http://azure.archive.ubuntu.com/ubuntu noble/universe amd64 libfaad2 amd64 2.11.1-1build1 [207 kB]
2026-10-09T16:23:04.5842000Z Get:87 http://azure.archive.ubuntu.com/ubuntu noble/universe amd64 libinstpatch-1.0-2 amd64 1.1.6-1build2 [251 kB]
2026-10-09T16:23:04.7290774Z Get:88 http://azure.archive.ubuntu.com/ubuntu noble/main amd64 libjack-jackd2-0 amd64 1.9.21~dfsg-3ubuntu3 [289 kB]
2026-10-09T16:23:04.8759332Z Get:89 http://azure.archive.ubuntu.com/ubuntu noble/main amd64 libwebrtc-audio-processing1 amd64 0.3.1-0ubuntu6 [290 kB]
2026-10-09T16:23:05.0213881Z Get:90 http://azure.archive.ubuntu.com/ubuntu noble-updates/main amd64 libspa-0.2-modules amd64 1.0.5-1ubuntu3.3 [628 kB]
2026-10-09T16:23:05.1776411Z Get:91 http://azure.archive.ubuntu.com/ubuntu noble-updates/main amd64 libpipewire-0.3-0t64 amd64 1.0.5-1ubuntu3.3 [252 kB]
2026-10-09T16:23:05.3235667Z Get:92 http://azure.archive.ubuntu.com/ubuntu noble-updates/main amd64 libsdl2-2.0-0 amd64 2.30.0+dfsg-1ubuntu3.1 [686 kB]
2026-10-09T16:23:05.6167939Z Get:93 http://azure.archive.ubuntu.com/ubuntu noble/universe amd64 timgm6mb-soundfont all 1.3-5 [5427 kB]
2026-10-09T16:23:07.0961222Z Get:94 http://azure.archive.ubuntu.com/ubuntu noble/universe amd64 libfluidsynth3 amd64 2.3.4-1build3 [249 kB]
2026-10-09T16:23:07.2387491Z Get:95 http://azure.archive.ubuntu.com/ubuntu noble/main amd64 libfreeaptx0 amd64 0.1.1-2build1 [13.5 kB]
2026-10-09T16:23:07.3776358Z Get:96 http://azure.archive.ubuntu.com/ubuntu noble/main amd64 libgraphene-1.0-0 amd64 1.10.8-3build2 [46.2 kB]
2026-10-09T16:23:07.5161352Z Get:97 http://azure.archive.ubuntu.com/ubuntu noble/main amd64 libgssdp-1.6-0 amd64 1.6.3-1build3 [40.4 kB]
2026-10-09T16:23:07.6549229Z Get:98 http://azure.archive.ubuntu.com/ubuntu noble/main amd64 libegl1 amd64 1.7.0-1build1 [28.7 kB]
2026-10-09T16:23:07.7932339Z Get:99 http://azure.archive.ubuntu.com/ubuntu noble-updates/main amd64 libgstreamer-gl1.0-0 amd64 1.24.2-1ubuntu0.5 [214 kB]
2026-10-09T16:23:07.9346004Z Get:100 http://azure.archive.ubuntu.com/ubuntu noble-updates/main amd64 libgtk-4-common all 4.14.5+ds-0ubuntu0.10 [1497 kB]
2026-10-09T16:23:08.1056164Z Get:101 http://azure.archive.ubuntu.com/ubuntu noble-updates/main amd64 libgtk-4-1 amd64 4.14.5+ds-0ubuntu0.10 [3295 kB]
2026-10-09T16:23:08.3848189Z Get:102 http://azure.archive.ubuntu.com/ubuntu noble/main amd64 libgupnp-1.6-0 amd64 1.6.6-1build3 [92.7 kB]
2026-10-09T16:23:08.4571491Z Get:103 http://azure.archive.ubuntu.com/ubuntu noble/universe amd64 libgupnp-igd-1.6-0 amd64 1.6.0-3build3 [16.5 kB]
2026-10-09T16:23:08.5319994Z Get:104 http://azure.archive.ubuntu.com/ubuntu noble/main amd64 libharfbuzz-icu0 amd64 8.3.0-2build2 [13.3 kB]
2026-10-09T16:23:08.6052506Z Get:105 http://azure.archive.ubuntu.com/ubuntu noble/main amd64 libhyphen0 amd64 2.8.8-7build3 [26.5 kB]
2026-10-09T16:23:08.6829395Z Get:106 http://azure.archive.ubuntu.com/ubuntu noble/universe amd64 libimath-3-1-29t64 amd64 3.1.9-3.1ubuntu2 [72.2 kB]
2026-10-09T16:23:08.7728114Z Get:107 http://azure.archive.ubuntu.com/ubuntu noble/main amd64 liblc3-1 amd64 1.0.4-3build1 [69.7 kB]
2026-10-09T16:23:08.8612497Z Get:108 http://azure.archive.ubuntu.com/ubuntu noble/main amd64 libldacbt-enc2 amd64 2.0.2.3+git20200429+ed310a0-4ubuntu2 [27.1 kB]
2026-10-09T16:23:08.9382241Z Get:109 http://azure.archive.ubuntu.com/ubuntu noble-updates/main amd64 libraptor2-0 amd64 2.0.16-3ubuntu0.1 [165 kB]
2026-10-09T16:23:09.0524397Z Get:110 http://azure.archive.ubuntu.com/ubuntu noble/universe amd64 liblrdf0 amd64 0.6.1-4build1 [18.5 kB]
2026-10-09T16:23:09.1265163Z Get:111 http://azure.archive.ubuntu.com/ubuntu noble/universe amd64 libltc11 amd64 1.3.2-1build1 [13.0 kB]
2026-10-09T16:23:09.2788029Z Get:112 http://azure.archive.ubuntu.com/ubuntu noble/main amd64 libmanette-0.2-0 amd64 0.2.7-1build2 [30.6 kB]
2026-10-09T16:23:09.4783950Z Get:113 http://azure.archive.ubuntu.com/ubuntu noble/universe amd64 libmfx1 amd64 22.5.4-1 [3124 kB]
2026-10-09T16:23:09.6583964Z Get:114 http://azure.archive.ubuntu.com/ubuntu noble/universe amd64 libmjpegutils-2.1-0t64 amd64 1:2.1.0+debian-8.1build1 [25.5 kB]
2026-10-09T16:23:09.7774539Z Get:115 http://azure.archive.ubuntu.com/ubuntu noble/universe amd64 libmodplug1 amd64 1:0.8.9.0-3build1 [166 kB]
2026-10-09T16:23:09.9408004Z Get:116 http://azure.archive.ubuntu.com/ubuntu noble/universe amd64 libmpcdec6 amd64 2:0.1~r495-2build1 [32.7 kB]
2026-10-09T16:23:10.0591798Z Get:117 http://azure.archive.ubuntu.com/ubuntu noble/universe amd64 libmpeg2encpp-2.1-0t64 amd64 1:2.1.0+debian-8.1build1 [75.6 kB]
2026-10-09T16:23:10.1912001Z Get:118 http://azure.archive.ubuntu.com/ubuntu noble/universe amd64 libmplex2-2.1-0t64 amd64 1:2.1.0+debian-8.1build1 [46.1 kB]
2026-10-09T16:23:10.3078081Z Get:119 http://azure.archive.ubuntu.com/ubuntu noble/universe amd64 libneon27t64 amd64 0.33.0-1.1build3 [102 kB]
2026-10-09T16:23:10.4284455Z Get:120 http://azure.archive.ubuntu.com/ubuntu noble/universe amd64 libnice10 amd64 0.1.21-2build3 [157 kB]
2026-10-09T16:23:10.5503094Z Get:121 http://azure.archive.ubuntu.com/ubuntu noble/universe amd64 libopenal-data all 1:1.23.1-4build1 [161 kB]
2026-10-09T16:23:10.6691862Z Get:122 http://azure.archive.ubuntu.com/ubuntu noble/universe amd64 libopenexr-3-1-30 amd64 3.1.5-5.1build3 [1004 kB]
2026-10-09T16:23:10.9173615Z Get:123 http://azure.archive.ubuntu.com/ubuntu noble/universe amd64 libopenh264-7 amd64 2.4.1+dfsg-1 [409 kB]
2026-10-09T16:23:11.0284896Z Get:124 http://azure.archive.ubuntu.com/ubuntu noble/universe amd64 libopenni2-0 amd64 2.2.0.33+dfsg-18 [370 kB]
2026-10-09T16:23:11.1570010Z Get:125 http://azure.archive.ubuntu.com/ubuntu noble/universe amd64 libqrencode4 amd64 4.1.1-1build2 [25.0 kB]
2026-10-09T16:23:11.3458379Z Get:126 http://azure.archive.ubuntu.com/ubuntu noble/main amd64 libsecret-common all 0.21.4-1build3 [4962 B]
2026-10-09T16:23:11.5160474Z Get:127 http://azure.archive.ubuntu.com/ubuntu noble/main amd64 libsecret-1-0 amd64 0.21.4-1build3 [116 kB]
2026-10-09T16:23:11.6354961Z Get:128 http://azure.archive.ubuntu.com/ubuntu noble/universe amd64 libsndio7.0 amd64 1.9.0-0.3build3 [29.6 kB]
2026-10-09T16:23:11.7460115Z Get:129 http://azure.archive.ubuntu.com/ubuntu noble/universe amd64 libsoundtouch1 amd64 2.3.2+ds1-1build1 [60.5 kB]
2026-10-09T16:23:11.8658338Z Get:130 http://azure.archive.ubuntu.com/ubuntu noble/universe amd64 libspandsp2t64 amd64 0.0.6+dfsg-2.1build1 [311 kB]
2026-10-09T16:23:11.9450007Z Get:131 http://azure.archive.ubuntu.com/ubuntu noble/universe amd64 libsrtp2-1 amd64 2.5.0-3build1 [41.9 kB]
2026-10-09T16:23:12.0165142Z Get:132 http://azure.archive.ubuntu.com/ubuntu noble/main amd64 libwayland-server0 amd64 1.22.0-2.1build1 [33.9 kB]
2026-10-09T16:23:12.0882083Z Get:133 http://azure.archive.ubuntu.com/ubuntu noble/universe amd64 libwildmidi2 amd64 0.4.3-1build3 [68.5 kB]
2026-10-09T16:23:12.1603955Z Get:134 http://azure.archive.ubuntu.com/ubuntu noble/main amd64 libwoff1 amd64 1.0.2-2build1 [45.3 kB]
2026-10-09T16:23:12.2354605Z Get:135 http://azure.archive.ubuntu.com/ubuntu noble/main amd64 libxcb-xkb1 amd64 1.15-1ubuntu2 [32.3 kB]
2026-10-09T16:23:12.3124668Z Get:136 http://azure.archive.ubuntu.com/ubuntu noble/main amd64 libxkbcommon-x11-0 amd64 1.6.0-1build1 [14.5 kB]
2026-10-09T16:23:12.3893796Z Get:137 http://azure.archive.ubuntu.com/ubuntu noble/universe amd64 libzbar0t64 amd64 0.23.93-4build3 [123 kB]
2026-10-09T16:23:12.4686958Z Get:138 http://azure.archive.ubuntu.com/ubuntu noble/universe amd64 libzxing3 amd64 2.2.1-3 [583 kB]
2026-10-09T16:23:12.5598932Z Get:139 http://azure.archive.ubuntu.com/ubuntu noble/universe amd64 libgstreamer-plugins-bad1.0-0 amd64 1.24.2-1ubuntu4 [797 kB]
2026-10-09T16:23:12.6554341Z Get:140 http://azure.archive.ubuntu.com/ubuntu noble/universe amd64 libdca0 amd64 0.0.7-2build1 [93.8 kB]
2026-10-09T16:23:12.7343601Z Get:141 http://azure.archive.ubuntu.com/ubuntu noble/universe amd64 libopenal1 amd64 1:1.23.1-4build1 [540 kB]
2026-10-09T16:23:12.8241475Z Get:142 http://azure.archive.ubuntu.com/ubuntu noble/main amd64 libsbc1 amd64 2.0-1build1 [33.9 kB]
2026-10-09T16:23:12.8992996Z Get:143 http://azure.archive.ubuntu.com/ubuntu noble/universe amd64 libvo-aacenc0 amd64 0.1.3-2build1 [67.8 kB]
2026-10-09T16:23:12.9707761Z Get:144 http://azure.archive.ubuntu.com/ubuntu noble/universe amd64 libvo-amrwbenc0 amd64 0.1.3-2build1 [76.7 kB]
2026-10-09T16:23:13.0423533Z Get:145 http://azure.archive.ubuntu.com/ubuntu noble/universe amd64 gstreamer1.0-plugins-bad amd64 1.24.2-1ubuntu4 [3081 kB]
2026-10-09T16:23:13.3171572Z Fetched 67.1 MB in 23s (2878 kB/s)
2026-10-09T16:23:13.3364272Z (Reading database ... 
2026-10-09T16:23:13.3364779Z (Reading database ... 5%
2026-10-09T16:23:13.3365105Z (Reading database ... 10%
2026-10-09T16:23:13.3365516Z (Reading database ... 15%
2026-10-09T16:23:13.3365782Z (Reading database ... 20%
2026-10-09T16:23:13.3366013Z (Reading database ... 25%
2026-10-09T16:23:13.3366170Z (Reading database ... 30%
2026-10-09T16:23:13.3366318Z (Reading database ... 35%
2026-10-09T16:23:13.3366464Z (Reading database ... 40%
2026-10-09T16:23:13.3366609Z (Reading database ... 45%
2026-10-09T16:23:13.3366756Z (Reading database ... 50%
2026-10-09T16:23:13.3374626Z (Reading database ... 55%
2026-10-09T16:23:13.3439433Z (Reading database ... 60%
2026-10-09T16:23:13.3457757Z (Reading database ... 65%
2026-10-09T16:23:13.3471373Z (Reading database ... 70%
2026-10-09T16:23:13.3495810Z (Reading database ... 75%
2026-10-09T16:23:13.3515407Z (Reading database ... 80%
2026-10-09T16:23:13.3662490Z (Reading database ... 85%
2026-10-09T16:23:13.3825094Z (Reading database ... 90%
2026-10-09T16:23:13.3891489Z (Reading database ... 95%
2026-10-09T16:23:13.3891777Z (Reading database ... 100%
2026-10-09T16:23:13.3892231Z (Reading database ... 203665 files and directories currently installed.)
2026-10-09T16:23:13.3926447Z Preparing to unpack .../000-libxml2-dev_2.9.14+dfsg-1.3ubuntu3.10_amd64.deb ...
2026-10-09T16:23:13.3946013Z Unpacking libxml2-dev:amd64 (2.9.14+dfsg-1.3ubuntu3.10) over (2.9.14+dfsg-1.3ubuntu3.9) ...
2026-10-09T16:23:13.4548876Z Preparing to unpack .../001-libxml2_2.9.14+dfsg-1.3ubuntu3.10_amd64.deb ...
2026-10-09T16:23:13.4625741Z Unpacking libxml2:amd64 (2.9.14+dfsg-1.3ubuntu3.10) over (2.9.14+dfsg-1.3ubuntu3.9) ...
2026-10-09T16:23:13.5033006Z Preparing to unpack .../002-libpng16-16t64_1.6.43-5ubuntu0.7_amd64.deb ...
2026-10-09T16:23:13.5050010Z Unpacking libpng16-16t64:amd64 (1.6.43-5ubuntu0.7) over (1.6.43-5ubuntu0.6) ...
2026-10-09T16:23:13.5316718Z Selecting previously unselected package libproxy1v5:amd64.
2026-10-09T16:23:13.5408800Z Preparing to unpack .../003-libproxy1v5_0.5.4-4build1_amd64.deb ...
2026-10-09T16:23:13.5414081Z Unpacking libproxy1v5:amd64 (0.5.4-4build1) ...
2026-10-09T16:23:13.5568901Z Selecting previously unselected package glib-networking-common.
2026-10-09T16:23:13.5658425Z Preparing to unpack .../004-glib-networking-common_2.80.0-1build1_all.deb ...
2026-10-09T16:23:13.5663682Z Unpacking glib-networking-common (2.80.0-1build1) ...
2026-10-09T16:23:13.5919035Z Selecting previously unselected package glib-networking-services.
2026-10-09T16:23:13.6009021Z Preparing to unpack .../005-glib-networking-services_2.80.0-1build1_amd64.deb ...
2026-10-09T16:23:13.6014713Z Unpacking glib-networking-services (2.80.0-1build1) ...
2026-10-09T16:23:13.6173486Z Selecting previously unselected package session-migration.
2026-10-09T16:23:13.6262427Z Preparing to unpack .../006-session-migration_0.3.9build1_amd64.deb ...
2026-10-09T16:23:13.6267597Z Unpacking session-migration (0.3.9build1) ...
2026-10-09T16:23:13.6430707Z Selecting previously unselected package gsettings-desktop-schemas.
2026-10-09T16:23:13.6520166Z Preparing to unpack .../007-gsettings-desktop-schemas_46.1-0ubuntu1_all.deb ...
2026-10-09T16:23:13.6525372Z Unpacking gsettings-desktop-schemas (46.1-0ubuntu1) ...
2026-10-09T16:23:13.6861844Z Selecting previously unselected package glib-networking:amd64.
2026-10-09T16:23:13.6950800Z Preparing to unpack .../008-glib-networking_2.80.0-1build1_amd64.deb ...
2026-10-09T16:23:13.6956533Z Unpacking glib-networking:amd64 (2.80.0-1build1) ...
2026-10-09T16:23:13.7125089Z Selecting previously unselected package libunibreak5:amd64.
2026-10-09T16:23:13.7214094Z Preparing to unpack .../009-libunibreak5_5.1-2build1_amd64.deb ...
2026-10-09T16:23:13.7219754Z Unpacking libunibreak5:amd64 (5.1-2build1) ...
2026-10-09T16:23:13.7385773Z Selecting previously unselected package libass9:amd64.
2026-10-09T16:23:13.7474856Z Preparing to unpack .../010-libass9_1%3a0.17.1-2build1_amd64.deb ...
2026-10-09T16:23:13.7480648Z Unpacking libass9:amd64 (1:0.17.1-2build1) ...
2026-10-09T16:23:13.7644310Z Selecting previously unselected package libudfread0:amd64.
2026-10-09T16:23:13.7733144Z Preparing to unpack .../011-libudfread0_1.1.2-1build1_amd64.deb ...
2026-10-09T16:23:13.7738414Z Unpacking libudfread0:amd64 (1.1.2-1build1) ...
2026-10-09T16:23:13.7898833Z Selecting previously unselected package libbluray2:amd64.
2026-10-09T16:23:13.7987290Z Preparing to unpack .../012-libbluray2_1%3a1.3.4-1build1_amd64.deb ...
2026-10-09T16:23:13.8096168Z Unpacking libbluray2:amd64 (1:1.3.4-1build1) ...
2026-10-09T16:23:13.8263160Z Selecting previously unselected package libchromaprint1:amd64.
2026-10-09T16:23:13.8351501Z Preparing to unpack .../013-libchromaprint1_1.5.1-5_amd64.deb ...
2026-10-09T16:23:13.8357110Z Unpacking libchromaprint1:amd64 (1.5.1-5) ...
2026-10-09T16:23:13.8517405Z Selecting previously unselected package libgme0:amd64.
2026-10-09T16:23:13.8605914Z Preparing to unpack .../014-libgme0_0.6.3-7build1_amd64.deb ...
2026-10-09T16:23:13.8611314Z Unpacking libgme0:amd64 (0.6.3-7build1) ...
2026-10-09T16:23:13.8781264Z Selecting previously unselected package libmpg123-0t64:amd64.
2026-10-09T16:23:13.8871211Z Preparing to unpack .../015-libmpg123-0t64_1.32.5-1ubuntu1.1_amd64.deb ...
2026-10-09T16:23:13.8876794Z Unpacking libmpg123-0t64:amd64 (1.32.5-1ubuntu1.1) ...
2026-10-09T16:23:13.9056272Z Selecting previously unselected package libopenmpt0t64:amd64.
2026-10-09T16:23:13.9145013Z Preparing to unpack .../016-libopenmpt0t64_0.7.3-1.1build3_amd64.deb ...
2026-10-09T16:23:13.9151210Z Unpacking libopenmpt0t64:amd64 (0.7.3-1.1build3) ...
2026-10-09T16:23:13.9351078Z Selecting previously unselected package libcjson1:amd64.
2026-10-09T16:23:13.9441602Z Preparing to unpack .../017-libcjson1_1.7.17-1_amd64.deb ...
2026-10-09T16:23:13.9447761Z Unpacking libcjson1:amd64 (1.7.17-1) ...
2026-10-09T16:23:13.9612545Z Selecting previously unselected package libmbedcrypto7t64:amd64.
2026-10-09T16:23:13.9701659Z Preparing to unpack .../018-libmbedcrypto7t64_2.28.8-1_amd64.deb ...
2026-10-09T16:23:13.9707833Z Unpacking libmbedcrypto7t64:amd64 (2.28.8-1) ...
2026-10-09T16:23:13.9886829Z Selecting previously unselected package librist4:amd64.
2026-10-09T16:23:13.9976640Z Preparing to unpack .../019-librist4_0.2.10+dfsg-2_amd64.deb ...
2026-10-09T16:23:13.9985341Z Unpacking librist4:amd64 (0.2.10+dfsg-2) ...
2026-10-09T16:23:14.0147309Z Selecting previously unselected package libsrt1.5-gnutls:amd64.
2026-10-09T16:23:14.0235740Z Preparing to unpack .../020-libsrt1.5-gnutls_1.5.3-1build2_amd64.deb ...
2026-10-09T16:23:14.0387220Z Unpacking libsrt1.5-gnutls:amd64 (1.5.3-1build2) ...
2026-10-09T16:23:14.0570800Z Selecting previously unselected package libssh-gcrypt-4:amd64.
2026-10-09T16:23:14.0660411Z Preparing to unpack .../021-libssh-gcrypt-4_0.10.6-2ubuntu0.5_amd64.deb ...
2026-10-09T16:23:14.0666371Z Unpacking libssh-gcrypt-4:amd64 (0.10.6-2ubuntu0.5) ...
2026-10-09T16:23:14.0843855Z Selecting previously unselected package libavformat60:amd64.
2026-10-09T16:23:14.0933727Z Preparing to unpack .../022-libavformat60_7%3a6.1.1-3ubuntu5_amd64.deb ...
2026-10-09T16:23:14.0939739Z Unpacking libavformat60:amd64 (7:6.1.1-3ubuntu5) ...
2026-10-09T16:23:14.1352013Z Selecting previously unselected package libbs2b0:amd64.
2026-10-09T16:23:14.1442998Z Preparing to unpack .../023-libbs2b0_3.1.0+dfsg-7build1_amd64.deb ...
2026-10-09T16:23:14.1448769Z Unpacking libbs2b0:amd64 (3.1.0+dfsg-7build1) ...
2026-10-09T16:23:14.1625558Z Selecting previously unselected package libflite1:amd64.
2026-10-09T16:23:14.1715829Z Preparing to unpack .../024-libflite1_2.2-6build3_amd64.deb ...
2026-10-09T16:23:14.1721939Z Unpacking libflite1:amd64 (2.2-6build3) ...
2026-10-09T16:23:14.3415767Z Selecting previously unselected package libserd-0-0:amd64.
2026-10-09T16:23:14.3511510Z Preparing to unpack .../025-libserd-0-0_0.32.2-1_amd64.deb ...
2026-10-09T16:23:14.3517313Z Unpacking libserd-0-0:amd64 (0.32.2-1) ...
2026-10-09T16:23:14.3686976Z Selecting previously unselected package libzix-0-0:amd64.
2026-10-09T16:23:14.3780422Z Preparing to unpack .../026-libzix-0-0_0.4.2-2build1_amd64.deb ...
2026-10-09T16:23:14.3785958Z Unpacking libzix-0-0:amd64 (0.4.2-2build1) ...
2026-10-09T16:23:14.3946996Z Selecting previously unselected package libsord-0-0:amd64.
2026-10-09T16:23:14.4038532Z Preparing to unpack .../027-libsord-0-0_0.16.16-2build1_amd64.deb ...
2026-10-09T16:23:14.4044294Z Unpacking libsord-0-0:amd64 (0.16.16-2build1) ...
2026-10-09T16:23:14.4205296Z Selecting previously unselected package libsratom-0-0:amd64.
2026-10-09T16:23:14.4295483Z Preparing to unpack .../028-libsratom-0-0_0.6.16-1build1_amd64.deb ...
2026-10-09T16:23:14.4301207Z Unpacking libsratom-0-0:amd64 (0.6.16-1build1) ...
2026-10-09T16:23:14.4463104Z Selecting previously unselected package liblilv-0-0:amd64.
2026-10-09T16:23:14.4552704Z Preparing to unpack .../029-liblilv-0-0_0.24.22-1build1_amd64.deb ...
2026-10-09T16:23:14.4559768Z Unpacking liblilv-0-0:amd64 (0.24.22-1build1) ...
2026-10-09T16:23:14.4727524Z Selecting previously unselected package libmysofa1:amd64.
2026-10-09T16:23:14.4817515Z Preparing to unpack .../030-libmysofa1_1.3.2+dfsg-2ubuntu2_amd64.deb ...
2026-10-09T16:23:14.4824212Z Unpacking libmysofa1:amd64 (1.3.2+dfsg-2ubuntu2) ...
2026-10-09T16:23:14.5013939Z Selecting previously unselected package libplacebo338:amd64.
2026-10-09T16:23:14.5104469Z Preparing to unpack .../031-libplacebo338_6.338.2-2build1_amd64.deb ...
2026-10-09T16:23:14.5110256Z Unpacking libplacebo338:amd64 (6.338.2-2build1) ...
2026-10-09T16:23:14.6011095Z Selecting previously unselected package libblas3:amd64.
2026-10-09T16:23:14.6105618Z Preparing to unpack .../032-libblas3_3.12.0-3build1.1_amd64.deb ...
2026-10-09T16:23:14.6130412Z Unpacking libblas3:amd64 (3.12.0-3build1.1) ...
2026-10-09T16:23:14.6315505Z Selecting previously unselected package liblapack3:amd64.
2026-10-09T16:23:14.6408232Z Preparing to unpack .../033-liblapack3_3.12.0-3build1.1_amd64.deb ...
2026-10-09T16:23:14.6432805Z Unpacking liblapack3:amd64 (3.12.0-3build1.1) ...
2026-10-09T16:23:14.7082051Z Selecting previously unselected package libasyncns0:amd64.
2026-10-09T16:23:14.7180514Z Preparing to unpack .../034-libasyncns0_0.8-6build4_amd64.deb ...
2026-10-09T16:23:14.7186834Z Unpacking libasyncns0:amd64 (0.8-6build4) ...
2026-10-09T16:23:14.7354657Z Selecting previously unselected package libflac12t64:amd64.
2026-10-09T16:23:14.7450176Z Preparing to unpack .../035-libflac12t64_1.4.3+ds-2.1ubuntu2_amd64.deb ...
2026-10-09T16:23:14.7455534Z Unpacking libflac12t64:amd64 (1.4.3+ds-2.1ubuntu2) ...
2026-10-09T16:23:14.7634108Z Selecting previously unselected package libsndfile1:amd64.
2026-10-09T16:23:14.7726162Z Preparing to unpack .../036-libsndfile1_1.2.2-1ubuntu5.24.04.1_amd64.deb ...
2026-10-09T16:23:14.7731958Z Unpacking libsndfile1:amd64 (1.2.2-1ubuntu5.24.04.1) ...
2026-10-09T16:23:14.7917326Z Selecting previously unselected package libpulse0:amd64.
2026-10-09T16:23:14.8008549Z Preparing to unpack .../037-libpulse0_1%3a16.1+dfsg1-2ubuntu10.1_amd64.deb ...
2026-10-09T16:23:14.8213744Z Unpacking libpulse0:amd64 (1:16.1+dfsg1-2ubuntu10.1) ...
2026-10-09T16:23:14.8401454Z Selecting previously unselected package libsphinxbase3t64:amd64.
2026-10-09T16:23:14.8491889Z Preparing to unpack .../038-libsphinxbase3t64_0.8+5prealpha+1-17build2_amd64.deb ...
2026-10-09T16:23:14.8497359Z Unpacking libsphinxbase3t64:amd64 (0.8+5prealpha+1-17build2) ...
2026-10-09T16:23:14.8669179Z Selecting previously unselected package libpocketsphinx3:amd64.
2026-10-09T16:23:14.8758881Z Preparing to unpack .../039-libpocketsphinx3_0.8.0+real5prealpha+1-15ubuntu5_amd64.deb ...
2026-10-09T16:23:14.8765497Z Unpacking libpocketsphinx3:amd64 (0.8.0+real5prealpha+1-15ubuntu5) ...
2026-10-09T16:23:14.8935404Z Selecting previously unselected package libpostproc57:amd64.
2026-10-09T16:23:14.9025381Z Preparing to unpack .../040-libpostproc57_7%3a6.1.1-3ubuntu5_amd64.deb ...
2026-10-09T16:23:14.9031488Z Unpacking libpostproc57:amd64 (7:6.1.1-3ubuntu5) ...
2026-10-09T16:23:14.9199432Z Selecting previously unselected package libsamplerate0:amd64.
2026-10-09T16:23:14.9288401Z Preparing to unpack .../041-libsamplerate0_0.2.2-4build1_amd64.deb ...
2026-10-09T16:23:14.9294137Z Unpacking libsamplerate0:amd64 (0.2.2-4build1) ...
2026-10-09T16:23:14.9487204Z Selecting previously unselected package librubberband2:amd64.
2026-10-09T16:23:14.9575655Z Preparing to unpack .../042-librubberband2_3.3.0+dfsg-2build1_amd64.deb ...
2026-10-09T16:23:14.9582013Z Unpacking librubberband2:amd64 (3.3.0+dfsg-2build1) ...
2026-10-09T16:23:14.9752543Z Selecting previously unselected package libswscale7:amd64.
2026-10-09T16:23:14.9841270Z Preparing to unpack .../043-libswscale7_7%3a6.1.1-3ubuntu5_amd64.deb ...
2026-10-09T16:23:14.9847426Z Unpacking libswscale7:amd64 (7:6.1.1-3ubuntu5) ...
2026-10-09T16:23:15.0024134Z Selecting previously unselected package libvidstab1.1:amd64.
2026-10-09T16:23:15.0111137Z Preparing to unpack .../044-libvidstab1.1_1.1.0-2build1_amd64.deb ...
2026-10-09T16:23:15.0116824Z Unpacking libvidstab1.1:amd64 (1.1.0-2build1) ...
2026-10-09T16:23:15.0276905Z Selecting previously unselected package libzimg2:amd64.
2026-10-09T16:23:15.0364522Z Preparing to unpack .../045-libzimg2_3.0.5+ds1-1build1_amd64.deb ...
2026-10-09T16:23:15.0463561Z Unpacking libzimg2:amd64 (3.0.5+ds1-1build1) ...
2026-10-09T16:23:15.0642039Z Selecting previously unselected package libavfilter9:amd64.
2026-10-09T16:23:15.0729306Z Preparing to unpack .../046-libavfilter9_7%3a6.1.1-3ubuntu5_amd64.deb ...
2026-10-09T16:23:15.0735087Z Unpacking libavfilter9:amd64 (7:6.1.1-3ubuntu5) ...
2026-10-09T16:23:15.1790420Z Selecting previously unselected package liborc-0.4-0t64:amd64.
2026-10-09T16:23:15.1885532Z Preparing to unpack .../047-liborc-0.4-0t64_1%3a0.4.38-1ubuntu0.1_amd64.deb ...
2026-10-09T16:23:15.1891240Z Unpacking liborc-0.4-0t64:amd64 (1:0.4.38-1ubuntu0.1) ...
2026-10-09T16:23:15.2099475Z Selecting previously unselected package libgstreamer-plugins-base1.0-0:amd64.
2026-10-09T16:23:15.2194315Z Preparing to unpack .../048-libgstreamer-plugins-base1.0-0_1.24.2-1ubuntu0.5_amd64.deb ...
2026-10-09T16:23:15.2200070Z Unpacking libgstreamer-plugins-base1.0-0:amd64 (1.24.2-1ubuntu0.5) ...
2026-10-09T16:23:15.2466856Z Selecting previously unselected package gstreamer1.0-libav:amd64.
2026-10-09T16:23:15.2559229Z Preparing to unpack .../049-gstreamer1.0-libav_1.24.1-1build1_amd64.deb ...
2026-10-09T16:23:15.2757933Z Unpacking gstreamer1.0-libav:amd64 (1.24.1-1build1) ...
2026-10-09T16:23:15.2923890Z Selecting previously unselected package libcdparanoia0:amd64.
2026-10-09T16:23:15.3015363Z Preparing to unpack .../050-libcdparanoia0_3.10.2+debian-14build3_amd64.deb ...
2026-10-09T16:23:15.3021608Z Unpacking libcdparanoia0:amd64 (3.10.2+debian-14build3) ...
2026-10-09T16:23:15.3186579Z Selecting previously unselected package libvisual-0.4-0:amd64.
2026-10-09T16:23:15.3276861Z Preparing to unpack .../051-libvisual-0.4-0_0.4.2-2build1_amd64.deb ...
2026-10-09T16:23:15.3282718Z Unpacking libvisual-0.4-0:amd64 (0.4.2-2build1) ...
2026-10-09T16:23:15.3451020Z Selecting previously unselected package gstreamer1.0-plugins-base:amd64.
2026-10-09T16:23:15.3539734Z Preparing to unpack .../052-gstreamer1.0-plugins-base_1.24.2-1ubuntu0.5_amd64.deb ...
2026-10-09T16:23:15.3548941Z Unpacking gstreamer1.0-plugins-base:amd64 (1.24.2-1ubuntu0.5) ...
2026-10-09T16:23:15.3816452Z Selecting previously unselected package libaa1:amd64.
2026-10-09T16:23:15.3907867Z Preparing to unpack .../053-libaa1_1.4p5-51.1_amd64.deb ...
2026-10-09T16:23:15.3914276Z Unpacking libaa1:amd64 (1.4p5-51.1) ...
2026-10-09T16:23:15.4082998Z Selecting previously unselected package libraw1394-11:amd64.
2026-10-09T16:23:15.4173926Z Preparing to unpack .../054-libraw1394-11_2.1.2-2build3_amd64.deb ...
2026-10-09T16:23:15.4180340Z Unpacking libraw1394-11:amd64 (2.1.2-2build3) ...
2026-10-09T16:23:15.4357349Z Selecting previously unselected package libavc1394-0:amd64.
2026-10-09T16:23:15.4446494Z Preparing to unpack .../055-libavc1394-0_0.5.4-5build3_amd64.deb ...
2026-10-09T16:23:15.4452973Z Unpacking libavc1394-0:amd64 (0.5.4-5build3) ...
2026-10-09T16:23:15.4613446Z Selecting previously unselected package libcaca0:amd64.
2026-10-09T16:23:15.4703444Z Preparing to unpack .../056-libcaca0_0.99.beta20-4ubuntu0.2_amd64.deb ...
2026-10-09T16:23:15.4710375Z Unpacking libcaca0:amd64 (0.99.beta20-4ubuntu0.2) ...
2026-10-09T16:23:15.5062046Z Selecting previously unselected package libdv4t64:amd64.
2026-10-09T16:23:15.5151548Z Preparing to unpack .../057-libdv4t64_1.0.0-17.1build1_amd64.deb ...
2026-10-09T16:23:15.5157956Z Unpacking libdv4t64:amd64 (1.0.0-17.1build1) ...
2026-10-09T16:23:15.5328842Z Selecting previously unselected package libgstreamer-plugins-good1.0-0:amd64.
2026-10-09T16:23:15.5419365Z Preparing to unpack .../058-libgstreamer-plugins-good1.0-0_1.24.2-1ubuntu1.8_amd64.deb ...
2026-10-09T16:23:15.5425494Z Unpacking libgstreamer-plugins-good1.0-0:amd64 (1.24.2-1ubuntu1.8) ...
2026-10-09T16:23:15.5593168Z Selecting previously unselected package libiec61883-0:amd64.
2026-10-09T16:23:15.5683634Z Preparing to unpack .../059-libiec61883-0_1.2.0-6build1_amd64.deb ...
2026-10-09T16:23:15.5689798Z Unpacking libiec61883-0:amd64 (1.2.0-6build1) ...
2026-10-09T16:23:15.5862872Z Selecting previously unselected package libshout3:amd64.
2026-10-09T16:23:15.5951934Z Preparing to unpack .../060-libshout3_2.4.6-1build2_amd64.deb ...
2026-10-09T16:23:15.5958065Z Unpacking libshout3:amd64 (2.4.6-1build2) ...
2026-10-09T16:23:15.6128694Z Selecting previously unselected package libtag1v5-vanilla:amd64.
2026-10-09T16:23:15.6218030Z Preparing to unpack .../061-libtag1v5-vanilla_1.13.1-1build1_amd64.deb ...
2026-10-09T16:23:15.6224092Z Unpacking libtag1v5-vanilla:amd64 (1.13.1-1build1) ...
2026-10-09T16:23:15.6406084Z Selecting previously unselected package libtag1v5:amd64.
2026-10-09T16:23:15.6497877Z Preparing to unpack .../062-libtag1v5_1.13.1-1build1_amd64.deb ...
2026-10-09T16:23:15.6503815Z Unpacking libtag1v5:amd64 (1.13.1-1build1) ...
2026-10-09T16:23:15.6667682Z Selecting previously unselected package libv4lconvert0t64:amd64.
2026-10-09T16:23:15.6758099Z Preparing to unpack .../063-libv4lconvert0t64_1.26.1-4build3_amd64.deb ...
2026-10-09T16:23:15.6764301Z Unpacking libv4lconvert0t64:amd64 (1.26.1-4build3) ...
2026-10-09T16:23:15.6940165Z Selecting previously unselected package libv4l-0t64:amd64.
2026-10-09T16:23:15.7029509Z Preparing to unpack .../064-libv4l-0t64_1.26.1-4build3_amd64.deb ...
2026-10-09T16:23:15.7037672Z Unpacking libv4l-0t64:amd64 (1.26.1-4build3) ...
2026-10-09T16:23:15.7354407Z Selecting previously unselected package libwavpack1:amd64.
2026-10-09T16:23:15.7443832Z Preparing to unpack .../065-libwavpack1_5.6.0-1build1_amd64.deb ...
2026-10-09T16:23:15.7449630Z Unpacking libwavpack1:amd64 (5.6.0-1build1) ...
2026-10-09T16:23:15.7608483Z Selecting previously unselected package libsoup-3.0-common.
2026-10-09T16:23:15.7696746Z Preparing to unpack .../066-libsoup-3.0-common_3.4.4-5ubuntu0.9_all.deb ...
2026-10-09T16:23:15.7702483Z Unpacking libsoup-3.0-common (3.4.4-5ubuntu0.9) ...
2026-10-09T16:23:15.7860169Z Selecting previously unselected package libsoup-3.0-0:amd64.
2026-10-09T16:23:15.7949757Z Preparing to unpack .../067-libsoup-3.0-0_3.4.4-5ubuntu0.9_amd64.deb ...
2026-10-09T16:23:15.7956289Z Unpacking libsoup-3.0-0:amd64 (3.4.4-5ubuntu0.9) ...
2026-10-09T16:23:15.8130419Z Selecting previously unselected package gstreamer1.0-plugins-good:amd64.
2026-10-09T16:23:15.8219456Z Preparing to unpack .../068-gstreamer1.0-plugins-good_1.24.2-1ubuntu1.8_amd64.deb ...
2026-10-09T16:23:15.8224918Z Unpacking gstreamer1.0-plugins-good:amd64 (1.24.2-1ubuntu1.8) ...
2026-10-09T16:23:15.8773055Z Selecting previously unselected package libabsl20220623t64:amd64.
2026-10-09T16:23:15.8867152Z Preparing to unpack .../069-libabsl20220623t64_20220623.1-3.1ubuntu3.2_amd64.deb ...
2026-10-09T16:23:15.8872940Z Unpacking libabsl20220623t64:amd64 (20220623.1-3.1ubuntu3.2) ...
2026-10-09T16:23:15.9173622Z Selecting previously unselected package libgav1-1:amd64.
2026-10-09T16:23:15.9268129Z Preparing to unpack .../070-libgav1-1_0.18.0-1build3_amd64.deb ...
2026-10-09T16:23:15.9274010Z Unpacking libgav1-1:amd64 (0.18.0-1build3) ...
2026-10-09T16:23:15.9622488Z Selecting previously unselected package libyuv0:amd64.
2026-10-09T16:23:15.9714980Z Preparing to unpack .../071-libyuv0_0.0~git202401110.af6ac82-1_amd64.deb ...
2026-10-09T16:23:15.9721273Z Unpacking libyuv0:amd64 (0.0~git202401110.af6ac82-1) ...
2026-10-09T16:23:15.9897301Z Selecting previously unselected package libavif16:amd64.
2026-10-09T16:23:15.9990664Z Preparing to unpack .../072-libavif16_1.0.4-1ubuntu3_amd64.deb ...
2026-10-09T16:23:15.9997016Z Unpacking libavif16:amd64 (1.0.4-1ubuntu3) ...
2026-10-09T16:23:16.0163012Z Selecting previously unselected package libavtp0:amd64.
2026-10-09T16:23:16.0253734Z Preparing to unpack .../073-libavtp0_0.2.0-1build1_amd64.deb ...
2026-10-09T16:23:16.0260275Z Unpacking libavtp0:amd64 (0.2.0-1build1) ...
2026-10-09T16:23:16.0421336Z Selecting previously unselected package libcairo-script-interpreter2:amd64.
2026-10-09T16:23:16.0512381Z Preparing to unpack .../074-libcairo-script-interpreter2_1.18.0-3build1_amd64.deb ...
2026-10-09T16:23:16.0518067Z Unpacking libcairo-script-interpreter2:amd64 (1.18.0-3build1) ...
2026-10-09T16:23:16.0689454Z Selecting previously unselected package libdc1394-25:amd64.
2026-10-09T16:23:16.0780147Z Preparing to unpack .../075-libdc1394-25_2.2.6-4build1_amd64.deb ...
2026-10-09T16:23:16.0786680Z Unpacking libdc1394-25:amd64 (2.2.6-4build1) ...
2026-10-09T16:23:16.0958514Z Selecting previously unselected package libde265-0:amd64.
2026-10-09T16:23:16.1049385Z Preparing to unpack .../076-libde265-0_1.0.15-1ubuntu0.2_amd64.deb ...
2026-10-09T16:23:16.1056107Z Unpacking libde265-0:amd64 (1.0.15-1ubuntu0.2) ...
2026-10-09T16:23:16.1240569Z Selecting previously unselected package libdecor-0-0:amd64.
2026-10-09T16:23:16.1330337Z Preparing to unpack .../077-libdecor-0-0_0.2.2-1build2_amd64.deb ...
2026-10-09T16:23:16.1337771Z Unpacking libdecor-0-0:amd64 (0.2.2-1build2) ...
2026-10-09T16:23:16.1504554Z Selecting previously unselected package libgles2:amd64.
2026-10-09T16:23:16.1594025Z Preparing to unpack .../078-libgles2_1.7.0-1build1_amd64.deb ...
2026-10-09T16:23:16.1600375Z Unpacking libgles2:amd64 (1.7.0-1build1) ...
2026-10-09T16:23:16.2140819Z Selecting previously unselected package libdirectfb-1.7-7t64:amd64.
2026-10-09T16:23:16.2232649Z Preparing to unpack .../079-libdirectfb-1.7-7t64_1.7.7-11.1ubuntu2_amd64.deb ...
2026-10-09T16:23:16.2238446Z Unpacking libdirectfb-1.7-7t64:amd64 (1.7.7-11.1ubuntu2) ...
2026-10-09T16:23:16.2739664Z Selecting previously unselected package libdvdread8t64:amd64.
2026-10-09T16:23:16.2830651Z Preparing to unpack .../080-libdvdread8t64_6.1.3-1.1build1_amd64.deb ...
2026-10-09T16:23:16.2836503Z Unpacking libdvdread8t64:amd64 (6.1.3-1.1build1) ...
2026-10-09T16:23:16.3007515Z Selecting previously unselected package libdvdnav4:amd64.
2026-10-09T16:23:16.3097654Z Preparing to unpack .../081-libdvdnav4_6.1.1-3build1_amd64.deb ...
2026-10-09T16:23:16.3103808Z Unpacking libdvdnav4:amd64 (6.1.1-3build1) ...
2026-10-09T16:23:16.3271409Z Selecting previously unselected package libegl-mesa0:amd64.
2026-10-09T16:23:16.3361098Z Preparing to unpack .../082-libegl-mesa0_25.2.8-0ubuntu0.24.04.4_amd64.deb ...
2026-10-09T16:23:16.3367911Z Unpacking libegl-mesa0:amd64 (25.2.8-0ubuntu0.24.04.4) ...
2026-10-09T16:23:16.3607428Z Selecting previously unselected package libevent-2.1-7t64:amd64.
2026-10-09T16:23:16.3696847Z Preparing to unpack .../083-libevent-2.1-7t64_2.1.12-stable-9ubuntu2.2_amd64.deb ...
2026-10-09T16:23:16.3702755Z Unpacking libevent-2.1-7t64:amd64 (2.1.12-stable-9ubuntu2.2) ...
2026-10-09T16:23:16.3884471Z Selecting previously unselected package libfaad2:amd64.
2026-10-09T16:23:16.3974625Z Preparing to unpack .../084-libfaad2_2.11.1-1build1_amd64.deb ...
2026-10-09T16:23:16.3980781Z Unpacking libfaad2:amd64 (2.11.1-1build1) ...
2026-10-09T16:23:16.4240413Z Selecting previously unselected package libinstpatch-1.0-2:amd64.
2026-10-09T16:23:16.4330730Z Preparing to unpack .../085-libinstpatch-1.0-2_1.1.6-1build2_amd64.deb ...
2026-10-09T16:23:16.4338676Z Unpacking libinstpatch-1.0-2:amd64 (1.1.6-1build2) ...
2026-10-09T16:23:16.4525693Z Selecting previously unselected package libjack-jackd2-0:amd64.
2026-10-09T16:23:16.4615647Z Preparing to unpack .../086-libjack-jackd2-0_1.9.21~dfsg-3ubuntu3_amd64.deb ...
2026-10-09T16:23:16.4624600Z Unpacking libjack-jackd2-0:amd64 (1.9.21~dfsg-3ubuntu3) ...
2026-10-09T16:23:16.4882403Z Selecting previously unselected package libwebrtc-audio-processing1:amd64.
2026-10-09T16:23:16.4975938Z Preparing to unpack .../087-libwebrtc-audio-processing1_0.3.1-0ubuntu6_amd64.deb ...
2026-10-09T16:23:16.4982059Z Unpacking libwebrtc-audio-processing1:amd64 (0.3.1-0ubuntu6) ...
2026-10-09T16:23:16.5159397Z Selecting previously unselected package libspa-0.2-modules:amd64.
2026-10-09T16:23:16.5249658Z Preparing to unpack .../088-libspa-0.2-modules_1.0.5-1ubuntu3.3_amd64.deb ...
2026-10-09T16:23:16.5255695Z Unpacking libspa-0.2-modules:amd64 (1.0.5-1ubuntu3.3) ...
2026-10-09T16:23:16.5534447Z Selecting previously unselected package libpipewire-0.3-0t64:amd64.
2026-10-09T16:23:16.5625721Z Preparing to unpack .../089-libpipewire-0.3-0t64_1.0.5-1ubuntu3.3_amd64.deb ...
2026-10-09T16:23:16.5631674Z Unpacking libpipewire-0.3-0t64:amd64 (1.0.5-1ubuntu3.3) ...
2026-10-09T16:23:16.5821655Z Selecting previously unselected package libsdl2-2.0-0:amd64.
2026-10-09T16:23:16.5910963Z Preparing to unpack .../090-libsdl2-2.0-0_2.30.0+dfsg-1ubuntu3.1_amd64.deb ...
2026-10-09T16:23:16.5918676Z Unpacking libsdl2-2.0-0:amd64 (2.30.0+dfsg-1ubuntu3.1) ...
2026-10-09T16:23:16.6232816Z Selecting previously unselected package timgm6mb-soundfont.
2026-10-09T16:23:16.6324320Z Preparing to unpack .../091-timgm6mb-soundfont_1.3-5_all.deb ...
2026-10-09T16:23:16.6496254Z Unpacking timgm6mb-soundfont (1.3-5) ...
2026-10-09T16:23:16.9457615Z Selecting previously unselected package libfluidsynth3:amd64.
2026-10-09T16:23:16.9553363Z Preparing to unpack .../092-libfluidsynth3_2.3.4-1build3_amd64.deb ...
2026-10-09T16:23:16.9559291Z Unpacking libfluidsynth3:amd64 (2.3.4-1build3) ...
2026-10-09T16:23:16.9745612Z Selecting previously unselected package libfreeaptx0:amd64.
2026-10-09T16:23:16.9843318Z Preparing to unpack .../093-libfreeaptx0_0.1.1-2build1_amd64.deb ...
2026-10-09T16:23:16.9849591Z Unpacking libfreeaptx0:amd64 (0.1.1-2build1) ...
2026-10-09T16:23:17.0018287Z Selecting previously unselected package libgraphene-1.0-0:amd64.
2026-10-09T16:23:17.0111703Z Preparing to unpack .../094-libgraphene-1.0-0_1.10.8-3build2_amd64.deb ...
2026-10-09T16:23:17.0117706Z Unpacking libgraphene-1.0-0:amd64 (1.10.8-3build2) ...
2026-10-09T16:23:17.0287648Z Selecting previously unselected package libgssdp-1.6-0:amd64.
2026-10-09T16:23:17.0378309Z Preparing to unpack .../095-libgssdp-1.6-0_1.6.3-1build3_amd64.deb ...
2026-10-09T16:23:17.0384560Z Unpacking libgssdp-1.6-0:amd64 (1.6.3-1build3) ...
2026-10-09T16:23:17.0549053Z Selecting previously unselected package libegl1:amd64.
2026-10-09T16:23:17.0639977Z Preparing to unpack .../096-libegl1_1.7.0-1build1_amd64.deb ...
2026-10-09T16:23:17.0645588Z Unpacking libegl1:amd64 (1.7.0-1build1) ...
2026-10-09T16:23:17.0990444Z Selecting previously unselected package libgstreamer-gl1.0-0:amd64.
2026-10-09T16:23:17.1077244Z Preparing to unpack .../097-libgstreamer-gl1.0-0_1.24.2-1ubuntu0.5_amd64.deb ...
2026-10-09T16:23:17.1082738Z Unpacking libgstreamer-gl1.0-0:amd64 (1.24.2-1ubuntu0.5) ...
2026-10-09T16:23:17.1249695Z Selecting previously unselected package libgtk-4-common.
2026-10-09T16:23:17.1334948Z Preparing to unpack .../098-libgtk-4-common_4.14.5+ds-0ubuntu0.10_all.deb ...
2026-10-09T16:23:17.1340232Z Unpacking libgtk-4-common (4.14.5+ds-0ubuntu0.10) ...
2026-10-09T16:23:17.1842528Z Selecting previously unselected package libgtk-4-1:amd64.
2026-10-09T16:23:17.1934064Z Preparing to unpack .../099-libgtk-4-1_4.14.5+ds-0ubuntu0.10_amd64.deb ...
2026-10-09T16:23:17.1940641Z Unpacking libgtk-4-1:amd64 (4.14.5+ds-0ubuntu0.10) ...
2026-10-09T16:23:17.2840700Z Selecting previously unselected package libgupnp-1.6-0:amd64.
2026-10-09T16:23:17.2934726Z Preparing to unpack .../100-libgupnp-1.6-0_1.6.6-1build3_amd64.deb ...
2026-10-09T16:23:17.2942259Z Unpacking libgupnp-1.6-0:amd64 (1.6.6-1build3) ...
2026-10-09T16:23:17.3304960Z Selecting previously unselected package libgupnp-igd-1.6-0:amd64.
2026-10-09T16:23:17.3395051Z Preparing to unpack .../101-libgupnp-igd-1.6-0_1.6.0-3build3_amd64.deb ...
2026-10-09T16:23:17.3402983Z Unpacking libgupnp-igd-1.6-0:amd64 (1.6.0-3build3) ...
2026-10-09T16:23:17.3558681Z Selecting previously unselected package libharfbuzz-icu0:amd64.
2026-10-09T16:23:17.3644332Z Preparing to unpack .../102-libharfbuzz-icu0_8.3.0-2build2_amd64.deb ...
2026-10-09T16:23:17.3649421Z Unpacking libharfbuzz-icu0:amd64 (8.3.0-2build2) ...
2026-10-09T16:23:17.3806297Z Selecting previously unselected package libhyphen0:amd64.
2026-10-09T16:23:17.3890836Z Preparing to unpack .../103-libhyphen0_2.8.8-7build3_amd64.deb ...
2026-10-09T16:23:17.3896414Z Unpacking libhyphen0:amd64 (2.8.8-7build3) ...
2026-10-09T16:23:17.4096424Z Selecting previously unselected package libimath-3-1-29t64:amd64.
2026-10-09T16:23:17.4181380Z Preparing to unpack .../104-libimath-3-1-29t64_3.1.9-3.1ubuntu2_amd64.deb ...
2026-10-09T16:23:17.4187643Z Unpacking libimath-3-1-29t64:amd64 (3.1.9-3.1ubuntu2) ...
2026-10-09T16:23:17.4359102Z Selecting previously unselected package liblc3-1:amd64.
2026-10-09T16:23:17.4444284Z Preparing to unpack .../105-liblc3-1_1.0.4-3build1_amd64.deb ...
2026-10-09T16:23:17.4449784Z Unpacking liblc3-1:amd64 (1.0.4-3build1) ...
2026-10-09T16:23:17.4607342Z Selecting previously unselected package libldacbt-enc2:amd64.
2026-10-09T16:23:17.4691685Z Preparing to unpack .../106-libldacbt-enc2_2.0.2.3+git20200429+ed310a0-4ubuntu2_amd64.deb ...
2026-10-09T16:23:17.4697126Z Unpacking libldacbt-enc2:amd64 (2.0.2.3+git20200429+ed310a0-4ubuntu2) ...
2026-10-09T16:23:17.4853794Z Selecting previously unselected package libraptor2-0:amd64.
2026-10-09T16:23:17.4937302Z Preparing to unpack .../107-libraptor2-0_2.0.16-3ubuntu0.1_amd64.deb ...
2026-10-09T16:23:17.4942934Z Unpacking libraptor2-0:amd64 (2.0.16-3ubuntu0.1) ...
2026-10-09T16:23:17.5116240Z Selecting previously unselected package liblrdf0:amd64.
2026-10-09T16:23:17.5200464Z Preparing to unpack .../108-liblrdf0_0.6.1-4build1_amd64.deb ...
2026-10-09T16:23:17.5206403Z Unpacking liblrdf0:amd64 (0.6.1-4build1) ...
2026-10-09T16:23:17.5370095Z Selecting previously unselected package libltc11:amd64.
2026-10-09T16:23:17.5454972Z Preparing to unpack .../109-libltc11_1.3.2-1build1_amd64.deb ...
2026-10-09T16:23:17.5593036Z Unpacking libltc11:amd64 (1.3.2-1build1) ...
2026-10-09T16:23:17.5751349Z Selecting previously unselected package libmanette-0.2-0:amd64.
2026-10-09T16:23:17.5834367Z Preparing to unpack .../110-libmanette-0.2-0_0.2.7-1build2_amd64.deb ...
2026-10-09T16:23:17.5840179Z Unpacking libmanette-0.2-0:amd64 (0.2.7-1build2) ...
2026-10-09T16:23:17.6002832Z Selecting previously unselected package libmfx1:amd64.
2026-10-09T16:23:17.6086726Z Preparing to unpack .../111-libmfx1_22.5.4-1_amd64.deb ...
2026-10-09T16:23:17.6092706Z Unpacking libmfx1:amd64 (22.5.4-1) ...
2026-10-09T16:23:17.7627319Z Selecting previously unselected package libmjpegutils-2.1-0t64:amd64.
2026-10-09T16:23:17.7723118Z Preparing to unpack .../112-libmjpegutils-2.1-0t64_1%3a2.1.0+debian-8.1build1_amd64.deb ...
2026-10-09T16:23:17.7865175Z Unpacking libmjpegutils-2.1-0t64:amd64 (1:2.1.0+debian-8.1build1) ...
2026-10-09T16:23:17.8035697Z Selecting previously unselected package libmodplug1:amd64.
2026-10-09T16:23:17.8128512Z Preparing to unpack .../113-libmodplug1_1%3a0.8.9.0-3build1_amd64.deb ...
2026-10-09T16:23:17.8136788Z Unpacking libmodplug1:amd64 (1:0.8.9.0-3build1) ...
2026-10-09T16:23:17.8311025Z Selecting previously unselected package libmpcdec6:amd64.
2026-10-09T16:23:17.8402882Z Preparing to unpack .../114-libmpcdec6_2%3a0.1~r495-2build1_amd64.deb ...
2026-10-09T16:23:17.8408262Z Unpacking libmpcdec6:amd64 (2:0.1~r495-2build1) ...
2026-10-09T16:23:17.8570294Z Selecting previously unselected package libmpeg2encpp-2.1-0t64:amd64.
2026-10-09T16:23:17.8659426Z Preparing to unpack .../115-libmpeg2encpp-2.1-0t64_1%3a2.1.0+debian-8.1build1_amd64.deb ...
2026-10-09T16:23:17.8664683Z Unpacking libmpeg2encpp-2.1-0t64:amd64 (1:2.1.0+debian-8.1build1) ...
2026-10-09T16:23:17.8829320Z Selecting previously unselected package libmplex2-2.1-0t64:amd64.
2026-10-09T16:23:17.8918609Z Preparing to unpack .../116-libmplex2-2.1-0t64_1%3a2.1.0+debian-8.1build1_amd64.deb ...
2026-10-09T16:23:17.8924726Z Unpacking libmplex2-2.1-0t64:amd64 (1:2.1.0+debian-8.1build1) ...
2026-10-09T16:23:17.9091258Z Selecting previously unselected package libneon27t64:amd64.
2026-10-09T16:23:17.9181215Z Preparing to unpack .../117-libneon27t64_0.33.0-1.1build3_amd64.deb ...
2026-10-09T16:23:17.9186853Z Unpacking libneon27t64:amd64 (0.33.0-1.1build3) ...
2026-10-09T16:23:17.9363895Z Selecting previously unselected package libnice10:amd64.
2026-10-09T16:23:17.9452949Z Preparing to unpack .../118-libnice10_0.1.21-2build3_amd64.deb ...
2026-10-09T16:23:17.9458340Z Unpacking libnice10:amd64 (0.1.21-2build3) ...
2026-10-09T16:23:17.9629837Z Selecting previously unselected package libopenal-data.
2026-10-09T16:23:17.9719330Z Preparing to unpack .../119-libopenal-data_1%3a1.23.1-4build1_all.deb ...
2026-10-09T16:23:17.9724823Z Unpacking libopenal-data (1:1.23.1-4build1) ...
2026-10-09T16:23:17.9902056Z Selecting previously unselected package libopenexr-3-1-30:amd64.
2026-10-09T16:23:17.9990937Z Preparing to unpack .../120-libopenexr-3-1-30_3.1.5-5.1build3_amd64.deb ...
2026-10-09T16:23:18.0179919Z Unpacking libopenexr-3-1-30:amd64 (3.1.5-5.1build3) ...
2026-10-09T16:23:18.0513310Z Selecting previously unselected package libopenh264-7:amd64.
2026-10-09T16:23:18.0608181Z Preparing to unpack .../121-libopenh264-7_2.4.1+dfsg-1_amd64.deb ...
2026-10-09T16:23:18.0614067Z Unpacking libopenh264-7:amd64 (2.4.1+dfsg-1) ...
2026-10-09T16:23:18.0825393Z Selecting previously unselected package libopenni2-0:amd64.
2026-10-09T16:23:18.0921389Z Preparing to unpack .../122-libopenni2-0_2.2.0.33+dfsg-18_amd64.deb ...
2026-10-09T16:23:18.0947806Z Unpacking libopenni2-0:amd64 (2.2.0.33+dfsg-18) ...
2026-10-09T16:23:18.1164092Z Selecting previously unselected package libqrencode4:amd64.
2026-10-09T16:23:18.1259134Z Preparing to unpack .../123-libqrencode4_4.1.1-1build2_amd64.deb ...
2026-10-09T16:23:18.1265807Z Unpacking libqrencode4:amd64 (4.1.1-1build2) ...
2026-10-09T16:23:18.1422585Z Selecting previously unselected package libsecret-common.
2026-10-09T16:23:18.1514767Z Preparing to unpack .../124-libsecret-common_0.21.4-1build3_all.deb ...
2026-10-09T16:23:18.1525521Z Unpacking libsecret-common (0.21.4-1build3) ...
2026-10-09T16:23:18.1683402Z Selecting previously unselected package libsecret-1-0:amd64.
2026-10-09T16:23:18.1777081Z Preparing to unpack .../125-libsecret-1-0_0.21.4-1build3_amd64.deb ...
2026-10-09T16:23:18.1783356Z Unpacking libsecret-1-0:amd64 (0.21.4-1build3) ...
2026-10-09T16:23:18.1960760Z Selecting previously unselected package libsndio7.0:amd64.
2026-10-09T16:23:18.2053168Z Preparing to unpack .../126-libsndio7.0_1.9.0-0.3build3_amd64.deb ...
2026-10-09T16:23:18.2058983Z Unpacking libsndio7.0:amd64 (1.9.0-0.3build3) ...
2026-10-09T16:23:18.2225301Z Selecting previously unselected package libsoundtouch1:amd64.
2026-10-09T16:23:18.2316772Z Preparing to unpack .../127-libsoundtouch1_2.3.2+ds1-1build1_amd64.deb ...
2026-10-09T16:23:18.2473208Z Unpacking libsoundtouch1:amd64 (2.3.2+ds1-1build1) ...
2026-10-09T16:23:18.2646327Z Selecting previously unselected package libspandsp2t64:amd64.
2026-10-09T16:23:18.2737543Z Preparing to unpack .../128-libspandsp2t64_0.0.6+dfsg-2.1build1_amd64.deb ...
2026-10-09T16:23:18.2743216Z Unpacking libspandsp2t64:amd64 (0.0.6+dfsg-2.1build1) ...
2026-10-09T16:23:18.2948702Z Selecting previously unselected package libsrtp2-1:amd64.
2026-10-09T16:23:18.3039641Z Preparing to unpack .../129-libsrtp2-1_2.5.0-3build1_amd64.deb ...
2026-10-09T16:23:18.3045721Z Unpacking libsrtp2-1:amd64 (2.5.0-3build1) ...
2026-10-09T16:23:18.3212535Z Selecting previously unselected package libwayland-server0:amd64.
2026-10-09T16:23:18.3304013Z Preparing to unpack .../130-libwayland-server0_1.22.0-2.1build1_amd64.deb ...
2026-10-09T16:23:18.3309782Z Unpacking libwayland-server0:amd64 (1.22.0-2.1build1) ...
2026-10-09T16:23:18.3478460Z Selecting previously unselected package libwildmidi2:amd64.
2026-10-09T16:23:18.3568302Z Preparing to unpack .../131-libwildmidi2_0.4.3-1build3_amd64.deb ...
2026-10-09T16:23:18.3574365Z Unpacking libwildmidi2:amd64 (0.4.3-1build3) ...
2026-10-09T16:23:18.3744699Z Selecting previously unselected package libwoff1:amd64.
2026-10-09T16:23:18.3834178Z Preparing to unpack .../132-libwoff1_1.0.2-2build1_amd64.deb ...
2026-10-09T16:23:18.3839639Z Unpacking libwoff1:amd64 (1.0.2-2build1) ...
2026-10-09T16:23:18.4010503Z Selecting previously unselected package libxcb-xkb1:amd64.
2026-10-09T16:23:18.4100986Z Preparing to unpack .../133-libxcb-xkb1_1.15-1ubuntu2_amd64.deb ...
2026-10-09T16:23:18.4106597Z Unpacking libxcb-xkb1:amd64 (1.15-1ubuntu2) ...
2026-10-09T16:23:18.4274762Z Selecting previously unselected package libxkbcommon-x11-0:amd64.
2026-10-09T16:23:18.4364355Z Preparing to unpack .../134-libxkbcommon-x11-0_1.6.0-1build1_amd64.deb ...
2026-10-09T16:23:18.4369808Z Unpacking libxkbcommon-x11-0:amd64 (1.6.0-1build1) ...
2026-10-09T16:23:18.4533074Z Selecting previously unselected package libzbar0t64:amd64.
2026-10-09T16:23:18.4623293Z Preparing to unpack .../135-libzbar0t64_0.23.93-4build3_amd64.deb ...
2026-10-09T16:23:18.4746664Z Unpacking libzbar0t64:amd64 (0.23.93-4build3) ...
2026-10-09T16:23:18.4920323Z Selecting previously unselected package libzxing3:amd64.
2026-10-09T16:23:18.5010006Z Preparing to unpack .../136-libzxing3_2.2.1-3_amd64.deb ...
2026-10-09T16:23:18.5015583Z Unpacking libzxing3:amd64 (2.2.1-3) ...
2026-10-09T16:23:18.5208746Z Selecting previously unselected package libgstreamer-plugins-bad1.0-0:amd64.
2026-10-09T16:23:18.5298580Z Preparing to unpack .../137-libgstreamer-plugins-bad1.0-0_1.24.2-1ubuntu4_amd64.deb ...
2026-10-09T16:23:18.5304299Z Unpacking libgstreamer-plugins-bad1.0-0:amd64 (1.24.2-1ubuntu4) ...
2026-10-09T16:23:18.5599833Z Selecting previously unselected package libdca0:amd64.
2026-10-09T16:23:18.5691477Z Preparing to unpack .../138-libdca0_0.0.7-2build1_amd64.deb ...
2026-10-09T16:23:18.5699476Z Unpacking libdca0:amd64 (0.0.7-2build1) ...
2026-10-09T16:23:18.5867729Z Selecting previously unselected package libopenal1:amd64.
2026-10-09T16:23:18.5959274Z Preparing to unpack .../139-libopenal1_1%3a1.23.1-4build1_amd64.deb ...
2026-10-09T16:23:18.5965569Z Unpacking libopenal1:amd64 (1:1.23.1-4build1) ...
2026-10-09T16:23:18.6158911Z Selecting previously unselected package libsbc1:amd64.
2026-10-09T16:23:18.6249902Z Preparing to unpack .../140-libsbc1_2.0-1build1_amd64.deb ...
2026-10-09T16:23:18.6258438Z Unpacking libsbc1:amd64 (2.0-1build1) ...
2026-10-09T16:23:18.6422433Z Selecting previously unselected package libvo-aacenc0:amd64.
2026-10-09T16:23:18.6512978Z Preparing to unpack .../141-libvo-aacenc0_0.1.3-2build1_amd64.deb ...
2026-10-09T16:23:18.6521730Z Unpacking libvo-aacenc0:amd64 (0.1.3-2build1) ...
2026-10-09T16:23:18.6696309Z Selecting previously unselected package libvo-amrwbenc0:amd64.
2026-10-09T16:23:18.6786051Z Preparing to unpack .../142-libvo-amrwbenc0_0.1.3-2build1_amd64.deb ...
2026-10-09T16:23:18.6792396Z Unpacking libvo-amrwbenc0:amd64 (0.1.3-2build1) ...
2026-10-09T16:23:18.7146227Z Selecting previously unselected package gstreamer1.0-plugins-bad:amd64.
2026-10-09T16:23:18.7237148Z Preparing to unpack .../143-gstreamer1.0-plugins-bad_1.24.2-1ubuntu4_amd64.deb ...
2026-10-09T16:23:18.7242996Z Unpacking gstreamer1.0-plugins-bad:amd64 (1.24.2-1ubuntu4) ...
2026-10-09T16:23:18.9519335Z Setting up libgme0:amd64 (0.6.3-7build1) ...
2026-10-09T16:23:18.9535736Z Setting up libchromaprint1:amd64 (1.5.1-5) ...
2026-10-09T16:23:18.9552922Z Setting up libssh-gcrypt-4:amd64 (0.10.6-2ubuntu0.5) ...
2026-10-09T16:23:18.9568124Z Setting up libcairo-script-interpreter2:amd64 (1.18.0-3build1) ...
2026-10-09T16:23:18.9585860Z Setting up libfreeaptx0:amd64 (0.1.1-2build1) ...
2026-10-09T16:23:18.9600953Z Setting up libdvdread8t64:amd64 (6.1.3-1.1build1) ...
2026-10-09T16:23:18.9614836Z Setting up libudfread0:amd64 (1.1.2-1build1) ...
2026-10-09T16:23:18.9630503Z Setting up libmodplug1:amd64 (1:0.8.9.0-3build1) ...
2026-10-09T16:23:18.9644331Z Setting up libcdparanoia0:amd64 (3.10.2+debian-14build3) ...
2026-10-09T16:23:18.9662636Z Setting up libwayland-server0:amd64 (1.22.0-2.1build1) ...
2026-10-09T16:23:18.9678735Z Setting up libvo-amrwbenc0:amd64 (0.1.3-2build1) ...
2026-10-09T16:23:18.9692234Z Setting up session-migration (0.3.9build1) ...
2026-10-09T16:23:19.0349329Z Created symlink /etc/systemd/user/graphical-session-pre.target.wants/session-migration.service → /usr/lib/systemd/user/session-migration.service.
2026-10-09T16:23:19.0349655Z 
2026-10-09T16:23:19.0370664Z Setting up libraw1394-11:amd64 (2.1.2-2build3) ...
2026-10-09T16:23:19.0384156Z Setting up libsbc1:amd64 (2.0-1build1) ...
2026-10-09T16:23:19.0400359Z Setting up libproxy1v5:amd64 (0.5.4-4build1) ...
2026-10-09T16:23:19.0413643Z Setting up libtag1v5-vanilla:amd64 (1.13.1-1build1) ...
2026-10-09T16:23:19.0431054Z Setting up libharfbuzz-icu0:amd64 (8.3.0-2build2) ...
2026-10-09T16:23:19.0445381Z Setting up libopenni2-0:amd64 (2.2.0.33+dfsg-18) ...
2026-10-09T16:23:19.0643323Z Setting up libcaca0:amd64 (0.99.beta20-4ubuntu0.2) ...
2026-10-09T16:23:19.0657901Z Setting up libv4lconvert0t64:amd64 (1.26.1-4build3) ...
2026-10-09T16:23:19.0678142Z Setting up libmbedcrypto7t64:amd64 (2.28.8-1) ...
2026-10-09T16:23:19.0694530Z Setting up libwoff1:amd64 (1.0.2-2build1) ...
2026-10-09T16:23:19.0710435Z Setting up liblc3-1:amd64 (1.0.4-3build1) ...
2026-10-09T16:23:19.0729877Z Setting up libqrencode4:amd64 (4.1.1-1build2) ...
2026-10-09T16:23:19.0745632Z Setting up libhyphen0:amd64 (2.8.8-7build3) ...
2026-10-09T16:23:19.0761343Z Setting up libvisual-0.4-0:amd64 (0.4.2-2build1) ...
2026-10-09T16:23:19.0779554Z Setting up libzix-0-0:amd64 (0.4.2-2build1) ...
2026-10-09T16:23:19.0794941Z Setting up libmanette-0.2-0:amd64 (0.2.7-1build2) ...
2026-10-09T16:23:19.0812383Z Setting up libsrtp2-1:amd64 (2.5.0-3build1) ...
2026-10-09T16:23:19.0828175Z Setting up libmysofa1:amd64 (1.3.2+dfsg-2ubuntu2) ...
2026-10-09T16:23:19.0846314Z Setting up libldacbt-enc2:amd64 (2.0.2.3+git20200429+ed310a0-4ubuntu2) ...
2026-10-09T16:23:19.0864456Z Setting up libwebrtc-audio-processing1:amd64 (0.3.1-0ubuntu6) ...
2026-10-09T16:23:19.0880130Z Setting up libevent-2.1-7t64:amd64 (2.1.12-stable-9ubuntu2.2) ...
2026-10-09T16:23:19.0898154Z Setting up libsoup-3.0-common (3.4.4-5ubuntu0.9) ...
2026-10-09T16:23:19.0912627Z Setting up libmpg123-0t64:amd64 (1.32.5-1ubuntu1.1) ...
2026-10-09T16:23:19.0929489Z Setting up libcjson1:amd64 (1.7.17-1) ...
2026-10-09T16:23:19.0944382Z Setting up libmpcdec6:amd64 (2:0.1~r495-2build1) ...
2026-10-09T16:23:19.0958774Z Setting up libmjpegutils-2.1-0t64:amd64 (1:2.1.0+debian-8.1build1) ...
2026-10-09T16:23:19.0975430Z Setting up liborc-0.4-0t64:amd64 (1:0.4.38-1ubuntu0.1) ...
2026-10-09T16:23:19.0991944Z Setting up libxcb-xkb1:amd64 (1.15-1ubuntu2) ...
2026-10-09T16:23:19.1009798Z Setting up libvo-aacenc0:amd64 (0.1.3-2build1) ...
2026-10-09T16:23:19.1025459Z Setting up librist4:amd64 (0.2.10+dfsg-2) ...
2026-10-09T16:23:19.1040499Z Setting up libblas3:amd64 (3.12.0-3build1.1) ...
2026-10-09T16:23:19.1086809Z update-alternatives: using /usr/lib/x86_64-linux-gnu/blas/libblas.so.3 to provide /usr/lib/x86_64-linux-gnu/libblas.so.3 (libblas.so.3-x86_64-linux-gnu) in auto mode
2026-10-09T16:23:19.1101302Z Setting up libegl-mesa0:amd64 (25.2.8-0ubuntu0.24.04.4) ...
2026-10-09T16:23:19.1117763Z Setting up libsoundtouch1:amd64 (2.3.2+ds1-1build1) ...
2026-10-09T16:23:19.1132818Z Setting up libplacebo338:amd64 (6.338.2-2build1) ...
2026-10-09T16:23:19.1148857Z Setting up libgles2:amd64 (1.7.0-1build1) ...
2026-10-09T16:23:19.1168476Z Setting up libspa-0.2-modules:amd64 (1.0.5-1ubuntu3.3) ...
2026-10-09T16:23:19.1184591Z Setting up libzxing3:amd64 (2.2.1-3) ...
2026-10-09T16:23:19.1200998Z Setting up libfaad2:amd64 (2.11.1-1build1) ...
2026-10-09T16:23:19.1222635Z Setting up libxkbcommon-x11-0:amd64 (1.6.0-1build1) ...
2026-10-09T16:23:19.1239626Z Setting up libdc1394-25:amd64 (2.2.6-4build1) ...
2026-10-09T16:23:19.1254678Z Setting up libshout3:amd64 (2.4.6-1build2) ...
2026-10-09T16:23:19.1272121Z Setting up libpng16-16t64:amd64 (1.6.43-5ubuntu0.7) ...
2026-10-09T16:23:19.1287462Z Setting up libimath-3-1-29t64:amd64 (3.1.9-3.1ubuntu2) ...
2026-10-09T16:23:19.1302592Z Setting up libunibreak5:amd64 (5.1-2build1) ...
2026-10-09T16:23:19.1320458Z Setting up libdv4t64:amd64 (1.0.0-17.1build1) ...
2026-10-09T16:23:19.1335467Z Setting up libopenh264-7:amd64 (2.4.1+dfsg-1) ...
2026-10-09T16:23:19.1351112Z Setting up libltc11:amd64 (1.3.2-1build1) ...
2026-10-09T16:23:19.1368137Z Setting up libv4l-0t64:amd64 (1.26.1-4build3) ...
2026-10-09T16:23:19.1383102Z Setting up libavtp0:amd64 (0.2.0-1build1) ...
2026-10-09T16:23:19.1399603Z Setting up libsndio7.0:amd64 (1.9.0-0.3build3) ...
2026-10-09T16:23:19.1415095Z Setting up libdirectfb-1.7-7t64:amd64 (1.7.7-11.1ubuntu2) ...
2026-10-09T16:23:19.1628207Z Setting up libspandsp2t64:amd64 (0.0.6+dfsg-2.1build1) ...
2026-10-09T16:23:19.1646019Z Setting up libvidstab1.1:amd64 (1.1.0-2build1) ...
2026-10-09T16:23:19.1661986Z Setting up libsrt1.5-gnutls:amd64 (1.5.3-1build2) ...
2026-10-09T16:23:19.1679390Z Setting up libtag1v5:amd64 (1.13.1-1build1) ...
2026-10-09T16:23:19.1699333Z Setting up libflite1:amd64 (2.2-6build3) ...
2026-10-09T16:23:19.1714476Z Setting up libasyncns0:amd64 (0.8-6build4) ...
2026-10-09T16:23:19.1731862Z Setting up libwildmidi2:amd64 (0.4.3-1build3) ...
2026-10-09T16:23:19.1746535Z Setting up libwavpack1:amd64 (5.6.0-1build1) ...
2026-10-09T16:23:19.1765067Z Setting up libbs2b0:amd64 (3.1.0+dfsg-7build1) ...
2026-10-09T16:23:19.1783953Z Setting up libpostproc57:amd64 (7:6.1.1-3ubuntu5) ...
2026-10-09T16:23:19.1799916Z Setting up libegl1:amd64 (1.7.0-1build1) ...
2026-10-09T16:23:19.1817676Z Setting up libdecor-0-0:amd64 (0.2.2-1build2) ...
2026-10-09T16:23:19.1833653Z Setting up libdca0:amd64 (0.0.7-2build1) ...
2026-10-09T16:23:19.1849963Z Setting up libzimg2:amd64 (3.0.5+ds1-1build1) ...
2026-10-09T16:23:19.1869093Z Setting up libopenal-data (1:1.23.1-4build1) ...
2026-10-09T16:23:19.1890798Z Setting up libabsl20220623t64:amd64 (20220623.1-3.1ubuntu3.2) ...
2026-10-09T16:23:19.1909327Z Setting up libflac12t64:amd64 (1.4.3+ds-2.1ubuntu2) ...
2026-10-09T16:23:19.1927172Z Setting up libsndfile1:amd64 (1.2.2-1ubuntu5.24.04.1) ...
2026-10-09T16:23:19.1942950Z Setting up libgtk-4-common (4.14.5+ds-0ubuntu0.10) ...
2026-10-09T16:23:19.1961514Z Setting up libmpeg2encpp-2.1-0t64:amd64 (1:2.1.0+debian-8.1build1) ...
2026-10-09T16:23:19.2345934Z Setting up glib-networking-common (2.80.0-1build1) ...
2026-10-09T16:23:19.2361528Z Setting up libmfx1:amd64 (22.5.4-1) ...
2026-10-09T16:23:19.2377736Z Setting up libde265-0:amd64 (1.0.15-1ubuntu0.2) ...
2026-10-09T16:23:19.2391647Z Setting up libsamplerate0:amd64 (0.2.2-4build1) ...
2026-10-09T16:23:19.2405801Z Setting up timgm6mb-soundfont (1.3-5) ...
2026-10-09T16:23:19.2472229Z update-alternatives: using /usr/share/sounds/sf2/TimGM6mb.sf2 to provide /usr/share/sounds/sf2/default-GM.sf2 (default-GM.sf2) in auto mode
2026-10-09T16:23:19.2504350Z update-alternatives: using /usr/share/sounds/sf2/TimGM6mb.sf2 to provide /usr/share/sounds/sf3/default-GM.sf3 (default-GM.sf3) in auto mode
2026-10-09T16:23:19.2516645Z Setting up libyuv0:amd64 (0.0~git202401110.af6ac82-1) ...
2026-10-09T16:23:19.2534415Z Setting up libmplex2-2.1-0t64:amd64 (1:2.1.0+debian-8.1build1) ...
2026-10-09T16:23:19.2549181Z Setting up libpipewire-0.3-0t64:amd64 (1.0.5-1ubuntu3.3) ...
2026-10-09T16:23:19.2564481Z Setting up libxml2:amd64 (2.9.14+dfsg-1.3ubuntu3.10) ...
2026-10-09T16:23:19.2580094Z Setting up libinstpatch-1.0-2:amd64 (1.1.6-1build2) ...
2026-10-09T16:23:19.2593964Z Setting up libopenmpt0t64:amd64 (0.7.3-1.1build3) ...
2026-10-09T16:23:19.2607987Z Setting up libsecret-common (0.21.4-1build3) ...
2026-10-09T16:23:19.2626877Z Setting up libgraphene-1.0-0:amd64 (1.10.8-3build2) ...
2026-10-09T16:23:19.2640654Z Setting up libswscale7:amd64 (7:6.1.1-3ubuntu5) ...
2026-10-09T16:23:19.2655355Z Setting up libdvdnav4:amd64 (6.1.1-3build1) ...
2026-10-09T16:23:19.2673438Z Setting up libaa1:amd64 (1.4p5-51.1) ...
2026-10-09T16:23:19.2692414Z Setting up libiec61883-0:amd64 (1.2.0-6build1) ...
2026-10-09T16:23:19.2706984Z Setting up libserd-0-0:amd64 (0.32.2-1) ...
2026-10-09T16:23:19.2723195Z Setting up libavc1394-0:amd64 (0.5.4-5build3) ...
2026-10-09T16:23:19.2736890Z Setting up gsettings-desktop-schemas (46.1-0ubuntu1) ...
2026-10-09T16:23:19.2751249Z Setting up glib-networking-services (2.80.0-1build1) ...
2026-10-09T16:23:19.2767362Z Setting up liblapack3:amd64 (3.12.0-3build1.1) ...
2026-10-09T16:23:19.2809425Z update-alternatives: using /usr/lib/x86_64-linux-gnu/lapack/liblapack.so.3 to provide /usr/lib/x86_64-linux-gnu/liblapack.so.3 (liblapack.so.3-x86_64-linux-gnu) in auto mode
2026-10-09T16:23:19.2822648Z Setting up libneon27t64:amd64 (0.33.0-1.1build3) ...
2026-10-09T16:23:19.2839423Z Setting up libpulse0:amd64 (1:16.1+dfsg1-2ubuntu10.1) ...
2026-10-09T16:23:19.2894111Z Setting up libraptor2-0:amd64 (2.0.16-3ubuntu0.1) ...
2026-10-09T16:23:19.2911437Z Setting up libzbar0t64:amd64 (0.23.93-4build3) ...
2026-10-09T16:23:19.2929805Z Setting up libgstreamer-plugins-base1.0-0:amd64 (1.24.2-1ubuntu0.5) ...
2026-10-09T16:23:19.2944736Z Setting up libopenal1:amd64 (1:1.23.1-4build1) ...
2026-10-09T16:23:19.2961220Z Setting up libsphinxbase3t64:amd64 (0.8+5prealpha+1-17build2) ...
2026-10-09T16:23:19.2976323Z Setting up libxml2-dev:amd64 (2.9.14+dfsg-1.3ubuntu3.10) ...
2026-10-09T16:23:19.2993580Z Setting up libsecret-1-0:amd64 (0.21.4-1build3) ...
2026-10-09T16:23:19.3009358Z Setting up libgstreamer-plugins-good1.0-0:amd64 (1.24.2-1ubuntu1.8) ...
2026-10-09T16:23:19.3025501Z Setting up libgstreamer-gl1.0-0:amd64 (1.24.2-1ubuntu0.5) ...
2026-10-09T16:23:19.3044579Z Setting up gstreamer1.0-plugins-base:amd64 (1.24.2-1ubuntu0.5) ...
2026-10-09T16:23:19.3059520Z Setting up libass9:amd64 (1:0.17.1-2build1) ...
2026-10-09T16:23:19.3076012Z Setting up libopenexr-3-1-30:amd64 (3.1.5-5.1build3) ...
2026-10-09T16:23:19.3090904Z Setting up libgav1-1:amd64 (0.18.0-1build3) ...
2026-10-09T16:23:19.3105952Z Setting up librubberband2:amd64 (3.3.0+dfsg-2build1) ...
2026-10-09T16:23:19.3122876Z Setting up libjack-jackd2-0:amd64 (1.9.21~dfsg-3ubuntu3) ...
2026-10-09T16:23:19.3137049Z Setting up libsord-0-0:amd64 (0.16.16-2build1) ...
2026-10-09T16:23:19.3151746Z Setting up libsratom-0-0:amd64 (0.6.16-1build1) ...
2026-10-09T16:23:19.3168738Z Setting up libbluray2:amd64 (1:1.3.4-1build1) ...
2026-10-09T16:23:19.3186619Z Setting up libsdl2-2.0-0:amd64 (2.30.0+dfsg-1ubuntu3.1) ...
2026-10-09T16:23:19.3201397Z Setting up liblilv-0-0:amd64 (0.24.22-1build1) ...
2026-10-09T16:23:19.3219289Z Setting up libfluidsynth3:amd64 (2.3.4-1build3) ...
2026-10-09T16:23:19.3234779Z Setting up libavif16:amd64 (1.0.4-1ubuntu3) ...
2026-10-09T16:23:19.3252986Z Setting up liblrdf0:amd64 (0.6.1-4build1) ...
2026-10-09T16:23:19.3270116Z Setting up libavformat60:amd64 (7:6.1.1-3ubuntu5) ...
2026-10-09T16:23:19.3285845Z Setting up libpocketsphinx3:amd64 (0.8.0+real5prealpha+1-15ubuntu5) ...
2026-10-09T16:23:19.3306157Z Setting up libavfilter9:amd64 (7:6.1.1-3ubuntu5) ...
2026-10-09T16:23:19.3321187Z Setting up gstreamer1.0-libav:amd64 (1.24.1-1build1) ...
2026-10-09T16:23:19.3542834Z Processing triggers for libc-bin (2.39-0ubuntu8.9) ...
2026-10-09T16:23:19.3755411Z Processing triggers for man-db (2.12.0-4build2) ...
2026-10-09T16:23:19.3947919Z Not building database; man-db/auto-update is not 'true'.
2026-10-09T16:23:19.3968366Z Processing triggers for libglib2.0-0t64:amd64 (2.80.0-6ubuntu3.9) ...
2026-10-09T16:23:19.4360647Z Setting up libgtk-4-1:amd64 (4.14.5+ds-0ubuntu0.10) ...
2026-10-09T16:23:19.4953677Z Setting up glib-networking:amd64 (2.80.0-1build1) ...
2026-10-09T16:23:19.4979512Z Setting up libsoup-3.0-0:amd64 (3.4.4-5ubuntu0.9) ...
2026-10-09T16:23:19.5006805Z Setting up libgssdp-1.6-0:amd64 (1.6.3-1build3) ...
2026-10-09T16:23:19.5057180Z Setting up gstreamer1.0-plugins-good:amd64 (1.24.2-1ubuntu1.8) ...
2026-10-09T16:23:19.5078381Z Setting up libgupnp-1.6-0:amd64 (1.6.6-1build3) ...
2026-10-09T16:23:19.5122061Z Setting up libgupnp-igd-1.6-0:amd64 (1.6.0-3build3) ...
2026-10-09T16:23:19.5146392Z Setting up libnice10:amd64 (0.1.21-2build3) ...
2026-10-09T16:23:19.5188455Z Setting up libgstreamer-plugins-bad1.0-0:amd64 (1.24.2-1ubuntu4) ...
2026-10-09T16:23:19.5217061Z Setting up gstreamer1.0-plugins-bad:amd64 (1.24.2-1ubuntu4) ...
2026-10-09T16:23:19.5237234Z Processing triggers for libc-bin (2.39-0ubuntu8.9) ...
2026-10-09T16:23:19.9118849Z 
2026-10-09T16:23:19.9119847Z Running kernel seems to be up-to-date.
2026-10-09T16:23:19.9120085Z 
2026-10-09T16:23:19.9120163Z Restarting services...
2026-10-09T16:23:19.9242842Z  systemctl restart packagekit.service php8.3-fpm.service
2026-10-09T16:23:20.0106566Z 
2026-10-09T16:23:20.0107562Z No containers need to be restarted.
2026-10-09T16:23:20.0107822Z 
2026-10-09T16:23:20.0108052Z No user sessions are running outdated binaries.
2026-10-09T16:23:20.0108293Z 
2026-10-09T16:23:20.0108668Z No VM guests are running outdated hypervisor (qemu) binaries on this host.
2026-10-09T16:23:20.6433426Z ##[group]Run node scripts/check-playwright-conformance-owner-policy.mjs
2026-10-09T16:23:20.6433774Z [36;1mnode scripts/check-playwright-conformance-owner-policy.mjs[0m
2026-10-09T16:23:20.6487993Z shell: /usr/bin/bash -e {0}
2026-10-09T16:23:20.6488156Z env:
2026-10-09T16:23:20.6488374Z   PLAYWRIGHT_BROWSERS_PATH: /home/runner/work/FsusUI/FsusUI/.tmp/playwright-browsers
2026-10-09T16:23:20.6488650Z   PNPM_HOME: /home/runner/setup-pnpm/node_modules/.bin
2026-10-09T16:23:20.6489578Z   PATH: /home/runner/work/FsusUI/FsusUI/emsdk-cache/emsdk-main:/home/runner/work/FsusUI/FsusUI/emsdk-cache/emsdk-main/upstream/emscripten:/opt/hostedtoolcache/node/22.23.3/x64/bin:/home/runner/setup-pnpm/node_modules/.bin:/snap/bin:/home/runner/.local/bin:/opt/pipx_bin:/home/runner/.cargo/bin:/home/runner/.config/composer/vendor/bin:/usr/local/.ghcup/bin:/home/runner/.dotnet/tools:/usr/local/sbin:/usr/local/bin:/usr/sbin:/usr/bin:/sbin:/bin:/usr/games:/usr/local/games
2026-10-09T16:23:20.6490523Z   EMSDK: /home/runner/work/FsusUI/FsusUI/emsdk-cache/emsdk-main
2026-10-09T16:23:20.6490833Z   EMSDK_NODE: /home/runner/work/FsusUI/FsusUI/emsdk-cache/emsdk-main/node/22.16.0_64bit/bin/node
2026-10-09T16:23:20.6500195Z ##[endgroup]
2026-10-09T16:23:20.9292689Z [check-playwright-conformance-owner-policy] passed
2026-10-09T16:23:20.9415853Z ##[group]Run actions/download-artifact@v4
2026-10-09T16:23:20.9416043Z with:
2026-10-09T16:23:20.9416182Z   name: playwright-pr-impact-plan
2026-10-09T16:23:20.9416358Z   path: .tmp/playwright-impact
2026-10-09T16:23:20.9416521Z   merge-multiple: false
2026-10-09T16:23:20.9416668Z   repository: Ozwasyd/FsusUI
2026-10-09T16:23:20.9416820Z   run-id: 37958456189
2026-10-09T16:23:20.9416952Z env:
2026-10-09T16:23:20.9417157Z   PLAYWRIGHT_BROWSERS_PATH: /home/runner/work/FsusUI/FsusUI/.tmp/playwright-browsers
2026-10-09T16:23:20.9417428Z   PNPM_HOME: /home/runner/setup-pnpm/node_modules/.bin
2026-10-09T16:23:20.9418381Z   PATH: /home/runner/work/FsusUI/FsusUI/emsdk-cache/emsdk-main:/home/runner/work/FsusUI/FsusUI/emsdk-cache/emsdk-main/upstream/emscripten:/opt/hostedtoolcache/node/22.23.3/x64/bin:/home/runner/setup-pnpm/node_modules/.bin:/snap/bin:/home/runner/.local/bin:/opt/pipx_bin:/home/runner/.cargo/bin:/home/runner/.config/composer/vendor/bin:/usr/local/.ghcup/bin:/home/runner/.dotnet/tools:/usr/local/sbin:/usr/local/bin:/usr/sbin:/usr/bin:/sbin:/bin:/usr/games:/usr/local/games
2026-10-09T16:23:20.9419442Z   EMSDK: /home/runner/work/FsusUI/FsusUI/emsdk-cache/emsdk-main
2026-10-09T16:23:20.9419739Z   EMSDK_NODE: /home/runner/work/FsusUI/FsusUI/emsdk-cache/emsdk-main/node/22.16.0_64bit/bin/node
2026-10-09T16:23:20.9419986Z ##[endgroup]
2026-10-09T16:23:21.0371195Z Downloading single artifact
2026-10-09T16:23:21.0487144Z (node:5548) [DEP0040] DeprecationWarning: The `punycode` module is deprecated. Please use a userland alternative instead.
2026-10-09T16:23:21.0487666Z (Use `node --trace-deprecation ...` to show where the warning was created)
2026-10-09T16:23:21.3455529Z Preparing to download the following artifacts:
2026-10-09T16:23:21.3456380Z - playwright-pr-impact-plan (ID: 11630520833, Size: 939, Expected Digest: sha256:318b7101c38017a17fd8259c24fc9d37e5fcb7529a05986bed69474e0ebccc35)
2026-10-09T16:23:21.5942147Z Redirecting to blob download url: https://productionresultssa9.blob.core.windows.net/actions-results/74228696-bbf0-8302-96f3-b39fe6cc2cae/workflow-job-run-a454ce24-2def-5a78-ac3e-7b5f904fa9a3/artifacts/b161bee786190710a9616c30d4727b3450e9dec4fd4e02b7d20907e0b7b7afcf.zip
2026-10-09T16:23:21.5943517Z Starting download of artifact to: /home/runner/work/FsusUI/FsusUI/.tmp/playwright-impact
2026-10-09T16:23:21.8876831Z (node:5548) [DEP0005] DeprecationWarning: Buffer() is deprecated due to security and usability issues. Please use the Buffer.alloc(), Buffer.allocUnsafe(), or Buffer.from() methods instead.
2026-10-09T16:23:21.8913650Z SHA256 digest of downloaded artifact is 318b7101c38017a17fd8259c24fc9d37e5fcb7529a05986bed69474e0ebccc35
2026-10-09T16:23:21.8914157Z Artifact download completed successfully.
2026-10-09T16:23:21.8914489Z Total of 1 artifact(s) downloaded
2026-10-09T16:23:21.8917533Z Download artifact has finished successfully
2026-10-09T16:23:21.9013493Z ##[group]Run node scripts/conformance-playwright-owner-run.mjs --owner playwright-conformance --group pr --impact-plan .tmp/playwright-impact/receipt.json --evidence-dir .tmp/playwright-conformance
2026-10-09T16:23:21.9014275Z [36;1mnode scripts/conformance-playwright-owner-run.mjs --owner playwright-conformance --group pr --impact-plan .tmp/playwright-impact/receipt.json --evidence-dir .tmp/playwright-conformance[0m
2026-10-09T16:23:21.9067361Z shell: /usr/bin/bash -e {0}
2026-10-09T16:23:21.9067522Z env:
2026-10-09T16:23:21.9067730Z   PLAYWRIGHT_BROWSERS_PATH: /home/runner/work/FsusUI/FsusUI/.tmp/playwright-browsers
2026-10-09T16:23:21.9068007Z   PNPM_HOME: /home/runner/setup-pnpm/node_modules/.bin
2026-10-09T16:23:21.9068931Z   PATH: /home/runner/work/FsusUI/FsusUI/emsdk-cache/emsdk-main:/home/runner/work/FsusUI/FsusUI/emsdk-cache/emsdk-main/upstream/emscripten:/opt/hostedtoolcache/node/22.23.3/x64/bin:/home/runner/setup-pnpm/node_modules/.bin:/snap/bin:/home/runner/.local/bin:/opt/pipx_bin:/home/runner/.cargo/bin:/home/runner/.config/composer/vendor/bin:/usr/local/.ghcup/bin:/home/runner/.dotnet/tools:/usr/local/sbin:/usr/local/bin:/usr/sbin:/usr/bin:/sbin:/bin:/usr/games:/usr/local/games
2026-10-09T16:23:21.9069847Z   EMSDK: /home/runner/work/FsusUI/FsusUI/emsdk-cache/emsdk-main
2026-10-09T16:23:21.9070146Z   EMSDK_NODE: /home/runner/work/FsusUI/FsusUI/emsdk-cache/emsdk-main/node/22.16.0_64bit/bin/node
2026-10-09T16:23:21.9070401Z ##[endgroup]
2026-10-09T16:23:22.1306873Z [playwright-conformance] owner=playwright-conformance group=pr cells=3 commit=de0b90b49697a40741220e5e8cce23f7dc460195 digest=0f392705938f3884d30771f8aebf74a71cf0a5bd3748c6b350aef5c796edc7f8
2026-10-09T16:24:02.6797483Z [playwright-conformance] web-interaction-conformance/chromium failed: cell web-interaction-conformance/chromium produced no real interaction trace attachments
2026-10-09T16:24:29.9928390Z [playwright-conformance] web-interaction-conformance/firefox failed: cell web-interaction-conformance/firefox produced no real interaction trace attachments
2026-10-09T16:24:58.2851682Z [playwright-conformance] web-interaction-conformance/webkit failed: cell web-interaction-conformance/webkit produced no real interaction trace attachments
2026-10-09T16:24:58.2865986Z [playwright-conformance] invalid receipt web-interaction-conformance/chromium: cell web-interaction-conformance/chromium status=failure
2026-10-09T16:24:58.2872344Z [playwright-conformance] invalid receipt web-interaction-conformance/firefox: cell web-interaction-conformance/firefox status=failure
2026-10-09T16:24:58.2874727Z [playwright-conformance] invalid receipt web-interaction-conformance/webkit: cell web-interaction-conformance/webkit status=failure
2026-10-09T16:24:58.2876268Z [playwright-conformance] owner=playwright-conformance group=pr status=failure cells=3
2026-10-09T16:24:58.3064903Z ##[error]Process completed with exit code 1.
2026-10-09T16:24:58.3111385Z ##[group]Run actions/upload-artifact@v4
2026-10-09T16:24:58.3111557Z with:
2026-10-09T16:24:58.3111695Z   name: playwright-conformance-evidence-pr
2026-10-09T16:24:58.3111947Z   path: .tmp/playwright-conformance
.readiness/receipts/playwright-conformance

2026-10-09T16:24:58.3112179Z   retention-days: 14
2026-10-09T16:24:58.3112318Z   if-no-files-found: warn
2026-10-09T16:24:58.3112461Z   compression-level: 6
2026-10-09T16:24:58.3112591Z   overwrite: false
2026-10-09T16:24:58.3112723Z   include-hidden-files: false
2026-10-09T16:24:58.3112869Z env:
2026-10-09T16:24:58.3113065Z   PLAYWRIGHT_BROWSERS_PATH: /home/runner/work/FsusUI/FsusUI/.tmp/playwright-browsers
2026-10-09T16:24:58.3113357Z   PNPM_HOME: /home/runner/setup-pnpm/node_modules/.bin
2026-10-09T16:24:58.3114258Z   PATH: /home/runner/work/FsusUI/FsusUI/emsdk-cache/emsdk-main:/home/runner/work/FsusUI/FsusUI/emsdk-cache/emsdk-main/upstream/emscripten:/opt/hostedtoolcache/node/22.23.3/x64/bin:/home/runner/setup-pnpm/node_modules/.bin:/snap/bin:/home/runner/.local/bin:/opt/pipx_bin:/home/runner/.cargo/bin:/home/runner/.config/composer/vendor/bin:/usr/local/.ghcup/bin:/home/runner/.dotnet/tools:/usr/local/sbin:/usr/local/bin:/usr/sbin:/usr/bin:/sbin:/bin:/usr/games:/usr/local/games
2026-10-09T16:24:58.3115150Z   EMSDK: /home/runner/work/FsusUI/FsusUI/emsdk-cache/emsdk-main
2026-10-09T16:24:58.3115528Z   EMSDK_NODE: /home/runner/work/FsusUI/FsusUI/emsdk-cache/emsdk-main/node/22.16.0_64bit/bin/node
2026-10-09T16:24:58.3115768Z ##[endgroup]
2026-10-09T16:24:58.4310204Z (node:6685) [DEP0040] DeprecationWarning: The `punycode` module is deprecated. Please use a userland alternative instead.
2026-10-09T16:24:58.4310674Z (Use `node --trace-deprecation ...` to show where the warning was created)
2026-10-09T16:24:58.4387660Z Multiple search paths detected. Calculating the least common ancestor of all paths
2026-10-09T16:24:58.4388759Z The least common ancestor is /home/runner/work/FsusUI/FsusUI. This will be the root directory of the artifact
2026-10-09T16:24:58.4389419Z With the provided path, there will be 10 files uploaded
2026-10-09T16:24:58.4389971Z Artifact name is valid!
2026-10-09T16:24:58.4390231Z Root directory input is valid!
2026-10-09T16:24:59.2932317Z Beginning upload of artifact content to blob storage
2026-10-09T16:24:59.3276599Z (node:6685) [DEP0169] DeprecationWarning: `url.parse()` behavior is not standardized and prone to errors that have security implications. Use the WHATWG URL API instead. CVEs are not issued for `url.parse()` vulnerabilities.
2026-10-09T16:24:59.8918123Z Uploaded bytes 220686
2026-10-09T16:24:59.9686728Z Finished uploading artifact content to blob storage!
2026-10-09T16:24:59.9687328Z SHA256 digest of uploaded artifact zip is afd80b85b14baf87a5ea641c7349f5ebc15ed919ebded2b5ca3ed0354fa1117b
2026-10-09T16:24:59.9688711Z Finalizing artifact upload
2026-10-09T16:25:00.2551086Z Artifact playwright-conformance-evidence-pr.zip successfully finalized. Artifact ID 11630721282
2026-10-09T16:25:00.2552027Z Artifact playwright-conformance-evidence-pr has been successfully uploaded! Final size is 220686 bytes. Artifact ID is 11630721282
2026-10-09T16:25:00.2555095Z Artifact download URL: https://github.com/Ozwasyd/FsusUI/actions/runs/37958456189/artifacts/11630721282
2026-10-09T16:25:00.2739326Z Prepare all required actions
2026-10-09T16:25:00.2739684Z Getting action download info
2026-10-09T16:25:00.5768679Z ##[group]Run ./.github/actions/readiness-manifest
2026-10-09T16:25:00.5768884Z with:
2026-10-09T16:25:00.5769025Z   gate: playwright-conformance
2026-10-09T16:25:00.5769185Z   group: pr
2026-10-09T16:25:00.5769308Z   status: failure
2026-10-09T16:25:00.5769504Z   playwright-receipts: .readiness/receipts/playwright-conformance
2026-10-09T16:25:00.5769754Z   playwright-plan: .tmp/playwright-impact/receipt.json
2026-10-09T16:25:00.5769951Z   artifact-suffix: single
2026-10-09T16:25:00.5770102Z env:
2026-10-09T16:25:00.5770307Z   PLAYWRIGHT_BROWSERS_PATH: /home/runner/work/FsusUI/FsusUI/.tmp/playwright-browsers
2026-10-09T16:25:00.5770601Z   PNPM_HOME: /home/runner/setup-pnpm/node_modules/.bin
2026-10-09T16:25:00.5771538Z   PATH: /home/runner/work/FsusUI/FsusUI/emsdk-cache/emsdk-main:/home/runner/work/FsusUI/FsusUI/emsdk-cache/emsdk-main/upstream/emscripten:/opt/hostedtoolcache/node/22.23.3/x64/bin:/home/runner/setup-pnpm/node_modules/.bin:/snap/bin:/home/runner/.local/bin:/opt/pipx_bin:/home/runner/.cargo/bin:/home/runner/.config/composer/vendor/bin:/usr/local/.ghcup/bin:/home/runner/.dotnet/tools:/usr/local/sbin:/usr/local/bin:/usr/sbin:/usr/bin:/sbin:/bin:/usr/games:/usr/local/games
2026-10-09T16:25:00.5772461Z   EMSDK: /home/runner/work/FsusUI/FsusUI/emsdk-cache/emsdk-main
2026-10-09T16:25:00.5772763Z   EMSDK_NODE: /home/runner/work/FsusUI/FsusUI/emsdk-cache/emsdk-main/node/22.16.0_64bit/bin/node
2026-10-09T16:25:00.5773021Z ##[endgroup]
2026-10-09T16:25:00.5810917Z ##[start-action display=Emit structured leaf manifest;id=__self.__run]
2026-10-09T16:25:00.5828271Z ##[group]Run args=(emit --gate "$READINESS_GATE" --group "$READINESS_GROUP" --status "$READINESS_STATUS")
2026-10-09T16:25:00.5828675Z [36;1margs=(emit --gate "$READINESS_GATE" --group "$READINESS_GROUP" --status "$READINESS_STATUS")[0m
2026-10-09T16:25:00.5828981Z [36;1mif [ -n "$READINESS_PLAYWRIGHT_RECEIPTS" ]; then[0m
2026-10-09T16:25:00.5829244Z [36;1m  args+=(--playwright-receipts "$READINESS_PLAYWRIGHT_RECEIPTS")[0m
2026-10-09T16:25:00.5829460Z [36;1mfi[0m
2026-10-09T16:25:00.5829612Z [36;1mif [ -n "$READINESS_PLAYWRIGHT_PLAN" ]; then[0m
2026-10-09T16:25:00.5829839Z [36;1m  args+=(--playwright-plan "$READINESS_PLAYWRIGHT_PLAN")[0m
2026-10-09T16:25:00.5830031Z [36;1mfi[0m
2026-10-09T16:25:00.5830202Z [36;1mIFS=',' read -ra dimensions <<< "$READINESS_DIMENSIONS"[0m
2026-10-09T16:25:00.5830417Z [36;1mfor dimension in "${dimensions[@]}"; do[0m
2026-10-09T16:25:00.5830642Z [36;1m  test -z "$dimension" || args+=(--dimension "$dimension")[0m
2026-10-09T16:25:00.5830833Z [36;1mdone[0m
2026-10-09T16:25:00.5830976Z [36;1mwhile IFS= read -r artifact; do[0m
2026-10-09T16:25:00.5831181Z [36;1m  test -z "$artifact" || args+=(--artifact "$artifact")[0m
2026-10-09T16:25:00.5831378Z [36;1mdone <<< "$READINESS_ARTIFACTS"[0m
2026-10-09T16:25:00.5831570Z [36;1mnode scripts/ci-readiness.mjs "${args[@]}"[0m
2026-10-09T16:25:00.5885982Z shell: /usr/bin/bash --noprofile --norc -e -o pipefail {0}
2026-10-09T16:25:00.5886184Z env:
2026-10-09T16:25:00.5886388Z   PLAYWRIGHT_BROWSERS_PATH: /home/runner/work/FsusUI/FsusUI/.tmp/playwright-browsers
2026-10-09T16:25:00.5886660Z   PNPM_HOME: /home/runner/setup-pnpm/node_modules/.bin
2026-10-09T16:25:00.5887571Z   PATH: /home/runner/work/FsusUI/FsusUI/emsdk-cache/emsdk-main:/home/runner/work/FsusUI/FsusUI/emsdk-cache/emsdk-main/upstream/emscripten:/opt/hostedtoolcache/node/22.23.3/x64/bin:/home/runner/setup-pnpm/node_modules/.bin:/snap/bin:/home/runner/.local/bin:/opt/pipx_bin:/home/runner/.cargo/bin:/home/runner/.config/composer/vendor/bin:/usr/local/.ghcup/bin:/home/runner/.dotnet/tools:/usr/local/sbin:/usr/local/bin:/usr/sbin:/usr/bin:/sbin:/bin:/usr/games:/usr/local/games
2026-10-09T16:25:00.5888610Z   EMSDK: /home/runner/work/FsusUI/FsusUI/emsdk-cache/emsdk-main
2026-10-09T16:25:00.5889042Z   EMSDK_NODE: /home/runner/work/FsusUI/FsusUI/emsdk-cache/emsdk-main/node/22.16.0_64bit/bin/node
2026-10-09T16:25:00.5889309Z   READINESS_GATE: playwright-conformance
2026-10-09T16:25:00.5889479Z   READINESS_GROUP: pr
2026-10-09T16:25:00.5889624Z   READINESS_STATUS: failure
2026-10-09T16:25:00.5889776Z   READINESS_DIMENSIONS: 
2026-10-09T16:25:00.5889924Z   READINESS_ARTIFACTS: 
2026-10-09T16:25:00.5890132Z   READINESS_PLAYWRIGHT_RECEIPTS: .readiness/receipts/playwright-conformance
2026-10-09T16:25:00.5890409Z   READINESS_PLAYWRIGHT_PLAN: .tmp/playwright-impact/receipt.json
2026-10-09T16:25:00.5890611Z ##[endgroup]
2026-10-09T16:25:00.6247148Z file:///home/runner/work/FsusUI/FsusUI/scripts/ci-readiness.mjs:175
2026-10-09T16:25:00.6247885Z       throw new Error(
2026-10-09T16:25:00.6248066Z             ^
2026-10-09T16:25:00.6248230Z 
2026-10-09T16:25:00.6248525Z Error: playwright receipt web-interaction-conformance/chromium status is failure.
2026-10-09T16:25:00.6249063Z     at emitPlaywright (file:///home/runner/work/FsusUI/FsusUI/scripts/ci-readiness.mjs:175:13)
2026-10-09T16:25:00.6249420Z     at file:///home/runner/work/FsusUI/FsusUI/scripts/ci-readiness.mjs:363:5
2026-10-09T16:25:00.6249727Z     at ModuleJob.run (node:internal/modules/esm/module_job:343:25)
2026-10-09T16:25:00.6250030Z     at async onImport.tracePromise.__proto__ (node:internal/modules/esm/loader:681:26)
2026-10-09T16:25:00.6250372Z     at async asyncRunEntryPointWithESMLoader (node:internal/modules/run_main:117:5)
2026-10-09T16:25:00.6250553Z 
2026-10-09T16:25:00.6250613Z Node.js v22.23.3
2026-10-09T16:25:00.6276700Z ##[error]Process completed with exit code 1.
2026-10-09T16:25:00.6284198Z ##[end-action id=__self.__run;outcome=failure;conclusion=failure;duration_ms=47]
2026-10-09T16:25:00.6286182Z ##[start-action display=Upload structured leaf manifest;id=__self.__actions_upload-artifact]
2026-10-09T16:25:00.6309400Z ##[group]Run actions/upload-artifact@v4
2026-10-09T16:25:00.6309571Z with:
2026-10-09T16:25:00.6309743Z   name: readiness-manifest-playwright-conformance-single
2026-10-09T16:25:00.6309956Z   path: .readiness
2026-10-09T16:25:00.6310103Z   include-hidden-files: true
2026-10-09T16:25:00.6310260Z   if-no-files-found: warn
2026-10-09T16:25:00.6310404Z   overwrite: true
2026-10-09T16:25:00.6310539Z   retention-days: 7
2026-10-09T16:25:00.6310676Z   compression-level: 6
2026-10-09T16:25:00.6310817Z env:
2026-10-09T16:25:00.6311018Z   PLAYWRIGHT_BROWSERS_PATH: /home/runner/work/FsusUI/FsusUI/.tmp/playwright-browsers
2026-10-09T16:25:00.6311288Z   PNPM_HOME: /home/runner/setup-pnpm/node_modules/.bin
2026-10-09T16:25:00.6312197Z   PATH: /home/runner/work/FsusUI/FsusUI/emsdk-cache/emsdk-main:/home/runner/work/FsusUI/FsusUI/emsdk-cache/emsdk-main/upstream/emscripten:/opt/hostedtoolcache/node/22.23.3/x64/bin:/home/runner/setup-pnpm/node_modules/.bin:/snap/bin:/home/runner/.local/bin:/opt/pipx_bin:/home/runner/.cargo/bin:/home/runner/.config/composer/vendor/bin:/usr/local/.ghcup/bin:/home/runner/.dotnet/tools:/usr/local/sbin:/usr/local/bin:/usr/sbin:/usr/bin:/sbin:/bin:/usr/games:/usr/local/games
2026-10-09T16:25:00.6313119Z   EMSDK: /home/runner/work/FsusUI/FsusUI/emsdk-cache/emsdk-main
2026-10-09T16:25:00.6313416Z   EMSDK_NODE: /home/runner/work/FsusUI/FsusUI/emsdk-cache/emsdk-main/node/22.16.0_64bit/bin/node
2026-10-09T16:25:00.6313668Z ##[endgroup]
2026-10-09T16:25:00.7297763Z (node:6707) [DEP0040] DeprecationWarning: The `punycode` module is deprecated. Please use a userland alternative instead.
2026-10-09T16:25:00.7298518Z (Use `node --trace-deprecation ...` to show where the warning was created)
2026-10-09T16:25:00.7338359Z With the provided path, there will be 3 files uploaded
2026-10-09T16:25:01.0346041Z Artifact name is valid!
2026-10-09T16:25:01.0346710Z Root directory input is valid!
2026-10-09T16:25:01.2720251Z Beginning upload of artifact content to blob storage
2026-10-09T16:25:01.2870927Z (node:6707) [DEP0169] DeprecationWarning: `url.parse()` behavior is not standardized and prone to errors that have security implications. Use the WHATWG URL API instead. CVEs are not issued for `url.parse()` vulnerabilities.
2026-10-09T16:25:01.6481056Z Uploaded bytes 26842
2026-10-09T16:25:01.7242336Z Finished uploading artifact content to blob storage!
2026-10-09T16:25:01.7242852Z SHA256 digest of uploaded artifact zip is 3a06fa64b7f216c2e990bc2663fbc958f0b34898ec0f19e0a50ed4679e59aa20
2026-10-09T16:25:01.7243160Z Finalizing artifact upload
2026-10-09T16:25:02.0743510Z Artifact readiness-manifest-playwright-conformance-single.zip successfully finalized. Artifact ID 11630831428
2026-10-09T16:25:02.0744506Z Artifact readiness-manifest-playwright-conformance-single has been successfully uploaded! Final size is 26842 bytes. Artifact ID is 11630831428
2026-10-09T16:25:02.0748859Z Artifact download URL: https://github.com/Ozwasyd/FsusUI/actions/runs/37958456189/artifacts/11630831428
2026-10-09T16:25:02.0846882Z ##[end-action id=__self.__actions_upload-artifact;outcome=success;conclusion=success;duration_ms=1455]
2026-10-09T16:25:02.0925527Z Post job cleanup.
2026-10-09T16:25:02.1794199Z Pruning is unnecessary.
2026-10-09T16:25:02.1922134Z Post job cleanup.
2026-10-09T16:25:02.2475417Z [command]/usr/bin/git version
2026-10-09T16:25:02.2509473Z git version 2.55.0
2026-10-09T16:25:02.2534856Z Temporarily overriding HOME='/home/runner/work/_temp/9f9b4b36-1ad4-44ac-a4e1-9036da1d7167' before making global git config changes
2026-10-09T16:25:02.2535542Z Adding repository directory to the temporary git global config as a safe directory
2026-10-09T16:25:02.2539090Z [command]/usr/bin/git config --global --add safe.directory /home/runner/work/FsusUI/FsusUI
2026-10-09T16:25:02.2567718Z [command]/usr/bin/git config --local --name-only --get-regexp core\.sshCommand
2026-10-09T16:25:02.2592366Z [command]/usr/bin/git submodule foreach --recursive sh -c "git config --local --name-only --get-regexp 'core\.sshCommand' && git config --local --unset-all 'core.sshCommand' || :"
2026-10-09T16:25:02.2797265Z [command]/usr/bin/git config --local --name-only --get-regexp http\.https\:\/\/github\.com\/\.extraheader
2026-10-09T16:25:02.2825917Z http.https://github.com/.extraheader
2026-10-09T16:25:02.2829896Z [command]/usr/bin/git config --local --unset-all http.https://github.com/.extraheader
2026-10-09T16:25:02.2884178Z [command]/usr/bin/git submodule foreach --recursive sh -c "git config --local --name-only --get-regexp 'http\.https\:\/\/github\.com\/\.extraheader' && git config --local --unset-all 'http.https://github.com/.extraheader' || :"
2026-10-09T16:25:02.3079910Z [command]/usr/bin/git config --local --name-only --get-regexp ^includeIf\.gitdir:
2026-10-09T16:25:02.3110957Z [command]/usr/bin/git submodule foreach --recursive git config --local --show-origin --name-only --get-regexp remote.origin.url
2026-10-09T16:25:02.3408024Z Cleaning up orphan processes
2026-10-09T16:25:02.3620643Z ##[warning]Node.js 20 is deprecated. The following actions target Node.js 20 but are being forced to run on Node.js 24: actions/cache@v4, actions/checkout@v4, actions/download-artifact@v4, actions/setup-node@v4, actions/upload-artifact@v4, pnpm/action-setup@v4. For more information see: https://github.blog/changelog/2025-09-19-deprecation-of-node-20-on-github-actions-runners/
